# Imported only files absent from this repository; source: Sh1roCu/TACZ-Refabricated branch 1.21.1 @ 58a1c5107ee82e02a055c6cc7b82be1537db6b62
# sha256	path
a9ec293465529c2df1360bce9059e7d5c62048449c04a7595586be6a7adbe7c2	assets/tacz/blockstates/gun_smith_table.json
56289f31c58d3ac6bb1bbf13b58acc334cca0e8b19262f00e472ef3b37ba908d	assets/tacz/blockstates/statue.json
eb037b764a6bb42658f06f0d0d8e04ebfc0ac2a29510c35588da08bb1f4831af	assets/tacz/blockstates/target.json
a9ec293465529c2df1360bce9059e7d5c62048449c04a7595586be6a7adbe7c2	assets/tacz/blockstates/workbench_a.json
a9ec293465529c2df1360bce9059e7d5c62048449c04a7595586be6a7adbe7c2	assets/tacz/blockstates/workbench_b.json
a9ec293465529c2df1360bce9059e7d5c62048449c04a7595586be6a7adbe7c2	assets/tacz/blockstates/workbench_c.json
439b7a3463f606a366cffbf8869b8d63b86df7e50775c26e5dab652be038b2f7	assets/tacz/custom/tacz_default_gun/README.txt
5ba225837266f4c0903c98f05c88fc74e963f4cc160e4e49595a986a983a1545	assets/tacz/custom/tacz_default_gun/assets/tacz/animations/aa12.animation.json
39090e0f9b7b130c8761c7431cf99a6ead9c749a4b62639384156abcf7a7a37c	assets/tacz/custom/tacz_default_gun/assets/tacz/animations/ai_awp.animation.json
8272ff374e8fae556c8754889bedeaea217fa1988f5986772160984e18e4b6a5	assets/tacz/custom/tacz_default_gun/assets/tacz/animations/ak47.animation.json
0ecca9ab03ea947b9741c1c192fbf667d893faf4f201831d3e5840e745e47f15	assets/tacz/custom/tacz_default_gun/assets/tacz/animations/aug.animation.json
07b4ab3f5a4aeec1c607d7fa089acb38711d41c6f4b5d98b97e910d40945fa65	assets/tacz/custom/tacz_default_gun/assets/tacz/animations/b93r.animation.json
207d9e5544931c3209843ac601f7802438ad7bc5e852f12ed0d97baff1e02329	assets/tacz/custom/tacz_default_gun/assets/tacz/animations/cz75.animation.json
eebfb8c4bc36b69f59ddb0dc2e45506364b05e9f72073a1a56b4c9041838d03f	assets/tacz/custom/tacz_default_gun/assets/tacz/animations/db_long.animation.json
cddf3ae448644f8be7409e0b72738fa870a4fb8d6dc9cb5cc587e6797fd40d77	assets/tacz/custom/tacz_default_gun/assets/tacz/animations/db_short.animation.json
27c849d9c9eb4bade6dfe41b3310fc461bbdd99c86825139d067b6ebf0c0b067	assets/tacz/custom/tacz_default_gun/assets/tacz/animations/deagle.animation.json
f50782fdddab8c583870312386206a84feaee9b48c0e05f4c94667deb3c35c8c	assets/tacz/custom/tacz_default_gun/assets/tacz/animations/deagle_golden.animation.json
054cc438ed6e8accae37307f88c89264c2424071cacacd2c8c72d7ea0e57c743	assets/tacz/custom/tacz_default_gun/assets/tacz/animations/fn_evolys.animation.json
f9c2b541a961da6501e63f43c7ec21f9f1036cb68e0e1ed70879763bec21fcc8	assets/tacz/custom/tacz_default_gun/assets/tacz/animations/fn_fal.animation.json
262ea22b9845a214a084e60ac68f13b0db369491fc094d1cb819fdd9b33f6464	assets/tacz/custom/tacz_default_gun/assets/tacz/animations/g36k.animation.json
b68cc68d059368aadcb6e2e4d35d5b3fdfecac6161fefbe96d359e5471198d46	assets/tacz/custom/tacz_default_gun/assets/tacz/animations/glock_17.animation.json
3a96bcd2e7866ec30e1346507341bfd7cfed43fa6ae5ba514c20a8d4787350dc	assets/tacz/custom/tacz_default_gun/assets/tacz/animations/hk416a5.animation.json
2aedb2c47247edf8e2ee3db96a4a32a45c2ff3bd60452a524ee210b40a926ecb	assets/tacz/custom/tacz_default_gun/assets/tacz/animations/hk416d.animation.json
ebad2420060b01238d1d8d2802ff5b7e42360159a369379de7d6f8e1b845168d	assets/tacz/custom/tacz_default_gun/assets/tacz/animations/hk_g3.animation.json
874c35f5fd7398ec0941aa7ce7745b3c5c469dd314072fbc5cec3e8f8de69f02	assets/tacz/custom/tacz_default_gun/assets/tacz/animations/hk_mk23.animation.json
9470de08352bb12f4643a11da8d9a4518b4f8857920e3049f378d565b254adef	assets/tacz/custom/tacz_default_gun/assets/tacz/animations/hk_mp5a5.animation.json
4bb406ff9f67977196266faf06c1b0e200046d739189d70780b83e0ff5bd0cc2	assets/tacz/custom/tacz_default_gun/assets/tacz/animations/kar98.animation.json
dd9a77449ceae5dd8fec4f7f648c0419ea7b786a49d357bab218942a8925346f	assets/tacz/custom/tacz_default_gun/assets/tacz/animations/lonetrail.animation.json
a111fb282be8a8382d4c01b6b44505f4d684e3612436b8059e48fa7f3dbd3b4e	assets/tacz/custom/tacz_default_gun/assets/tacz/animations/m1014.animation.json
eb797ec346c8d43caa354ea2c067f702f3d86bd9205e9f597488510e6362c1d9	assets/tacz/custom/tacz_default_gun/assets/tacz/animations/m107.animation.json
f5320f4a5a1fe6325c099966df468648c2446f8b93dbeaf4729686933f0309b9	assets/tacz/custom/tacz_default_gun/assets/tacz/animations/m16a1.animation.json
de4204353bbb8efaf43f1652fabe047535c9e4947d27e9f516061ee1ff5bc61f	assets/tacz/custom/tacz_default_gun/assets/tacz/animations/m16a4.animation.json
139f090419d96f0c8a67fc2e25de3c938e69ef83cbc5549b2f66197e5ea28246	assets/tacz/custom/tacz_default_gun/assets/tacz/animations/m1911.animation.json
681b503a09dd44941fcf892e83008fe3c0edef9f8bf3f05ee9f0774828e28468	assets/tacz/custom/tacz_default_gun/assets/tacz/animations/m249.animation.json
af319579da02278fc9d41be28c27126027fa6a597234eb84281bc8309b6dabe2	assets/tacz/custom/tacz_default_gun/assets/tacz/animations/m320.animation.json
ce4ee6dcdf16bbc8ce2ce9c3bdc4d56c7cc025040675a4688da74621190924f2	assets/tacz/custom/tacz_default_gun/assets/tacz/animations/m4a1.animation.json
13e68a020d7f0ef533166fdb465222c92e7487dd133c3a24cd6d9981788abe91	assets/tacz/custom/tacz_default_gun/assets/tacz/animations/m700.animation.json
dc545bd8051f4ff0d933e2273fc0bbe64b94d7830902e1948ff6c874d1764bdf	assets/tacz/custom/tacz_default_gun/assets/tacz/animations/m870.animation.json
122f850ae2b0a63f9d89ca0d6d712aace9119abdd6c141c0402ecca9c5f70abe	assets/tacz/custom/tacz_default_gun/assets/tacz/animations/m95.animation.json
a3da9f70a029071bf34c4ffa7aaba2c6a7b397e33297376bb3fab6ff907d9bde	assets/tacz/custom/tacz_default_gun/assets/tacz/animations/m9a4.animation.json
2c9b0c7de249b5993a15128ef12598dbf49cdb9f1eb9fae60d57af2b1162cefa	assets/tacz/custom/tacz_default_gun/assets/tacz/animations/minigun.animation.json
075e86f876550001d5fcc87b2e7d77bd246135c8812c88e271d16b3a7202d065	assets/tacz/custom/tacz_default_gun/assets/tacz/animations/mk14.animation.json
fc99f549af4763d391e39d1ea671e4e8e5a3a283bd684fc0d57ae62313b1b9cf	assets/tacz/custom/tacz_default_gun/assets/tacz/animations/p320.animation.json
54f640336dc7fe3447c8b8b79135bcec93217a1a27affada9770e9936342f329	assets/tacz/custom/tacz_default_gun/assets/tacz/animations/p90.animation.json
8ba65e4aeb3e1597b19ef6856507147d0ca3f2000e23d956f35b941b9660a91d	assets/tacz/custom/tacz_default_gun/assets/tacz/animations/qbz_191.animation.json
3cb1cde57afc934de70cc29f13b4beca97d1f9c3962e85c9d0e55329c18228e6	assets/tacz/custom/tacz_default_gun/assets/tacz/animations/qbz_95.animation.json
509dbf4cef600bf763685aa684f16592c06a0f21b5557e9c2eb719e0157b09a2	assets/tacz/custom/tacz_default_gun/assets/tacz/animations/rhino357.animation.json
ade18aafdccb44edda592278b23f51bfdd8cf1d5a60bc0ee65f79b8b1fe3a560	assets/tacz/custom/tacz_default_gun/assets/tacz/animations/rpg7.animation.json
79c0d36095e08ab74321b47f0d9331d2c64d5310c584946249be70d69857a2c6	assets/tacz/custom/tacz_default_gun/assets/tacz/animations/rpk.animation.json
bb8f54f5dcd75007c2b95b866b622366a9e0e2358afcc3a06f077a7c38630878	assets/tacz/custom/tacz_default_gun/assets/tacz/animations/scar_h.animation.json
4fd67484db24fe520c9f2df31545f32927cb5cfa237b751f834a26bd1e065246	assets/tacz/custom/tacz_default_gun/assets/tacz/animations/scar_l.animation.json
90317496c4e80fd3d3ff3ca5fd2b562b29e98d722d36b4c433f10886c7458311	assets/tacz/custom/tacz_default_gun/assets/tacz/animations/sks_tactical.animation.json
81725ffd6cc607fa95c8861bbe9830bb6ede653c192c09d534f4bc48d2d862f6	assets/tacz/custom/tacz_default_gun/assets/tacz/animations/spas_12.animation.json
4b9793643b3637d8cb3e2dfb7d6a39ef7e1c6dbeafe85080f01b7c8119c7e837	assets/tacz/custom/tacz_default_gun/assets/tacz/animations/spr15hb.animation.json
050fc1d795a403f0ff9f1842b51489de1b679a5b2f5ddce07afa97d3639f6ab6	assets/tacz/custom/tacz_default_gun/assets/tacz/animations/springfield1873.animation.json
1872d67fa48571b13ca496a94cf712de611b7e26dcf28394d1d12592aab40066	assets/tacz/custom/tacz_default_gun/assets/tacz/animations/taurus500.animation.json
97fb890cb904f0677b46070b773ff791b87e56bb4260aaab53e896916120c393	assets/tacz/custom/tacz_default_gun/assets/tacz/animations/taurus943.animation.json
0146fe9e48f1b4759dbc20937510f33c1e396082d419f7f1c0720ba2136b400d	assets/tacz/custom/tacz_default_gun/assets/tacz/animations/timeless50.animation.json
e0198e9446ae86a01ca747e2947344cc7e0d60d912a93755f65573f734597479	assets/tacz/custom/tacz_default_gun/assets/tacz/animations/type_81.animation.json
c09977dc2841a7d34b82adeb81af94e664cccef08e75cda275de3030a2928786	assets/tacz/custom/tacz_default_gun/assets/tacz/animations/ump45.animation.json
bb40def81e00f13dcebb6aa100f19d4746697fba43041e5db2a63ea0d398ed18	assets/tacz/custom/tacz_default_gun/assets/tacz/animations/uzi.animation.json
c34e0f19e9491ae0a904a950cb9583169d3c2f34c98660e4430910b247065117	assets/tacz/custom/tacz_default_gun/assets/tacz/animations/vector45.animation.json
5d66d1a380324043c46a4dfc9eb76a45ccad0d2ed23f41b27070b691d2f8986f	assets/tacz/custom/tacz_default_gun/assets/tacz/geo_models/ammo/12g.json
7ceeeeea50d661cb759ab8f6588881e5ddcc650ddd05cd475990d0ec6bc0ef38	assets/tacz/custom/tacz_default_gun/assets/tacz/geo_models/ammo/308.json
ba704d3914c61fbd1a2329ad00fcb6e015cbb6e2eee417f0bb4c80a943e4b054	assets/tacz/custom/tacz_default_gun/assets/tacz/geo_models/ammo/30_06.json
6281a9875fec869e1f577b6468fbec5ae8bc1d1c3706a7d1159d1fd0323a1d07	assets/tacz/custom/tacz_default_gun/assets/tacz/geo_models/ammo/338.json
1fd1d545a9db928c7564bd9c9e8ca9608567083725cd8a10d399b4bd5f9749ba	assets/tacz/custom/tacz_default_gun/assets/tacz/geo_models/ammo/357mag.json
b1a9f69e4e6239adaa8a68b9f88c886de980a92ce2408f5e1c2f99087137e583	assets/tacz/custom/tacz_default_gun/assets/tacz/geo_models/ammo/40mm_grenade.json
358add543be37af5c1dfc15c8efd24c860681bd0fcfa9efe098f0a846abfa752	assets/tacz/custom/tacz_default_gun/assets/tacz/geo_models/ammo/45acp.json
2d39f00b12abd58f9ed89b8ececdb98d05624e12b39e21af7b1c4f09fbe34e2d	assets/tacz/custom/tacz_default_gun/assets/tacz/geo_models/ammo/46x30.json
d828fee61211883de1c2ccdda2533f05990c72cea139ee95c16fb46f875dbfc0	assets/tacz/custom/tacz_default_gun/assets/tacz/geo_models/ammo/50ae.json
f2778fc986734ef6628eafa25e371989cabfe0b7f639ad609ed8a3186658790e	assets/tacz/custom/tacz_default_gun/assets/tacz/geo_models/ammo/50bmg.json
25ba96c3d891474b09b86f58ca49be61dc8fcb55d68d786a6ca0270acf40ae48	assets/tacz/custom/tacz_default_gun/assets/tacz/geo_models/ammo/556x45.json
f5030f274836d90cd4f7155b3de781618566d161225572d85e623c994db2b160	assets/tacz/custom/tacz_default_gun/assets/tacz/geo_models/ammo/57x28.json
539dc7100bb209c0617cf27f34595f07937091ddd2dc2d784bff7e1fd65a82d8	assets/tacz/custom/tacz_default_gun/assets/tacz/geo_models/ammo/58x42.json
06594862f02c094cc355af508f39dff304e4b2f9b110527e3dacb8dc1196e8c4	assets/tacz/custom/tacz_default_gun/assets/tacz/geo_models/ammo/68x51fury.json
11fd3ea358c08b2c729824420ba2938506175e7a5ac417a8b0e9aa91fdae4b16	assets/tacz/custom/tacz_default_gun/assets/tacz/geo_models/ammo/762x25.json
a31577fc723cf5169c32d0192b119e317fa2d175057702211931c609b1d07561	assets/tacz/custom/tacz_default_gun/assets/tacz/geo_models/ammo/762x39.json
b21cc7a1ab7de72fe4800bbc8a8a6eeb4466290c529e7fcceda2d8235e9fb06e	assets/tacz/custom/tacz_default_gun/assets/tacz/geo_models/ammo/762x54.json
8779669997b8e3c1dd93de9484dc3a76ca7f54ba24e77968a759ea06132acfb5	assets/tacz/custom/tacz_default_gun/assets/tacz/geo_models/ammo/9mm.json
00892342919610c911183627ab911d190c76ecd036072b8471218fdd4c235044	assets/tacz/custom/tacz_default_gun/assets/tacz/geo_models/ammo_entity/40mm_grenade.json
e5b0ff8611b81072c1b55398e27c9f1aaf9273732dc3927364d3864a0d23657a	assets/tacz/custom/tacz_default_gun/assets/tacz/geo_models/ammo_entity/rpg_rocket.json
bb6ab70f5fa1a2471741df77c13184e2bf3cbda5be4bcb87c013b3d03b3063cb	assets/tacz/custom/tacz_default_gun/assets/tacz/geo_models/attachment/bayonet_6h3_geo.json
0c27b3a885f2eaebfda8d2def8f0da8ddd7c6dacb40f4e33db74fe5ee1c79a4f	assets/tacz/custom/tacz_default_gun/assets/tacz/geo_models/attachment/bayonet_m9_geo.json
2ab27e6e69ba777d3d74dc49f71bf157df41e84aa8b6d90cc5a0c6b8c0cbf9cf	assets/tacz/custom/tacz_default_gun/assets/tacz/geo_models/attachment/deagle_golden_long_barrel_geo.json
8edcc07cf456b1d68202f3af6adf3fb8c6f04386dda2e60db1d77524322b9a5a	assets/tacz/custom/tacz_default_gun/assets/tacz/geo_models/attachment/grip_cobra.json
44bc53bc5c682db01dd20fd7c2baaede207d531c7219e6f5afa3b5ff6c1f3468	assets/tacz/custom/tacz_default_gun/assets/tacz/geo_models/attachment/grip_cqr.json
97ff75aacaad24adb9c44a96b142ec90bdcd459cf106a92c805b9e0077c876ef	assets/tacz/custom/tacz_default_gun/assets/tacz/geo_models/attachment/grip_magpul_afg_2_geo.json
93d71d78ddc186f216c1a3492f3a2530b188fe0a3574d0714b7dbf8173ad94e8	assets/tacz/custom/tacz_default_gun/assets/tacz/geo_models/attachment/grip_osovets_black.json
3bb1429d47960ba2d73cf0bfd313e5935cbbef1573339386b0262a42c3cee448	assets/tacz/custom/tacz_default_gun/assets/tacz/geo_models/attachment/grip_rk0.json
ea42940dccc538cd629dc3bf1d03e57241655f6f242006fa8b4aac5d3aadbb80	assets/tacz/custom/tacz_default_gun/assets/tacz/geo_models/attachment/grip_rk1_b25u.json
2bd8e2e06124b558e9b2b5565d14766f8842a4970a78bc10f251fe12f2c18d51	assets/tacz/custom/tacz_default_gun/assets/tacz/geo_models/attachment/grip_rk6.json
e4a320a9906fc9910db962698c396c5141b43462c48869a9cb8b0b8ca6466e43	assets/tacz/custom/tacz_default_gun/assets/tacz/geo_models/attachment/grip_se_5.json
204b6fba8a9570f9402280610f9d3a1530cf5d58ef859a71ed23ea39adcb631e	assets/tacz/custom/tacz_default_gun/assets/tacz/geo_models/attachment/grip_td.json
189f40eef8bb35cf72399f3187c208ba5cff6005f763db5dde97c9a63c5e0ac8	assets/tacz/custom/tacz_default_gun/assets/tacz/geo_models/attachment/grip_vertical_military_geo.json
ce0492010c2c06afba5895a6e2b805a00dedd5f80cc7dc80b632c6fd630ffbcc	assets/tacz/custom/tacz_default_gun/assets/tacz/geo_models/attachment/grip_vertical_ranger_geo.json
88bac82f18b6de4caf148d66784039d40ab87fad890f5a55d8332e2f0ec0f63b	assets/tacz/custom/tacz_default_gun/assets/tacz/geo_models/attachment/grip_vertical_talon_geo.json
bf5dbcc1b1eb09a8f47871102658cdc6294180392ea7e7f798f1b2619dea662a	assets/tacz/custom/tacz_default_gun/assets/tacz/geo_models/attachment/laser_compact_geo.json
5103c26e91e654828581125792f2b2ba1a3ea82810c3b1280e73b654353ef637	assets/tacz/custom/tacz_default_gun/assets/tacz/geo_models/attachment/laser_lopro_geo.json
a27541206ac17a2e8c3d58306a91a240af99d984a4b6d0c1bde9363cb2ab16b1	assets/tacz/custom/tacz_default_gun/assets/tacz/geo_models/attachment/laser_nightstick_geo.json
77592886f58cdb8de1fedaff44af8dc962324650971740026d2985d3f47509dd	assets/tacz/custom/tacz_default_gun/assets/tacz/geo_models/attachment/laser_peq15_geo.json
e7c0dd69554c8c9210ef66e2b0ae34f2cfc8ce1f6487cc11e9fdcc71fe364deb	assets/tacz/custom/tacz_default_gun/assets/tacz/geo_models/attachment/laser_peq6_geo.json
08bcaeb9a3a1acfa5e21143cabf0dbdca84974635115d658dc1b2b20ece92db0	assets/tacz/custom/tacz_default_gun/assets/tacz/geo_models/attachment/lod/laser_compact.json
ae12bf28e0ff65c957218ec45fa78c723d2f231d313d94cab702db64184e1308	assets/tacz/custom/tacz_default_gun/assets/tacz/geo_models/attachment/lod/laser_lopro.json
802aee15b7fce1c1fe5a6620e89b44bb343fa20edd1be67ed4d951b8e2208f2b	assets/tacz/custom/tacz_default_gun/assets/tacz/geo_models/attachment/lod/laser_nightstick.json
2a1678b23a9a69fabe4daf6ee6b398ab30c82ac64fbfce677d590c4c60c66123	assets/tacz/custom/tacz_default_gun/assets/tacz/geo_models/attachment/lod/scope_acog_ta31.json
beaecf81d3174616e47466e49c5c1d93f233ae724ece69a0f7f2cf9df63f27ba	assets/tacz/custom/tacz_default_gun/assets/tacz/geo_models/attachment/lod/scope_elcan_4x.json
db1a40320304fc9fab4e3c224df1a0eb0bb88a96ec449edcdfebe8f2f159d4ba	assets/tacz/custom/tacz_default_gun/assets/tacz/geo_models/attachment/lod/scope_hamr.json
035891525b389cf643805b63cbf8378e76273c760df7c478c866ab1f1c3728f7	assets/tacz/custom/tacz_default_gun/assets/tacz/geo_models/attachment/lod/scope_lpvo_1_6.json
a27b7ffa9152939f11d63d2928f45cf2af3837e25ff72813345c52f3bc2ed1f5	assets/tacz/custom/tacz_default_gun/assets/tacz/geo_models/attachment/lod/scope_mk5hd.json
2970629941bc8f205540dfe0188daee7fbbb46942e318629265543912c05dd84	assets/tacz/custom/tacz_default_gun/assets/tacz/geo_models/attachment/lod/scope_qmk152_geo.json
b82bbffc98887ee7b6e29a310d330411dbab2aa760f5c0b53b50f0736a8216b5	assets/tacz/custom/tacz_default_gun/assets/tacz/geo_models/attachment/lod/scope_retro_2x.json
6786b0cfef395ddcd9ec90739e7e38d3d6caae65b088def29ee75f8205b3fce9	assets/tacz/custom/tacz_default_gun/assets/tacz/geo_models/attachment/lod/scope_scout.json
13823bc66e897fcc8e3803c79e437e8a0efe1042e3a47309bf283ec248ee0020	assets/tacz/custom/tacz_default_gun/assets/tacz/geo_models/attachment/lod/scope_standard_8x.json
d1e2b580d0587827bbf47d2e12d89eaa2390fa321ced360aa355efe396c5c591	assets/tacz/custom/tacz_default_gun/assets/tacz/geo_models/attachment/lod/scope_vudu.json
9f8e736e56777dc9ae035d1d73cf55e6091b0e76a574ef0c233e2c15de3f9d86	assets/tacz/custom/tacz_default_gun/assets/tacz/geo_models/attachment/lod/sight_552.json
4e27f0f876cf7da8a07d7458dd34b2db5eefcabe9bd358586b2589c5f5ec36b8	assets/tacz/custom/tacz_default_gun/assets/tacz/geo_models/attachment/lod/sight_acro_pistol.json
52421843d66b7985ddd1b466b957745b989bbcac4db3315e4d10230f95f5f052	assets/tacz/custom/tacz_default_gun/assets/tacz/geo_models/attachment/lod/sight_acro_rifle.json
33edf349be74a6383519b5414468ed280e6facb2c9ff0e07815229054291f7c4	assets/tacz/custom/tacz_default_gun/assets/tacz/geo_models/attachment/lod/sight_coyote.json
818810f2385080340e685e4ce2a7dbf30bbbdccbd0d20e8767ee2f0674823eac	assets/tacz/custom/tacz_default_gun/assets/tacz/geo_models/attachment/lod/sight_deltapoint_pistol.json
f57f116d499a0307c5b8173d075a3b7e10123664d13fb0f260a4d6aa8523dc3c	assets/tacz/custom/tacz_default_gun/assets/tacz/geo_models/attachment/lod/sight_deltapoint_rifle.json
6be2b069714523293781f27f71c1fa34f74a6b864f09c325fe0b7b69eccffd4a	assets/tacz/custom/tacz_default_gun/assets/tacz/geo_models/attachment/lod/sight_exp3.json
b1fab59bcc84b6f569e80c5a8960048a8e5dd2159a6bec5315577edb4d147801	assets/tacz/custom/tacz_default_gun/assets/tacz/geo_models/attachment/lod/sight_fastfire_pistol.json
b4b1613bd73eac3f5866003816e177e081a85139d1269906f26d7871d71745a8	assets/tacz/custom/tacz_default_gun/assets/tacz/geo_models/attachment/lod/sight_fastfire_rifle.json
13d839596129454e167c3b611c1a4210938734d9df9cbc23b126b904df66fad4	assets/tacz/custom/tacz_default_gun/assets/tacz/geo_models/attachment/lod/sight_okp7.json
bf4f86da9176595fe0daa99be44a5588e11de80cbad88adde9692292dd31e95d	assets/tacz/custom/tacz_default_gun/assets/tacz/geo_models/attachment/lod/sight_pk06_pistol.json
2a40cd0896f5ab29d6dba6971713d13b8f24dff72fd89ba6c76c7b9db6056834	assets/tacz/custom/tacz_default_gun/assets/tacz/geo_models/attachment/lod/sight_pk06_rifle.json
dfa31443e6de941469dd8161df0ad85986594486190d537e844bc8ae3c7ec26b	assets/tacz/custom/tacz_default_gun/assets/tacz/geo_models/attachment/lod/sight_rmr_dot.json
c01e635937e695a234420e8d923ead6bcd9386c5c41979b167c1227ddbc836ce	assets/tacz/custom/tacz_default_gun/assets/tacz/geo_models/attachment/lod/sight_sro_dot.json
92b91d993cf854a4a884f1273686bd594d7e42223788240b6b1ba7ae4106ee4b	assets/tacz/custom/tacz_default_gun/assets/tacz/geo_models/attachment/lod/sight_srs_02.json
aa6bce6bdfc8ba8e35249e758f4f5fc504bbea475d238f151739aa47d21aaf9c	assets/tacz/custom/tacz_default_gun/assets/tacz/geo_models/attachment/lod/sight_t1.json
153fd8ffe68f139d35b39c3d3ad77357ee9b92d2592a30ada11e579e420292b4	assets/tacz/custom/tacz_default_gun/assets/tacz/geo_models/attachment/lod/sight_t2.json
baeb5c0c43ed9ee6f85b0c9d63d143bb41b310e0de9002a7453433ab62c632b2	assets/tacz/custom/tacz_default_gun/assets/tacz/geo_models/attachment/lod/sight_uh1.json
e14d1f93b6a8905947aa96efefc3bc7d366856251eddc250e424c9acd8599059	assets/tacz/custom/tacz_default_gun/assets/tacz/geo_models/attachment/muzzle_brake_cthulhu_geo.json
6363bd9d6884ace6c52f6ce1224e13d215d692fea2cf916a43f738ddfdc8f10c	assets/tacz/custom/tacz_default_gun/assets/tacz/geo_models/attachment/muzzle_brake_cyclone_d2_geo.json
3eb618a999b88eceab25dde230193b4e8e51b54944f59907f284c3f222e264c9	assets/tacz/custom/tacz_default_gun/assets/tacz/geo_models/attachment/muzzle_brake_mastiff_sg_geo.json
c8a557915fe3f847e06d468027dec4827bd47762163b3fee97a51264dde5a9a9	assets/tacz/custom/tacz_default_gun/assets/tacz/geo_models/attachment/muzzle_brake_pioneer_geo.json
9b79a2c50ae24bd20bd93b8e60cbdc132673173fc9882e5b94815b78a4eea7e0	assets/tacz/custom/tacz_default_gun/assets/tacz/geo_models/attachment/muzzle_brake_timeless50_geo.json
727d2398f99d10128a60fe109453291808e63f70aa65d443855b94d8202bde9e	assets/tacz/custom/tacz_default_gun/assets/tacz/geo_models/attachment/muzzle_brake_trex_geo.json
c642b77e3bb50e1cac715a9be0b54797f48351c3731e60fdb0f37e0643ebb760	assets/tacz/custom/tacz_default_gun/assets/tacz/geo_models/attachment/muzzle_choke_sg_geo.json
cc06bc5862b1e05a51816ef08c862b75544c10b9e29692832470098c35a3c28c	assets/tacz/custom/tacz_default_gun/assets/tacz/geo_models/attachment/muzzle_compensator_trident_geo.json
e09c7aecaa33919bceeb72f0c375885334fd1ed0f896ded99a6db74170721dfa	assets/tacz/custom/tacz_default_gun/assets/tacz/geo_models/attachment/muzzle_duckbill_sg_geo.json
58c22ec8b3fb5fe1a5e95b604737f799a46e6db6808023b709394251d8596587	assets/tacz/custom/tacz_default_gun/assets/tacz/geo_models/attachment/muzzle_silencer_knight_qd_geo.json
8a563c09e8c2e58beb488b336669c5c6e016e546a13921290ab14edf68f77d15	assets/tacz/custom/tacz_default_gun/assets/tacz/geo_models/attachment/muzzle_silencer_mirage_geo.json
e27716d0a90d8bb2e1ac2787cc0cba5f2d291eb1c3c80c9a20b2bfc07195d485	assets/tacz/custom/tacz_default_gun/assets/tacz/geo_models/attachment/muzzle_silencer_phantom_s1_geo.json
6bb8f2d92677d79e5e60d6f637d33abf8d61f3806be9dfaaab5ab74b9911573a	assets/tacz/custom/tacz_default_gun/assets/tacz/geo_models/attachment/muzzle_silencer_ptilopsis_geo.json
078f712435b402cd375c840e35ecbc1daccb34294a0882a8797f3855f91342a3	assets/tacz/custom/tacz_default_gun/assets/tacz/geo_models/attachment/muzzle_silencer_sg_geo.json
897bfe4d4ed07a8c31c32e1573e6c86842257ab994f592873a4cc3f096973024	assets/tacz/custom/tacz_default_gun/assets/tacz/geo_models/attachment/muzzle_silencer_ursus_geo.json
a09bbe64801971c736f13f96c6f0d7b6f1400cba32ae5d46838dc705a067b1e5	assets/tacz/custom/tacz_default_gun/assets/tacz/geo_models/attachment/muzzle_silencer_vulture_geo.json
6c4a15649887e29eda2708dadd1007912d85387d93eb531d99e24f302a557312	assets/tacz/custom/tacz_default_gun/assets/tacz/geo_models/attachment/muzzle_silencer_wraith_geo.json
24fad75286dc2f8d0f9f567f27db1e32d1bceb04a41d3d6d279ea5d42388e97b	assets/tacz/custom/tacz_default_gun/assets/tacz/geo_models/attachment/scope_1873_6x_geo.json
3db1935062ff9429283e7fb8233e30fa8240b4af95911ec6f2cf428367d30103	assets/tacz/custom/tacz_default_gun/assets/tacz/geo_models/attachment/scope_98k_geo.json
9755e8bf3379cfdbffbfe485c3e8d780e48a3b2e86d9ea10e8cd07469268a7c5	assets/tacz/custom/tacz_default_gun/assets/tacz/geo_models/attachment/scope_acog_ta31_geo.json
94a2178ea5cedc45813a1452cc9b0574d5a29678223b7ad85917b3262d9dee3a	assets/tacz/custom/tacz_default_gun/assets/tacz/geo_models/attachment/scope_aug_default_geo.json
97a17f03ff3fa61aacd5dd142a1557a691d60642f07c9c82a979ba2c72699b0d	assets/tacz/custom/tacz_default_gun/assets/tacz/geo_models/attachment/scope_contender_geo.json
cb9c9851b7456d2dc0355ba2028be1a4ffbb0fd83b6cfb4afdd7bb91ad18028c	assets/tacz/custom/tacz_default_gun/assets/tacz/geo_models/attachment/scope_elcan_4x_geo.json
c76ba509813fd846087960c2212bb95a236549a4e4cd962e9913cbf624a137d2	assets/tacz/custom/tacz_default_gun/assets/tacz/geo_models/attachment/scope_hamr_geo.json
73ce730fc7dc1dcfb4976524c43720f4f45afea5de1739ebf91d4a648bc6b00f	assets/tacz/custom/tacz_default_gun/assets/tacz/geo_models/attachment/scope_lpvo_1_6_geo.json
d0ea7a9541654595a598e7d7480f290451b9a8f65c67fe0d8a3d099b40f3733c	assets/tacz/custom/tacz_default_gun/assets/tacz/geo_models/attachment/scope_mk5hd_geo.json
e2c319e59a8abf3acb306dde8458a053eadfa60c80bc106998e9faf5c99798dc	assets/tacz/custom/tacz_default_gun/assets/tacz/geo_models/attachment/scope_qmk152_geo.json
884e1219e9c6138cbc8db2b6f79c4a1ba652d890731e7f4566b4476b9a018746	assets/tacz/custom/tacz_default_gun/assets/tacz/geo_models/attachment/scope_retro_2x_geo.json
05316777ba86bcf5049169519bfcf76512deb44f08b98414abdcdbc47bbe6429	assets/tacz/custom/tacz_default_gun/assets/tacz/geo_models/attachment/scope_scout_geo.json
9abb6881c74494ec2a7e040bca77d3ee2daf051b7c3ac508287e6cd12050451c	assets/tacz/custom/tacz_default_gun/assets/tacz/geo_models/attachment/scope_standard_8x_geo.json
5eb3d76d12a15f666bf65797be5ee6ec9aea6ef94a682802fdea73f375d7949b	assets/tacz/custom/tacz_default_gun/assets/tacz/geo_models/attachment/scope_vudu_geo.json
77655e5eae6fa0def369eeddf94ce4bf2c0892e390189c60f5f881effc338c22	assets/tacz/custom/tacz_default_gun/assets/tacz/geo_models/attachment/sight_552_geo.json
e7e15aea38b9fdab4d7ed77a70231a5df40f8bb3284986873979eea37d9aa6c5	assets/tacz/custom/tacz_default_gun/assets/tacz/geo_models/attachment/sight_acro_pistol_geo.json
f952a70a8e820234673742168e5a63004476059b849b737eebdb238380b014a4	assets/tacz/custom/tacz_default_gun/assets/tacz/geo_models/attachment/sight_acro_rifle_geo.json
90960e40a0a20aa20293e4425ff8ba6fc028855854235885d1369be36b0405f2	assets/tacz/custom/tacz_default_gun/assets/tacz/geo_models/attachment/sight_coyote_geo.json
ae26c8cda1f4143ebb27877928b2cc1f693d069fd9e3af09f613cf51658aa093	assets/tacz/custom/tacz_default_gun/assets/tacz/geo_models/attachment/sight_deltapoint_pistol_geo.json
83c9c90e9a7e46e8d859ac6c35b7fd4e9e5ea934a9748aeea8ad59ccdbebcd83	assets/tacz/custom/tacz_default_gun/assets/tacz/geo_models/attachment/sight_deltapoint_rifle_geo.json
caa19ed7f21e3f1fc524808b067841fffaf8ea60ae0fe438f79d7c4d0353aa98	assets/tacz/custom/tacz_default_gun/assets/tacz/geo_models/attachment/sight_exp3_geo.json
43af8d431eae65de32c8290963ed74d11a19a5e62ec7e58070d6674a9bd36300	assets/tacz/custom/tacz_default_gun/assets/tacz/geo_models/attachment/sight_fastfire_pistol_geo.json
6347a5edad397bff3a23d5abfebc55a7dfcd8a1922033be5a0abd996db60dd0d	assets/tacz/custom/tacz_default_gun/assets/tacz/geo_models/attachment/sight_fastfire_rifle_geo.json
0d83596713c598ce6ecf1ea10f22ae30416a5be52c8ff74e105bd3324d13c7a2	assets/tacz/custom/tacz_default_gun/assets/tacz/geo_models/attachment/sight_okp7_geo.json
a491fa13afe078490c979391e586059eed548a564267422c75159e5655678c4e	assets/tacz/custom/tacz_default_gun/assets/tacz/geo_models/attachment/sight_p90_geo.json
9b7d38f3e1e266914e52e1d451b279f7079c14eb7e08a01a84211f08291da7b5	assets/tacz/custom/tacz_default_gun/assets/tacz/geo_models/attachment/sight_pk06_pistol_geo.json
3138af623128b73bfa23636396345eb297998fcf1c8e814531bcef74deb14ae9	assets/tacz/custom/tacz_default_gun/assets/tacz/geo_models/attachment/sight_pk06_rifle_geo.json
992fc0b7fbbe490678863bee1a00797a42d0421d12d1d3fee897449093bd1588	assets/tacz/custom/tacz_default_gun/assets/tacz/geo_models/attachment/sight_rmr_dot_geo.json
dc1ecf2eb03ca4b06236637b6dfb59f97a96591047550ea0af310e55538199ed	assets/tacz/custom/tacz_default_gun/assets/tacz/geo_models/attachment/sight_sro_dot_geo.json
cc55513eba4d200b11d88a27639d1891119534e0f808cb2cde77177716959843	assets/tacz/custom/tacz_default_gun/assets/tacz/geo_models/attachment/sight_srs_02_geo.json
eb7064a257d63eb0e7a9acea78d13d4b67e24fdd9128cfb029752ac5a9b837cf	assets/tacz/custom/tacz_default_gun/assets/tacz/geo_models/attachment/sight_t1_geo.json
74c0e7c83c868cf25b1cd09ae804fed6ecb6161859d20d32c57a48c92982285b	assets/tacz/custom/tacz_default_gun/assets/tacz/geo_models/attachment/sight_t2_geo.json
b013ac1205086eb7cb2ceff293cef78f5c378ac0829de95bdbd6ebd1d1140aa0	assets/tacz/custom/tacz_default_gun/assets/tacz/geo_models/attachment/sight_uh1_geo.json
4615f9487ff0a7479876ba999779fa37bee213b37414b9a192cf93c5d2619452	assets/tacz/custom/tacz_default_gun/assets/tacz/geo_models/attachment/stock_ak12_geo.json
75e9e0d69fcc44c9a51b08310a5ee67170c15719dd0dae63138646ef7fbf9609	assets/tacz/custom/tacz_default_gun/assets/tacz/geo_models/attachment/stock_carbon_bone_c5_geo.json
9c61eb68f943d550397ba2c74627ab10a6cdada8db55e49d7ff6a16d280b7a74	assets/tacz/custom/tacz_default_gun/assets/tacz/geo_models/attachment/stock_heavy_spas_12_geo.json
874c1834d6830d7deb0258665e5ee26064d5449f4d4ab3cf8beeb9e4b52625ab	assets/tacz/custom/tacz_default_gun/assets/tacz/geo_models/attachment/stock_hk_slim_line_geo.json
adfd6f2893a8dd22e978c53a5db8f5016ad2273b17017613a36c260d66de40dc	assets/tacz/custom/tacz_default_gun/assets/tacz/geo_models/attachment/stock_m4ss_geo.json
00b3568dd1fea6b5b90480c77a80e34557ec31515d2c5651bc96cec417746101	assets/tacz/custom/tacz_default_gun/assets/tacz/geo_models/attachment/stock_militech_b5_geo.json
17766b41988032aa414e1baaeaadaff9831eabc3f4627c42eb69e03e0a92ce04	assets/tacz/custom/tacz_default_gun/assets/tacz/geo_models/attachment/stock_moe_geo.json
86534dbee2b41f3e0020b35856446733be0666e9c201718435d59a24fdc91b6f	assets/tacz/custom/tacz_default_gun/assets/tacz/geo_models/attachment/stock_ripstock_geo.json
ba161628a518a3cf245790a5fe8d95f598dcb61e496467f4cac57dd3ce7e2df0	assets/tacz/custom/tacz_default_gun/assets/tacz/geo_models/attachment/stock_sba3_geo.json
f6bf0d87208f9bf3300934f93164b3d103af2ac0d09a1cc54ae87c592a188109	assets/tacz/custom/tacz_default_gun/assets/tacz/geo_models/attachment/stock_tactical_ar_geo.json
d988c0f65cb409369cdd3627940e9907a7fed5d693b8512ac69e0f83bf9998b6	assets/tacz/custom/tacz_default_gun/assets/tacz/geo_models/attachment/stock_tactical_spas_12_geo.json
7e23aba96fcdd86ecf62c39f9dfe73eff28ff168b83a75d72794623d8cec06ad	assets/tacz/custom/tacz_default_gun/assets/tacz/geo_models/block/ammo_workbench.json
3ff48a7bd761d1c6d4e1ac4a5cdbfed7cb82e592885ea35e6c963f3c4bfaa291	assets/tacz/custom/tacz_default_gun/assets/tacz/geo_models/block/attachment_workbench.json
4c6dd082cc46d0b7b9fc11986419a55e2c3a24daad6a3927cab66c70d626572e	assets/tacz/custom/tacz_default_gun/assets/tacz/geo_models/block/gun_smith_table.json
efb05f617401507363596c5934051deb56cb1b41d758fda9ee4d03056fb16b5d	assets/tacz/custom/tacz_default_gun/assets/tacz/geo_models/gun/aa12_geo.json
37aecfed7be14ead85bf9d2f0193ab9321b35c60d86deb3d5c6e7cdde690ebe1	assets/tacz/custom/tacz_default_gun/assets/tacz/geo_models/gun/ai_awp_geo.json
a7878dbd00e23bdfc957c46624eba21ed25ed46b42a472de2781db415a960bf1	assets/tacz/custom/tacz_default_gun/assets/tacz/geo_models/gun/ak47_geo.json
3799b951360dbc2fc7bc1df725fdfd181918df6bf190b5f6293becb70fe143fe	assets/tacz/custom/tacz_default_gun/assets/tacz/geo_models/gun/aug_geo.json
02c622fae1127ba4140efeff0d4b838c0eab7fa12450100f1b6c87963bb4e88f	assets/tacz/custom/tacz_default_gun/assets/tacz/geo_models/gun/b93r_geo.json
3d8d15bd6815b9d1ca6cbff0454c799e57abcb1a8cde00efa0733a66cab241c0	assets/tacz/custom/tacz_default_gun/assets/tacz/geo_models/gun/cz75_geo.json
c2e1a0a192e418f71f428df92f6c07292790c5d1bb3adca33247359332485ee9	assets/tacz/custom/tacz_default_gun/assets/tacz/geo_models/gun/db_long_geo.json
21b2c7bf86d8fd2a2fd5b174166b1ef133bda73cb9de68148def385d6db7ff54	assets/tacz/custom/tacz_default_gun/assets/tacz/geo_models/gun/db_short_geo.json
0ba9e0578e9987c5207a18f073de320a00194c2389d0865a03a059586bc95934	assets/tacz/custom/tacz_default_gun/assets/tacz/geo_models/gun/deagle_geo.json
af9017a91fe76ad73d6bc8d9ef83caedc371a14db6a316ca1ec97c6f800c7b4a	assets/tacz/custom/tacz_default_gun/assets/tacz/geo_models/gun/deagle_golden_geo.json
77eba1270ee7c1418e6d40532568b38ea8767f86032af791e01ca7e845168860	assets/tacz/custom/tacz_default_gun/assets/tacz/geo_models/gun/fn_evolys_geo.json
ecf80470dc2a627fd83845cb0d6c93f8a635b2b7368197940951111e0083e62d	assets/tacz/custom/tacz_default_gun/assets/tacz/geo_models/gun/fn_fal_geo.json
550ec455cb085bf90ff88b33248f94b7712c3b8e81fdb203fb520449828c3dc4	assets/tacz/custom/tacz_default_gun/assets/tacz/geo_models/gun/g36k_geo.json
7b7089ab31b30d6b27908e8e0087e81bf93fbb1b0e00b38b2487985806d19ff1	assets/tacz/custom/tacz_default_gun/assets/tacz/geo_models/gun/glock_17_geo.json
f7e175967ec00eeb6e31c02d46da167ba3cd5ee362cbd15e91337de878e02712	assets/tacz/custom/tacz_default_gun/assets/tacz/geo_models/gun/hk416a5_geo.json
cf470efaa27a1d8ef2cbf9dfb4eebcbeb3646b4fcaa15df4fb37508a238c3521	assets/tacz/custom/tacz_default_gun/assets/tacz/geo_models/gun/hk416d_geo.json
031f5befd2859f2e7b0956a6891363f70bd103943b865c928c853a307ba86682	assets/tacz/custom/tacz_default_gun/assets/tacz/geo_models/gun/hk_g3_geo.json
9743635892f11db8ce2c2faf01d3a9b73c668e4d1ccba9fb3bd9ab33f8c7227a	assets/tacz/custom/tacz_default_gun/assets/tacz/geo_models/gun/hk_mk23_geo.json
8f0603e26afd0f246cb1364f657fb1a22cde6384a70685caebedb7f396d5b5d0	assets/tacz/custom/tacz_default_gun/assets/tacz/geo_models/gun/hk_mp5a5_geo.json
8459f99655184cf3cb5710ec190181c88b2d62514e86b7a5cafd9f405d4bc783	assets/tacz/custom/tacz_default_gun/assets/tacz/geo_models/gun/kar98_geo.json
c4dc850651e240a60732a41ebb73cdacf74b3ad9464865b77830ee40ad504994	assets/tacz/custom/tacz_default_gun/assets/tacz/geo_models/gun/lod/aa12.json
40f7da16337a7f2d6004c41a8bae9d8c98ca36865b42dd189374e12e1e5129f2	assets/tacz/custom/tacz_default_gun/assets/tacz/geo_models/gun/lod/ai_awp.json
33424c6c7aa52d454f4b6151ae3eacdda52c5c90bbd0dd8598d20a169158cd59	assets/tacz/custom/tacz_default_gun/assets/tacz/geo_models/gun/lod/ak47.json
6531aec0e8fefe48d37f77acb722bafc74f4c6578084fde8e92ceba03151c1d1	assets/tacz/custom/tacz_default_gun/assets/tacz/geo_models/gun/lod/aug.json
31b6a4aaff37cf23cb7405450262ab3547cf625dfbd05f939ecc479b7a7f3554	assets/tacz/custom/tacz_default_gun/assets/tacz/geo_models/gun/lod/b93r.json
c7a30b5c5e297721ee5b6270e8afca86e6ede194deb4c2fb851eb4aa7308e620	assets/tacz/custom/tacz_default_gun/assets/tacz/geo_models/gun/lod/cz75.json
949c14846b07239f0d54e414bc9df304c96c0add952785fc5e9f18d1e72c025a	assets/tacz/custom/tacz_default_gun/assets/tacz/geo_models/gun/lod/db_long.json
cfa4a5745e6abdd68c03b97ffcae8d0081db470b329d5935aa3fc49e1a8edb72	assets/tacz/custom/tacz_default_gun/assets/tacz/geo_models/gun/lod/db_short.json
719d151c9de6a85f2fa8b720980a2a946076fd85c3e4d955e0257a6852ed6296	assets/tacz/custom/tacz_default_gun/assets/tacz/geo_models/gun/lod/deagle.json
719d151c9de6a85f2fa8b720980a2a946076fd85c3e4d955e0257a6852ed6296	assets/tacz/custom/tacz_default_gun/assets/tacz/geo_models/gun/lod/deagle_golden.json
91f47a5b1e4defe5c829ca3132331fe184cdaff33002f9e4d0d45b469643bd8c	assets/tacz/custom/tacz_default_gun/assets/tacz/geo_models/gun/lod/fn_evolys.json
5d75657e882671db777e54b00b936eba59a26849700092f581ec3e41e116572d	assets/tacz/custom/tacz_default_gun/assets/tacz/geo_models/gun/lod/fn_fal.json
574817e321fcf9a73bce8e85b6c750c9d260cee68a800f9f99d2bce4c0c8b72e	assets/tacz/custom/tacz_default_gun/assets/tacz/geo_models/gun/lod/g36k.json
90c777c32e5a6024e4fe98fe9c4cda261f2d9195a39852bbce9cf8a0b1fc3195	assets/tacz/custom/tacz_default_gun/assets/tacz/geo_models/gun/lod/glock_17.json
62b8e0f1f2a26324a6a64970805d0dbef4b3e36186428b98827f434d52d7a1ec	assets/tacz/custom/tacz_default_gun/assets/tacz/geo_models/gun/lod/hk416a5.json
a3c7300bc40f53f8df928ce2071eb081a225fc043afb3cba975a18706082ec34	assets/tacz/custom/tacz_default_gun/assets/tacz/geo_models/gun/lod/hk416d.json
f6e2f45c3a390bb0ed011a9dc5655f87909b6eb29fca687d8615ee255cf30002	assets/tacz/custom/tacz_default_gun/assets/tacz/geo_models/gun/lod/hk_g3.json
8c31d011e7ae41ec6eedbc28afd1ed4a20471d5fa6884b1acd31b55fbdb6aed9	assets/tacz/custom/tacz_default_gun/assets/tacz/geo_models/gun/lod/hk_mk23.json
442f3f56b0eee6be1c7b338b88b516942c1ce7c12a763e2c1c1c57f74e67242e	assets/tacz/custom/tacz_default_gun/assets/tacz/geo_models/gun/lod/hk_mp5a5.json
94210a50d5750019f49ed78d7fbe17b2183c6bfd4209da330b4a2345635e6257	assets/tacz/custom/tacz_default_gun/assets/tacz/geo_models/gun/lod/kar98.json
4d3defb61b7206d4418185787b911541acd696f71025c33a059922e592d2550a	assets/tacz/custom/tacz_default_gun/assets/tacz/geo_models/gun/lod/lonetrail.json
f27cea17f0ff4c50feb148121cb6a49197210f5d6f19d9225ab13a2710501d58	assets/tacz/custom/tacz_default_gun/assets/tacz/geo_models/gun/lod/m1014.json
f7d3af861da402b0911157eebc733db85b66e6f49915b38f0c297de43445e58d	assets/tacz/custom/tacz_default_gun/assets/tacz/geo_models/gun/lod/m107.json
5611a1d54565e8553972ac8aa5af879474e524be39b810c5451c388aa58d0d5a	assets/tacz/custom/tacz_default_gun/assets/tacz/geo_models/gun/lod/m16a1.json
5a2b54b0a038fd8cf5708804e7dd78ae5fbb13208d0e7dc959a9bdac074e5780	assets/tacz/custom/tacz_default_gun/assets/tacz/geo_models/gun/lod/m16a4.json
f2f08a68245c8e65ed607ecf84921e23fca2902a12628607631d7fd5bb6a7c17	assets/tacz/custom/tacz_default_gun/assets/tacz/geo_models/gun/lod/m1911.json
0f1dd4ce3e165e9cd269b1278f44db18ab486fb417bd10afa82d36134763fa7e	assets/tacz/custom/tacz_default_gun/assets/tacz/geo_models/gun/lod/m249.json
5cb86163838585689441d5c7812d3e4b2b50d18eeb6b04f2460f7241e3360daf	assets/tacz/custom/tacz_default_gun/assets/tacz/geo_models/gun/lod/m320.json
4ad521aa66cc068ee1aba1b6b6209b6b13c225dc88c3b9ccdad89940ad89c45e	assets/tacz/custom/tacz_default_gun/assets/tacz/geo_models/gun/lod/m4a1.json
565f341202fca4274a599df1c77591fd4f4c8adb4395bbf44771265e555df165	assets/tacz/custom/tacz_default_gun/assets/tacz/geo_models/gun/lod/m700.json
45135104e59fb7c7ea47ea6c0f3c95a7de607dd337036609a1692c9eb19fa552	assets/tacz/custom/tacz_default_gun/assets/tacz/geo_models/gun/lod/m870.json
558d04f6d213759b50f77adef365b64a8a9dee8fb3ee9780314f80018439a759	assets/tacz/custom/tacz_default_gun/assets/tacz/geo_models/gun/lod/m95.json
684a2e1c8f06fc48fb6c19f83cac7f3258eefcd31aefb1df96e8731a87104ec4	assets/tacz/custom/tacz_default_gun/assets/tacz/geo_models/gun/lod/m9a4.json
6261eb8a78c6c2b801273622cb059e85333b2cbcaf20fd115635d327366e9fb3	assets/tacz/custom/tacz_default_gun/assets/tacz/geo_models/gun/lod/minigun.json
b5ab7ca94a2d4d4cfe16d0cde3b781c961fd4056a2d9e9d08a65a517f0d94a46	assets/tacz/custom/tacz_default_gun/assets/tacz/geo_models/gun/lod/mk14.json
281ded218e4650c05e723af25041c5f5d7dbd941610bbd764238150b39bdb44f	assets/tacz/custom/tacz_default_gun/assets/tacz/geo_models/gun/lod/p320.json
441bb641d57bc0c4068499eeb5cdf1a094ca2e5674e03a86b3280e3cdbb493f5	assets/tacz/custom/tacz_default_gun/assets/tacz/geo_models/gun/lod/p90.json
f8a087838ce89d82779321f067be923e406cea285e7100c0084d9d1008bb151e	assets/tacz/custom/tacz_default_gun/assets/tacz/geo_models/gun/lod/qbz_191.json
16bd852f8b3972e4158f22e47cd7325a18da65b0060583d1e1426cfef79c2a55	assets/tacz/custom/tacz_default_gun/assets/tacz/geo_models/gun/lod/qbz_95.json
9753d12aebc7e924af2b22708ed9e05487c93501e10049e6805999cf8088d5ab	assets/tacz/custom/tacz_default_gun/assets/tacz/geo_models/gun/lod/rhino357.json
b56663dd95176a8504314c1942f9f959ebb1b7675d417a0c4ed292380808a8da	assets/tacz/custom/tacz_default_gun/assets/tacz/geo_models/gun/lod/rpg7.json
c6373da867dcb4764ff25a70ca27bd9d2ee648206cbf98c26631716c80aca340	assets/tacz/custom/tacz_default_gun/assets/tacz/geo_models/gun/lod/rpk.json
841de7f4e35d024205932217757ad99f0492a27d3fcd6f9a6cba65cdca698bd8	assets/tacz/custom/tacz_default_gun/assets/tacz/geo_models/gun/lod/scar_h.json
0127029b30d43d1a676a28b351585e5974496cf13c692174a11e7a4d0985cc4d	assets/tacz/custom/tacz_default_gun/assets/tacz/geo_models/gun/lod/scar_l.json
1dc7f1e6fcf02672f948714bcf060750c341dce379a1f74e7964a51d489e0712	assets/tacz/custom/tacz_default_gun/assets/tacz/geo_models/gun/lod/sks_tactical.json
452ee80419a31c2f1f36e810e36753c6ac22b015c1f310964167ddbf0a789e09	assets/tacz/custom/tacz_default_gun/assets/tacz/geo_models/gun/lod/spas_12.json
00c89c2ae4e596a0eefec89781b2b53bed32ceb518c940a28f102de1309a451a	assets/tacz/custom/tacz_default_gun/assets/tacz/geo_models/gun/lod/spr15hb.json
710736be132f9a31e3aa384f7f1ac245d9bbc777a5fefb430cb2c9b734cf7f93	assets/tacz/custom/tacz_default_gun/assets/tacz/geo_models/gun/lod/springfield1873.json
b87492a1447a87ac5227ec42f425952fbae6a0be4dd58747b0c7259cc4eb4f9f	assets/tacz/custom/tacz_default_gun/assets/tacz/geo_models/gun/lod/taurus500.json
9dea68bf77981739508ca219a3e24c11e63ffbe0d1785a0bdb75fa8077eeb27c	assets/tacz/custom/tacz_default_gun/assets/tacz/geo_models/gun/lod/taurus943.json
53e45d30773f0502e508f572ef6b0860409060659c2741e116b69aab1508a790	assets/tacz/custom/tacz_default_gun/assets/tacz/geo_models/gun/lod/timeless50.json
47369220dd1aa4e7644b4a22146c8a0f62ca4353b26f729b718e281bc876cf2a	assets/tacz/custom/tacz_default_gun/assets/tacz/geo_models/gun/lod/type_81.json
37ed5446a8d148cf6fd50aee1d6c0be68542770e0edfa8f83667ff1b4aefd11a	assets/tacz/custom/tacz_default_gun/assets/tacz/geo_models/gun/lod/ump45.json
be8eb469d0e703e6734c49dd855e50008f7f1fdb2f2a1b1f33209f08a8cfc7a9	assets/tacz/custom/tacz_default_gun/assets/tacz/geo_models/gun/lod/uzi.json
bdd343c88cb8b451377dad92ebf1314b9a47fd6296b3183a0a7e7530982415f8	assets/tacz/custom/tacz_default_gun/assets/tacz/geo_models/gun/lod/vector45.json
79afa33b99d5259dcfba72cf2f7290cf4fd5c3f7c8a5eecf122c014bef5acc3e	assets/tacz/custom/tacz_default_gun/assets/tacz/geo_models/gun/lonetrail_geo.json
01559fc03e0c0cbf46b20722041a5ecc3dcc60085fe9259db807ba4511d16ea9	assets/tacz/custom/tacz_default_gun/assets/tacz/geo_models/gun/m1014_geo.json
797930e2a7b4f32849d7e95859b6b8040321823350414f81c2340945992c800d	assets/tacz/custom/tacz_default_gun/assets/tacz/geo_models/gun/m107_geo.json
322af8821795c30e43fb4fb2857acface31ea0d7a6dcd12a37d6256b628aace0	assets/tacz/custom/tacz_default_gun/assets/tacz/geo_models/gun/m16a1_geo.json
a12106f8773c22a777adc211d2433ec18bb07e4137f306afb78c97ee12a09ed8	assets/tacz/custom/tacz_default_gun/assets/tacz/geo_models/gun/m16a4_geo.json
be94b17f02c4cb466ac19599436d1a7504e9df8857876a2638143b624e543da7	assets/tacz/custom/tacz_default_gun/assets/tacz/geo_models/gun/m1911_geo.json
64282dbadd3ae1382b27fd55e125dac0fe6c2f5d494b5b8394e8c843519e48af	assets/tacz/custom/tacz_default_gun/assets/tacz/geo_models/gun/m249_geo.json
aff75ac44ffe790997a1613f2222ba193c22c17c52ecb66887b3b5e965308f16	assets/tacz/custom/tacz_default_gun/assets/tacz/geo_models/gun/m320_geo.json
1dec97c90d8fb2ff7c786165d074aef4f1b41772de56ae82ac470bf294203658	assets/tacz/custom/tacz_default_gun/assets/tacz/geo_models/gun/m4a1_geo.json
aafb7df0b76d4b7ca6181d38bd409e43c6feadae0813c22075401ac74d5d46a5	assets/tacz/custom/tacz_default_gun/assets/tacz/geo_models/gun/m700_geo.json
3b92b23bd40541223bd620b9cf2d8c6a2bfd225a2a7767c6b56a11448fbae679	assets/tacz/custom/tacz_default_gun/assets/tacz/geo_models/gun/m870_geo.json
4b1676c3c6f021bbacbdb4da171ddac1eecca2756aebfbead327888280ad6ac7	assets/tacz/custom/tacz_default_gun/assets/tacz/geo_models/gun/m95_geo.json
808d2b020e5da91087dd24ee01df1477eeb6e06419a12e9744a968039df52424	assets/tacz/custom/tacz_default_gun/assets/tacz/geo_models/gun/m9a4_geo.json
a919b54dceb009b44a95874d510ac3b5f75df5c83d01c7c2aadf56440a06d35b	assets/tacz/custom/tacz_default_gun/assets/tacz/geo_models/gun/minigun_geo.json
db8d60a547491c5bc4cb9bf3419a7e0346f37441db3d2a0cea539b851da38323	assets/tacz/custom/tacz_default_gun/assets/tacz/geo_models/gun/mk14_geo.json
d0431a6ab4a07abb020f37856722436f7847bb317ef1b4e45e459eaec30d25b4	assets/tacz/custom/tacz_default_gun/assets/tacz/geo_models/gun/p320_geo.json
2969c76d0434a61ee081d464255e6f72c4b38ae6a970a6f86c08a0dbbba0e0b0	assets/tacz/custom/tacz_default_gun/assets/tacz/geo_models/gun/p90_geo.json
1efc51cbc6286e04cb48db8b9a4be7b3d9b6bda553f32f4585603b735c237b0a	assets/tacz/custom/tacz_default_gun/assets/tacz/geo_models/gun/qbz_191_geo.json
5943399d94ccfbaabf4b6bb8f28de46924c243456f49d533f3c526d6c8f9dbbe	assets/tacz/custom/tacz_default_gun/assets/tacz/geo_models/gun/qbz_95_geo.json
e6c5e809ab270c8ed272f7b519fd78bfa68fcb2507d4499f2457cca0892d0430	assets/tacz/custom/tacz_default_gun/assets/tacz/geo_models/gun/rhino357_geo.json
a757def469c58b8acb538adae326a15fe10601691843f5a60beaab09fd035b31	assets/tacz/custom/tacz_default_gun/assets/tacz/geo_models/gun/rpg7_geo.json
6c2ba97e177591d43ac2d5b1b4213cb28d3811318fc90de376d97f4c5b40dadb	assets/tacz/custom/tacz_default_gun/assets/tacz/geo_models/gun/rpk_geo.json
cbb25a2549876024812a5fb5ee781384b8c49beaed97a25964cce53340ebd394	assets/tacz/custom/tacz_default_gun/assets/tacz/geo_models/gun/scar_h_geo.json
d2dd41657935c745f17be06d54f1766c6d2425cb5a2b620bdc774e8150638c62	assets/tacz/custom/tacz_default_gun/assets/tacz/geo_models/gun/scar_l_geo.json
7a659189c361fde3d96e79925f0f675bc26ee849578e7bb601df21c2b0bb99ad	assets/tacz/custom/tacz_default_gun/assets/tacz/geo_models/gun/sks_tactical_geo.json
7f24bfd978250454a4f6b037bfaf6000537fb61c436795460e6e72489dd7966b	assets/tacz/custom/tacz_default_gun/assets/tacz/geo_models/gun/spas_12_geo.json
b4d1a61149ed1193c324a68368cc57914975a46e059fa46fa858dad38aa448a9	assets/tacz/custom/tacz_default_gun/assets/tacz/geo_models/gun/spr15hb_geo.json
179945f354a4b67b9671b12619cc9fd62d985fad16f703cb6d23ea84df4ae472	assets/tacz/custom/tacz_default_gun/assets/tacz/geo_models/gun/springfield1873_geo.json
d05df947d2c1fa99985fb1275843fb131776e00a534307601ea6665ca11508af	assets/tacz/custom/tacz_default_gun/assets/tacz/geo_models/gun/taurus500_geo.json
296a667e6285a7002dd4cc82ead2818e5383ca577ebc254d4d4dca35cec48f38	assets/tacz/custom/tacz_default_gun/assets/tacz/geo_models/gun/taurus943_geo.json
3135c3eff5b71dd958511e69227b1a16b75b91c673342b1c9df3b444d8cd2584	assets/tacz/custom/tacz_default_gun/assets/tacz/geo_models/gun/timeless50_geo.json
30c474031869e7bba7fbc196d8e19473b8928ac742c6dcb2d6bea739c8af7701	assets/tacz/custom/tacz_default_gun/assets/tacz/geo_models/gun/type_81_geo.json
9c1d6499f1e941edfcf667402b5e747e297e81239d3c6a6690feb98d68935ff5	assets/tacz/custom/tacz_default_gun/assets/tacz/geo_models/gun/ump45_geo.json
f2b0c9b76e145b78c1c8bb6eb78c78353d912f1e23ad2e9091c8502265025f1d	assets/tacz/custom/tacz_default_gun/assets/tacz/geo_models/gun/uzi_geo.json
5fd43193cb4546583973e2bb87fe5afb81dab86333140fe7cf45160c25c6f354	assets/tacz/custom/tacz_default_gun/assets/tacz/geo_models/gun/vector45_geo.json
5ba5b9c04d7ff6d8f341e7bc03c51a32c67e9c366ea6ef9ce19c58a65b502c1a	assets/tacz/custom/tacz_default_gun/assets/tacz/geo_models/shell/12g_shell.json
4dfe49dc0b2951f2189eb6cddf09a049a799fd3f4e8a8a986a76e30f1275e1db	assets/tacz/custom/tacz_default_gun/assets/tacz/geo_models/shell/22wmr_shell.json
ac419f428c3b453b6e634408fb83ee12661c39b796fb701b7ad94bf6e3dc9c5f	assets/tacz/custom/tacz_default_gun/assets/tacz/geo_models/shell/308_shell.json
e5eccd59d08e9efea1f11a93847e1b810ab4b21d0c8e4f4bfc81fb80cd3a38a2	assets/tacz/custom/tacz_default_gun/assets/tacz/geo_models/shell/30_06_shell.json
46e793adb8a8fb731616f9a51da5fa3ae3d0efedf5bd4281b54b116a0679679a	assets/tacz/custom/tacz_default_gun/assets/tacz/geo_models/shell/357mag_shell.json
a7ad6ce2d6651bf7cdfdd6bbcce612d4c78a60dafdc2945c0f5d30ae2239d3a8	assets/tacz/custom/tacz_default_gun/assets/tacz/geo_models/shell/40mm_shell.json
3942533286c51e3e02e3c705f5c88fb7bba4bd1fa4479f2fc1c88efd7f01f4b0	assets/tacz/custom/tacz_default_gun/assets/tacz/geo_models/shell/45acp_shell.json
1a8c57800f67089f2da06a8169610a6a41f8929fa1d8e4fbdc35bb763c38b786	assets/tacz/custom/tacz_default_gun/assets/tacz/geo_models/shell/46x30_shell.json
a3286e3aa8b291caf50d00ed564cd8cbadd0cb190dac2941856ce8a4d7604d31	assets/tacz/custom/tacz_default_gun/assets/tacz/geo_models/shell/500mag_shell.json
5f0112b08ac0f334e17155b0997b857e997e7815355fb581a7243da60141beed	assets/tacz/custom/tacz_default_gun/assets/tacz/geo_models/shell/50ae_shell.json
10007009f7941eb213f4d418cae6845f6a12a144dd88504d28f767dfc1462f0b	assets/tacz/custom/tacz_default_gun/assets/tacz/geo_models/shell/50bmg_shell.json
7ee412493ed7d35af76f401be28d9d0acc156f7698d3f967a5a25ef2d76b4c98	assets/tacz/custom/tacz_default_gun/assets/tacz/geo_models/shell/545x39_shell.json
27ebe40c0f476cea51161ecc3a14c3937e36cb13407ea4fbbb8f9bd55ee37efe	assets/tacz/custom/tacz_default_gun/assets/tacz/geo_models/shell/556x45_shell.json
502b4ed08bf72261c35cec37908e2fe3e14683f9aa63f949f0ad8a8061be334f	assets/tacz/custom/tacz_default_gun/assets/tacz/geo_models/shell/57x28_shell.json
03214cb0f60fea1da6c23194aa48862e1cde8af87d48306165e2cc7364ae9a90	assets/tacz/custom/tacz_default_gun/assets/tacz/geo_models/shell/58x42_shell.json
315fb60ef559c05f810ec24a3f35ee6b8c65245215f65041123d21b1688e9b3c	assets/tacz/custom/tacz_default_gun/assets/tacz/geo_models/shell/762x25_shell.json
aea770b2086ef8ea453e40437eb5d017c0100fdf64553bec28717484d13c7c9d	assets/tacz/custom/tacz_default_gun/assets/tacz/geo_models/shell/762x39_shell.json
1eb241c73b9814c1a01b9405fdca9bb86523c9e9b1fb0d6ea363bc4e4520c337	assets/tacz/custom/tacz_default_gun/assets/tacz/geo_models/shell/762x54_shell.json
ccbf0b8047c82c9f9715bde2073d69306c216e929e64877cbc24b3d453e39f1f	assets/tacz/custom/tacz_default_gun/assets/tacz/geo_models/shell/9mm_shell.json
1a102cd77e3b755c3778f164aed635ef4386f2c0aa4e8f328d01b03c3a9f2dac	assets/tacz/custom/tacz_default_gun/assets/tacz/gunpack_info.json
cf8cae5b94eb76c3f771b48e6b406ffc5b72f72412f14acd37d610d0f068c1f2	assets/tacz/custom/tacz_default_gun/assets/tacz/lang/ca_es.json
ad058383457a7ad63d89544b8a9505a12df7a3a64d5cd2d663b4e57f8e93a0cb	assets/tacz/custom/tacz_default_gun/assets/tacz/lang/da_dk.json
b4941c88c29c14bcc3e5b2277abf66ba237d5b182dd70ce60ca4a7152746c325	assets/tacz/custom/tacz_default_gun/assets/tacz/lang/de_de.json
bb48580c10bedae340b0f3dae99b27bfaab6dad0cbdb981f4e3e2db982ad5803	assets/tacz/custom/tacz_default_gun/assets/tacz/lang/en_us.json
46e6d1328ca6d7175c409bc30afd9699cef8091435ac7562b55cea9c9ab62b80	assets/tacz/custom/tacz_default_gun/assets/tacz/lang/es_es.json
73ba334d224510330763f2bb03e9a5e871943c0754a236d2d42e04444a0e38f5	assets/tacz/custom/tacz_default_gun/assets/tacz/lang/eu_es.json
a18670e77846b673d0da10ce84cca34530e13786865f3dfb35a40781f9e402c4	assets/tacz/custom/tacz_default_gun/assets/tacz/lang/fr_fr.json
67c6c69d8d8bb0be9c3fcc8ef80be39a9ea5fe655d6116b4ae25c255a6480597	assets/tacz/custom/tacz_default_gun/assets/tacz/lang/id_id.json
fe8070d9aa6a1efef5e306fea847c73e354ff6eeea4a54411010c6df45b82892	assets/tacz/custom/tacz_default_gun/assets/tacz/lang/it_it.json
409c898ed514c66f688dfb2023873bd5664a6333cc2a5b9f2883b94004ae2204	assets/tacz/custom/tacz_default_gun/assets/tacz/lang/ja_jp.json
701a6447e9a0c7643303eded3cba72ff3d62ce0631c11bcc0c96e96722021f4c	assets/tacz/custom/tacz_default_gun/assets/tacz/lang/ko_kr.json
0016cbeb19f9519e435c3ca89ccd9f2e0ad56bd52df9446a8a7d275cd15cf741	assets/tacz/custom/tacz_default_gun/assets/tacz/lang/pl_pl.json
e1abcf19395996c2dd52fc25cadff42cd180a906657cefb32beb36ca5e490b8a	assets/tacz/custom/tacz_default_gun/assets/tacz/lang/pt_br.json
ee2eda12d89dbdd5dbc3837b15e386775e730afb3a03570df0fdeda1cdd107b4	assets/tacz/custom/tacz_default_gun/assets/tacz/lang/ru_ru.json
5d6a4195843d76bade2e42d0b5f8720f1b5a961fc03a9ae7065903cee4b03bda	assets/tacz/custom/tacz_default_gun/assets/tacz/lang/th_th.json
95af5445dfb64fe5490c80cff1e62947e994732e25d4cbb54ac89513830f4c4c	assets/tacz/custom/tacz_default_gun/assets/tacz/lang/tr-TR.json
29c02289c7802d8f324b5f24190563f5e525a62534f372bfd64d462aad892ebd	assets/tacz/custom/tacz_default_gun/assets/tacz/lang/tr_tr.json
732e53e7362b36e905883635fbd9969a940f97e33b02246c3238193ef5d6dc8f	assets/tacz/custom/tacz_default_gun/assets/tacz/lang/uk_ua.json
b48247568f1b74772c02411fde196594998ca753229f51f7481ae3151304d8c1	assets/tacz/custom/tacz_default_gun/assets/tacz/lang/vi_vn.json
2016e5b43292e75707368744cbd7ff7db75d14e51d3dc44bbe96b5c80a039aef	assets/tacz/custom/tacz_default_gun/assets/tacz/lang/zh_cn.json
a129e1614f7d7f8759b7a515bac99a3b824922c3fcdc14ff60380bb1a4996827	assets/tacz/custom/tacz_default_gun/assets/tacz/lang/zh_tw.json
5bba87c140302ec7a2ba4e2d3228a5be7f741a80de3b08e0cfdaaf2580a1ec64	assets/tacz/custom/tacz_default_gun/assets/tacz/player_animator/minigun.player_animation.json
440a7d78a03cf72d88bc35704b83939d8fd465d8c8292d9274e6f44f5c60c803	assets/tacz/custom/tacz_default_gun/assets/tacz/player_animator/pistol_default.player_animation.json
f1c8a6d70670cf50832d4f938e64f0bfb3c6622e5b058ff8330c0d56cb0fb2dc	assets/tacz/custom/tacz_default_gun/assets/tacz/player_animator/rifle_default.player_animation.json
ecef33a67e03401317c29044f6d6a074cf3910c0c79c63ed1ae082f2fc2ce299	assets/tacz/custom/tacz_default_gun/assets/tacz/tacz_sounds/aa12/aa12_draw.ogg
b91189c5f94150485ac2096dac7e1b9c2b59c912b1275d202bd55b95c944e544	assets/tacz/custom/tacz_default_gun/assets/tacz/tacz_sounds/aa12/aa12_inspect.ogg
8cd58757140457af76fc0ad567dc950ca8e7521d1011106a1254f172512e7154	assets/tacz/custom/tacz_default_gun/assets/tacz/tacz_sounds/aa12/aa12_inspect_empty.ogg
bf18e1f5d5ccde83c2ef86852c04473ed6d9e3d452f8a79845465b5d0f7e2a2a	assets/tacz/custom/tacz_default_gun/assets/tacz/tacz_sounds/aa12/aa12_put_away.ogg
f64400a7d43f76fdb4c6e381802069b6b388881ced0d825aa85dc2aac5788e56	assets/tacz/custom/tacz_default_gun/assets/tacz/tacz_sounds/aa12/aa12_reload.ogg
bd7121396e1d8f52ad9cc96977c07f326188ba70b3833481622ad381a8ce1f62	assets/tacz/custom/tacz_default_gun/assets/tacz/tacz_sounds/aa12/aa12_reload_empty.ogg
edcb157071bc23ec7648deb866f4ae8d3349f7ae8af2de38a7d2f74a9f8ce892	assets/tacz/custom/tacz_default_gun/assets/tacz/tacz_sounds/aa12/aa12_reload_tactical.ogg
8ae3574f9622f60e8cdb342166b148a74e5276a543ea53a0e21a554f8034ae8d	assets/tacz/custom/tacz_default_gun/assets/tacz/tacz_sounds/aa12/aa12_shoot.ogg
21b415d3fd94ee8e9fa6f8aabde082fabfd0d36dac1a5e5d9bf317aeed75c216	assets/tacz/custom/tacz_default_gun/assets/tacz/tacz_sounds/aa12/aa12_shoot_3p.ogg
235a8d9c3692b26b9e144ecd2fe7e5a13b229b06970d2e952dfa332630fe57b0	assets/tacz/custom/tacz_default_gun/assets/tacz/tacz_sounds/aa12/aa12_silence.ogg
d7bd7c8f743ebc43044e47c18c5b8586082707180f8a23d7824c02d052c6d7e9	assets/tacz/custom/tacz_default_gun/assets/tacz/tacz_sounds/aa12/aa12_silence_3p.ogg
8406f87a3096407a534d895cc98b546f530f795b5da93c0089d36690b5675311	assets/tacz/custom/tacz_default_gun/assets/tacz/tacz_sounds/ai_awp/awp_draw.ogg
35716e9f11bcfb89316ebc5330a1a874f554172b76b5b245fcb3f1cb50cd8324	assets/tacz/custom/tacz_default_gun/assets/tacz/tacz_sounds/ai_awp/awp_inspect_boltback.ogg
a507372d7fd5af869e16b941e5395b63b201dfa0bdace989b9926dd7a5a0ea2f	assets/tacz/custom/tacz_default_gun/assets/tacz/tacz_sounds/ai_awp/awp_inspect_drop.ogg
c0936502a1bf8e84806ff1832c8582ab346c0e89b85964cbcbd15b5ec5140dc3	assets/tacz/custom/tacz_default_gun/assets/tacz/tacz_sounds/ai_awp/awp_inspect_empty_magpalmhit.ogg
8f925a11b27edd65f5e8c0306c3da6bb99b4071e1284c194b19881c75784b009	assets/tacz/custom/tacz_default_gun/assets/tacz/tacz_sounds/ai_awp/awp_inspect_end.ogg
93431557eddc7d1150626cc4f443646499d3b403830f3cd6135c6700fb84aaed	assets/tacz/custom/tacz_default_gun/assets/tacz/tacz_sounds/ai_awp/awp_inspect_fast_mvmnt.ogg
e2efcfc0d67b9c3709041d4b4222d47d0a458c558aa3f81f008b87b64d70f9c3	assets/tacz/custom/tacz_default_gun/assets/tacz/tacz_sounds/ai_awp/awp_inspect_fast_tilt.ogg
7d7e7167ca2a74dabbf02f2831ef9a088a9744f460befba206c9afb8810a5ca3	assets/tacz/custom/tacz_default_gun/assets/tacz/tacz_sounds/ai_awp/awp_inspect_load_mvmnt.ogg
0326313f4f7c5d69774015b1b256e54d1bd24d476a8f75b5f15b77dbfa91f029	assets/tacz/custom/tacz_default_gun/assets/tacz/tacz_sounds/ai_awp/awp_inspect_loadround.ogg
c515b3c8539994aacb59de95c0f8bac04944ffa5e24e5d6325fdefd489b99bdf	assets/tacz/custom/tacz_default_gun/assets/tacz/tacz_sounds/ai_awp/awp_inspect_mag_tilt.ogg
85aaf944b6334b64a4906718f3551de8a58f3cf31a543ee844de8ed85bf6b7c7	assets/tacz/custom/tacz_default_gun/assets/tacz/tacz_sounds/ai_awp/awp_inspect_maghit.ogg
49d7381b3f01c341997f15da9990f575de0204687373cfc94189d77606250162	assets/tacz/custom/tacz_default_gun/assets/tacz/tacz_sounds/ai_awp/awp_inspect_maghit_01.ogg
119f645800be939eb0d49235902ef269ade20664db7cee27ba11ad29f6860e75	assets/tacz/custom/tacz_default_gun/assets/tacz/tacz_sounds/ai_awp/awp_inspect_magin_01.ogg
7c190555bdea0d6f8e136814d72ac14d06f016f206dca24acc9fa47216bfad22	assets/tacz/custom/tacz_default_gun/assets/tacz/tacz_sounds/ai_awp/awp_inspect_magin_02.ogg
7655da6cc40ec8207bcf0856f0b3beb6219a848435e2022eacc8c77390b25698	assets/tacz/custom/tacz_default_gun/assets/tacz/tacz_sounds/ai_awp/awp_inspect_raise.ogg
6b8d46ebf0425a8b0f7fc84f279ee31ff30f501c82d130b3b185e67a21277e27	assets/tacz/custom/tacz_default_gun/assets/tacz/tacz_sounds/ai_awp/awp_inspect_rattle.ogg
7836b15c42beafeb59f7c16d44fa72e15b3289d86f9f7f0e6ee1d6bdb199f299	assets/tacz/custom/tacz_default_gun/assets/tacz/tacz_sounds/ai_awp/awp_inspect_rattle_catchbullet.ogg
61208213151196c95ff9b7fffcfaf4d5144ba38e29a8c429284a6528af5e3ce5	assets/tacz/custom/tacz_default_gun/assets/tacz/tacz_sounds/ai_awp/awp_inspect_rechamber.ogg
e65c8e541ce619472f399da4eb76360dbd1b7635e827e18cbb6d8be1a736771e	assets/tacz/custom/tacz_default_gun/assets/tacz/tacz_sounds/ai_awp/awp_put_away.ogg
4f7207d875c97fdc4a7e1a9b8802e820286c7f82b65874387b2f3a15cb09756f	assets/tacz/custom/tacz_default_gun/assets/tacz/tacz_sounds/ai_awp/awp_raise_first_rattle.ogg
782f16d4c7de6678e8a0ae759ec63c8b099af55622b97ea23324bd8c9237321c	assets/tacz/custom/tacz_default_gun/assets/tacz/tacz_sounds/ai_awp/awp_rechamber_end.ogg
38bcefd80bbd21f20bd5eafd4ab2f14158330ad6b1dd85bf2dbd1968813e8c37	assets/tacz/custom/tacz_default_gun/assets/tacz/tacz_sounds/ai_awp/awp_rechamber_in.ogg
12738ca01310724024ca7cfb8e0d55d7dcc0335eb3f8e06760fdd57c4ffa5332	assets/tacz/custom/tacz_default_gun/assets/tacz/tacz_sounds/ai_awp/awp_rechamber_out.ogg
e9b65d004ae496f9927e3526e6263446b9921d0885c9822fdeba4b1514681ffc	assets/tacz/custom/tacz_default_gun/assets/tacz/tacz_sounds/ai_awp/awp_rechember_ejectclick.ogg
e9b65d004ae496f9927e3526e6263446b9921d0885c9822fdeba4b1514681ffc	assets/tacz/custom/tacz_default_gun/assets/tacz/tacz_sounds/ai_awp/awp_reload_ejectclick.ogg
32656099dab7b10b1155ba92a1d82ffccb19ee4fdcf4d84443c102b6a5467ea6	assets/tacz/custom/tacz_default_gun/assets/tacz/tacz_sounds/ai_awp/awp_reload_empty_boltclose.ogg
7de93c655c00ec4ec5c113a12e90e4312669eef82268ab36ada755586c3b5499	assets/tacz/custom/tacz_default_gun/assets/tacz/tacz_sounds/ai_awp/awp_reload_empty_end.ogg
df17ca6917744dd2e502cac5ad9139cad56f899400ad7b3f88b081cff78570d2	assets/tacz/custom/tacz_default_gun/assets/tacz/tacz_sounds/ai_awp/awp_reload_empty_fast_01_rattle.ogg
f1f453187a9ac3ad3b0c4f9f9cb9c5197697d2c9bd9ded13e982c24932122470	assets/tacz/custom/tacz_default_gun/assets/tacz/tacz_sounds/ai_awp/awp_reload_empty_fast_maghit.ogg
72784abe916839f811846b13000db12d687d35f1a2735803a644871d3b461525	assets/tacz/custom/tacz_default_gun/assets/tacz/tacz_sounds/ai_awp/awp_reload_empty_mag_drop.ogg
49d7381b3f01c341997f15da9990f575de0204687373cfc94189d77606250162	assets/tacz/custom/tacz_default_gun/assets/tacz/tacz_sounds/ai_awp/awp_reload_empty_maghit_01.ogg
8ad85a78f5643ac929babbb063fb44024eaaee83b52debca1829d4a2e4124b92	assets/tacz/custom/tacz_default_gun/assets/tacz/tacz_sounds/ai_awp/awp_reload_empty_magin.ogg
3c486f75137b14b2431eeba215c2dde76f601939651643e7f19e8a93369e4bdf	assets/tacz/custom/tacz_default_gun/assets/tacz/tacz_sounds/ai_awp/awp_reload_empty_magout.ogg
4816763b2a91f22b848ce8f243fa9d1d2d8e1d615bd6d6e516ddb9a1e52d536f	assets/tacz/custom/tacz_default_gun/assets/tacz/tacz_sounds/ai_awp/awp_reload_empty_raise.ogg
fc03742302d1b440b6f0e64ee7e36e639da2549889331c0bef8bb564878ed0fc	assets/tacz/custom/tacz_default_gun/assets/tacz/tacz_sounds/ai_awp/awp_reload_empty_rattle.ogg
c0a2dbd7da59ef798137402fade5e243073723589354393160b0d61c921c967e	assets/tacz/custom/tacz_default_gun/assets/tacz/tacz_sounds/ai_awp/awp_reload_end.ogg
93431557eddc7d1150626cc4f443646499d3b403830f3cd6135c6700fb84aaed	assets/tacz/custom/tacz_default_gun/assets/tacz/tacz_sounds/ai_awp/awp_reload_fast_mvmnt.ogg
0f1300a098bff2cccc7366819752262ce21563255c5c188811e947fbad82e70e	assets/tacz/custom/tacz_default_gun/assets/tacz/tacz_sounds/ai_awp/awp_reload_maghit.ogg
8c1f272f2a1af70c16510c173a7ef06ec3d5070afb7042464ede3b5aa999f2bb	assets/tacz/custom/tacz_default_gun/assets/tacz/tacz_sounds/ai_awp/awp_reload_magin.ogg
0ca8a97a0b7c1509b62be3d2d98e169b8b18ab4bf876f9035d8d7558fdbe58fa	assets/tacz/custom/tacz_default_gun/assets/tacz/tacz_sounds/ai_awp/awp_reload_magout.ogg
9aad1a2a5181b5ca15995a543794c16549c35d459bd1944d758ad55cac4870ab	assets/tacz/custom/tacz_default_gun/assets/tacz/tacz_sounds/ai_awp/awp_reload_raise.ogg
6ef086288a15eedeb7cb648dbef0a15aec92ec949dc3f74955721981c0c055e0	assets/tacz/custom/tacz_default_gun/assets/tacz/tacz_sounds/ai_awp/awp_reload_raise1.ogg
e30204b8836bd068c4e4381ce595f8e337825b52cf3de01cfebe93c4fa85031f	assets/tacz/custom/tacz_default_gun/assets/tacz/tacz_sounds/ai_awp/awp_reload_rattle.ogg
812070a1b4cd3e6aab333f0ea377b268216922ea2b7a47a3c62f486eb9ca4e6b	assets/tacz/custom/tacz_default_gun/assets/tacz/tacz_sounds/ai_awp/awp_shoot.ogg
38960db1b318bdacc167a4d736da745dbe96db7008834f7cefba7375ca5081ef	assets/tacz/custom/tacz_default_gun/assets/tacz/tacz_sounds/ai_awp/awp_shoot_3p.ogg
c06edea79454cffa2e77690aeb29106761a984697c748e63f65c4482807c823a	assets/tacz/custom/tacz_default_gun/assets/tacz/tacz_sounds/ai_awp/awp_silence.ogg
c8c122cdc7c20bc27c90fa8f807bc095730c78e833e1b1be33445885e0e8119b	assets/tacz/custom/tacz_default_gun/assets/tacz/tacz_sounds/ai_awp/awp_silence_3p.ogg
35b2b4f7b5b90d174b5b1e6f4162faf86b1ff4be7810058ffaa89ca18140ad2a	assets/tacz/custom/tacz_default_gun/assets/tacz/tacz_sounds/ak47/ak47_draw.ogg
f5b3f954b189164439099e49b3b16c85658b5020056882bbadacbdeef14844d7	assets/tacz/custom/tacz_default_gun/assets/tacz/tacz_sounds/ak47/ak47_inspect_empty_chamber.ogg
38d2a38af9f288a484cc1d6dd9a00db945ea8fa88ec6da8d03f9f506ace33a52	assets/tacz/custom/tacz_default_gun/assets/tacz/tacz_sounds/ak47/ak47_inspect_empty_release.ogg
5ed2fac5ce56bab0d6413a28348284ce983ebba0073c88040e1ae075e3d797ba	assets/tacz/custom/tacz_default_gun/assets/tacz/tacz_sounds/ak47/ak47_inspect_hit.ogg
e7aa4ae05d8cf5c55828d0f2f3d99fdb165afca6689afedf014d1f610a28f1b4	assets/tacz/custom/tacz_default_gun/assets/tacz/tacz_sounds/ak47/ak47_inspect_magbump.ogg
c97f21301a2b5fb238cd250909cb801e40a9000a3967d952a038220172bc2011	assets/tacz/custom/tacz_default_gun/assets/tacz/tacz_sounds/ak47/ak47_inspect_magin.ogg
1a8021f3ef190081d0b79da8ff9b1af98e35d53508e882f9e80f09ed04182c76	assets/tacz/custom/tacz_default_gun/assets/tacz/tacz_sounds/ak47/ak47_inspect_magout.ogg
819567b2e6b8409f2f932bda05062db3db8b6bb8b99acbe03adc2405d3732dfa	assets/tacz/custom/tacz_default_gun/assets/tacz/tacz_sounds/ak47/ak47_inspect_mvt.ogg
2aaac3d4990a4b0591acf277fa3ca00acd065f8aaa9edddbf092bfdc76531a26	assets/tacz/custom/tacz_default_gun/assets/tacz/tacz_sounds/ak47/ak47_inspect_over.ogg
f95e94b7a4caae63fd4c40d665127fc427a35ac473b238d64bc913bee354903e	assets/tacz/custom/tacz_default_gun/assets/tacz/tacz_sounds/ak47/ak47_inspect_pull.ogg
e01ba0b2bfc72daf36385a0d680555ab65c6ca0bf883ba782b804538cf6425d5	assets/tacz/custom/tacz_default_gun/assets/tacz/tacz_sounds/ak47/ak47_inspect_raise_grab.ogg
f98dfee8e47a5d4c9f6188e8e804f17806a433fff0f99e29e392fec657798881	assets/tacz/custom/tacz_default_gun/assets/tacz/tacz_sounds/ak47/ak47_inspect_release.ogg
1b498d100934575254b2e5b187500efd8b754419e0448b2bcf01b6ef2f59d9c9	assets/tacz/custom/tacz_default_gun/assets/tacz/tacz_sounds/ak47/ak47_inspect_turn.ogg
67d38753345e73d42faaadd8be9534dd582f2ebdb1256ed009a0bb1020eb9421	assets/tacz/custom/tacz_default_gun/assets/tacz/tacz_sounds/ak47/ak47_inspect_up.ogg
3c85688f722103ca181e4148089b7f66629c5ca1184eb84b9f4109e9c1a547a1	assets/tacz/custom/tacz_default_gun/assets/tacz/tacz_sounds/ak47/ak47_put_away.ogg
0fa9d1c320b4a93d528136fd5ab6a0dc790cdc53360700137f1aa9b9f9f80ccd	assets/tacz/custom/tacz_default_gun/assets/tacz/tacz_sounds/ak47/ak47_reload_empty_chamber.ogg
999e1228abace94532ecc7a90d29a059c02a812da257613615fade3f435ac43e	assets/tacz/custom/tacz_default_gun/assets/tacz/tacz_sounds/ak47/ak47_reload_empty_mag_drop.ogg
30d852037a2a01500bb31e96df99a94134b9f8aaee8516ff39eed482d0a1dc51	assets/tacz/custom/tacz_default_gun/assets/tacz/tacz_sounds/ak47/ak47_reload_empty_magbump.ogg
d41db5fbad8c7204bdb0e02e0593a29a1457cf2cae65413deb9addf0b83ca23c	assets/tacz/custom/tacz_default_gun/assets/tacz/tacz_sounds/ak47/ak47_reload_empty_maghit.ogg
3fda50c429c3e138b4be502ff14b8fa8a289f418fdc7175fcd76ec79831118b4	assets/tacz/custom/tacz_default_gun/assets/tacz/tacz_sounds/ak47/ak47_reload_empty_magin.ogg
0e52148d3c7811f29fbff6fabae008fba88d0d299da57ec485905436b0538e85	assets/tacz/custom/tacz_default_gun/assets/tacz/tacz_sounds/ak47/ak47_reload_empty_magout.ogg
116721fc39bfd8c8c90b697da9e4722d4347d98afdae96727a02a1f7ae119247	assets/tacz/custom/tacz_default_gun/assets/tacz/tacz_sounds/ak47/ak47_reload_empty_mvt.ogg
92b58d1d1a4e20972a9bb2b5dfedda564872db4658ae5f749456ed02556854fe	assets/tacz/custom/tacz_default_gun/assets/tacz/tacz_sounds/ak47/ak47_reload_empty_shoulder.ogg
eaf680df0297b073fcfa3f476a0123e340f009e9c3372071950e0d0d7b0e82d2	assets/tacz/custom/tacz_default_gun/assets/tacz/tacz_sounds/ak47/ak47_reload_empty_up.ogg
054bf166774411c0c446d07f926b9e2fb22a549e551db786a1482a4e33fded09	assets/tacz/custom/tacz_default_gun/assets/tacz/tacz_sounds/ak47/ak47_reload_magin.ogg
9fe19a236bb41e96f658400bf0c46783c3d5beaec0fad00987778417cfdf6ef4	assets/tacz/custom/tacz_default_gun/assets/tacz/tacz_sounds/ak47/ak47_reload_magout.ogg
e6c2b6bdf20110411886b4910e70b2ece6c5808ee3fcd01245a0e5e2fb044d0e	assets/tacz/custom/tacz_default_gun/assets/tacz/tacz_sounds/ak47/ak47_reload_mvt.ogg
8f9241cda624d468ba2fd704d8055a039eea832ec5ca76ac589a5899215b749b	assets/tacz/custom/tacz_default_gun/assets/tacz/tacz_sounds/ak47/ak47_reload_mvt2.ogg
e5d986f87ee20ce30e2397c0ffd5ca341f99838bfeb2c0ef2d01915284b06594	assets/tacz/custom/tacz_default_gun/assets/tacz/tacz_sounds/ak47/ak47_reload_raise_shoulder.ogg
c56b2220ffba8f2c11d3201944e579651f0baf2dc23e1c3d4d5d794410af915e	assets/tacz/custom/tacz_default_gun/assets/tacz/tacz_sounds/ak47/ak47_reload_shoulder.ogg
898aabdd0221cd152d4c44b5f75685038953253066ab768eeae1a4a2e6f4ed76	assets/tacz/custom/tacz_default_gun/assets/tacz/tacz_sounds/ak47/ak47_shoot.ogg
9ee735a485a72168c263f5218d1e4da25ce46796050188873cd0e6e7f37debe0	assets/tacz/custom/tacz_default_gun/assets/tacz/tacz_sounds/ak47/ak47_shoot_3p.ogg
18beec54bafae341054aa18f76f2e7af16e097e02de90cab3fc46a8d5b2d5173	assets/tacz/custom/tacz_default_gun/assets/tacz/tacz_sounds/ak47/ak47_silence.ogg
e770e74888c0695598b5621397d7d68ef093f9df8b221106c91a065a3b981562	assets/tacz/custom/tacz_default_gun/assets/tacz/tacz_sounds/ak47/ak47_silence_3p.ogg
072ea42b07f1bd8f00b81cf12cbc1eb7d07f941b2ec8d4690dd8c75b56690d2b	assets/tacz/custom/tacz_default_gun/assets/tacz/tacz_sounds/attachments/attachment_general_a.ogg
e9874c8a4bb75e1bcd92887410259526159d8119022e68c9e23f3be378888be4	assets/tacz/custom/tacz_default_gun/assets/tacz/tacz_sounds/attachments/attachment_general_b.ogg
103407d28eff9ee195353a9a799f52e10e7622b881903c44cd5c0d294bc9824a	assets/tacz/custom/tacz_default_gun/assets/tacz/tacz_sounds/attachments/attachment_general_uninstall.ogg
202f86adc4bc39d3aae1c4454d6091150df86fc2c22488dd3fbc0d16ee393017	assets/tacz/custom/tacz_default_gun/assets/tacz/tacz_sounds/attachments/bayonet_install.ogg
dcce87e6a08cbfd14e7e36e72774ef93d86e7f39c00282d38b10180ffe3dc13a	assets/tacz/custom/tacz_default_gun/assets/tacz/tacz_sounds/attachments/bayonet_uninstall.ogg
f581c7f8206f13d1adcc4af5e1752e4f411c0076e02761c046abac3e25af02fd	assets/tacz/custom/tacz_default_gun/assets/tacz/tacz_sounds/attachments/extended_mag_install.ogg
22a608f4d33a715fe6b9b322daf5210edfba5ffe46ec734e500ae7dcf14f188a	assets/tacz/custom/tacz_default_gun/assets/tacz/tacz_sounds/attachments/extended_mag_uninstall.ogg
5769cd650bbdc73e938a379f3a74248e08f5ac7606f8596cc96314920db8e4da	assets/tacz/custom/tacz_default_gun/assets/tacz/tacz_sounds/attachments/laser_general.ogg
7eca4473ecb4d06dad0ad769c1def36c7b05f4580c342f7c8ade5018017a1e66	assets/tacz/custom/tacz_default_gun/assets/tacz/tacz_sounds/attachments/muzzle_general.ogg
11ae68251db4da7608b02896d0180453e657a27ef152944ac8b8fe8c53fc3c72	assets/tacz/custom/tacz_default_gun/assets/tacz/tacz_sounds/attachments/scope_general_a.ogg
440c8290349730c386ef0de129b1c2a0a9dd0531c327ceb433fcd3fb3c5ea0e0	assets/tacz/custom/tacz_default_gun/assets/tacz/tacz_sounds/attachments/scope_general_b.ogg
546869246ce513755bbd1889a184940e17e17c4fe81eb121a73ac490a6e00be7	assets/tacz/custom/tacz_default_gun/assets/tacz/tacz_sounds/attachments/scope_general_c.ogg
6f84f814d8087d7aa7e48599ccb47bdd46d606ebd70123663849f5e104ef9e2b	assets/tacz/custom/tacz_default_gun/assets/tacz/tacz_sounds/attachments/scope_general_d.ogg
781a84c09e33a3cda547a66d2d2659e740e483434649ae74bd5c7d345345e3f9	assets/tacz/custom/tacz_default_gun/assets/tacz/tacz_sounds/attachments/scope_general_e.ogg
6c48ef60159db4794b03abda38158312da60a8c21597c1d03ccda9bd3c933256	assets/tacz/custom/tacz_default_gun/assets/tacz/tacz_sounds/aug/aug_draw.ogg
a998cd0a905144ad3d6f87b8486f59af49ec354d614d79e1ca1123ceb22a2be8	assets/tacz/custom/tacz_default_gun/assets/tacz/tacz_sounds/aug/aug_inspect_armin.ogg
0082567c3e63a1f3f2e5b3d79ad6998398a4c21d3e7761f8a1c87666d502cf7a	assets/tacz/custom/tacz_default_gun/assets/tacz/tacz_sounds/aug/aug_inspect_boltclose_fast.ogg
f5022b41bfc5fe2b6d86d3fb5914fe3d05c38489adc44d46c983ea21d907c832	assets/tacz/custom/tacz_default_gun/assets/tacz/tacz_sounds/aug/aug_inspect_boltlock_fast.ogg
820f286246b8e969705dad3dfe0b63768e5f6525885540dc886baf078b6f84c5	assets/tacz/custom/tacz_default_gun/assets/tacz/tacz_sounds/aug/aug_inspect_end.ogg
d4ce65af83f32e37511fbc7f844b71876b96c381df413db4607607ca5b5c9bb6	assets/tacz/custom/tacz_default_gun/assets/tacz/tacz_sounds/aug/aug_inspect_grab.ogg
01077576e61fdfe092064d06065ba1b48c1ed4a082e03c765bf9d0c8f1011c12	assets/tacz/custom/tacz_default_gun/assets/tacz/tacz_sounds/aug/aug_inspect_maggrab.ogg
67a784a43bc9606ed358baa87eb2c57cdfb0d440a5a0bf444c5fd3a8811453da	assets/tacz/custom/tacz_default_gun/assets/tacz/tacz_sounds/aug/aug_inspect_maghitwell.ogg
8fa8142236fa36a0d5b333a44dfb00b857bc35ee8013f73847f40de304e70860	assets/tacz/custom/tacz_default_gun/assets/tacz/tacz_sounds/aug/aug_inspect_magin.ogg
b8276ea2d6827752629b276c9f1a2fe8fee3ad223ace4386d499daaf03c37e14	assets/tacz/custom/tacz_default_gun/assets/tacz/tacz_sounds/aug/aug_inspect_magout.ogg
c16764e51289d307b181b8c9fe41a50bffebf9fa1bc83db2c823564cbf0f20a8	assets/tacz/custom/tacz_default_gun/assets/tacz/tacz_sounds/aug/aug_inspect_quick.ogg
beb31fad3c189893e6c4eb149f00871be962a869d51e4302097d6d1f8079fe58	assets/tacz/custom/tacz_default_gun/assets/tacz/tacz_sounds/aug/aug_inspect_raise.ogg
231549dde5336ecaa8a8cdf2c38db35c60872c1fb7b7091737d048f8e18be74f	assets/tacz/custom/tacz_default_gun/assets/tacz/tacz_sounds/aug/aug_put_away.ogg
a2793c25d1cceee63b9b05d19851cb6c1d99a374485d5faae0a4b0b16134e76f	assets/tacz/custom/tacz_default_gun/assets/tacz/tacz_sounds/aug/aug_reload_empty_boltclose.ogg
0da2427b4a4e29c417c41eb28e1d2e5983586a3155d9677dde132cdf52b82864	assets/tacz/custom/tacz_default_gun/assets/tacz/tacz_sounds/aug/aug_reload_empty_boltlock.ogg
7ef145f621cd564e8c3f5a79f1c401b06e0d7dff52cff924d479d3286ed2116d	assets/tacz/custom/tacz_default_gun/assets/tacz/tacz_sounds/aug/aug_reload_empty_end.ogg
2e2652adb74a55685dd2c5e5af968c13d7a4422710b924f28bb969014cb1f6ed	assets/tacz/custom/tacz_default_gun/assets/tacz/tacz_sounds/aug/aug_reload_empty_maghit.ogg
5ab9fd0bf829bf4e89bb141faa093f626288b045968e1cc244e6e84e1d56de28	assets/tacz/custom/tacz_default_gun/assets/tacz/tacz_sounds/aug/aug_reload_empty_maghitwell.ogg
57b814a52c830efb0c05c29eaa753bf11d43806aaa452877b55d24837f95de6c	assets/tacz/custom/tacz_default_gun/assets/tacz/tacz_sounds/aug/aug_reload_empty_magin.ogg
d8906950d7ae6f368e164fe4706275c5d8aa013ff01d68423ecfe64dc227b177	assets/tacz/custom/tacz_default_gun/assets/tacz/tacz_sounds/aug/aug_reload_empty_magout.ogg
107688befd3ba42f166756e05cf2d93a2bbeceebe0af0aaecdef3fad9daa639f	assets/tacz/custom/tacz_default_gun/assets/tacz/tacz_sounds/aug/aug_reload_empty_raise.ogg
868676fd5d446fee412f1cc1dd5124013c16507b22cecca76875896639e056a0	assets/tacz/custom/tacz_default_gun/assets/tacz/tacz_sounds/aug/aug_reload_end.ogg
05654c2e19fe410d2b639681e340c7992258ae81290a7c28f5dee997f8ba4c26	assets/tacz/custom/tacz_default_gun/assets/tacz/tacz_sounds/aug/aug_reload_maghitwell.ogg
c7b89d0f747a1fcee2d236268f70b1a45f8e4c87ec9723fcd53af4b3e9e5350c	assets/tacz/custom/tacz_default_gun/assets/tacz/tacz_sounds/aug/aug_reload_magin.ogg
c264828b4953061e47ec70a50470721f44320ce2e59559bd23f7dedd7e98473a	assets/tacz/custom/tacz_default_gun/assets/tacz/tacz_sounds/aug/aug_reload_magout.ogg
d6ff3ce4102afe70448796ddd26f6ac6beeff3393ad3af37e6da2f81e58224c5	assets/tacz/custom/tacz_default_gun/assets/tacz/tacz_sounds/aug/aug_reload_raise.ogg
b057239759d91b0cd77c57cedb64eaf7cd673655fd3c769d3aebfa2295af4c7e	assets/tacz/custom/tacz_default_gun/assets/tacz/tacz_sounds/aug/aug_shoot.ogg
c074057ac1e7a1e1f566ec50278ffee0bf917b1be0c9a9b6a66eef3cdf661e06	assets/tacz/custom/tacz_default_gun/assets/tacz/tacz_sounds/aug/aug_shoot_3p.ogg
8f91c139fc23e677a7ce8468572d8bd5452a93816b2393e67b01e613166ee6f6	assets/tacz/custom/tacz_default_gun/assets/tacz/tacz_sounds/aug/aug_silence.ogg
5ea580794bb37f478126df7c99f2406e9b3c96d978918f06da7ce949599d0133	assets/tacz/custom/tacz_default_gun/assets/tacz/tacz_sounds/aug/aug_silence_3p.ogg
c2b1007007136d29a691b32291e4fc3011813aebf1bc8551c4a82454513f49be	assets/tacz/custom/tacz_default_gun/assets/tacz/tacz_sounds/b93r/b93r_draw.ogg
d8bae2e5331bea97bc4b71384dc3aa30318c94143400789454746fff2569f948	assets/tacz/custom/tacz_default_gun/assets/tacz/tacz_sounds/b93r/b93r_inspect_mvmt_1.ogg
f7a55767f1234c610eb6e869bfd2c40123024e0eeb7b3f9a1aac3029d694f812	assets/tacz/custom/tacz_default_gun/assets/tacz/tacz_sounds/b93r/b93r_inspect_mvmt_2.ogg
885568354704e3476c6be8ea7a92392715f0bd0ab2ba6d79be1020e4a7e59d9e	assets/tacz/custom/tacz_default_gun/assets/tacz/tacz_sounds/b93r/b93r_inspect_mvmt_5.ogg
6c8334e7e3c5bd7ec892fc2436288cb36d66912c0f6534d822c22fa544a74a94	assets/tacz/custom/tacz_default_gun/assets/tacz/tacz_sounds/b93r/b93r_inspect_mvmt_6.ogg
83e8c1865647c4de52e46534717be382b99b455d3b869795da010a3f333fc2dc	assets/tacz/custom/tacz_default_gun/assets/tacz/tacz_sounds/b93r/b93r_inspect_mvmt_7.ogg
15f144114aaf4bcc57d3a499175823a1a6c939552ce49221ad5627a36aaf09a8	assets/tacz/custom/tacz_default_gun/assets/tacz/tacz_sounds/b93r/b93r_inspect_slide_back.ogg
3e03e34b1ab5fd050878f1f0560c233194294fe1f61d50ca7a8081e1c37a6f5c	assets/tacz/custom/tacz_default_gun/assets/tacz/tacz_sounds/b93r/b93r_inspect_slide_release.ogg
4a09ffe9d415eb89c4ed1dc21fe9f825346480383266c0acf1a14f8653475409	assets/tacz/custom/tacz_default_gun/assets/tacz/tacz_sounds/b93r/b93r_put_away.ogg
f0bbf9a10381a88e5e947785d07859d55a8f2a607d4d5f1372ebe8b141f429b1	assets/tacz/custom/tacz_default_gun/assets/tacz/tacz_sounds/b93r/b93r_reload_empty_charge.ogg
7bfc4e15b53e7eb0bb67cf48c9ab32e74a05cff7caa0a42f24f4b74f54bd727e	assets/tacz/custom/tacz_default_gun/assets/tacz/tacz_sounds/b93r/b93r_reload_empty_end.ogg
e513e8301e068b15aa6858d3f2485f040d319ce73db640b1110848668add8297	assets/tacz/custom/tacz_default_gun/assets/tacz/tacz_sounds/b93r/b93r_reload_empty_magin.ogg
50d49e533486d812d390e31722b0d738354fa4dbf21b90dec13a7eac6168a717	assets/tacz/custom/tacz_default_gun/assets/tacz/tacz_sounds/b93r/b93r_reload_empty_magout.ogg
59623110c644c2e17a99dd4cc5bcc0c232276564dd639cd8d7f038900151d90f	assets/tacz/custom/tacz_default_gun/assets/tacz/tacz_sounds/b93r/b93r_reload_empty_raise.ogg
4e4c7fd1eecd2a5dc757701389f0b6919c0cf4f953943c39adc223e951f45f26	assets/tacz/custom/tacz_default_gun/assets/tacz/tacz_sounds/b93r/b93r_reload_end.ogg
bae5e8966db13370153fe6a294164f27c3c0c7ec4768bd1cb9875feaa0c22906	assets/tacz/custom/tacz_default_gun/assets/tacz/tacz_sounds/b93r/b93r_reload_hit.ogg
fd8f836eb7e36940e1642ab7ac804eced720ce4001afd1e27dd553de8b9829d7	assets/tacz/custom/tacz_default_gun/assets/tacz/tacz_sounds/b93r/b93r_reload_maghit.ogg
9b4d963e074b1d0e7f6d59c6f2a2885f3c6113d67579bdd7f53e3f05032ec06d	assets/tacz/custom/tacz_default_gun/assets/tacz/tacz_sounds/b93r/b93r_reload_magin.ogg
0acb58476c2ec7bf4c66d7e8fda157a4ea0150270358a963860178a7318b8246	assets/tacz/custom/tacz_default_gun/assets/tacz/tacz_sounds/b93r/b93r_reload_magout.ogg
cab13bb3df61b0c7f6408a9835d578cc33b64bba07e22681012eb7875e14fb8c	assets/tacz/custom/tacz_default_gun/assets/tacz/tacz_sounds/b93r/b93r_reload_magrelease.ogg
acdd922177565f420776f518b208ca951aaa38a0538a26f53f8044b33896ad05	assets/tacz/custom/tacz_default_gun/assets/tacz/tacz_sounds/b93r/b93r_shoot.ogg
65330de8a79d294c0ece13d9e8dcd3119b22ff05c84bba0cb2ac12f1cb0f40cf	assets/tacz/custom/tacz_default_gun/assets/tacz/tacz_sounds/b93r/b93r_shoot_3p.ogg
336c246bbf26c96fbdbfea7074c403ae4836fedeb91d2a1648689f6e58a6185a	assets/tacz/custom/tacz_default_gun/assets/tacz/tacz_sounds/b93r/b93r_silence.ogg
a1a26f6e441b97167547ccdd9316ad2da1ebe9846ba44602a03ededb30a96d98	assets/tacz/custom/tacz_default_gun/assets/tacz/tacz_sounds/b93r/b93r_silence_3p.ogg
51debf2f31ffdc73b10c143cd9634c956e7484afef805700a0a59c2801a5970f	assets/tacz/custom/tacz_default_gun/assets/tacz/tacz_sounds/cz75/cz75_drop.ogg
256014ab865518da9903279a4f3f51b2d8334bba78cce8aab2e837401d7557e2	assets/tacz/custom/tacz_default_gun/assets/tacz/tacz_sounds/cz75/cz75_inspect_empty_end.ogg
d82025485a56ff847738cee2c8a8eeeb8cb801f39fb05b05bfd9abfd3430312c	assets/tacz/custom/tacz_default_gun/assets/tacz/tacz_sounds/cz75/cz75_inspect_empty_flip.ogg
ad78385fa3e7d4eddc0d9d1beca53a309eb04c0ad5881a604987c9bbc296e16d	assets/tacz/custom/tacz_default_gun/assets/tacz/tacz_sounds/cz75/cz75_inspect_maghit.ogg
40e9f5835852ea6164488976284c8e452be75d8476b6611d34d8674c2a89940a	assets/tacz/custom/tacz_default_gun/assets/tacz/tacz_sounds/cz75/cz75_inspect_magin.ogg
aedb7dfb973bd49b862a4a46b6422e3aacc8a2ff36c99d4156c0cb97ed13bf38	assets/tacz/custom/tacz_default_gun/assets/tacz/tacz_sounds/cz75/cz75_inspect_magout.ogg
587901b5a9325022142a69ae547eeb59e9ccae4f13c47c29849c5393e842bdbb	assets/tacz/custom/tacz_default_gun/assets/tacz/tacz_sounds/cz75/cz75_inspect_raise.ogg
5abcb47a82e7d42ef444166f7a1e0cf8139d110bfab22950d64aea9f803c4d0b	assets/tacz/custom/tacz_default_gun/assets/tacz/tacz_sounds/cz75/cz75_inspect_slidepull.ogg
e08fec3503618936a440cde4ce1a91bb56ef4e7bb20336cb0d9c084d66f1c6b1	assets/tacz/custom/tacz_default_gun/assets/tacz/tacz_sounds/cz75/cz75_inspect_sliderelease.ogg
f1ebe01ca1cd5959cac0955e67ce44c6d825d3da2b88d86ae0238ae3285255c5	assets/tacz/custom/tacz_default_gun/assets/tacz/tacz_sounds/cz75/cz75_raise.ogg
47901e284f4c84ee261da4095bd919b9fa4788724a5012f72b98659dbbfe359b	assets/tacz/custom/tacz_default_gun/assets/tacz/tacz_sounds/cz75/cz75_reload_empty_fast_end.ogg
07d585ae28bbc833dbc6162cf9b346cb89580ca33c41fd6e8093da7c0076c0d7	assets/tacz/custom/tacz_default_gun/assets/tacz/tacz_sounds/cz75/cz75_reload_empty_fast_xmag_charge.ogg
2abee12633d1954d70419afecbf7ee42de8c1cfd96a7ed0d32dadf63834fb44f	assets/tacz/custom/tacz_default_gun/assets/tacz/tacz_sounds/cz75/cz75_reload_empty_maghit.ogg
338041c5e45f0c0c57de3a1cc53a9a3f775886735fdb3bf0b55f6205ad60cb42	assets/tacz/custom/tacz_default_gun/assets/tacz/tacz_sounds/cz75/cz75_reload_empty_magin.ogg
532ae66d355045dcf6b7d8ddc3ecb43555ddec9ed47b1fa6323a3510664cda81	assets/tacz/custom/tacz_default_gun/assets/tacz/tacz_sounds/cz75/cz75_reload_empty_magout.ogg
15464839acc6b8f2205b750d8cb78b6bf4e171d036530c29fc65ef1a3395ef8d	assets/tacz/custom/tacz_default_gun/assets/tacz/tacz_sounds/cz75/cz75_reload_empty_raise.ogg
af7550fdd4c1416f66698a88c730309434baac465a9dad0592446abfe730eeea	assets/tacz/custom/tacz_default_gun/assets/tacz/tacz_sounds/cz75/cz75_reload_fast_end.ogg
04e4a9bd885cbbf36b615feacb40f69f30be22ed78026a5669c8fa4b97e38ae2	assets/tacz/custom/tacz_default_gun/assets/tacz/tacz_sounds/cz75/cz75_reload_maghit.ogg
4655b67bca5c9441a5bd1968463d7ed787e73b50d8c15ca7d2450a3aa7308ede	assets/tacz/custom/tacz_default_gun/assets/tacz/tacz_sounds/cz75/cz75_reload_magin.ogg
1ce282145201485c7b896d44af1da71cda2dc990f65973a275b657a2220148e1	assets/tacz/custom/tacz_default_gun/assets/tacz/tacz_sounds/cz75/cz75_reload_magout.ogg
21064e546910166adbfc26680e9c450a9960cb265168419b3df3d59f93bfe4c5	assets/tacz/custom/tacz_default_gun/assets/tacz/tacz_sounds/cz75/cz75_reload_raise.ogg
ac72df8c3462fdbb603a0421576c796933caa2a4863f4224800754d50ad2ec60	assets/tacz/custom/tacz_default_gun/assets/tacz/tacz_sounds/cz75/cz75_shoot.ogg
c43bc45a81a2a1ea4c202bf7efe1b8ee3b734f9741906f3b93c3ba6f2309be83	assets/tacz/custom/tacz_default_gun/assets/tacz/tacz_sounds/cz75/cz75_shoot_3p.ogg
1ded68e87dff1157bed42ceec791f6fd5a45acc4e9d5555c9c2c3cfc703eaf09	assets/tacz/custom/tacz_default_gun/assets/tacz/tacz_sounds/cz75/cz75_silence.ogg
14983ee136a2365f7653fa38c68672ddb8c4d3df607487eeb37dd49950769da1	assets/tacz/custom/tacz_default_gun/assets/tacz/tacz_sounds/cz75/cz75_silence_3p.ogg
e063103c38cd01f93fe48167702a0c47f7369e66455056ae329cc74e90d679b3	assets/tacz/custom/tacz_default_gun/assets/tacz/tacz_sounds/db_long/dbl_shoot.ogg
df3899479b5933bf31b9b8838014705e5182fa3717c5ccce582d9b1389e37ff9	assets/tacz/custom/tacz_default_gun/assets/tacz/tacz_sounds/db_long/dbl_shoot_3p.ogg
ce2ecd20238b5ad459ebb6237c3a7721356073c8b083857bb93c898abcfc7f8c	assets/tacz/custom/tacz_default_gun/assets/tacz/tacz_sounds/db_short/db_shoot.ogg
e92567bf61a240da5ac6012243fad30b4b37e0d1a9455bd3727af3330e776eb0	assets/tacz/custom/tacz_default_gun/assets/tacz/tacz_sounds/db_short/db_shoot_3p.ogg
11411f19ca68e44f9c04b8250ee69eedddcc14b1412bd1540d93d6314d856555	assets/tacz/custom/tacz_default_gun/assets/tacz/tacz_sounds/db_short/db_short_draw.ogg
1314c4ce379655b7de27f69c7c4de0086f52645eb2a0fabc8d47642ab36aec31	assets/tacz/custom/tacz_default_gun/assets/tacz/tacz_sounds/db_short/db_short_inspect.ogg
17bc9339d694b7fe25aca784d5801cc541f66210bdfd66a98536f9fa9565b909	assets/tacz/custom/tacz_default_gun/assets/tacz/tacz_sounds/db_short/db_short_inspect_empty.ogg
f45caf993de463f408a5243da2b2315e5deeecec73bf8c5eb303f49752b6bcf2	assets/tacz/custom/tacz_default_gun/assets/tacz/tacz_sounds/db_short/db_short_put_away.ogg
de56888691715acdad150477a89165d32d33db084b6d319c9f1ee0ec50722b44	assets/tacz/custom/tacz_default_gun/assets/tacz/tacz_sounds/db_short/db_short_reload_empty.ogg
b0c82678790273eddac72fe3b6d074c0d0d156b19299cdd2638d670c8e068449	assets/tacz/custom/tacz_default_gun/assets/tacz/tacz_sounds/db_short/db_short_reload_tactical.ogg
7ec64abe7b2eb1d289550921fab7838358e7145baf75b4ec98181c71c4337575	assets/tacz/custom/tacz_default_gun/assets/tacz/tacz_sounds/deagle/deagle_draw.ogg
59967abbd75e5d3bb3f9787373c097b41f7855b5ac83b66a2b381644e2f1fb1b	assets/tacz/custom/tacz_default_gun/assets/tacz/tacz_sounds/deagle/deagle_inspect_drop_quick_rattle.ogg
04b97b2727c9f3aa3caeb0794da8ee36a6b6507002b60c3899e370da317496fd	assets/tacz/custom/tacz_default_gun/assets/tacz/tacz_sounds/deagle/deagle_inspect_empty_end.ogg
69f4da3e83438e1bd6133eb09411fb3653583eaa9968ed448c270a4dd3df4192	assets/tacz/custom/tacz_default_gun/assets/tacz/tacz_sounds/deagle/deagle_inspect_empty_lift.ogg
b3826a3b106fd2092c641783a6a636ba25667ed132f6a775e9bb579319a2cd4c	assets/tacz/custom/tacz_default_gun/assets/tacz/tacz_sounds/deagle/deagle_inspect_empty_magfindwell.ogg
b619d08ff6731dea14da6d6ed3080ac0e97e9f7364ec1755b2177a730c829375	assets/tacz/custom/tacz_default_gun/assets/tacz/tacz_sounds/deagle/deagle_inspect_empty_magin.ogg
d944337d6b7c8322a46b9ee4fc52f8f48ff2ccb76651484de60b504f456abd75	assets/tacz/custom/tacz_default_gun/assets/tacz/tacz_sounds/deagle/deagle_inspect_empty_slidecheck1.ogg
72b0f901d084473c2eb62ccac6bc8e7d2ab0946bb6082bad1565b2b86a202bac	assets/tacz/custom/tacz_default_gun/assets/tacz/tacz_sounds/deagle/deagle_inspect_empty_slidecheck2.ogg
515f9bb07392170bdc93450a41df98bf640f39dcfc96213d1b84de9a239137a5	assets/tacz/custom/tacz_default_gun/assets/tacz/tacz_sounds/deagle/deagle_inspect_empty_slidegrab.ogg
feed1225903388f80c363cfed9627ec29bb0daad4b2263f5ae3c5f03f816385b	assets/tacz/custom/tacz_default_gun/assets/tacz/tacz_sounds/deagle/deagle_inspect_empty_slidelock.ogg
c710b60f73797dca5976fed41c211e401a4a0e37d45b4843876c53fd0bd7b985	assets/tacz/custom/tacz_default_gun/assets/tacz/tacz_sounds/deagle/deagle_inspect_empty_tilt.ogg
d53fd3e3dfc45b012086d7142205535a55fcef65c26406302a6342722b77c629	assets/tacz/custom/tacz_default_gun/assets/tacz/tacz_sounds/deagle/deagle_inspect_empty_turn.ogg
99b48f9ec438bf59fa44baf7e9f617da3a154252778a81f1bf9580f238d9dc01	assets/tacz/custom/tacz_default_gun/assets/tacz/tacz_sounds/deagle/deagle_inspect_end.ogg
7b354e9ef7ed4a70643d883a0361437a9aeeece56b527269515142c6126b27e0	assets/tacz/custom/tacz_default_gun/assets/tacz/tacz_sounds/deagle/deagle_inspect_magcatch.ogg
9a8aefb78ddaf37a21f1124d0fa7deabf4842ed4675ce3af2f3c0a9bd745b145	assets/tacz/custom/tacz_default_gun/assets/tacz/tacz_sounds/deagle/deagle_inspect_magfindwell.ogg
ae0afaae2af8458613c7e300ab5e4057ad03f6eb54cb1da98b2793dcd3bf953d	assets/tacz/custom/tacz_default_gun/assets/tacz/tacz_sounds/deagle/deagle_inspect_magin.ogg
e62b4eb2a15986e39845cc18188900989e039c26dc87ac22861fedf22b25b1ae	assets/tacz/custom/tacz_default_gun/assets/tacz/tacz_sounds/deagle/deagle_inspect_magout.ogg
77b0bf65468d380b2463fbc76d93b1bfc6988a99cac07bcbecbab174a9a88b49	assets/tacz/custom/tacz_default_gun/assets/tacz/tacz_sounds/deagle/deagle_inspect_magrelease.ogg
0dce72b6ceaabb727c15a847440a02eb45934d5307c3380e16122aa020d73366	assets/tacz/custom/tacz_default_gun/assets/tacz/tacz_sounds/deagle/deagle_inspect_pivot.ogg
8b59ecb542612113e30663940406966d46bb69b2b0e5aaeadf7807e931d1ed5f	assets/tacz/custom/tacz_default_gun/assets/tacz/tacz_sounds/deagle/deagle_inspect_raise.ogg
466d8b7e3125131c6a6b8425e5b38777896c9bf731ff426e6af9d95ad1e104ec	assets/tacz/custom/tacz_default_gun/assets/tacz/tacz_sounds/deagle/deagle_inspect_raise_rattle.ogg
7f62366b11e031fc643221f766ccc99538aa9376259bbc9fb57d150204b392f8	assets/tacz/custom/tacz_default_gun/assets/tacz/tacz_sounds/deagle/deagle_inspect_raise_up.ogg
73bc114b79624ea757865fc018fba66ed72e615e8b117b2ef316baac8dbed065	assets/tacz/custom/tacz_default_gun/assets/tacz/tacz_sounds/deagle/deagle_inspect_rattle.ogg
36703db3dff3c8118fb5a3c1b6640315da6cfd25a114441e327a21745e067695	assets/tacz/custom/tacz_default_gun/assets/tacz/tacz_sounds/deagle/deagle_inspect_reload_rattle.ogg
8772dc50fc0fd729dca401f7be7f1e65d9d0f58906de717ab2eceb93f33c35b7	assets/tacz/custom/tacz_default_gun/assets/tacz/tacz_sounds/deagle/deagle_inspect_rotate.ogg
47d62b1927021ea6fbfeb366c3d5df8592c4707a8496bcc0a5af3253acd367c3	assets/tacz/custom/tacz_default_gun/assets/tacz/tacz_sounds/deagle/deagle_inspect_selectburst_off_switch.ogg
572c374d8b97916ded76bc58fe23b6a7431adddbc4c9888662ddbe615d8fe2d1	assets/tacz/custom/tacz_default_gun/assets/tacz/tacz_sounds/deagle/deagle_inspect_selectburst_on_switch.ogg
66e647f0d64005aff308ad4a4da05e354c8fd4ae3e9411872af59ace00ab3e3b	assets/tacz/custom/tacz_default_gun/assets/tacz/tacz_sounds/deagle/deagle_inspect_slideback.ogg
4f26727f7c9dc106f39fe5269874b2f851093125527ac7020354b3c9d65ecbad	assets/tacz/custom/tacz_default_gun/assets/tacz/tacz_sounds/deagle/deagle_inspect_slideclose.ogg
87e6540e55a033d54dd3bc359307a093b9626289e2f72802d988f6cdfcb26607	assets/tacz/custom/tacz_default_gun/assets/tacz/tacz_sounds/deagle/deagle_put_away.ogg
b63da78584bf6017cca2a697dfe8e3bd935b1efd472ed0b0b10a51ecbf161725	assets/tacz/custom/tacz_default_gun/assets/tacz/tacz_sounds/deagle/deagle_reload_empty_end.ogg
9f5d64328d7683ff12ecc8534c434c1acd38f317472a64de26c7f1c8598533c8	assets/tacz/custom/tacz_default_gun/assets/tacz/tacz_sounds/deagle/deagle_reload_empty_magfindwell.ogg
8a001d6417917e6c1e16fc456e75470cb48c83b18f3d98f28fc72fefee942a4c	assets/tacz/custom/tacz_default_gun/assets/tacz/tacz_sounds/deagle/deagle_reload_empty_magin.ogg
f22832a7fda23dd92677b071e58c78d79c9e472e73b852aa85b451b7141d0bc9	assets/tacz/custom/tacz_default_gun/assets/tacz/tacz_sounds/deagle/deagle_reload_empty_magout.ogg
ad4eb7d2e933fa04db19de9a9c03bb2b41d52219a8f710ed81f6dd594b4512f5	assets/tacz/custom/tacz_default_gun/assets/tacz/tacz_sounds/deagle/deagle_reload_empty_raise.ogg
afd75f842b16044fb7979ca1ca225a1f853501ecabe7e7d7556b3151566788ae	assets/tacz/custom/tacz_default_gun/assets/tacz/tacz_sounds/deagle/deagle_reload_empty_slideback.ogg
fda1f7b80a16b9d8cbb7aa74d110b2b01cba68f108b8ffdccbdec15c2d54bf26	assets/tacz/custom/tacz_default_gun/assets/tacz/tacz_sounds/deagle/deagle_reload_empty_slideclose.ogg
05848e01c74089cd377a360997242526f5ef105a069e4cc92c715836f5e8c13f	assets/tacz/custom/tacz_default_gun/assets/tacz/tacz_sounds/deagle/deagle_reload_empty_tilt.ogg
91f61003470154d1f428216335a01f4bf9cd18a3b44ce2ab746f2062154bea61	assets/tacz/custom/tacz_default_gun/assets/tacz/tacz_sounds/deagle/deagle_reload_end.ogg
d6ae9548fccfae1797e2be8141971a78a45c57e52327f2cfc8b26a173f2bbf1b	assets/tacz/custom/tacz_default_gun/assets/tacz/tacz_sounds/deagle/deagle_reload_magfindwell.ogg
b13df655e639f87e7cb23f8619409ac81288d2f62fe72d846461c47009eba317	assets/tacz/custom/tacz_default_gun/assets/tacz/tacz_sounds/deagle/deagle_reload_magin.ogg
8af41f88b310d17cfd002e03e89474e5bd92113aff902dd56d54a68a7bb6fd4d	assets/tacz/custom/tacz_default_gun/assets/tacz/tacz_sounds/deagle/deagle_reload_magout.ogg
2682c31698a0e2d29e72e55196e9e01eb6446c54e869a5a6f2b5821fe8fce05f	assets/tacz/custom/tacz_default_gun/assets/tacz/tacz_sounds/deagle/deagle_reload_magrelease.ogg
7001a1fd495cb1451324f4e5b200db1898755bdc500295d9cea9be5f69b6d64f	assets/tacz/custom/tacz_default_gun/assets/tacz/tacz_sounds/deagle/deagle_reload_raise.ogg
dea4e4f15df00d1d6220d8911d7956226bc0455109756d7a28b9105e011f45db	assets/tacz/custom/tacz_default_gun/assets/tacz/tacz_sounds/deagle/deagle_reload_xmag_bounce.ogg
f3ffde7e0db5d2ea1fe9618aa3a2889c1f71ceafb88c29aad7c67f25991e5906	assets/tacz/custom/tacz_default_gun/assets/tacz/tacz_sounds/deagle/deagle_reload_xmag_magbang.ogg
a58ab7f6a4ca6ac324a8b315bf6352d37057dffe844354ffaf5a8d8c34fb6937	assets/tacz/custom/tacz_default_gun/assets/tacz/tacz_sounds/deagle/deagle_shoot.ogg
f46271caffd02799f853baab0967995376d89e5646c6dfaa3dcc1c0eea2b4e3b	assets/tacz/custom/tacz_default_gun/assets/tacz/tacz_sounds/deagle/deagle_shoot_3p.ogg
9694a19e4b17a25258b37ef0d8fc783432cc6c8056bf8d28c4480c3fe408f372	assets/tacz/custom/tacz_default_gun/assets/tacz/tacz_sounds/deagle/deagle_silence.ogg
4222119e0088c9f60a9a05906ee5105d339d6ef39f1ba37587b7c5114145acc2	assets/tacz/custom/tacz_default_gun/assets/tacz/tacz_sounds/deagle/deagle_silence_3p.ogg
50695508fb4afed659fa69702da1c5606125e24bc20dbb11f69c14016a6731ec	assets/tacz/custom/tacz_default_gun/assets/tacz/tacz_sounds/dry_fire.ogg
b08bcb04482081303471fe722f41eb0f90cfa0b52d4494d8778572c02484f334	assets/tacz/custom/tacz_default_gun/assets/tacz/tacz_sounds/fire_select.ogg
79572c0f7492949cd73c0a4505a18ac4d4436d406d8e413b3491217b12fdde17	assets/tacz/custom/tacz_default_gun/assets/tacz/tacz_sounds/flesh_hit.ogg
cf7b48aa47776740c89efe88fe824875204e5d701108cf9829c31a3a497ee950	assets/tacz/custom/tacz_default_gun/assets/tacz/tacz_sounds/fn_evolys/cloth_move_1.ogg
4dd3511c8718fc8d97eec5ea7d36e1b3343ecaf911acf709bf8a01ab953f4134	assets/tacz/custom/tacz_default_gun/assets/tacz/tacz_sounds/fn_evolys/cloth_move_3.ogg
a721521a5747c33d3ab72da5df82e770113b7da00e011b48c8fd6290f3a64546	assets/tacz/custom/tacz_default_gun/assets/tacz/tacz_sounds/fn_evolys/cloth_move_4.ogg
6deb339bf70bcf31140d8c76b409d7dbe1414fe849c4a304dacacc41042ae3db	assets/tacz/custom/tacz_default_gun/assets/tacz/tacz_sounds/fn_evolys/evolys_belt.ogg
f7891260a6db583b47a17518702c9fc0e683865a1b008132a52b1e563c103923	assets/tacz/custom/tacz_default_gun/assets/tacz/tacz_sounds/fn_evolys/evolys_draw.ogg
31a03fc40f23117030237e28e0ea2edd7ca18d00155e80987448979f25db084b	assets/tacz/custom/tacz_default_gun/assets/tacz/tacz_sounds/fn_evolys/evolys_inspect_end.ogg
1f4a12644264fc87e69bbb22b45e61c366023d7285b0309750fd2dfee86d687a	assets/tacz/custom/tacz_default_gun/assets/tacz/tacz_sounds/fn_evolys/evolys_magin_empty.ogg
94c89d104400dd361e4dc801598f3acaf96012f6c8a9669add263d0981cdf7fb	assets/tacz/custom/tacz_default_gun/assets/tacz/tacz_sounds/fn_evolys/evolys_magwell.ogg
30fbce770496058f108bb7b76fdba5a4b0d91024061f8740cb97d12360852120	assets/tacz/custom/tacz_default_gun/assets/tacz/tacz_sounds/fn_evolys/evolys_move_1.ogg
65c82bfafe513d45e323616306a495eeb657d0048f0f8bd9b0c9d45d24b0244a	assets/tacz/custom/tacz_default_gun/assets/tacz/tacz_sounds/fn_evolys/evolys_move_2.ogg
c9f424705b874e4870a8d8064f1d969a1901139c7c51bfe9cbc259fc9a5bbe6b	assets/tacz/custom/tacz_default_gun/assets/tacz/tacz_sounds/fn_evolys/evolys_move_3.ogg
31a03fc40f23117030237e28e0ea2edd7ca18d00155e80987448979f25db084b	assets/tacz/custom/tacz_default_gun/assets/tacz/tacz_sounds/fn_evolys/evolys_move_4.ogg
5b58f639e640cf5986cf7f76b1b86dbf2e98fc9961ec9872726234b4509ceb78	assets/tacz/custom/tacz_default_gun/assets/tacz/tacz_sounds/fn_evolys/evolys_put_away.ogg
cbbca2b630d0a92fcf4c99a51dd8bb6f3e8281b65d4880fc9b240b317e19c204	assets/tacz/custom/tacz_default_gun/assets/tacz/tacz_sounds/fn_evolys/evolys_rack.ogg
ba63b2e097bb05177e08b9315fa22c12d56eddad4aa8038de127da75b75f2336	assets/tacz/custom/tacz_default_gun/assets/tacz/tacz_sounds/fn_evolys/evolys_raise.ogg
8529ea5d4b7f034089aed887f4a47e71c39494450264281c48c34e2fc8844afd	assets/tacz/custom/tacz_default_gun/assets/tacz/tacz_sounds/fn_evolys/evolys_reload_close.ogg
0acc85b38dd3cabde344555fdb0593d468dfecacc598f8bc1076b89405515dde	assets/tacz/custom/tacz_default_gun/assets/tacz/tacz_sounds/fn_evolys/evolys_reload_magin.ogg
0c2ec9270e3ed67ad0d8e0c4bb840c5e7f30674e6f30efa0e79bdfd4c97d0f1d	assets/tacz/custom/tacz_default_gun/assets/tacz/tacz_sounds/fn_evolys/evolys_reload_magout.ogg
bc17cc47c635e91c9f764c8b1e5504b7a373fe3eaa57be265dea1de220b7259c	assets/tacz/custom/tacz_default_gun/assets/tacz/tacz_sounds/fn_evolys/evolys_reload_magout_belt.ogg
5f165097abbcd1c51eec1ec99a887bd5cd88140434056be07b953c0862dfcab9	assets/tacz/custom/tacz_default_gun/assets/tacz/tacz_sounds/fn_evolys/evolys_reload_open.ogg
f67c0fd5569b7bbc20dfad55454d261a38a2919cf120c15a3dc74858bda4882e	assets/tacz/custom/tacz_default_gun/assets/tacz/tacz_sounds/fn_evolys/evolys_reset.ogg
c43bfcc780265ab4c8528325c5138c58d3734364a84852317fa07666d906111a	assets/tacz/custom/tacz_default_gun/assets/tacz/tacz_sounds/fn_evolys/evolys_shoot.ogg
368670ab79c663cdb81330ac266d4b8e94d178d6516b7b21565f5aa842f90c53	assets/tacz/custom/tacz_default_gun/assets/tacz/tacz_sounds/fn_evolys/evolys_shoot_3p.ogg
50f5cdd44f1550bbdbab37c21acfcd0e50c15689a68930710a46388c33dd100a	assets/tacz/custom/tacz_default_gun/assets/tacz/tacz_sounds/fn_evolys/evolys_silence.ogg
637fac9328eae32fd1e898b798d1caf1f89319042e6e7335981459ba45450fc0	assets/tacz/custom/tacz_default_gun/assets/tacz/tacz_sounds/fn_evolys/evolys_silence_3p.ogg
cf7b48aa47776740c89efe88fe824875204e5d701108cf9829c31a3a497ee950	assets/tacz/custom/tacz_default_gun/assets/tacz/tacz_sounds/fn_fal/cloth_move_1.ogg
b59b6a1c5dcd77af9b9093fbdccdd8f59789ec0576354b07abb7967c009ae4c2	assets/tacz/custom/tacz_default_gun/assets/tacz/tacz_sounds/fn_fal/cloth_move_2.ogg
4dd3511c8718fc8d97eec5ea7d36e1b3343ecaf911acf709bf8a01ab953f4134	assets/tacz/custom/tacz_default_gun/assets/tacz/tacz_sounds/fn_fal/cloth_move_3.ogg
a721521a5747c33d3ab72da5df82e770113b7da00e011b48c8fd6290f3a64546	assets/tacz/custom/tacz_default_gun/assets/tacz/tacz_sounds/fn_fal/cloth_move_4.ogg
4afeb37443c7d6eb66652d25ef3dbdfa74a5a7de290d70b1efcef03536ce19aa	assets/tacz/custom/tacz_default_gun/assets/tacz/tacz_sounds/fn_fal/draw.ogg
6358922a89b026868d73f8568ace565e3ff1e94a408e44d520add4220bb2a606	assets/tacz/custom/tacz_default_gun/assets/tacz/tacz_sounds/fn_fal/fal_bolt.ogg
81b3db2110b4653fca5faace2d2c08659d113977a80498c2171d8938243fad68	assets/tacz/custom/tacz_default_gun/assets/tacz/tacz_sounds/fn_fal/fal_magin.ogg
518715d9c08b3fea77992229ab927f0d16ac0195b7dd9f479ee331a9f2eb7d77	assets/tacz/custom/tacz_default_gun/assets/tacz/tacz_sounds/fn_fal/fal_magin_light.ogg
9fe19a236bb41e96f658400bf0c46783c3d5beaec0fad00987778417cfdf6ef4	assets/tacz/custom/tacz_default_gun/assets/tacz/tacz_sounds/fn_fal/fal_magoff.ogg
2111ee5663ce6f695e36e5e78f49e34f48130308f01d47aeb2217c5343824fe7	assets/tacz/custom/tacz_default_gun/assets/tacz/tacz_sounds/fn_fal/fal_magoff_light.ogg
831eb5ab39617f6ddc99a34db4846e7ac5b34335c1ff440ca4bd6fc80962a71f	assets/tacz/custom/tacz_default_gun/assets/tacz/tacz_sounds/fn_fal/fal_move_1.ogg
7f14885be0fc9957026d2d26eab7b1ef81907b3a97192fa10d539c2d59845c2f	assets/tacz/custom/tacz_default_gun/assets/tacz/tacz_sounds/fn_fal/fal_move_2.ogg
45fcc021c0e39f43be704b4fffe8a4bc0eb77d74a720a5f98d733bebdc9d003d	assets/tacz/custom/tacz_default_gun/assets/tacz/tacz_sounds/fn_fal/fal_move_3.ogg
ddf4fa538c7e6890a16dceb54dd4f8b137bed97e875e1e5404813823b03eb640	assets/tacz/custom/tacz_default_gun/assets/tacz/tacz_sounds/fn_fal/fal_move_4.ogg
3a68e971433f816509c428bc401b6234b552666fddad35411b9f7795196ac0e6	assets/tacz/custom/tacz_default_gun/assets/tacz/tacz_sounds/fn_fal/fal_move_5.ogg
8b5c5995d307f895d39b48c04f5a1d4c385fb202349f3f59ecd375e9419a7d10	assets/tacz/custom/tacz_default_gun/assets/tacz/tacz_sounds/fn_fal/fal_reset.ogg
214aae06da75a2d2fea80e05315326347a2863f8ca3455042fdd8071a884edbe	assets/tacz/custom/tacz_default_gun/assets/tacz/tacz_sounds/fn_fal/fal_rift.ogg
de1f6ea0e8d535d51965d9171b8cdd81f33c5a06ad077643d4630646d76f9601	assets/tacz/custom/tacz_default_gun/assets/tacz/tacz_sounds/fn_fal/fn_fal_shoot.ogg
5d229e28fd4293ba4dbe200878e65f99a20e4d836ab8bcb5c56c892a0f64115a	assets/tacz/custom/tacz_default_gun/assets/tacz/tacz_sounds/fn_fal/fn_fal_shoot_3p.ogg
e2e99f17440f9497e0c90dcff74500a669006d6e9666bb938e1d6a10b07419d4	assets/tacz/custom/tacz_default_gun/assets/tacz/tacz_sounds/fn_fal/fn_fal_silence.ogg
0eea2fbe016b16fbc1527525ae63faba7fa115dca3fe4a33a9f88100fd920038	assets/tacz/custom/tacz_default_gun/assets/tacz/tacz_sounds/fn_fal/fn_fal_silence_3p.ogg
c9489b0a2e414906afc4e97491e0ee10e34f686794ba13cb3680699b7f01ef9f	assets/tacz/custom/tacz_default_gun/assets/tacz/tacz_sounds/fn_fal/put_away.ogg
8db9dbb2675b89934dcdcd6fc23192037d1a1f60d2b3f73aa0428811a8345df6	assets/tacz/custom/tacz_default_gun/assets/tacz/tacz_sounds/g36k/g36k_draw.ogg
d7a34db2e6b9ece1b33ca4bd2c44b8bcf56b69ad337ef016ae8ff303a7d468cf	assets/tacz/custom/tacz_default_gun/assets/tacz/tacz_sounds/g36k/g36k_inspect_boltback.ogg
7cdb88463a3072a6956019dacea726565e22c06c5f27ce06f5a79d99b313955d	assets/tacz/custom/tacz_default_gun/assets/tacz/tacz_sounds/g36k/g36k_inspect_boltcheck.ogg
ef2e1d1b05ae3391b0289c77bcbbf938d64d196495ddb7167fb3957cfaec89c0	assets/tacz/custom/tacz_default_gun/assets/tacz/tacz_sounds/g36k/g36k_inspect_boltrelease.ogg
bc8a1e22ff137c365f22c0ce02c3f9233d86267d3b3dcbe57a4e2b6100387c7c	assets/tacz/custom/tacz_default_gun/assets/tacz/tacz_sounds/g36k/g36k_inspect_empty_fast_charge.ogg
259252e4fa5e76390b0b7518de6abbea097f7d9c88f6e3aea6157012626d9e18	assets/tacz/custom/tacz_default_gun/assets/tacz/tacz_sounds/g36k/g36k_inspect_fast_armup.ogg
7ea43d4f663ff537b8778285d4b3ce3592da49f9cf276a7eaeb5e4d48e73895e	assets/tacz/custom/tacz_default_gun/assets/tacz/tacz_sounds/g36k/g36k_inspect_fast_charge.ogg
e89c7dcfeda13383fe89811dec74fb41df0e424d5ddce515473d49aa8da93e9c	assets/tacz/custom/tacz_default_gun/assets/tacz/tacz_sounds/g36k/g36k_inspect_lift.ogg
8db9dbb2675b89934dcdcd6fc23192037d1a1f60d2b3f73aa0428811a8345df6	assets/tacz/custom/tacz_default_gun/assets/tacz/tacz_sounds/g36k/g36k_inspect_raise.ogg
9ec98e38ea64d9d15729bbee467e5efecea26119278617158e8797b43d6f92d3	assets/tacz/custom/tacz_default_gun/assets/tacz/tacz_sounds/g36k/g36k_inspect_raise_quick.ogg
fe7b99633c866983cd9503f5ca7881e4f509c1a26d1ac5dc0bfbedf8dbd289e1	assets/tacz/custom/tacz_default_gun/assets/tacz/tacz_sounds/g36k/g36k_mag_drop.ogg
e589418b5bcb3dc1251115da057f0d0b93ca83f92f4a6935c2c2c1624f67a4d2	assets/tacz/custom/tacz_default_gun/assets/tacz/tacz_sounds/g36k/g36k_put_away.ogg
ccce49e809e8311e6fc2c63799779b237d959b7b19a7397e0402d398ade5ad54	assets/tacz/custom/tacz_default_gun/assets/tacz/tacz_sounds/g36k/g36k_reload_arm_up.ogg
d2be2ae74ee8113ada33ec0c29abaa002a5799a8012c782899b2f61be0359e07	assets/tacz/custom/tacz_default_gun/assets/tacz/tacz_sounds/g36k/g36k_reload_empty_bolt_lever.ogg
f6a2a9471f973cf1d7679c6b79984b923a155517117b8885223925522527cfd9	assets/tacz/custom/tacz_default_gun/assets/tacz/tacz_sounds/g36k/g36k_reload_empty_charge.ogg
830b6185ff3059008595566fae5053d4fb432c83c3054df4ffe5e1df86d816c4	assets/tacz/custom/tacz_default_gun/assets/tacz/tacz_sounds/g36k/g36k_reload_empty_end.ogg
d7cd270e8e0f16b3d3af07770eb4dd44afbd6845b9ec81361bd4b0a3770169bb	assets/tacz/custom/tacz_default_gun/assets/tacz/tacz_sounds/g36k/g36k_reload_empty_end1.ogg
9d9e13076c69314f6ae0a42aee34d0c0eacbc86c92e0de36dd77127001a8128d	assets/tacz/custom/tacz_default_gun/assets/tacz/tacz_sounds/g36k/g36k_reload_empty_maghit.ogg
ae8bcc95c732f8742b7f7ecadd4f60fc9026e7a11e1af884aa40f0e577c341e0	assets/tacz/custom/tacz_default_gun/assets/tacz/tacz_sounds/g36k/g36k_reload_empty_magin.ogg
a3d656f8f5e0e44160c3ccb14bf58084faacdfa57f88265fc9958bdec55128ea	assets/tacz/custom/tacz_default_gun/assets/tacz/tacz_sounds/g36k/g36k_reload_empty_magout.ogg
e3ad9bd8060dec86cc8f48a179bf0a07be20533b11ee67c13261cad05049b98a	assets/tacz/custom/tacz_default_gun/assets/tacz/tacz_sounds/g36k/g36k_reload_end.ogg
905d10a122e79a7e014225eb27a258581488043f8f6925e0a10c6b6a2d583222	assets/tacz/custom/tacz_default_gun/assets/tacz/tacz_sounds/g36k/g36k_reload_lift.ogg
573dbd87464d2ccd1522695258e11d1c4d52932496c51c7a274abe174f25e38a	assets/tacz/custom/tacz_default_gun/assets/tacz/tacz_sounds/g36k/g36k_reload_maghit.ogg
9382380c6311d6a9517fdf68bbaeb500aeee00e64dd54643f898fc1504e42774	assets/tacz/custom/tacz_default_gun/assets/tacz/tacz_sounds/g36k/g36k_reload_magin.ogg
c0927eb45e2916fb6182293338cda3aa4eaf3c45ccf32679bcadc13c3b56d3aa	assets/tacz/custom/tacz_default_gun/assets/tacz/tacz_sounds/g36k/g36k_reload_magout.ogg
b711f6a56d222c1f3c6e853972c09a8f3c2334614da62dfc930d909810df0792	assets/tacz/custom/tacz_default_gun/assets/tacz/tacz_sounds/g36k/g36k_shoot.ogg
9a79df705ce16f20c9a3af007eb05f0ce1f2d171dbc790ec6f887e0fd2b36655	assets/tacz/custom/tacz_default_gun/assets/tacz/tacz_sounds/g36k/g36k_shoot_3p.ogg
689677f9d6e1f381a2d5345bca98fbe07726b452167943a9a1982cddeb124334	assets/tacz/custom/tacz_default_gun/assets/tacz/tacz_sounds/g36k/g36k_silence.ogg
199bf1a49d5c43b79316e918b16f2e9fbb96cef351524813c910eda9f86dda5d	assets/tacz/custom/tacz_default_gun/assets/tacz/tacz_sounds/g36k/g36k_silence_3p.ogg
eed2fab4b7551d01d3b4a61c57f8baaa653901ec996849cf43ff1629b2df23c2	assets/tacz/custom/tacz_default_gun/assets/tacz/tacz_sounds/glock_17/glock17_draw.ogg
69639c6bcf3989e0361ec0e9061795f8f5bee7468fb2d9fb834c44ebb6b0e345	assets/tacz/custom/tacz_default_gun/assets/tacz/tacz_sounds/glock_17/glock17_inspect_empty_magback.ogg
7a37275f225063c8848b0c57c32722315e76640ec280b0a2d2d2ceba5233f358	assets/tacz/custom/tacz_default_gun/assets/tacz/tacz_sounds/glock_17/glock17_inspect_empty_magtoss.ogg
214336aa7c0cb7f6a623827a0f16ccd3c8c3326cf934979d7bb36a5c3b1df775	assets/tacz/custom/tacz_default_gun/assets/tacz/tacz_sounds/glock_17/glock17_inspect_empty_move.ogg
2194664b9139cb4481febe918c7de9bdcace566713439ce69e1da304a3dceeca	assets/tacz/custom/tacz_default_gun/assets/tacz/tacz_sounds/glock_17/glock17_inspect_empty_rackcheck.ogg
3164267f30d6d9f6cbde4ac24cf3df8b660f74075c6f3fff5a2f124b650f6156	assets/tacz/custom/tacz_default_gun/assets/tacz/tacz_sounds/glock_17/glock17_inspect_empty_rattle.ogg
9bbd26d17f9b075b7511e5f8b85e9bf9195e2608f7b6947a6844d0525ae330e6	assets/tacz/custom/tacz_default_gun/assets/tacz/tacz_sounds/glock_17/glock17_inspect_empty_start.ogg
bcd8d0167210364ee38f944a994a16657e80e22b75f3d9484a25a0652685d8e2	assets/tacz/custom/tacz_default_gun/assets/tacz/tacz_sounds/glock_17/glock17_inspect_empty_turn.ogg
65a6c7eb3a991819e23e5b681679eb0ce214efbd3568e93d2eed9146fe6d881b	assets/tacz/custom/tacz_default_gun/assets/tacz/tacz_sounds/glock_17/glock17_inspect_end.ogg
c1ad054c6e3d9294a8a68c9befab88e221424bba9c09aabd1ca56e1dd42118af	assets/tacz/custom/tacz_default_gun/assets/tacz/tacz_sounds/glock_17/glock17_inspect_fastturn.ogg
ff1a85120aa9546de1a19c1097d472cda3f6591bb971b105ae74298cab6b1339	assets/tacz/custom/tacz_default_gun/assets/tacz/tacz_sounds/glock_17/glock17_inspect_magcheck.ogg
697d5ad5bd1e13b7401c28d1d088ef3d944d320c610094c47d40c97d91af000a	assets/tacz/custom/tacz_default_gun/assets/tacz/tacz_sounds/glock_17/glock17_inspect_magin.ogg
c71ba720f2ccfe88ba086cd075140dff75c8dbf8e54afcebebd0ca90009efad3	assets/tacz/custom/tacz_default_gun/assets/tacz/tacz_sounds/glock_17/glock17_inspect_magout.ogg
680128dc2769d7ee680f68e9b371f170ca0a04ec1576ca901244c04c109ecb5f	assets/tacz/custom/tacz_default_gun/assets/tacz/tacz_sounds/glock_17/glock17_inspect_rackcheck.ogg
cdcfa1b0d9a053fa06d80cca3a260a57677aaf0b396ad0a51d1c5cbf5695ddbe	assets/tacz/custom/tacz_default_gun/assets/tacz/tacz_sounds/glock_17/glock17_inspect_rackhit.ogg
4931b068baa9d8c0b0076345c2451b46887ae9851d0aaf42e94135be20842181	assets/tacz/custom/tacz_default_gun/assets/tacz/tacz_sounds/glock_17/glock17_inspect_rackon.ogg
67f82881b2d2c474d887a92253e9cb037ee2484b18a0ca9ddb0c21b6f5dc04fd	assets/tacz/custom/tacz_default_gun/assets/tacz/tacz_sounds/glock_17/glock17_inspect_raise.ogg
bd40f81f6fac6f795577ebf3848ace436abccf88e5cd40f180df9ba4b94afbe0	assets/tacz/custom/tacz_default_gun/assets/tacz/tacz_sounds/glock_17/glock17_inspect_rattle.ogg
c6ddd24032134a2c7be5b1e02dc2681efd0938dc22f079ebbb5e9589b4577879	assets/tacz/custom/tacz_default_gun/assets/tacz/tacz_sounds/glock_17/glock17_inspect_tilt.ogg
d63fe902fca198eb5b85e0398330de124e4a492b30972c7c87610d80dd7ce041	assets/tacz/custom/tacz_default_gun/assets/tacz/tacz_sounds/glock_17/glock17_inspect_turn.ogg
99a88231b63417d4c3253cdb12ded2eeb67f1e7ec0b7a87eec995a99b8535bf9	assets/tacz/custom/tacz_default_gun/assets/tacz/tacz_sounds/glock_17/glock17_reload_empty.ogg
dfd371cfd41e6d22387dab33b95f25da9ff997383568904fd70e99b0873aa99b	assets/tacz/custom/tacz_default_gun/assets/tacz/tacz_sounds/glock_17/glock17_reload_empty_charge.ogg
084fffeabc9f421838fce44e8966aa9f0623c3008fa2bb26c5536bb244c23102	assets/tacz/custom/tacz_default_gun/assets/tacz/tacz_sounds/glock_17/glock17_reload_empty_end.ogg
58119dc993349594b7d5b307dad581113dc2977a20f4c23a81c123727c60563e	assets/tacz/custom/tacz_default_gun/assets/tacz/tacz_sounds/glock_17/glock17_reload_empty_magin.ogg
0170288c622d04257a87770a46be97565df46de89177ac22b07ad6e4bd74ddf4	assets/tacz/custom/tacz_default_gun/assets/tacz/tacz_sounds/glock_17/glock17_reload_empty_magout.ogg
0d1bdabfcf678637067d95d08b075152b44b63164f6941ee9f9cdea09c967b1c	assets/tacz/custom/tacz_default_gun/assets/tacz/tacz_sounds/glock_17/glock17_reload_end.ogg
ce42bc99ecb9efe10b5cf2abdc0529752c164826ac59f7a9d3f648c3f0645b4e	assets/tacz/custom/tacz_default_gun/assets/tacz/tacz_sounds/glock_17/glock17_reload_maghit.ogg
3fab2381d7ada1d12616c8a85164dbce980f4129a2919159dbe9a3e6708ab90b	assets/tacz/custom/tacz_default_gun/assets/tacz/tacz_sounds/glock_17/glock17_reload_magin.ogg
01331f9b97f085dbf3e6b191255e23cc57e08e8aa318e3904676e0ddf6f1c8ef	assets/tacz/custom/tacz_default_gun/assets/tacz/tacz_sounds/glock_17/glock17_reload_magout.ogg
6a31977d00c8a03984ee4cf21f0338b6253b2b8b53012142af7dd4e9462d6f7e	assets/tacz/custom/tacz_default_gun/assets/tacz/tacz_sounds/glock_17/glock17_reload_start.ogg
58fe19062a5e4e79cb5a77953e32430b89bc840a6f01c2bcf76a582400487bbf	assets/tacz/custom/tacz_default_gun/assets/tacz/tacz_sounds/glock_17/glock17_reload_tactical.ogg
cdd4fd08d68c16177506acb05490928ebf8c50262a547aa5a7b318df4b8085c6	assets/tacz/custom/tacz_default_gun/assets/tacz/tacz_sounds/glock_17/glock17_shoot.ogg
b76e2d43b3cf73d9113aa7ae071c588bd224ecca5fd1e673b99b1dc4c5088b26	assets/tacz/custom/tacz_default_gun/assets/tacz/tacz_sounds/glock_17/glock17_shoot_3p.ogg
95c816dcd1dbc794730a4417e094eaaad9ff74392faba4787810967faa19b82e	assets/tacz/custom/tacz_default_gun/assets/tacz/tacz_sounds/glock_17/glock17_silence.ogg
ed708417b4405b44a59bc9fb349b56df2d7bff51032a262a627ffeffa30b5d37	assets/tacz/custom/tacz_default_gun/assets/tacz/tacz_sounds/glock_17/glock17_silence_3p.ogg
224884c4f834852a7dd711abfa3605b73955903a5b81f363bc18845b0b03be53	assets/tacz/custom/tacz_default_gun/assets/tacz/tacz_sounds/head_hit.ogg
4fe1ca8bb8640191733378f56d89e127c2e4c6124cce4158d3519157f4d27051	assets/tacz/custom/tacz_default_gun/assets/tacz/tacz_sounds/hk416d/hk416d_deadtrigger.ogg
e162c203cf6dcde7c754e5237659547eb149907f43593c0f4565d0d82dfd63f8	assets/tacz/custom/tacz_default_gun/assets/tacz/tacz_sounds/hk416d/hk416d_draw.ogg
39785a9b19073748158bcbad0b58f92b26a297396ecc697dfb2d55808cf0c110	assets/tacz/custom/tacz_default_gun/assets/tacz/tacz_sounds/hk416d/hk416d_hybrid01_off_arm.ogg
414eba20d535350e8075a832cbc97cd918e5dcc075f9428abf59f2e23eea9c35	assets/tacz/custom/tacz_default_gun/assets/tacz/tacz_sounds/hk416d/hk416d_inspect_01.ogg
ddf4fa538c7e6890a16dceb54dd4f8b137bed97e875e1e5404813823b03eb640	assets/tacz/custom/tacz_default_gun/assets/tacz/tacz_sounds/hk416d/hk416d_inspect_02.ogg
d06de746c02104bb48f6672080cc88883f6037270b3b166606b2cd9fd554e447	assets/tacz/custom/tacz_default_gun/assets/tacz/tacz_sounds/hk416d/hk416d_inspect_03.ogg
401400d616f813ad6fc5dcafe275f7d09fc94a292f32e3869e04ed156811f1ae	assets/tacz/custom/tacz_default_gun/assets/tacz/tacz_sounds/hk416d/hk416d_inspect_04.ogg
03510434d74a50e8138a735ab868fa2cf7d92370a2633ecd1f1a69108dcb5ddc	assets/tacz/custom/tacz_default_gun/assets/tacz/tacz_sounds/hk416d/hk416d_inspect_05.ogg
586521d0bba2f5aea0e1f58266cc97b2b5cb082815412fbb25ddf5cc6857add7	assets/tacz/custom/tacz_default_gun/assets/tacz/tacz_sounds/hk416d/hk416d_inspect_bolt.ogg
46ec329239dde0aa887fcc16efd4673605692c4d8d31060b0b97a8679c04e515	assets/tacz/custom/tacz_default_gun/assets/tacz/tacz_sounds/hk416d/hk416d_inspect_boltclick.ogg
e83aa1646c885e8fc7203b1944c5016663bfa774e24c6ed661fddd9ed5fca848	assets/tacz/custom/tacz_default_gun/assets/tacz/tacz_sounds/hk416d/hk416d_inspect_boltrelease.ogg
fed69f89127d99c7da93d507d756656c24771ebd76a9644a0e834cedd92b35fe	assets/tacz/custom/tacz_default_gun/assets/tacz/tacz_sounds/hk416d/hk416d_inspect_empty_charge.ogg
d113a3bc9345ebe1aae93fd1a3fb365ccbd44d6c889be49abdab564ba211cc8b	assets/tacz/custom/tacz_default_gun/assets/tacz/tacz_sounds/hk416d/hk416d_inspect_empty_handle.ogg
1acc67685e9d3f843f4ea502caf186440a107382c5c3bb66dd296b6bda0938fd	assets/tacz/custom/tacz_default_gun/assets/tacz/tacz_sounds/hk416d/hk416d_inspect_empty_rack.ogg
18c678cedb9502a1cf89c2fc6054ce64d707e0561f4a0a5e08abe7512d09ec58	assets/tacz/custom/tacz_default_gun/assets/tacz/tacz_sounds/hk416d/hk416d_inspect_finger.ogg
0fd087b410ee68d64904b82293c51519094f58f2c5fc8994bec8e30216b9a18b	assets/tacz/custom/tacz_default_gun/assets/tacz/tacz_sounds/hk416d/hk416d_inspect_maginmvt.ogg
f1ad6f93582a26f2a8b5129da4a345f120aaf46a6fb911f08556125057a3e1ab	assets/tacz/custom/tacz_default_gun/assets/tacz/tacz_sounds/hk416d/hk416d_inspect_xmag_rotate.ogg
f9d9eaa9f52a8f23032e23a3e3b38e297bcec6507c1e8d3c7cf0e861fc290c93	assets/tacz/custom/tacz_default_gun/assets/tacz/tacz_sounds/hk416d/hk416d_put_away.ogg
55fdcdc313febd9af6439f870c7d89c9da74de467c66132ce9a3bcf0048fadf9	assets/tacz/custom/tacz_default_gun/assets/tacz/tacz_sounds/hk416d/hk416d_raise.ogg
36519797b75ff9054b83a09d762cdd5238911b8e355ec168a5d69ae35e4bc678	assets/tacz/custom/tacz_default_gun/assets/tacz/tacz_sounds/hk416d/hk416d_reload_empty_arm.ogg
4b395208b227d73e9d6434f5572b60dfe0a8a01db5fe8741cab115ff7f068451	assets/tacz/custom/tacz_default_gun/assets/tacz/tacz_sounds/hk416d/hk416d_reload_empty_fast_chamber.ogg
7af850667b9e06262180919ade586eb82dc52e80aa567228e25d5df3526abc52	assets/tacz/custom/tacz_default_gun/assets/tacz/tacz_sounds/hk416d/hk416d_reload_empty_fast_end.ogg
e227338d92ecb389782733a94a2d3e57058cd6fa0e20d7fd0cb498d7c5290394	assets/tacz/custom/tacz_default_gun/assets/tacz/tacz_sounds/hk416d/hk416d_reload_empty_fast_lift.ogg
26f628c9b763a9f530d8be07eb5e3d2341cd2dd6c4ed2e21a4f453f8ae8d0025	assets/tacz/custom/tacz_default_gun/assets/tacz/tacz_sounds/hk416d/hk416d_reload_empty_fast_magout.ogg
c739a9657225bc0054ebf65544252b2a99e375e6227d2d5ee96a0fa533875543	assets/tacz/custom/tacz_default_gun/assets/tacz/tacz_sounds/hk416d/hk416d_reload_empty_fast_xmaglrg_end.ogg
e967c44a71675a78ac9c71ded17d8572b14cd1b09a0503cddc197cffb67bcb33	assets/tacz/custom/tacz_default_gun/assets/tacz/tacz_sounds/hk416d/hk416d_reload_empty_fast_xmaglrg_lift.ogg
0c72c111145956fd428284cbdb42392e4f1563b5491cff814ef56118c2e95f73	assets/tacz/custom/tacz_default_gun/assets/tacz/tacz_sounds/hk416d/hk416d_reload_empty_fast_xmaglrg_maghit.ogg
2c7f06e9029af3674179ab2d9797136fa8e6827adc08418806ebb5c8fc730d7a	assets/tacz/custom/tacz_default_gun/assets/tacz/tacz_sounds/hk416d/hk416d_reload_empty_fast_xmaglrg_magin.ogg
051cb3070a9457e82631dddb8e6ac67dd611db39065e13630539c9ef087dab71	assets/tacz/custom/tacz_default_gun/assets/tacz/tacz_sounds/hk416d/hk416d_reload_empty_fast_xmaglrg_magout.ogg
811c5435f2c7c67fc50ead80a921749125af82c7ad8309b3ff9916d1c4a74bba	assets/tacz/custom/tacz_default_gun/assets/tacz/tacz_sounds/hk416d/hk416d_reload_empty_fast_xmaglrg_rotate.ogg
1d3e407a743a9b9838dcfb7cd7a24e32f736844c5e7daa677bfa666a8e1a2117	assets/tacz/custom/tacz_default_gun/assets/tacz/tacz_sounds/hk416d/hk416d_reload_empty_lift.ogg
a1c3879540f01be2e20252862a7395a594c7a184b1c5b5b4f2056e19a65b01e1	assets/tacz/custom/tacz_default_gun/assets/tacz/tacz_sounds/hk416d/hk416d_reload_empty_mag_drop.ogg
a26459ad4a51c2e15ed245e110665c025771048b19eccefeea9d8a9b57cd10da	assets/tacz/custom/tacz_default_gun/assets/tacz/tacz_sounds/hk416d/hk416d_reload_empty_mag_drop_large_drum.ogg
6385cd953c05ddadae127f5c303f555c323867b9348af9778719e7c10d2234d4	assets/tacz/custom/tacz_default_gun/assets/tacz/tacz_sounds/hk416d/hk416d_reload_empty_magin_02.ogg
cb2302926bd41f6ffdabd1c7b45e9dcdb714a9db4108ee142572d4b1665bffb3	assets/tacz/custom/tacz_default_gun/assets/tacz/tacz_sounds/hk416d/hk416d_reload_empty_rattle.ogg
7f2ab447863598ad210c8b9f96f5d922a39b864ca3ccf5683dab10861c4ad8d4	assets/tacz/custom/tacz_default_gun/assets/tacz/tacz_sounds/hk416d/hk416d_reload_empty_xmag_maghit.ogg
6856a93819e85cb14cde6b77156c43781d6af43d59eecf758045ab3f94e4dc4b	assets/tacz/custom/tacz_default_gun/assets/tacz/tacz_sounds/hk416d/hk416d_reload_empty_xmag_magin.ogg
8901d6e0f0d0def771a4c5538d1b04045acf887f4c3a3555a83c166ca1ba8e6f	assets/tacz/custom/tacz_default_gun/assets/tacz/tacz_sounds/hk416d/hk416d_reload_empty_xmag_magout.ogg
5fe80a10cefa9c0aededc6d80ee35384addae04396d7ddf3099763e54ba7fa77	assets/tacz/custom/tacz_default_gun/assets/tacz/tacz_sounds/hk416d/hk416d_reload_end.ogg
fe059f98dc011b22f5f0e804299c81104e81d698c6f8a7a97cfc72c9c190b3eb	assets/tacz/custom/tacz_default_gun/assets/tacz/tacz_sounds/hk416d/hk416d_reload_fast_lift.ogg
91c078a6e76d55f90169fb1bab7d06b8fa9f239c02bdcfa48a31427d4b8e7ca9	assets/tacz/custom/tacz_default_gun/assets/tacz/tacz_sounds/hk416d/hk416d_reload_fast_magin_01.ogg
fc60fb9ac91eda3b30b9e6ef6fd07554fdc56ce2e1ae360a28791af053a8bd1e	assets/tacz/custom/tacz_default_gun/assets/tacz/tacz_sounds/hk416d/hk416d_reload_fast_magout.ogg
f8dcd07a5abe0c0534a0face5a068437ca4434035afce0d5a884b057ba9342c7	assets/tacz/custom/tacz_default_gun/assets/tacz/tacz_sounds/hk416d/hk416d_reload_fast_raise.ogg
8c0f47abc62fc1579ca44c0a8fe132a10e018205d8d0be6c757b51966497121b	assets/tacz/custom/tacz_default_gun/assets/tacz/tacz_sounds/hk416d/hk416d_reload_maghit.ogg
36d0dda47f2e2b9cd6d545c23b3f9dedea82072f9cc053ae666e0fa4e5d35003	assets/tacz/custom/tacz_default_gun/assets/tacz/tacz_sounds/hk416d/hk416d_reload_magin_01.ogg
ffa8b92b10984df2130c8f53a76d2b52907080f5ae85c9516d60040c2333af49	assets/tacz/custom/tacz_default_gun/assets/tacz/tacz_sounds/hk416d/hk416d_reload_magin_v2_01.ogg
e40e62dffb7777d5b046448008db726c3950c53704112e7f348a292ca64ce7e8	assets/tacz/custom/tacz_default_gun/assets/tacz/tacz_sounds/hk416d/hk416d_reload_xmag_maghit.ogg
7b2d862309cc2b7a65639ccb36fe14123a7547949a1afb98ea06d98ec6cf3299	assets/tacz/custom/tacz_default_gun/assets/tacz/tacz_sounds/hk416d/hk416d_reload_xmaglrg_lift.ogg
660fcf137e49c116af88c505fccf825406ade49e50742546eb23269097679e04	assets/tacz/custom/tacz_default_gun/assets/tacz/tacz_sounds/hk416d/hk416d_reload_xmaglrg_maghit.ogg
2a096a81153b153a8ed4dd7e310b994c233109ee68054d4e5898a14a153e0457	assets/tacz/custom/tacz_default_gun/assets/tacz/tacz_sounds/hk416d/hk416d_reload_xmaglrg_magin.ogg
606d34081274e3589c59be3a13fc189f050c767ab7454eed38824d5075772fc6	assets/tacz/custom/tacz_default_gun/assets/tacz/tacz_sounds/hk416d/hk416d_reload_xmaglrg_magout.ogg
55abaa1c89accb3a0727515e9aff670ac741b340b4732525151afd0d469bedcd	assets/tacz/custom/tacz_default_gun/assets/tacz/tacz_sounds/hk416d/hk416d_shoot.ogg
226766a56b3ba18c564fa559bc31b437669bd194000c17cded59bc51a7145084	assets/tacz/custom/tacz_default_gun/assets/tacz/tacz_sounds/hk416d/hk416d_shoot_3p.ogg
ba324e373bb20a03ac25e6883fb9af9d8250c56b478cb10ba21bbee92eb24f96	assets/tacz/custom/tacz_default_gun/assets/tacz/tacz_sounds/hk416d/hk416d_silence.ogg
1dc38c3a697768a6b8f33b9006fa2efdecb03d0c6f474b82762b06cd2040969e	assets/tacz/custom/tacz_default_gun/assets/tacz/tacz_sounds/hk416d/hk416d_silence_3p.ogg
c3a022b6c51ddf4fc805b6a6f28aef4f45760e0461b24d4f008bb166df02bf30	assets/tacz/custom/tacz_default_gun/assets/tacz/tacz_sounds/hk_g3/hk_g3_draw.ogg
e029221376b67f8ec65f10458f58ac5a2b4a957b1808bc1dea39568d016ebf42	assets/tacz/custom/tacz_default_gun/assets/tacz/tacz_sounds/hk_g3/hk_g3_inspect_close.ogg
0b8c61c527bab672bdc4021fc583d3f8c767e9f504218e47dcffe2af38f52e7a	assets/tacz/custom/tacz_default_gun/assets/tacz/tacz_sounds/hk_g3/hk_g3_inspect_drum_carrierback.ogg
2403d222c62534c91493576e2e190e114839fcd89f94961173aadb80369ecfe0	assets/tacz/custom/tacz_default_gun/assets/tacz/tacz_sounds/hk_g3/hk_g3_inspect_drum_carrierrelease.ogg
31c6e7203fdd9e7fffca01af11c483dca94ec92ecc78ae6e680f7b5d9dfb4356	assets/tacz/custom/tacz_default_gun/assets/tacz/tacz_sounds/hk_g3/hk_g3_inspect_flip.ogg
ad205e3978c4e736c06be4cd7ebed1b8ff80e5d24da87779a2460d20363e10c9	assets/tacz/custom/tacz_default_gun/assets/tacz/tacz_sounds/hk_g3/hk_g3_inspect_magclick.ogg
1e63d5b8163aa598d815d0dfe342bdaf4f44ba372725c793dea4bf9a701de175	assets/tacz/custom/tacz_default_gun/assets/tacz/tacz_sounds/hk_g3/hk_g3_inspect_magout.ogg
c74b6d6b02c8419f12e8dbb486dd40feffbfb755412019cdf7124556b818895b	assets/tacz/custom/tacz_default_gun/assets/tacz/tacz_sounds/hk_g3/hk_g3_inspect_magwellin.ogg
c2f06c01ae83376f99dc92cb34539b4520ac1f632db6b224f0f04fc2f274358d	assets/tacz/custom/tacz_default_gun/assets/tacz/tacz_sounds/hk_g3/hk_g3_inspect_mvt.ogg
beb31fad3c189893e6c4eb149f00871be962a869d51e4302097d6d1f8079fe58	assets/tacz/custom/tacz_default_gun/assets/tacz/tacz_sounds/hk_g3/hk_g3_inspect_raise.ogg
c82af082bb3f3d1b7a959f4c39371357090a89559b2189da9644535fac8d537f	assets/tacz/custom/tacz_default_gun/assets/tacz/tacz_sounds/hk_g3/hk_g3_inspect_shoulder.ogg
f7097e487024ef1ee2125773b99d8f7d26a8a5efcb33d55869fb4a16ba36fa48	assets/tacz/custom/tacz_default_gun/assets/tacz/tacz_sounds/hk_g3/hk_g3_inspect_smag_maggrab.ogg
465936e6cf4a0f65f43e1dd23d963e5c5876a596edd0c0fadddc436483d5c405	assets/tacz/custom/tacz_default_gun/assets/tacz/tacz_sounds/hk_g3/hk_g3_inspect_tilt.ogg
b57861de4f5bf30e0294ce1424d35822a9c97b8c3b935443e706dabafdca32ee	assets/tacz/custom/tacz_default_gun/assets/tacz/tacz_sounds/hk_g3/hk_g3_inspect_xmag_magrattle.ogg
fbc4ae1d73c23d199f26a15f14db3b0a251375097bbf9d71fc36c7cfd1723985	assets/tacz/custom/tacz_default_gun/assets/tacz/tacz_sounds/hk_g3/hk_g3_inspect_xmag_mvt2.ogg
295eaad32db34bfaaf5e2e763fda2039873f069741696dda5592e2bde9a2a3fd	assets/tacz/custom/tacz_default_gun/assets/tacz/tacz_sounds/hk_g3/hk_g3_put_away.ogg
e7fd1add06bb91d3a1ba295dba5a6e487a31b5453e738b63a01b2a248a8cfa08	assets/tacz/custom/tacz_default_gun/assets/tacz/tacz_sounds/hk_g3/hk_g3_reload_carrierback.ogg
65a707639b375ef2a86375f97524139b69c6a410f16137fb013389fa3e419ee9	assets/tacz/custom/tacz_default_gun/assets/tacz/tacz_sounds/hk_g3/hk_g3_reload_carrierrelease.ogg
cac34fe22eeaaafd2e373d5d6b9464e17138df891d6a9d94eb9c7b85a087bafe	assets/tacz/custom/tacz_default_gun/assets/tacz/tacz_sounds/hk_g3/hk_g3_reload_drum_magwell.ogg
c2500201bc281c9d5437a5e1daf393b07b17709635e0caf0e438c845ef75004b	assets/tacz/custom/tacz_default_gun/assets/tacz/tacz_sounds/hk_g3/hk_g3_reload_empty_carrierback.ogg
2fa4e6987d5c4d17abf4c9c93c7a8787bb6aa2954b816fe76e152cf09d009f74	assets/tacz/custom/tacz_default_gun/assets/tacz/tacz_sounds/hk_g3/hk_g3_reload_empty_drum_quick_charge.ogg
f46cf33ef31894d850543971c61bdfc1f5d0a5469f2d562735d85f0b1041a862	assets/tacz/custom/tacz_default_gun/assets/tacz/tacz_sounds/hk_g3/hk_g3_reload_empty_magdrop.ogg
067aff4ecd058e1e76cd405d92050c8e51274f549a44086487f936f00f5f324c	assets/tacz/custom/tacz_default_gun/assets/tacz/tacz_sounds/hk_g3/hk_g3_reload_empty_magout.ogg
db0069615854f651fd9d4dde8da6d7d56235bdeffa11ee6f6635001d320ebbcb	assets/tacz/custom/tacz_default_gun/assets/tacz/tacz_sounds/hk_g3/hk_g3_reload_empty_smag_grabch.ogg
3a92c67be376c73dd0061904329d6f598a043d733c9ff1ef8f151e35a2dbb7ca	assets/tacz/custom/tacz_default_gun/assets/tacz/tacz_sounds/hk_g3/hk_g3_reload_empty_smag_magin.ogg
df9a1117554ac2b2e3d4dfe967b3aecaffcac8e311f8db0640d1d162a550b855	assets/tacz/custom/tacz_default_gun/assets/tacz/tacz_sounds/hk_g3/hk_g3_reload_empty_xmag_quick_mvt.ogg
62af0b953fa1065f40eb360cb2fd02a63c8de582179644f888a36446529a5d66	assets/tacz/custom/tacz_default_gun/assets/tacz/tacz_sounds/hk_g3/hk_g3_reload_magin.ogg
c6b08246c2882adfdb3f80337fb2c8f2f5557fad4b9a8567d0e00a1f35d9384e	assets/tacz/custom/tacz_default_gun/assets/tacz/tacz_sounds/hk_g3/hk_g3_reload_raise_up.ogg
bd2fcaad59e408af70e2049f09f516999fa2d7e36ae2251e88a2add6e56c45b4	assets/tacz/custom/tacz_default_gun/assets/tacz/tacz_sounds/hk_g3/hk_g3_reload_shoulder.ogg
9701afce9c2cc32152e5331eda81e1ba49bc0976da4abda986f7355a0a667644	assets/tacz/custom/tacz_default_gun/assets/tacz/tacz_sounds/hk_g3/hk_g3_reload_smag_magin.ogg
3f30b125b79adcf216530334b29abffb81b7dd7b7dcef4820d949a32a92505ec	assets/tacz/custom/tacz_default_gun/assets/tacz/tacz_sounds/hk_g3/hk_g3_reload_smag_magout.ogg
83fd5d332f6eee6dca83a6ecd54d1892ec291acbcaa88ad86d7db53d7fe03e63	assets/tacz/custom/tacz_default_gun/assets/tacz/tacz_sounds/hk_g3/hk_g3_reload_smag_quick_magwell.ogg
3080e4f689fe50f34657839c8126b509f5aeb526652d76540a8d63647122be3d	assets/tacz/custom/tacz_default_gun/assets/tacz/tacz_sounds/hk_g3/hk_g3_shoot.ogg
d94877d6866edd11d3223fdc4d5423c6c19633b0fcfd7637bed0e63a5cd82bdd	assets/tacz/custom/tacz_default_gun/assets/tacz/tacz_sounds/hk_g3/hk_g3_shoot_3p.ogg
a30e7d48a6e28f6b5b728da6b0bcd8ae221baf91fa3fec25036c204f3e92bf91	assets/tacz/custom/tacz_default_gun/assets/tacz/tacz_sounds/hk_g3/hk_g3_silence.ogg
716c6200e87f1bf473d8aadecb0ae9d478a6a56f105df7e0b30ac90a398ff990	assets/tacz/custom/tacz_default_gun/assets/tacz/tacz_sounds/hk_g3/hk_g3_silence_3p.ogg
7c10b4731f61ac423b7adcc6a7d6bf822a7e403d65986a73e34de150c4d7ce04	assets/tacz/custom/tacz_default_gun/assets/tacz/tacz_sounds/hk_mp5a5/hk_mp5a5_draw.ogg
3add9728ffc95ef624a5af46f2554b2aeb131f12ccbe93b09aefca187a2cde36	assets/tacz/custom/tacz_default_gun/assets/tacz/tacz_sounds/hk_mp5a5/hk_mp5a5_inspect_boltback.ogg
52a8ac870be3370c17c1a8afbaed52b835eaf21f5a4fd8b60365d3db29997079	assets/tacz/custom/tacz_default_gun/assets/tacz/tacz_sounds/hk_mp5a5/hk_mp5a5_inspect_boltrelease.ogg
9058162c728d9f4663990fb9f97108a8f32bc5cbf5f8c07cae839870a1a32132	assets/tacz/custom/tacz_default_gun/assets/tacz/tacz_sounds/hk_mp5a5/hk_mp5a5_inspect_cloth.ogg
186e96885e7554141ae0054e76afbc9a307a8e7c3ebe2b0b6c22141bdb80ac56	assets/tacz/custom/tacz_default_gun/assets/tacz/tacz_sounds/hk_mp5a5/hk_mp5a5_inspect_empty_fast_pin.ogg
151b06586357109fcfd6cb7f0c77762672e94a6921625061ea29301f632d4c12	assets/tacz/custom/tacz_default_gun/assets/tacz/tacz_sounds/hk_mp5a5/hk_mp5a5_inspect_end.ogg
a5065fd12b0664d2299cac0e34516e4cff739cf2658fcff097a29dbab6ec6fd0	assets/tacz/custom/tacz_default_gun/assets/tacz/tacz_sounds/hk_mp5a5/hk_mp5a5_inspect_raise.ogg
e8933007a4540882c1c4b6343853aae8c88ce748f99c60b6b88c89b19854e173	assets/tacz/custom/tacz_default_gun/assets/tacz/tacz_sounds/hk_mp5a5/hk_mp5a5_inspect_turn.ogg
bf3b75548ee25c3b73231a707be6b3e083cfb58835b66c107d84b5ea9d998365	assets/tacz/custom/tacz_default_gun/assets/tacz/tacz_sounds/hk_mp5a5/hk_mp5a5_put_away.ogg
e143953440f830ba07a0d42611504fc35d69ce0a2fd354ee79914c64c2d3b9ee	assets/tacz/custom/tacz_default_gun/assets/tacz/tacz_sounds/hk_mp5a5/hk_mp5a5_reload_cloth.ogg
9e890e5e9bf9a2024e1598d24f52574064b2d6922c7cb7e19974214c6b49868c	assets/tacz/custom/tacz_default_gun/assets/tacz/tacz_sounds/hk_mp5a5/hk_mp5a5_reload_empty_boltclose.ogg
34aa48ccc3092b6288b30e24f6906a3b63ae8c9bb7f6bd1260258eb33a005b62	assets/tacz/custom/tacz_default_gun/assets/tacz/tacz_sounds/hk_mp5a5/hk_mp5a5_reload_empty_boltopen.ogg
90bc5b28c2943a2c97865ddc30e2aa07c239e4f2831e6b8043fc64c02fb9646e	assets/tacz/custom/tacz_default_gun/assets/tacz/tacz_sounds/hk_mp5a5/hk_mp5a5_reload_empty_end.ogg
47d4333fb5efc2a01f9d93f59a65b370efb37faa13a1f67542ec637063677771	assets/tacz/custom/tacz_default_gun/assets/tacz/tacz_sounds/hk_mp5a5/hk_mp5a5_reload_empty_fast_magin.ogg
a5312b9cac2418ef131390651dc578e5072fe0de0629cf6d828731e0a55c91c6	assets/tacz/custom/tacz_default_gun/assets/tacz/tacz_sounds/hk_mp5a5/hk_mp5a5_reload_empty_fast_rotate.ogg
fccc20061a5ba6ae13d21bad2690fb3098bd4920c81ee8561107a8c4bfc3bd02	assets/tacz/custom/tacz_default_gun/assets/tacz/tacz_sounds/hk_mp5a5/hk_mp5a5_reload_empty_mag_drop.ogg
9c0c4669061523787e608009a879fed54556fa2531137adb547cf4519b03a284	assets/tacz/custom/tacz_default_gun/assets/tacz/tacz_sounds/hk_mp5a5/hk_mp5a5_reload_empty_magin.ogg
67375c1e3810e8e827f71957227267fd8324a7bee458d18c351f6097496ccb82	assets/tacz/custom/tacz_default_gun/assets/tacz/tacz_sounds/hk_mp5a5/hk_mp5a5_reload_empty_magout.ogg
75e74a705d9e6accc8fdda5b23aa0a0351659f29e58e77e0f4dbc69fe5c529e1	assets/tacz/custom/tacz_default_gun/assets/tacz/tacz_sounds/hk_mp5a5/hk_mp5a5_reload_end.ogg
f48b599b036c0efd7c941aacdad8ce36298551c7a1f6830bfbe0dbbca189d116	assets/tacz/custom/tacz_default_gun/assets/tacz/tacz_sounds/hk_mp5a5/hk_mp5a5_reload_magin.ogg
35b3211005faef3a91e1320b91e27277275c043ad19a5767c201724f0fca9423	assets/tacz/custom/tacz_default_gun/assets/tacz/tacz_sounds/hk_mp5a5/hk_mp5a5_reload_magout.ogg
952c81efee947716d1713f2c0a1e22f835195a05b55d5e81af351bea05832f5f	assets/tacz/custom/tacz_default_gun/assets/tacz/tacz_sounds/hk_mp5a5/hk_mp5a5_reload_raise.ogg
4a2ed01e68cd775ee4b640d7cbf4fb8c2a40350c69d72ac5cdfc4a431172b8ef	assets/tacz/custom/tacz_default_gun/assets/tacz/tacz_sounds/hk_mp5a5/hk_mp5a5_shoot.ogg
74f4823ab659b0cfd3f5f25d21d6a082c26c00a9fd7bd2bd8ddd56d41e4d8079	assets/tacz/custom/tacz_default_gun/assets/tacz/tacz_sounds/hk_mp5a5/hk_mp5a5_shoot_3p.ogg
e96a14642d8e52f7704d8cf9f6c035d33f356ae0a05127bae1dd1aac57ff59e4	assets/tacz/custom/tacz_default_gun/assets/tacz/tacz_sounds/hk_mp5a5/hk_mp5a5_silence.ogg
779934be5ef0bff0eaae901911fb5c8cfca0c3de41ffcf7a27007e4da7ea529b	assets/tacz/custom/tacz_default_gun/assets/tacz/tacz_sounds/hk_mp5a5/hk_mp5a5_silence_3p.ogg
761f34df4f7596ee6a1e7f6dab4051491e8176b857e872a3c34c61b46e825101	assets/tacz/custom/tacz_default_gun/assets/tacz/tacz_sounds/kar98/kar98_bolt.ogg
351a1d441ee2bb50300ad047b6e06b31dfc2161ca62293266950f5b556c7fd85	assets/tacz/custom/tacz_default_gun/assets/tacz/tacz_sounds/kar98/kar98_bolt_in.ogg
b3b40205ebfaa03a7f3e519d99113a2adf63ca73c9169d3735043b06ebe8b232	assets/tacz/custom/tacz_default_gun/assets/tacz/tacz_sounds/kar98/kar98_bolt_out.ogg
165dba88efc1e20d0b67f8fe07710e34b0fc579ad39b0bb716ad75f83aef44d5	assets/tacz/custom/tacz_default_gun/assets/tacz/tacz_sounds/kar98/kar98_bullet_impact.ogg
9dfbf41dd424c40d7a130fe312703f275159e5091592e68678414b36554dec53	assets/tacz/custom/tacz_default_gun/assets/tacz/tacz_sounds/kar98/kar98_draw.ogg
c6228321b06eaca0ce5db9bf08fd3f16d6fe1c9f74dee3353043d744ba78a848	assets/tacz/custom/tacz_default_gun/assets/tacz/tacz_sounds/kar98/kar98_inspect_bolt_out_fast.ogg
7ac1f9f01a4a0ce5c4a31fab16afab84b35d3afb37eb1c4efec6b77e138cc09c	assets/tacz/custom/tacz_default_gun/assets/tacz/tacz_sounds/kar98/kar98_inspect_bullet_catch.ogg
e0926912d42aa081c731f075ab91ad2df136d656de00462ecd11620906b539e1	assets/tacz/custom/tacz_default_gun/assets/tacz/tacz_sounds/kar98/kar98_inspect_end.ogg
3bbf02be357ac0dde3c7f9f19fe0fe39d5fe893333b2c0968a5b6a0720009237	assets/tacz/custom/tacz_default_gun/assets/tacz/tacz_sounds/kar98/kar98_inspect_rotate.ogg
5384752be9249b7452be636bc7785f81ea521e009c1e688b7bc8226bf74c758a	assets/tacz/custom/tacz_default_gun/assets/tacz/tacz_sounds/kar98/kar98_inspect_start.ogg
02e252d56ed6d06ded434f392f390bcbe1519203adb3f28b17fb168351cfd1a2	assets/tacz/custom/tacz_default_gun/assets/tacz/tacz_sounds/kar98/kar98_put_away.ogg
3c716b87829cf4cc2c3970726aaaae5ac05f1d759c21818a61571177e799a37b	assets/tacz/custom/tacz_default_gun/assets/tacz/tacz_sounds/kar98/kar98_reload_bolt_in.ogg
924c65de861d20dffe9e0f83b49cb096ab7a271025ab82f5531b4045f3025df7	assets/tacz/custom/tacz_default_gun/assets/tacz/tacz_sounds/kar98/kar98_reload_bolt_out.ogg
64ace0f78a43164938b35a436cfadc264956414b50d63d9339d7a479b5772506	assets/tacz/custom/tacz_default_gun/assets/tacz/tacz_sounds/kar98/kar98_reload_bullet_insert.ogg
e625d4dad03a9610387fe8e27f8623e3f1eaf3bc9248bc99843907510657eff1	assets/tacz/custom/tacz_default_gun/assets/tacz/tacz_sounds/kar98/kar98_reload_clip_bullet.ogg
97ba4808cbdea26607cf6d07ade277cd1f318817769a7d29f8940a9b99dd5c13	assets/tacz/custom/tacz_default_gun/assets/tacz/tacz_sounds/kar98/kar98_reload_clip_insert.ogg
8de18b73957be0cf05309412d38f241ef9bb6101659dea4e3923fcffa8d7dbb7	assets/tacz/custom/tacz_default_gun/assets/tacz/tacz_sounds/kar98/kar98_reload_cloth_move.ogg
9d05bd3f35a8700db742157ec44fe4591f05ecd7eab96531691a654571d1b735	assets/tacz/custom/tacz_default_gun/assets/tacz/tacz_sounds/kar98/kar98_reload_empty_shell_impact.ogg
6d7f405b627bba98e82d6c607c0bd48ebaf3150197d44ffdaf348cf7498dbeeb	assets/tacz/custom/tacz_default_gun/assets/tacz/tacz_sounds/kar98/kar98_reload_end.ogg
4c1b7feb484b8bf7db0a8c6a23df73a8a0276e6e969bd9252327d06aae2fc9ff	assets/tacz/custom/tacz_default_gun/assets/tacz/tacz_sounds/kar98/kar98_reload_move.ogg
4c971e9c3c6351a6b433fd41a6b280964e8df2c6a9249275d2b6a3ead0439abf	assets/tacz/custom/tacz_default_gun/assets/tacz/tacz_sounds/kar98/kar98_reload_press.ogg
3ae2b99dab8b5aa0e976934e2b32545fd60419b9a4acb48d61d818bb45a9d428	assets/tacz/custom/tacz_default_gun/assets/tacz/tacz_sounds/kar98/kar98_shoot.ogg
6c7e0100d025530e9c4c3af7ae575f54b65277e4e8238ee0a33356b936a08e73	assets/tacz/custom/tacz_default_gun/assets/tacz/tacz_sounds/kar98/kar98_shoot_3p.ogg
fca997a4fd5a299b38477ec8f92bdd3fac57a00422d71749562d143216dbe1a2	assets/tacz/custom/tacz_default_gun/assets/tacz/tacz_sounds/kill.ogg
de84ab797fc4d1e608dc1c3156e4762e070f7583d41cac5468aa4d91abd193ce	assets/tacz/custom/tacz_default_gun/assets/tacz/tacz_sounds/lonetrail/breach_draw.ogg
eb5c5853390316eee31cb96197745981020f431992965d68e26008ccf92ddb05	assets/tacz/custom/tacz_default_gun/assets/tacz/tacz_sounds/lonetrail/breach_inspect_catch.ogg
249bfa16994655f22b63190ec2a11f36420051ecc4ea4a19210c6db21a48a4ce	assets/tacz/custom/tacz_default_gun/assets/tacz/tacz_sounds/lonetrail/breach_inspect_down.ogg
743441cc546ccb2b805dcabd49cfbc28d93c0f1fde47455367efebf446d4261f	assets/tacz/custom/tacz_default_gun/assets/tacz/tacz_sounds/lonetrail/breach_inspect_eject.ogg
4219fa06c59b038927c0a1e816acc170891b1cfc74e92dd8b4c8cbf6ff5fe17a	assets/tacz/custom/tacz_default_gun/assets/tacz/tacz_sounds/lonetrail/breach_inspect_end.ogg
4049492368f3fc1ffab97e126ca1c430aa3a90e95c00537504ecbd9d6b5e160f	assets/tacz/custom/tacz_default_gun/assets/tacz/tacz_sounds/lonetrail/breach_inspect_move.ogg
ed1a70a17212b9db782886383226b846befaf2e847cffaa3a2bc56420a7ed006	assets/tacz/custom/tacz_default_gun/assets/tacz/tacz_sounds/lonetrail/breach_inspect_raise.ogg
905c87ade4fe19a21d0e25a7105579ceca1dff69a99ced380fc7214304d57324	assets/tacz/custom/tacz_default_gun/assets/tacz/tacz_sounds/lonetrail/breach_inspect_rattle_light.ogg
21d6580c2d682bceaa78b0e031ea06272add43e2383acd4ac90a9d76c36aa989	assets/tacz/custom/tacz_default_gun/assets/tacz/tacz_sounds/lonetrail/breach_inspect_rattle_light_2.ogg
3c2014c112bb458cf139c33e429fbd2f065ba3a4492d15af7b9ed21e52d869bf	assets/tacz/custom/tacz_default_gun/assets/tacz/tacz_sounds/lonetrail/breach_inspect_start.ogg
b455d4173178c018d54f736b1dc29f3b44a45edf6c55636d7b639a4b51d82c44	assets/tacz/custom/tacz_default_gun/assets/tacz/tacz_sounds/lonetrail/breach_put_away.ogg
ffcb326850397846e7b849ab1ad2d6af81d9a519a88f10dd10ade1d5cff28f43	assets/tacz/custom/tacz_default_gun/assets/tacz/tacz_sounds/lonetrail/breach_reload_eject.ogg
94c17964070c2c8d663d10110a265a5f816929278ff78a0886236e18442f0681	assets/tacz/custom/tacz_default_gun/assets/tacz/tacz_sounds/lonetrail/breach_reload_gate_close.ogg
dcfedbe7f5511a0ca94beae881e18cc0151780e7df101dc615d79e26a4e84abb	assets/tacz/custom/tacz_default_gun/assets/tacz/tacz_sounds/lonetrail/breach_reload_gate_on.ogg
9c5c7727fd95192603ae577d18c9ac5ccb78585f557f02fe33a610dca39c24df	assets/tacz/custom/tacz_default_gun/assets/tacz/tacz_sounds/lonetrail/breach_reload_insert.ogg
773761945548e30a721e910ebbb8f8e8655238c973eb18246466ad3d2f76094a	assets/tacz/custom/tacz_default_gun/assets/tacz/tacz_sounds/lonetrail/breach_reload_reset.ogg
4a7a5b928a345a4905f01c2f40b2eb6875d825c4d35d04b8bd9c3592a51ab48f	assets/tacz/custom/tacz_default_gun/assets/tacz/tacz_sounds/lonetrail/breach_reload_shell_impact.ogg
7bd094880f443f359ddbe6e264131e1145cf60eb3492974c59414a9551de0774	assets/tacz/custom/tacz_default_gun/assets/tacz/tacz_sounds/lonetrail/breach_shoot.ogg
90858a138dcb6ab3cb7fa29815d507ce45320adcd03320e3cfd4e3cd05efcbae	assets/tacz/custom/tacz_default_gun/assets/tacz/tacz_sounds/lonetrail/breach_shoot_3p.ogg
f7e54342eacf6e3c59dd1bad4d75717140b1aedaf07dbbb4cddbae7ff8f3a07c	assets/tacz/custom/tacz_default_gun/assets/tacz/tacz_sounds/lonetrail/breach_silence.ogg
6ba2c78f86c783b8a35c1cb61f2d3fea74a32e7672696d3d4eb06ffd33028ef2	assets/tacz/custom/tacz_default_gun/assets/tacz/tacz_sounds/lonetrail/breach_silence_3p.ogg
cf7b48aa47776740c89efe88fe824875204e5d701108cf9829c31a3a497ee950	assets/tacz/custom/tacz_default_gun/assets/tacz/tacz_sounds/m1014/cloth_move_1.ogg
a721521a5747c33d3ab72da5df82e770113b7da00e011b48c8fd6290f3a64546	assets/tacz/custom/tacz_default_gun/assets/tacz/tacz_sounds/m1014/cloth_move_4.ogg
70f346fa7b2b7108533afc6ddb38cbbc3aa9c30a6c0c410c970bf52f4bbe3564	assets/tacz/custom/tacz_default_gun/assets/tacz/tacz_sounds/m1014/m1014_bulletinbore.ogg
7a267edd1c44a03a2687f173cd06a7f7a9c51f084ed92fd4406349a6251c18fc	assets/tacz/custom/tacz_default_gun/assets/tacz/tacz_sounds/m1014/m1014_draw.ogg
cfc599e358285774a2954942426424bbf477d7c6e9d886a63016f1d898bd3601	assets/tacz/custom/tacz_default_gun/assets/tacz/tacz_sounds/m1014/m1014_inspect_end.ogg
ca2173cd8f4538c18a5c0d6006c4950479d4027104ec7640ed5908b025ebd362	assets/tacz/custom/tacz_default_gun/assets/tacz/tacz_sounds/m1014/m1014_move1.ogg
3863a6103fce67128a138233eed79424e5e338f411e4f6a437da2f3d1105ccf1	assets/tacz/custom/tacz_default_gun/assets/tacz/tacz_sounds/m1014/m1014_move2.ogg
69b99d67391818ef88f884030a54926941ec9df112a3be0c5d766b269e8c6f94	assets/tacz/custom/tacz_default_gun/assets/tacz/tacz_sounds/m1014/m1014_move3.ogg
03510434d74a50e8138a735ab868fa2cf7d92370a2633ecd1f1a69108dcb5ddc	assets/tacz/custom/tacz_default_gun/assets/tacz/tacz_sounds/m1014/m1014_move4.ogg
f681d9766cac360de367c506c300e084597a7dc2bc1fff7e0e6b1fd2f42a6272	assets/tacz/custom/tacz_default_gun/assets/tacz/tacz_sounds/m1014/m1014_put_away.ogg
c39b11f5421ae9368bc3adcaaec3089a4947a303c82869630a6cde34cbbf8a53	assets/tacz/custom/tacz_default_gun/assets/tacz/tacz_sounds/m1014/m1014_rackdown.ogg
3ff071c832e9455e983c779d32d7da9ab2c10b954df46bb9697874066ccf4bc2	assets/tacz/custom/tacz_default_gun/assets/tacz/tacz_sounds/m1014/m1014_rackin.ogg
223a7c3a07d508a60eb76c4f0c61dc7c5d1888550050a36a7989df82e01e7837	assets/tacz/custom/tacz_default_gun/assets/tacz/tacz_sounds/m1014/m1014_rackon.ogg
a91e08665dbb281e7cda4601e157a87562778e1f8c85c0f5b0742160ba7c6227	assets/tacz/custom/tacz_default_gun/assets/tacz/tacz_sounds/m1014/m1014_reload_double.ogg
2e4c41496ed2dd8978c8fc941bb3f89727ec41f8d2c75e0c5162f58924a68398	assets/tacz/custom/tacz_default_gun/assets/tacz/tacz_sounds/m1014/m1014_reload_once.ogg
51e42c5107630c7aaab6dbdbbc2dec02941caf7219274355da163d110943ab5e	assets/tacz/custom/tacz_default_gun/assets/tacz/tacz_sounds/m1014/m1014_reset.ogg
6830b5fdf88e2ee6ee12635224f444e0758b63999f38b326ab4020e58e43b070	assets/tacz/custom/tacz_default_gun/assets/tacz/tacz_sounds/m1014/m1014_shoot.ogg
d94b836006483f626fdf140ac173a04c5575462b713ffba6be6e772b9dba5a04	assets/tacz/custom/tacz_default_gun/assets/tacz/tacz_sounds/m1014/m1014_shoot_3p.ogg
134939cf95a987b8e1b00d4d3f20814db060a655989a7a41c83f27bc6a2429dd	assets/tacz/custom/tacz_default_gun/assets/tacz/tacz_sounds/m1014/m1014_silence.ogg
bf9e1fd5145930d751e51e94f756a5aebe6763b121673547346313ffca0d964b	assets/tacz/custom/tacz_default_gun/assets/tacz/tacz_sounds/m1014/m1014_silence_3p.ogg
92f4220429aea3753d985f1fa022dd6ef14087ef1c8f366b0347c2a4b6c6eb71	assets/tacz/custom/tacz_default_gun/assets/tacz/tacz_sounds/m107/m107_draw.ogg
9ad699a7b4db71fd7b5199b9e6e156941c7d6133fbf298ce16622c700fceb869	assets/tacz/custom/tacz_default_gun/assets/tacz/tacz_sounds/m107/m107_inspect_01.ogg
46101bd04a498ca06852b3049c64a61482b909175de7437574b461885a924a20	assets/tacz/custom/tacz_default_gun/assets/tacz/tacz_sounds/m107/m107_inspect_02.ogg
69b99d67391818ef88f884030a54926941ec9df112a3be0c5d766b269e8c6f94	assets/tacz/custom/tacz_default_gun/assets/tacz/tacz_sounds/m107/m107_inspect_03.ogg
4b8326590c3f6b5cce3c8d1fb90ad145510eccd0051fccd01dc38b699380bdde	assets/tacz/custom/tacz_default_gun/assets/tacz/tacz_sounds/m107/m107_inspect_04.ogg
75b78faa16f0958582280675b5f3382af6bd1dc9a3649966d478ae765859c906	assets/tacz/custom/tacz_default_gun/assets/tacz/tacz_sounds/m107/m107_inspect_05.ogg
196dc437cbbd27b88012120098a311bcca17b5992d275b7a0e25550a88a30278	assets/tacz/custom/tacz_default_gun/assets/tacz/tacz_sounds/m107/m107_inspect_end.ogg
8cdd7506da205b51446975de5c6e2c6722f10d8019b6690abede871001cbb788	assets/tacz/custom/tacz_default_gun/assets/tacz/tacz_sounds/m107/m107_inspect_grabrotate.ogg
12f01d4d5591c3f09e0776c631a153a3379cac6c3a179801247f073c07db61ef	assets/tacz/custom/tacz_default_gun/assets/tacz/tacz_sounds/m107/m107_put_away.ogg
34ea6f0952d4741b302356f8f5d74415cf02a084688e51528dfcc36711cf4a70	assets/tacz/custom/tacz_default_gun/assets/tacz/tacz_sounds/m107/m107_reload_arm.ogg
998f34ec2a5f0b5f561012f6b6aa1269b30688586f406391c7aa2f150af176e6	assets/tacz/custom/tacz_default_gun/assets/tacz/tacz_sounds/m107/m107_reload_empty_armmag.ogg
b434558a0bc4f5c873aac63a0d63b9b163fa0b26b21c5c286b0813ff58d6d90a	assets/tacz/custom/tacz_default_gun/assets/tacz/tacz_sounds/m107/m107_reload_empty_charge.ogg
a72cac52025b3731911291a246381b9bf355f7a3e0e4d32355f44c9a7d0575f8	assets/tacz/custom/tacz_default_gun/assets/tacz/tacz_sounds/m107/m107_reload_empty_end.ogg
09cf67bf2c854a099177e0718a2acbaee07583a7a38f4781418456592d23ee5f	assets/tacz/custom/tacz_default_gun/assets/tacz/tacz_sounds/m107/m107_reload_empty_fast_magout.ogg
21ea1a51ab4b1719d7483e54e3629e250ad7a2b1b05977025683a4acf080f3a7	assets/tacz/custom/tacz_default_gun/assets/tacz/tacz_sounds/m107/m107_reload_empty_fast_pullbolt.ogg
6c2ee308f85072d77c02ede5099b7a7046f0590e7d04eb00c76fb7893185dcd9	assets/tacz/custom/tacz_default_gun/assets/tacz/tacz_sounds/m107/m107_reload_empty_fast_rotate.ogg
fd429d9125b234c154c12dc14146aef0843a25ae25fce1a371d6be9f8c0bfac2	assets/tacz/custom/tacz_default_gun/assets/tacz/tacz_sounds/m107/m107_reload_empty_magin_01.ogg
75223960051734765a90e9847bde701c7dc5025759726f95bbaff724889f53df	assets/tacz/custom/tacz_default_gun/assets/tacz/tacz_sounds/m107/m107_reload_empty_magin_02.ogg
6fcee627a2b0b4454df3afb395f58788ff759fb4380e77f56fdff11586e9b925	assets/tacz/custom/tacz_default_gun/assets/tacz/tacz_sounds/m107/m107_reload_empty_magrelease.ogg
0fb57e46654d2220f34be57340c623c4104cb22dd07436270d8f8a2a6b7b1702	assets/tacz/custom/tacz_default_gun/assets/tacz/tacz_sounds/m107/m107_reload_end.ogg
51765a6937e02c1482406217af39b885f7a547045fadb84f4605e5e8d882c037	assets/tacz/custom/tacz_default_gun/assets/tacz/tacz_sounds/m107/m107_reload_fast_shake.ogg
6f2ac6822650abff318627618d54ab21ae67b66f3b0056c000e1e1ef771231fc	assets/tacz/custom/tacz_default_gun/assets/tacz/tacz_sounds/m107/m107_reload_fast_up.ogg
bbdd815ec71993b535a36cc3c5b932ce2558ee4050ecf2170b4bfeb38290b9d8	assets/tacz/custom/tacz_default_gun/assets/tacz/tacz_sounds/m107/m107_reload_magin_01.ogg
e96626ef26e134fe4886a5624b5b22d205ad85426b5e5cbc1d2702cf9cc80a19	assets/tacz/custom/tacz_default_gun/assets/tacz/tacz_sounds/m107/m107_reload_magin_02.ogg
797ebdf3adc5a2b510754a026ede34240ecb561e44967af4208a6d7646af9c8f	assets/tacz/custom/tacz_default_gun/assets/tacz/tacz_sounds/m107/m107_reload_magout.ogg
5bca346ad9b2dd163ed3daae49877d1eea8e697ea99527a0ad1dd484e08ce0b4	assets/tacz/custom/tacz_default_gun/assets/tacz/tacz_sounds/m107/m107_reload_magrelease.ogg
da81fe90bbdfa527e0239bbd1efe0b0bfa8c77fc019d06b62a53f53f570019ce	assets/tacz/custom/tacz_default_gun/assets/tacz/tacz_sounds/m107/m107_reload_mvmnt.ogg
faf1e1e033d79dbe3d1abdfa03886382c91a15e3c4bd9d8c6ce01dbec7a389f9	assets/tacz/custom/tacz_default_gun/assets/tacz/tacz_sounds/m107/m107_reload_up.ogg
9b076c6a0af1fa0af78adabfe97e03287bbe4e063f0be625182c98b706430de0	assets/tacz/custom/tacz_default_gun/assets/tacz/tacz_sounds/m107/m107_settle.ogg
252c16131c7d8bb28d4bd5a93ed0a26e96e29f14bcc24ae881612a066336075d	assets/tacz/custom/tacz_default_gun/assets/tacz/tacz_sounds/m107/m107_shoot.ogg
8c430a5706b1c7f7b0cabbe4867ef8ab00e8df321959b396c5fc8202ec02e3d6	assets/tacz/custom/tacz_default_gun/assets/tacz/tacz_sounds/m107/m107_shoot_3p.ogg
9d62afe8d32a76674fac11c5af277f53df7be53b8c0b06047ccaadf480b1367f	assets/tacz/custom/tacz_default_gun/assets/tacz/tacz_sounds/m107/m107_silence.ogg
e1cbe855195f5d05c81499d9634112d86b6c641ea85cd39c12c79b910551f00a	assets/tacz/custom/tacz_default_gun/assets/tacz/tacz_sounds/m107/m107_silence_3p.ogg
737b6bb5c8677dfa42c04f0751fc01c4c24405871c7a55ff22a21487761f1890	assets/tacz/custom/tacz_default_gun/assets/tacz/tacz_sounds/m16a1/m16a1_draw.ogg
e82ce726c151b35d2e3d03823a8c8fff69e5ee56368996b7c482ebc6901431bc	assets/tacz/custom/tacz_default_gun/assets/tacz/tacz_sounds/m16a1/m16a1_inspect.ogg
00f0b96d324d8bf0087880e8dceadd981cc7c895ed8d2ec4f246f3c49ee95632	assets/tacz/custom/tacz_default_gun/assets/tacz/tacz_sounds/m16a1/m16a1_inspect_empty.ogg
82270f20c5f263b79c2b0aea2a6ee2395824d9bfd4a6e8b76ac1bdd294f357a2	assets/tacz/custom/tacz_default_gun/assets/tacz/tacz_sounds/m16a1/m16a1_put_away.ogg
683bf6bcc3f96750c359ac1485b83ba3726496085cc949574609ede3351dba04	assets/tacz/custom/tacz_default_gun/assets/tacz/tacz_sounds/m16a1/m16a1_reload.ogg
cee664d17a2e1d373a4e9f1a2e108a5ad41f8d3fe7eb313b2dced0b7686058a1	assets/tacz/custom/tacz_default_gun/assets/tacz/tacz_sounds/m16a1/m16a1_reload_empty.ogg
f34b175f8838961d748c3eb214453a2b56517263da7170100e89224081af2a85	assets/tacz/custom/tacz_default_gun/assets/tacz/tacz_sounds/m16a1/m16a1_reload_tactical.ogg
c754e91db8359c58ad75528c62a448f325a70922419489da70bd9462005c0a53	assets/tacz/custom/tacz_default_gun/assets/tacz/tacz_sounds/m16a1/m16a1_shoot.ogg
f6ed85a2718d47be31dc08db67fcd487b38396e32efda7f2920fa216fe59d06a	assets/tacz/custom/tacz_default_gun/assets/tacz/tacz_sounds/m16a1/m16a1_shoot_3p.ogg
182a4fde07413352bae7f12c356230e2e124f187b4bf8d5e46ad44fa10c2169d	assets/tacz/custom/tacz_default_gun/assets/tacz/tacz_sounds/m16a1/m16a1_silence.ogg
f4bf37195b55554caa916439d9e82f99a729c9a586448d16fb740668a840226f	assets/tacz/custom/tacz_default_gun/assets/tacz/tacz_sounds/m16a1/m16a1_silence_3p.ogg
737b6bb5c8677dfa42c04f0751fc01c4c24405871c7a55ff22a21487761f1890	assets/tacz/custom/tacz_default_gun/assets/tacz/tacz_sounds/m16a4/m16a4_draw.ogg
e82ce726c151b35d2e3d03823a8c8fff69e5ee56368996b7c482ebc6901431bc	assets/tacz/custom/tacz_default_gun/assets/tacz/tacz_sounds/m16a4/m16a4_inspect.ogg
00f0b96d324d8bf0087880e8dceadd981cc7c895ed8d2ec4f246f3c49ee95632	assets/tacz/custom/tacz_default_gun/assets/tacz/tacz_sounds/m16a4/m16a4_inspect_empty.ogg
82270f20c5f263b79c2b0aea2a6ee2395824d9bfd4a6e8b76ac1bdd294f357a2	assets/tacz/custom/tacz_default_gun/assets/tacz/tacz_sounds/m16a4/m16a4_put_away.ogg
683bf6bcc3f96750c359ac1485b83ba3726496085cc949574609ede3351dba04	assets/tacz/custom/tacz_default_gun/assets/tacz/tacz_sounds/m16a4/m16a4_reload.ogg
cee664d17a2e1d373a4e9f1a2e108a5ad41f8d3fe7eb313b2dced0b7686058a1	assets/tacz/custom/tacz_default_gun/assets/tacz/tacz_sounds/m16a4/m16a4_reload_empty.ogg
f34b175f8838961d748c3eb214453a2b56517263da7170100e89224081af2a85	assets/tacz/custom/tacz_default_gun/assets/tacz/tacz_sounds/m16a4/m16a4_reload_tactical.ogg
c754e91db8359c58ad75528c62a448f325a70922419489da70bd9462005c0a53	assets/tacz/custom/tacz_default_gun/assets/tacz/tacz_sounds/m16a4/m16a4_shoot.ogg
f6ed85a2718d47be31dc08db67fcd487b38396e32efda7f2920fa216fe59d06a	assets/tacz/custom/tacz_default_gun/assets/tacz/tacz_sounds/m16a4/m16a4_shoot_3p.ogg
182a4fde07413352bae7f12c356230e2e124f187b4bf8d5e46ad44fa10c2169d	assets/tacz/custom/tacz_default_gun/assets/tacz/tacz_sounds/m16a4/m16a4_silence.ogg
f4bf37195b55554caa916439d9e82f99a729c9a586448d16fb740668a840226f	assets/tacz/custom/tacz_default_gun/assets/tacz/tacz_sounds/m16a4/m16a4_silence_3p.ogg
e18a341accb119dea35a79ddb42b637751a1c06053cbe8c736d688edafece69e	assets/tacz/custom/tacz_default_gun/assets/tacz/tacz_sounds/m1911/m1911_draw.ogg
db3f2714c9afca5f050f574d2507b6c26efc9940b1b66d2c4d1b5f88152ed794	assets/tacz/custom/tacz_default_gun/assets/tacz/tacz_sounds/m1911/m1911_inspect_chamber.ogg
8b663826b2ee6bd4c3d56075eaeda77e47269caf77289e7961e920c17c6db8dd	assets/tacz/custom/tacz_default_gun/assets/tacz/tacz_sounds/m1911/m1911_inspect_quick.ogg
7b8eba0a1878c98ee60b192fba04f38332015874dd77ce0acff2b6f803122c8a	assets/tacz/custom/tacz_default_gun/assets/tacz/tacz_sounds/m1911/m1911_inspect_slide_pull.ogg
8b663826b2ee6bd4c3d56075eaeda77e47269caf77289e7961e920c17c6db8dd	assets/tacz/custom/tacz_default_gun/assets/tacz/tacz_sounds/m1911/m1911_put_away.ogg
e8483d7c4009163a269d3cee344f5925e5dc1c6b2f21a5e94b2e0d6f5a40a502	assets/tacz/custom/tacz_default_gun/assets/tacz/tacz_sounds/m1911/m1911_reload_empty_chamber.ogg
a1454071544d68001d42fe0de0cfbc7458bc94fdaa7eb3a81217ecabcf3520a3	assets/tacz/custom/tacz_default_gun/assets/tacz/tacz_sounds/m1911/m1911_reload_empty_end.ogg
ca4891f6b9f92c10f903e82e77f352a5f13e3520d1e7639f8fe413e7861ecbbc	assets/tacz/custom/tacz_default_gun/assets/tacz/tacz_sounds/m1911/m1911_reload_empty_lift.ogg
ca39ed200bb6306bce15815520241740e1356043217f3ac74387a3e947e757f3	assets/tacz/custom/tacz_default_gun/assets/tacz/tacz_sounds/m1911/m1911_reload_empty_magin.ogg
7ccfae85adb44386f0bb6011e258b08af8302171ae5c2e71a6e93ed360a4667d	assets/tacz/custom/tacz_default_gun/assets/tacz/tacz_sounds/m1911/m1911_reload_empty_magout.ogg
f6a85c230466a5deee056e8ec14d9677b2e8b1c0d2cf043ce87782c9c3cea828	assets/tacz/custom/tacz_default_gun/assets/tacz/tacz_sounds/m1911/m1911_reload_end.ogg
9fed7c57fd9aad9c0cf9a4fb27d7fd81f9a2082b19ed9b27d96aea65868891d5	assets/tacz/custom/tacz_default_gun/assets/tacz/tacz_sounds/m1911/m1911_reload_lift.ogg
0836cae31cc57f9898b190036c5a3dcb47da52c716b01dabe68461ca1856fb17	assets/tacz/custom/tacz_default_gun/assets/tacz/tacz_sounds/m1911/m1911_reload_magin.ogg
48a00807fa714af5387075449b0bc46d5639042fa687cfc4d4fcdc06a420c7b1	assets/tacz/custom/tacz_default_gun/assets/tacz/tacz_sounds/m1911/m1911_reload_magout.ogg
55d0242be8239125199ff94a4c78a6fb64532ab36737668e6337751a8961fa08	assets/tacz/custom/tacz_default_gun/assets/tacz/tacz_sounds/m1911/m1911_shoot.ogg
0188e62d7e4a1dee8c7694b859be1d0569122e51630cb921e1bda174281d2e39	assets/tacz/custom/tacz_default_gun/assets/tacz/tacz_sounds/m1911/m1911_shoot_3p.ogg
5e3ba9f20555bf838f57ba923294a26e604ca3e9226cb2ab13738bb99265a191	assets/tacz/custom/tacz_default_gun/assets/tacz/tacz_sounds/m1911/m1911_silence.ogg
975102e0c3a47bd25a01db175e3a3c0a02aa1e2fb2dc23a9fe10603be951e397	assets/tacz/custom/tacz_default_gun/assets/tacz/tacz_sounds/m1911/m1911_silence_3p.ogg
6b8aaafba5df730f8a48f44395ee6caaf0debb0f767ab8aab7665178b6178219	assets/tacz/custom/tacz_default_gun/assets/tacz/tacz_sounds/m249/m249_draw.ogg
6d1ca47af90516f8ed27fbf89cfd90ce59549316dd762ed7ac694194e7cdeb2f	assets/tacz/custom/tacz_default_gun/assets/tacz/tacz_sounds/m249/m249_inspect_down.ogg
4f25442bf580905a09691b8977cf9363ad551b7f2f18760f39d4ce5bc65fc3ac	assets/tacz/custom/tacz_default_gun/assets/tacz/tacz_sounds/m249/m249_inspect_drop.ogg
f67c0fd5569b7bbc20dfad55454d261a38a2919cf120c15a3dc74858bda4882e	assets/tacz/custom/tacz_default_gun/assets/tacz/tacz_sounds/m249/m249_inspect_drop_empty.ogg
94c89d104400dd361e4dc801598f3acaf96012f6c8a9669add263d0981cdf7fb	assets/tacz/custom/tacz_default_gun/assets/tacz/tacz_sounds/m249/m249_inspect_drop_fast_smag.ogg
8529ea5d4b7f034089aed887f4a47e71c39494450264281c48c34e2fc8844afd	assets/tacz/custom/tacz_default_gun/assets/tacz/tacz_sounds/m249/m249_inspect_empty_fast_cover_close.ogg
3212057a665eadd1394b9372d31ec3e4e5181376ec457663ec865ade4192c246	assets/tacz/custom/tacz_default_gun/assets/tacz/tacz_sounds/m249/m249_inspect_empty_fast_cover_open.ogg
65c82bfafe513d45e323616306a495eeb657d0048f0f8bd9b0c9d45d24b0244a	assets/tacz/custom/tacz_default_gun/assets/tacz/tacz_sounds/m249/m249_inspect_empty_fast_mvmnt.ogg
df7d4d69cd6e4ef5d2ea1dff2ad17f31dbe43d37080488080bcd2b317d7ed0b5	assets/tacz/custom/tacz_default_gun/assets/tacz/tacz_sounds/m249/m249_inspect_empty_fast_smag_mvmnt.ogg
b8b4667c5b2c9674a574a65e4efe791e1b59e2681139ca071ffc303ae2083645	assets/tacz/custom/tacz_default_gun/assets/tacz/tacz_sounds/m249/m249_inspect_hitcover.ogg
64b44b865d791cc171a0f5d2709e704730f089e38a2b9522c01289252e6868a4	assets/tacz/custom/tacz_default_gun/assets/tacz/tacz_sounds/m249/m249_inspect_idle_active_02.ogg
c9f424705b874e4870a8d8064f1d969a1901139c7c51bfe9cbc259fc9a5bbe6b	assets/tacz/custom/tacz_default_gun/assets/tacz/tacz_sounds/m249/m249_inspect_idle_active_04.ogg
5b58f639e640cf5986cf7f76b1b86dbf2e98fc9961ec9872726234b4509ceb78	assets/tacz/custom/tacz_default_gun/assets/tacz/tacz_sounds/m249/m249_put_away.ogg
c9f424705b874e4870a8d8064f1d969a1901139c7c51bfe9cbc259fc9a5bbe6b	assets/tacz/custom/tacz_default_gun/assets/tacz/tacz_sounds/m249/m249_reload_active.ogg
bab5f62fdae2f9b368270c19682f9dac373e205e0edb8b29f9661e1a908d9f3f	assets/tacz/custom/tacz_default_gun/assets/tacz/tacz_sounds/m249/m249_reload_cloth.ogg
93e0da86b8ff41d9b708dcf2567e1c686c81748099b0b6d41d3a1a9bba389970	assets/tacz/custom/tacz_default_gun/assets/tacz/tacz_sounds/m249/m249_reload_cover_open.ogg
64b44b865d791cc171a0f5d2709e704730f089e38a2b9522c01289252e6868a4	assets/tacz/custom/tacz_default_gun/assets/tacz/tacz_sounds/m249/m249_reload_empty_active.ogg
1712c721ee4f563f046c6629493f994ed546f05ba63fae8489b78dc5db672f7e	assets/tacz/custom/tacz_default_gun/assets/tacz/tacz_sounds/m249/m249_reload_empty_cover_close.ogg
a31341601fc8764125dd37a147b6c6cf32d258c0b12ff83ead73f0877fde9d0b	assets/tacz/custom/tacz_default_gun/assets/tacz/tacz_sounds/m249/m249_reload_empty_cover_open.ogg
30fbce770496058f108bb7b76fdba5a4b0d91024061f8740cb97d12360852120	assets/tacz/custom/tacz_default_gun/assets/tacz/tacz_sounds/m249/m249_reload_empty_down.ogg
31a03fc40f23117030237e28e0ea2edd7ca18d00155e80987448979f25db084b	assets/tacz/custom/tacz_default_gun/assets/tacz/tacz_sounds/m249/m249_reload_empty_end.ogg
b33cae5cadf7fbe61c905fcc903133bae5080ac0ea1d51ced45f229acdd39070	assets/tacz/custom/tacz_default_gun/assets/tacz/tacz_sounds/m249/m249_reload_empty_fast_charge_pull.ogg
60edac5b646923a2836f062f091864dd63f15ef13731ff5ca7d441ee9aa932ce	assets/tacz/custom/tacz_default_gun/assets/tacz/tacz_sounds/m249/m249_reload_empty_fast_charge_push.ogg
1eb136367e6fbdca489ddf8dc0334bdf93fbaa21da4e9262f24e50fa0e3cec0d	assets/tacz/custom/tacz_default_gun/assets/tacz/tacz_sounds/m249/m249_reload_empty_fast_mvmnt.ogg
88b999357d0c97bb26df160034d6228b4a45243359197e9c63fcc4c7d80104a0	assets/tacz/custom/tacz_default_gun/assets/tacz/tacz_sounds/m249/m249_reload_empty_load_belt.ogg
0acc85b38dd3cabde344555fdb0593d468dfecacc598f8bc1076b89405515dde	assets/tacz/custom/tacz_default_gun/assets/tacz/tacz_sounds/m249/m249_reload_empty_magin.ogg
0c2ec9270e3ed67ad0d8e0c4bb840c5e7f30674e6f30efa0e79bdfd4c97d0f1d	assets/tacz/custom/tacz_default_gun/assets/tacz/tacz_sounds/m249/m249_reload_empty_magout.ogg
ba63b2e097bb05177e08b9315fa22c12d56eddad4aa8038de127da75b75f2336	assets/tacz/custom/tacz_default_gun/assets/tacz/tacz_sounds/m249/m249_reload_empty_raise.ogg
ac17f35cacbe00f7d6f8e582624087edfca1913637dd5a30469cfdf8e37fb1a0	assets/tacz/custom/tacz_default_gun/assets/tacz/tacz_sounds/m249/m249_reload_empty_tray_cover.ogg
a1bd71331679f67d7062903117f2d29880d518a49a6354877ce213836f225f37	assets/tacz/custom/tacz_default_gun/assets/tacz/tacz_sounds/m249/m249_reload_empty_up.ogg
363abe8826af694fa132fc6858600d2ea5bbeddb246148c91c196ac65e61bdb9	assets/tacz/custom/tacz_default_gun/assets/tacz/tacz_sounds/m249/m249_reload_end.ogg
cd003cb295e6c4cc64d1cd40597b85f8346a5e6fe93ba6873586772d5d8e47b2	assets/tacz/custom/tacz_default_gun/assets/tacz/tacz_sounds/m249/m249_reload_fast_cloth.ogg
1701f3b01fd6d02c34435afe28be7790b375a0cc16bd79fc0622d84d2e8256b5	assets/tacz/custom/tacz_default_gun/assets/tacz/tacz_sounds/m249/m249_reload_fast_cloth02.ogg
8529ea5d4b7f034089aed887f4a47e71c39494450264281c48c34e2fc8844afd	assets/tacz/custom/tacz_default_gun/assets/tacz/tacz_sounds/m249/m249_reload_fast_cover_close.ogg
b5cb96c0f85847ce48f643ec5740bec51a7efda64ab4c01c4df65f123163d74d	assets/tacz/custom/tacz_default_gun/assets/tacz/tacz_sounds/m249/m249_reload_fast_magin.ogg
6deb339bf70bcf31140d8c76b409d7dbe1414fe849c4a304dacacc41042ae3db	assets/tacz/custom/tacz_default_gun/assets/tacz/tacz_sounds/m249/m249_reload_magin_load_belt.ogg
95c1ffae94cf80f642b8505388ed0c578d673fb3d789ce37d830985e0897dac9	assets/tacz/custom/tacz_default_gun/assets/tacz/tacz_sounds/m249/m249_reload_magout.ogg
3fb5c79509b48a451272532d2520d0c13801913073c0d9fb5d9813d45f0ee0b8	assets/tacz/custom/tacz_default_gun/assets/tacz/tacz_sounds/m249/m249_reload_magup.ogg
4f10b9f28e6d3baee75675f7485b5a9fa9a398c77bfac0f122392882c78b6887	assets/tacz/custom/tacz_default_gun/assets/tacz/tacz_sounds/m249/m249_reload_raise.ogg
c9f6a62326babc53c3399859de337f87312e2b3f7a25c8503513b89c56296144	assets/tacz/custom/tacz_default_gun/assets/tacz/tacz_sounds/m249/m249_shoot.ogg
25625e241772450225fcddfa2871c35e6ca80349b60c03c7b270f639368c2810	assets/tacz/custom/tacz_default_gun/assets/tacz/tacz_sounds/m249/m249_shoot_3p.ogg
3c0634f594c2e94d463202b8dfe83538d742e38cb1d66417945651b5aefb7b2c	assets/tacz/custom/tacz_default_gun/assets/tacz/tacz_sounds/m249/m249_silence.ogg
5b4b668097d3172cbbed3ad21245315a2cf9bbeb4d55b2ecf0675d3a853f6b20	assets/tacz/custom/tacz_default_gun/assets/tacz/tacz_sounds/m249/m249_silence_3p.ogg
7edbe0cf373ead4745d40cccf9e399a840ba8cc969a877fda8e44bb98effe749	assets/tacz/custom/tacz_default_gun/assets/tacz/tacz_sounds/m320/m320_draw.ogg
0f7b821698f80ee067bdabf25f634d02d0b004787eb784b5a65e730ddd9dcbc1	assets/tacz/custom/tacz_default_gun/assets/tacz/tacz_sounds/m320/m320_inspect.ogg
61a19427d66167af90e32a1d34263be253fd6852980d87a6dbf98bcf9b3de787	assets/tacz/custom/tacz_default_gun/assets/tacz/tacz_sounds/m320/m320_put_away.ogg
4ec2f8bbe41f4b0b3e3188a47fc399a4f21f951602c160a98e82e48ddf4a9dd4	assets/tacz/custom/tacz_default_gun/assets/tacz/tacz_sounds/m320/m320_reload_empty.ogg
bd271d8361bf1c918bd4b8c26a9c989d9205c666941b973885debd201c503ea8	assets/tacz/custom/tacz_default_gun/assets/tacz/tacz_sounds/m320/m320_reload_tactical.ogg
e19f973a939422720b20327d279d48040db7deae667d8140e7e96fc687e0507b	assets/tacz/custom/tacz_default_gun/assets/tacz/tacz_sounds/m320/m320_shoot.ogg
1a2d854a5177000d5549a8cf058adaade39dfb714d552ef248bc8417e3923fc7	assets/tacz/custom/tacz_default_gun/assets/tacz/tacz_sounds/m4a1/m4a1_draw.ogg
49469e6849ed2a1a8dd179314386e589a854c5df0ecfb64a7db48f30caae7532	assets/tacz/custom/tacz_default_gun/assets/tacz/tacz_sounds/m4a1/m4a1_inspect_armup.ogg
c4c59ff5602f108e498d61f09c362a3407e76f91103e0e4b69f1b6077a9bc83e	assets/tacz/custom/tacz_default_gun/assets/tacz/tacz_sounds/m4a1/m4a1_inspect_butthit.ogg
971ff76ac99b44d10d387b3a45fb062afbdbe042c859ced0457f3502bf028547	assets/tacz/custom/tacz_default_gun/assets/tacz/tacz_sounds/m4a1/m4a1_inspect_empty_drop.ogg
3777ffbc1484385050297eb5b102ff92c94d347a94c30d15a955168a8c39e427	assets/tacz/custom/tacz_default_gun/assets/tacz/tacz_sounds/m4a1/m4a1_inspect_empty_end.ogg
47809af444acd45db3305c35cbc2670781370611f0dc1d66a2383b1bdf667615	assets/tacz/custom/tacz_default_gun/assets/tacz/tacz_sounds/m4a1/m4a1_inspect_empty_mvmt.ogg
f0616477e72a1eb88d12e453b5b55e056ed5849c042f57f497900b88beec2bd5	assets/tacz/custom/tacz_default_gun/assets/tacz/tacz_sounds/m4a1/m4a1_inspect_empty_rackcheck.ogg
fa052a148f9ff7da5d38fb86e4d758d2989497cb0f1e0cf5a700ac975e2e0a70	assets/tacz/custom/tacz_default_gun/assets/tacz/tacz_sounds/m4a1/m4a1_inspect_empty_rackon.ogg
f2d6b243c0352e893dc75c68dd5c88ee40ef0419295e2eb62cd403bda890dfa4	assets/tacz/custom/tacz_default_gun/assets/tacz/tacz_sounds/m4a1/m4a1_inspect_empty_rattle.ogg
38a5e030be59a18a26fb3d650c4c1dee268843729135e622de9210c5627e0564	assets/tacz/custom/tacz_default_gun/assets/tacz/tacz_sounds/m4a1/m4a1_inspect_empty_rotate.ogg
2ac9e67928798902cb10f840b8e41e6151eede523a25f90dd4d772f00f1dddb4	assets/tacz/custom/tacz_default_gun/assets/tacz/tacz_sounds/m4a1/m4a1_inspect_empty_turn.ogg
91c63ff6a2dfc4a0a9ab7da741eed4906d3d5ee4084bedd9b0ee2f4f58606f32	assets/tacz/custom/tacz_default_gun/assets/tacz/tacz_sounds/m4a1/m4a1_inspect_end.ogg
50f5cb9b7e1b25b746643bdbeacdee555bb33d9dd014f459b39c7575ebf8f460	assets/tacz/custom/tacz_default_gun/assets/tacz/tacz_sounds/m4a1/m4a1_inspect_lift.ogg
b70213112f2a10701c23fcf333c1f61177b1250cdd56d1128b36c09ec08076bf	assets/tacz/custom/tacz_default_gun/assets/tacz/tacz_sounds/m4a1/m4a1_inspect_magin.ogg
8e752e5946808147f5ccc19d4d468110d12b0ac0e603ba5965d664f7f1af3cef	assets/tacz/custom/tacz_default_gun/assets/tacz/tacz_sounds/m4a1/m4a1_inspect_magout.ogg
001bf7a850863e4ba37e734a69847d8e3e50fed869a13e3a0b6f4c75de9163e7	assets/tacz/custom/tacz_default_gun/assets/tacz/tacz_sounds/m4a1/m4a1_inspect_rackon.ogg
8d9d9f14e8604485c3f4fc987fb6590ae9d6534860701c6b46425a57650bcfa8	assets/tacz/custom/tacz_default_gun/assets/tacz/tacz_sounds/m4a1/m4a1_inspect_rackrelase.ogg
8b4e9ba53396f13df170c0370f15f8ed5835ef53395d7b6ad150b1c77a6f438e	assets/tacz/custom/tacz_default_gun/assets/tacz/tacz_sounds/m4a1/m4a1_inspect_rotate.ogg
6af84c4b9d313d0ce80c2229dd2aa78d37e85656777f831ef747554413c2d886	assets/tacz/custom/tacz_default_gun/assets/tacz/tacz_sounds/m4a1/m4a1_put_away.ogg
07d6fabb9c827946cf381a77912c63a92894d7188bf26eaf13f9d61d5f9839e1	assets/tacz/custom/tacz_default_gun/assets/tacz/tacz_sounds/m4a1/m4a1_reload_empty_charge.ogg
97061ad403610cf7447d547d3c09cee60e0fac97994711d57594d30de4fb9fc1	assets/tacz/custom/tacz_default_gun/assets/tacz/tacz_sounds/m4a1/m4a1_reload_empty_end.ogg
2ca9cbf663ef4ffb40bbf41e277dabd490a5eb55fbfa08512970daeef6f315d5	assets/tacz/custom/tacz_default_gun/assets/tacz/tacz_sounds/m4a1/m4a1_reload_empty_maghit.ogg
3027dfa7f305db34da4396d69fa08247e3e81fddde198b6a4c1071f91c465b86	assets/tacz/custom/tacz_default_gun/assets/tacz/tacz_sounds/m4a1/m4a1_reload_empty_magin.ogg
895c1ed7f8cdbbf786e65a00e03eb89f2ee1ee2c1d32594cc714782fbe8ca85d	assets/tacz/custom/tacz_default_gun/assets/tacz/tacz_sounds/m4a1/m4a1_reload_empty_magout.ogg
97b9c5398b133faf660252d25e289984b195dca3142532490aefbcd13a4baa25	assets/tacz/custom/tacz_default_gun/assets/tacz/tacz_sounds/m4a1/m4a1_reload_empty_raise.ogg
758f44358a051c19b58f0d42d75c66b84b5c9e78a4bb01d03bce74e858e498e8	assets/tacz/custom/tacz_default_gun/assets/tacz/tacz_sounds/m4a1/m4a1_reload_empty_xmag_start.ogg
9d3aed1d883e540e5bd219e7535ed8bdce9c460c3b18d392f8d2c1413a430177	assets/tacz/custom/tacz_default_gun/assets/tacz/tacz_sounds/m4a1/m4a1_reload_tactical_end.ogg
0278c42a3487f28edbf985ad56cefba92ca0a4cc998a0c1e377f58f32e70d309	assets/tacz/custom/tacz_default_gun/assets/tacz/tacz_sounds/m4a1/m4a1_reload_tactical_maghit.ogg
a56c6e5a1ffe959c42d08f705fcd78ea838ad7777bcc98b10c58fb9c6acfcc83	assets/tacz/custom/tacz_default_gun/assets/tacz/tacz_sounds/m4a1/m4a1_reload_tactical_magin.ogg
0ddcbd2d247e4891949326394bebe9dfe485c4d34260d367f111d5fdf9374371	assets/tacz/custom/tacz_default_gun/assets/tacz/tacz_sounds/m4a1/m4a1_reload_tactical_magout.ogg
949a1b3541801dda60157b625182160b1e9e18a4bd745b00672aa995199d59b9	assets/tacz/custom/tacz_default_gun/assets/tacz/tacz_sounds/m4a1/m4a1_reload_tactical_start.ogg
235bfd41c5a295f5972dd9d43b671ec4835434f3ea7a0fab14a7aff5a64b9a2b	assets/tacz/custom/tacz_default_gun/assets/tacz/tacz_sounds/m4a1/m4a1_shoot.ogg
82b425dc29e3ff50f346b436bbb8c7d6e6138174594ffd49590098f62d5896c0	assets/tacz/custom/tacz_default_gun/assets/tacz/tacz_sounds/m4a1/m4a1_shoot_3p.ogg
b26f6c1a545a6e787090061ecdecacfe4a1044e0dd6e9d400bbe5c49d9f8fef5	assets/tacz/custom/tacz_default_gun/assets/tacz/tacz_sounds/m4a1/m4a1_silence.ogg
ab0907a26d16500d226349672b4a1fa4651a2b18e2e9dafd080eb6bccf3f945e	assets/tacz/custom/tacz_default_gun/assets/tacz/tacz_sounds/m4a1/m4a1_silence_3p.ogg
f78c60c0868a269ffbc00832e51c6ec28e4c8e4305afdba280578c50a53b5ccb	assets/tacz/custom/tacz_default_gun/assets/tacz/tacz_sounds/m700/m700_bolt_in.ogg
0353e0e52046359cf5c5dccff0e5d25a19ebd19233231c2859aeb2e63d2749cb	assets/tacz/custom/tacz_default_gun/assets/tacz/tacz_sounds/m700/m700_bolt_out.ogg
6b4b23eb320cb8e74a94bc272ffd9f8316a004a9201155568c26ea14cb75c2b0	assets/tacz/custom/tacz_default_gun/assets/tacz/tacz_sounds/m700/m700_draw.ogg
f57b0010b26e8db01a46aa8197dc027f43c6d5247fe854c3ec61def6a582017d	assets/tacz/custom/tacz_default_gun/assets/tacz/tacz_sounds/m700/m700_inspect_end.ogg
5aa6ab5874ec5c6d4c3527227b75eb14fb97123394efddf84e97640c28935d26	assets/tacz/custom/tacz_default_gun/assets/tacz/tacz_sounds/m700/m700_inspect_rotate.ogg
79a4bcdbabe7b22ad84210e9ec9e32c09f5d2861fdaf8a08c8ddc8cebf0f6e5b	assets/tacz/custom/tacz_default_gun/assets/tacz/tacz_sounds/m700/m700_inspect_up.ogg
3a6a10db71c17c22e78dce09691b9642149ee5827cdfaf5420fb83102716a497	assets/tacz/custom/tacz_default_gun/assets/tacz/tacz_sounds/m700/m700_put_away.ogg
9d9ce974c0674c27320602d435bafe9a09def04d1cd0ba2da4deddff7165754e	assets/tacz/custom/tacz_default_gun/assets/tacz/tacz_sounds/m700/m700_reload_empty_rotate.ogg
55d2c61369b77c800f02b5b15af1b236856092c63ac48818fcace9ab0ab7a4d1	assets/tacz/custom/tacz_default_gun/assets/tacz/tacz_sounds/m700/m700_reload_end.ogg
81561e91a06c1068adb20feef6b86da1e7e220660437bf758c1df799e64eaf42	assets/tacz/custom/tacz_default_gun/assets/tacz/tacz_sounds/m700/m700_reload_magin.ogg
cc59d5b4c1b223028e4e6d15323ac1d2b00e77a95fb6673a1302ceda4a8dd6fe	assets/tacz/custom/tacz_default_gun/assets/tacz/tacz_sounds/m700/m700_reload_magout.ogg
5fdb6edd786a49fd3563b8ccf4629bcd2725dbbe7c4c181e74f0bd8c50e4ee72	assets/tacz/custom/tacz_default_gun/assets/tacz/tacz_sounds/m700/m700_reload_raise.ogg
72f1468ab2f7f3b424d70d6a373b68884642c43fcdcac873f0bfc8f69a12a508	assets/tacz/custom/tacz_default_gun/assets/tacz/tacz_sounds/m700/m700_shell_drop.ogg
a80b9271b1de625a0e8a2f3a96c98d1f80b834f95891c4f6a3a675913796a2d7	assets/tacz/custom/tacz_default_gun/assets/tacz/tacz_sounds/m700/m700_shoot.ogg
e8d2922d450e89e193dcf67219b2b9e44f95d746be560abd7636f0d2f0837891	assets/tacz/custom/tacz_default_gun/assets/tacz/tacz_sounds/m700/m700_shoot_3p.ogg
71ba56a9ddcf763ac11212362618a84449523fe70794dee923d7406f2afc47ca	assets/tacz/custom/tacz_default_gun/assets/tacz/tacz_sounds/m700/m700_silence.ogg
de11dc98c38305c2185029a1a24b09dca45c42f013fb96679b6a3ca7fec5bccd	assets/tacz/custom/tacz_default_gun/assets/tacz/tacz_sounds/m700/m700_silence_3p.ogg
bd93b92768b479902f27276019ee8106506f230a2dd5490664ca20906dbad020	assets/tacz/custom/tacz_default_gun/assets/tacz/tacz_sounds/m870/12_gauge_shotgun_shell_drop.ogg
05164a1a795d08f312043322e9e1cc364c09771296e3775784dea0d750ad81a1	assets/tacz/custom/tacz_default_gun/assets/tacz/tacz_sounds/m870/m870_bolt_in.ogg
eaa57b44634682fbb205ce56149bb3a421b5f0ae539eeec1cffbbf79296ad48e	assets/tacz/custom/tacz_default_gun/assets/tacz/tacz_sounds/m870/m870_bolt_out.ogg
c851bb0ac8d0a447b63ff36d4cbbfa42df7d6f902a9c109bc87ffa82e8dfdd29	assets/tacz/custom/tacz_default_gun/assets/tacz/tacz_sounds/m870/m870_draw.ogg
3ff071c832e9455e983c779d32d7da9ab2c10b954df46bb9697874066ccf4bc2	assets/tacz/custom/tacz_default_gun/assets/tacz/tacz_sounds/m870/m870_inspect_empty_close.ogg
223a7c3a07d508a60eb76c4f0c61dc7c5d1888550050a36a7989df82e01e7837	assets/tacz/custom/tacz_default_gun/assets/tacz/tacz_sounds/m870/m870_inspect_empty_open.ogg
d38074dfec984ececed458e98013ad63eb7a8f1db147d7d9c5fee8699af07820	assets/tacz/custom/tacz_default_gun/assets/tacz/tacz_sounds/m870/m870_inspect_empty_push.ogg
5b059cc54b4e10fba59f81d2ff1eeb42a11df02d0e9b7488f816b3a05cb96fbf	assets/tacz/custom/tacz_default_gun/assets/tacz/tacz_sounds/m870/m870_inspect_empty_rotate.ogg
8e188d94239795ca8abd4e93316e6f3245472180cbfb85379c3f3d6efcb46ece	assets/tacz/custom/tacz_default_gun/assets/tacz/tacz_sounds/m870/m870_inspect_empty_up.ogg
abb1ca161638254b55f0a18c39815cb7fdd189788d0cb59b9f062b4910269c66	assets/tacz/custom/tacz_default_gun/assets/tacz/tacz_sounds/m870/m870_inspect_end.ogg
f1986f9351ad670320f2e14ee8988d237b86512da5d0545d21b2b8869a49499d	assets/tacz/custom/tacz_default_gun/assets/tacz/tacz_sounds/m870/m870_inspect_grab.ogg
982176c406b7de94670bb735ba12d56ba3e2fffd4b1dd670cbe4033094818583	assets/tacz/custom/tacz_default_gun/assets/tacz/tacz_sounds/m870/m870_inspect_mvmt.ogg
b8390eaa2ece9414c65a8b25c6239c1ecf0fbf94202fe33efe74d4c0d8993b09	assets/tacz/custom/tacz_default_gun/assets/tacz/tacz_sounds/m870/m870_inspect_raise.ogg
6a8228c2b9aaf3679589ef5c45e038bf9972c2b15c8d16579f21c0cf12152dae	assets/tacz/custom/tacz_default_gun/assets/tacz/tacz_sounds/m870/m870_inspect_rattle.ogg
db1f06247412a5b7305c349d545a0f04c4fa9aaa9509e4b369fd8f3d944471a3	assets/tacz/custom/tacz_default_gun/assets/tacz/tacz_sounds/m870/m870_inspect_rattle2.ogg
7a267edd1c44a03a2687f173cd06a7f7a9c51f084ed92fd4406349a6251c18fc	assets/tacz/custom/tacz_default_gun/assets/tacz/tacz_sounds/m870/m870_inspect_rattle3.ogg
cfc599e358285774a2954942426424bbf477d7c6e9d886a63016f1d898bd3601	assets/tacz/custom/tacz_default_gun/assets/tacz/tacz_sounds/m870/m870_inspect_rattle4.ogg
da149657fe5b167a754fbc8328b9d1798bbbbb0ada62312e8bb7701dde6a39ae	assets/tacz/custom/tacz_default_gun/assets/tacz/tacz_sounds/m870/m870_inspect_rotate.ogg
805f0624cafec4fbb2dad518ef5e951d39e2e81f3e9f780d3cce31eea164eb70	assets/tacz/custom/tacz_default_gun/assets/tacz/tacz_sounds/m870/m870_inspect_shellcatch.ogg
2667a39a409a2a00651c2eda6b39e6cd53dcb2786ad0dbca2c971204e279a686	assets/tacz/custom/tacz_default_gun/assets/tacz/tacz_sounds/m870/m870_inspect_shelleject.ogg
3ba4f5d3d3bbad1a7cf0e18d8173ca9ba252178cd3f67b9d4d5d74ae50089554	assets/tacz/custom/tacz_default_gun/assets/tacz/tacz_sounds/m870/m870_inspect_sideload.ogg
32147520f9597354889e7f79ff756317afc22b6f57c5626971952e7c98ef507e	assets/tacz/custom/tacz_default_gun/assets/tacz/tacz_sounds/m870/m870_inspect_sideload2.ogg
9e589945d661e6a83972f356e653e1835f1e4169cde4bf42bcbcab84fb91af75	assets/tacz/custom/tacz_default_gun/assets/tacz/tacz_sounds/m870/m870_inspect_twist.ogg
9120ec3cc1bf6fdeb5a68ddfd021c023e873a2125b094507d5c3fadb34cfb429	assets/tacz/custom/tacz_default_gun/assets/tacz/tacz_sounds/m870/m870_put_away.ogg
add3b8bbfbcdf232d1f00505bb959e3da11cbe42b254217f82037359ce4a70ae	assets/tacz/custom/tacz_default_gun/assets/tacz/tacz_sounds/m870/m870_reload_empty_start_close.ogg
3e4810e9dd1319dc5d98f2553dabf9cc5a39fe68822a954531ee9455f427c10e	assets/tacz/custom/tacz_default_gun/assets/tacz/tacz_sounds/m870/m870_reload_empty_start_open.ogg
ac770217a18401542a508fed35446a34727ddd9d305b7501deecdc42606f0f9c	assets/tacz/custom/tacz_default_gun/assets/tacz/tacz_sounds/m870/m870_reload_empty_start_sideload.ogg
71e2cf8bac63ed83891fb2b9dd2649533de5cb20ecf202e732914d6f90bde8c3	assets/tacz/custom/tacz_default_gun/assets/tacz/tacz_sounds/m870/m870_reload_empty_start_twist.ogg
efe44e0d6e835722b18245dd3fffac99d4dcb0db434922c20bb6631c94f9c247	assets/tacz/custom/tacz_default_gun/assets/tacz/tacz_sounds/m870/m870_reload_end_turnover.ogg
206c45ee2d13ccd009621a5b65d38f110d21378a36c37c478d9fce406fd0c480	assets/tacz/custom/tacz_default_gun/assets/tacz/tacz_sounds/m870/m870_reload_loop_shellin_01.ogg
4bb602cc18e7e07bdec59d0bddd003d05781eaba982539286d04f685209d2a5c	assets/tacz/custom/tacz_default_gun/assets/tacz/tacz_sounds/m870/m870_reload_loop_shellin_02.ogg
d0be2de64443dd18467efcfc40885784c7b7d9be1a797cfdf9e1d4a7c0ac3d46	assets/tacz/custom/tacz_default_gun/assets/tacz/tacz_sounds/m870/m870_reload_loop_shellin_03.ogg
a16c85d6b1345cf6758bfee6cf6de496ee170c52d2e81e175421bf62a9bfdddc	assets/tacz/custom/tacz_default_gun/assets/tacz/tacz_sounds/m870/m870_reload_start_twist.ogg
9f89e95bff57ac9279e51f495aa944ab9614521357681a88c00533adb0caadd2	assets/tacz/custom/tacz_default_gun/assets/tacz/tacz_sounds/m870/m870_shoot.ogg
a0cddb6b3d367b577f6c003fa1da852ad4aa30ac5ab235a8cfe7ce85426b5b34	assets/tacz/custom/tacz_default_gun/assets/tacz/tacz_sounds/m870/m870_shoot_3p.ogg
a051fcd10fd1d48d8c7793fdecd98ce9c09aab2b688a6c343f5a7305bcb5c327	assets/tacz/custom/tacz_default_gun/assets/tacz/tacz_sounds/m870/m870_silence.ogg
f0780eb18fdb6a4efa6ec3924ed918765e9695f3d5deb225027e611b69c4ca29	assets/tacz/custom/tacz_default_gun/assets/tacz/tacz_sounds/m870/m870_silence_3p.ogg
822242ace12a64477a96ca8af246869607b747bee22ae9184ee25b3de86ce195	assets/tacz/custom/tacz_default_gun/assets/tacz/tacz_sounds/m95/m95_bolt_end.ogg
102199d03033b2d0fc8f164774dee2d1ca0dacf66e073ecb23de688ecaf3e904	assets/tacz/custom/tacz_default_gun/assets/tacz/tacz_sounds/m95/m95_boltback.ogg
df8bc23e5da42d366fb41cd46f15cfe6a688a54bbddf99ad93a1d33be61b32e3	assets/tacz/custom/tacz_default_gun/assets/tacz/tacz_sounds/m95/m95_boltback_shell.ogg
454df78491103d58567556c0eb436595f611f812f8704ceb1a9c7318100fc64b	assets/tacz/custom/tacz_default_gun/assets/tacz/tacz_sounds/m95/m95_boltclose.ogg
aa35428c53b711106a79fc60fa07690473b34a6ef36484461bb4b53433b9cc07	assets/tacz/custom/tacz_default_gun/assets/tacz/tacz_sounds/m95/m95_inspect_boltclose.ogg
196dc437cbbd27b88012120098a311bcca17b5992d275b7a0e25550a88a30278	assets/tacz/custom/tacz_default_gun/assets/tacz/tacz_sounds/m95/m95_inspect_end.ogg
4b8326590c3f6b5cce3c8d1fb90ad145510eccd0051fccd01dc38b699380bdde	assets/tacz/custom/tacz_default_gun/assets/tacz/tacz_sounds/m95/m95_inspect_lower.ogg
9ad699a7b4db71fd7b5199b9e6e156941c7d6133fbf298ce16622c700fceb869	assets/tacz/custom/tacz_default_gun/assets/tacz/tacz_sounds/m95/m95_inspect_raise.ogg
46101bd04a498ca06852b3049c64a61482b909175de7437574b461885a924a20	assets/tacz/custom/tacz_default_gun/assets/tacz/tacz_sounds/m95/m95_inspect_rattle.ogg
69b99d67391818ef88f884030a54926941ec9df112a3be0c5d766b269e8c6f94	assets/tacz/custom/tacz_default_gun/assets/tacz/tacz_sounds/m95/m95_inspect_rotate.ogg
75b78faa16f0958582280675b5f3382af6bd1dc9a3649966d478ae765859c906	assets/tacz/custom/tacz_default_gun/assets/tacz/tacz_sounds/m95/m95_inspect_shoulder.ogg
12f01d4d5591c3f09e0776c631a153a3379cac6c3a179801247f073c07db61ef	assets/tacz/custom/tacz_default_gun/assets/tacz/tacz_sounds/m95/m95_put_away.ogg
685e081ee259423a2eed1b1f5aa3b0c77ff9ee56493f1149a899dba61c812138	assets/tacz/custom/tacz_default_gun/assets/tacz/tacz_sounds/m95/m95_raise_01.ogg
34ea6f0952d4741b302356f8f5d74415cf02a084688e51528dfcc36711cf4a70	assets/tacz/custom/tacz_default_gun/assets/tacz/tacz_sounds/m95/m95_raise_arm.ogg
0fb57e46654d2220f34be57340c623c4104cb22dd07436270d8f8a2a6b7b1702	assets/tacz/custom/tacz_default_gun/assets/tacz/tacz_sounds/m95/m95_raise_end.ogg
2c6f46558d4bd09300ca4c5720e7234c3c18bf903dbd89f1b440a0ca1e05e5a0	assets/tacz/custom/tacz_default_gun/assets/tacz/tacz_sounds/m95/m95_reload_arm.ogg
685e081ee259423a2eed1b1f5aa3b0c77ff9ee56493f1149a899dba61c812138	assets/tacz/custom/tacz_default_gun/assets/tacz/tacz_sounds/m95/m95_reload_empty_drop.ogg
8e9cb968b9fa11ff629eff8ad90fd97800570dd871811318ba31c18563b9cb32	assets/tacz/custom/tacz_default_gun/assets/tacz/tacz_sounds/m95/m95_reload_empty_drop_end.ogg
035edeeb43bc8e7074ffea82dc367c523250b6c733fb4ff2edf8c5d58345e7cd	assets/tacz/custom/tacz_default_gun/assets/tacz/tacz_sounds/m95/m95_reload_empty_end.ogg
f6d5acd1f3c8d1da16d433dbbf66df5374344e3c2dc2f17f16110e5a591480ee	assets/tacz/custom/tacz_default_gun/assets/tacz/tacz_sounds/m95/m95_reload_empty_lift.ogg
fd429d9125b234c154c12dc14146aef0843a25ae25fce1a371d6be9f8c0bfac2	assets/tacz/custom/tacz_default_gun/assets/tacz/tacz_sounds/m95/m95_reload_empty_maghit.ogg
75223960051734765a90e9847bde701c7dc5025759726f95bbaff724889f53df	assets/tacz/custom/tacz_default_gun/assets/tacz/tacz_sounds/m95/m95_reload_empty_magin.ogg
bae9f574d685d2ba0c3731b729c5f40b01806f245fd47e3448384964e41dfa9b	assets/tacz/custom/tacz_default_gun/assets/tacz/tacz_sounds/m95/m95_reload_empty_magout.ogg
0fb57e46654d2220f34be57340c623c4104cb22dd07436270d8f8a2a6b7b1702	assets/tacz/custom/tacz_default_gun/assets/tacz/tacz_sounds/m95/m95_reload_end.ogg
797de270873e1631924a960dbee7c03175f2972e8870f9c83e624a71897927db	assets/tacz/custom/tacz_default_gun/assets/tacz/tacz_sounds/m95/m95_reload_magin.ogg
797ebdf3adc5a2b510754a026ede34240ecb561e44967af4208a6d7646af9c8f	assets/tacz/custom/tacz_default_gun/assets/tacz/tacz_sounds/m95/m95_reload_magout.ogg
5bca346ad9b2dd163ed3daae49877d1eea8e697ea99527a0ad1dd484e08ce0b4	assets/tacz/custom/tacz_default_gun/assets/tacz/tacz_sounds/m95/m95_reload_magrelease.ogg
f6d5acd1f3c8d1da16d433dbbf66df5374344e3c2dc2f17f16110e5a591480ee	assets/tacz/custom/tacz_default_gun/assets/tacz/tacz_sounds/m95/m95_reload_raise.ogg
a724570d462fba101b6284c299e7c7d4704ca17563b60d7fafb4e1edc66d68a7	assets/tacz/custom/tacz_default_gun/assets/tacz/tacz_sounds/m95/m95_reload_rotate.ogg
8b85b280626be3b026d519a4a2cbc583182b39c4f23cb794dbb8d65eeb3306ba	assets/tacz/custom/tacz_default_gun/assets/tacz/tacz_sounds/m95/m95_shoot.ogg
94744d80c48537d920e6cd026bb594261e72fcccc79be64ff57b57d5bc0db148	assets/tacz/custom/tacz_default_gun/assets/tacz/tacz_sounds/m95/m95_shoot_3p.ogg
22433ab2d204d12fbd95c0f9e3f57b4540c41a2044a4b3ab43bbe712d334c157	assets/tacz/custom/tacz_default_gun/assets/tacz/tacz_sounds/m95/m95_silence.ogg
f8d2d160ee492f8eaf932cbcde3574d470876461993445a03370d0cae1288a60	assets/tacz/custom/tacz_default_gun/assets/tacz/tacz_sounds/m95/m95_silence_3p.ogg
75298a529632d570cd17521a794a55eea05751e569a5045955fe1e62160b2bc6	assets/tacz/custom/tacz_default_gun/assets/tacz/tacz_sounds/m9a4/m9a4_draw.ogg
16e9b0aaa01cfc6e9549ec3447f58203844af3856a834ab9e88ea37ffaa11a7c	assets/tacz/custom/tacz_default_gun/assets/tacz/tacz_sounds/m9a4/m9a4_inspect_checkchamber.ogg
72149834dc507d376692e37f7c3d857cbc7167350519e3b00d75bf3336bf1136	assets/tacz/custom/tacz_default_gun/assets/tacz/tacz_sounds/m9a4/m9a4_inspect_end.ogg
0975c2c90befabbfeee2264b7ae415a81e935692e68bb8a91fd5999c2de557a7	assets/tacz/custom/tacz_default_gun/assets/tacz/tacz_sounds/m9a4/m9a4_inspect_release.ogg
dc46ff4b13ef4cd8c1ce2c8a00db970d04a77e0d22abd3971f0b48044f96c110	assets/tacz/custom/tacz_default_gun/assets/tacz/tacz_sounds/m9a4/m9a4_inspect_rotate.ogg
6f91b2497bc00f437c01d512486dd59f3aa9d0293c5d426472dda88c1e555d99	assets/tacz/custom/tacz_default_gun/assets/tacz/tacz_sounds/m9a4/m9a4_inspect_slide.ogg
cdaa43d3e6da37d6150668e1b207db7b7f73ca01518bb16068c3ba86d4f9e6b2	assets/tacz/custom/tacz_default_gun/assets/tacz/tacz_sounds/m9a4/m9a4_inspect_start.ogg
1ce6b5a28c89693c1531ce4b15680ccb2b6b855c8dbe7a58ae37d7caa9ebf97b	assets/tacz/custom/tacz_default_gun/assets/tacz/tacz_sounds/m9a4/m9a4_put_away.ogg
345151a88567b3054607b8ddbc45c860f396f042b7ceb0dadbf1e344562cea3f	assets/tacz/custom/tacz_default_gun/assets/tacz/tacz_sounds/m9a4/m9a4_reload_charge.ogg
7fd9755b5803136a1de4de779453784317a944bc17f4665b4273c1b45f6c864a	assets/tacz/custom/tacz_default_gun/assets/tacz/tacz_sounds/m9a4/m9a4_reload_end.ogg
a2462a678e3708f02961c79c4600f9ed985957f2f75cfb924c1b2f3d35115663	assets/tacz/custom/tacz_default_gun/assets/tacz/tacz_sounds/m9a4/m9a4_reload_magdown.ogg
5cd7a38e3110bfb1622833353d74893b54176d7d0bcd5784b37abc15d356b47a	assets/tacz/custom/tacz_default_gun/assets/tacz/tacz_sounds/m9a4/m9a4_reload_magdrop.ogg
5b94a2e122aa6768a7a4e4133010aa434d9c6b742d32d1f32db05c8c4bfc8537	assets/tacz/custom/tacz_default_gun/assets/tacz/tacz_sounds/m9a4/m9a4_reload_maghit.ogg
466ae67dff58e2216fc5c540912412d92b68df2c573b57961f31d231ec84c379	assets/tacz/custom/tacz_default_gun/assets/tacz/tacz_sounds/m9a4/m9a4_reload_magin.ogg
cac4b1a0c93396b10523eacc3087bd3890fff5137316101e79a01a104acb427b	assets/tacz/custom/tacz_default_gun/assets/tacz/tacz_sounds/m9a4/m9a4_reload_magout.ogg
8342ca70a4e7b6b71b321b29ff1837f036202422994bbeaaec807aa477ef7ce6	assets/tacz/custom/tacz_default_gun/assets/tacz/tacz_sounds/m9a4/m9a4_reload_magout_fast.ogg
a7547322d621dca3f182deaab87eebb934980f04c5e157ba6d9fafc173668ff7	assets/tacz/custom/tacz_default_gun/assets/tacz/tacz_sounds/m9a4/m9a4_shoot.ogg
d1737bcbf3976c07d196373b690ec177d1b9bf43b4e26ff7d9577566ff2c5d3c	assets/tacz/custom/tacz_default_gun/assets/tacz/tacz_sounds/m9a4/m9a4_shoot_3p.ogg
83e6dedffcf060ba5dff7d5b9b6ebb954e94b9d0984fbf2aef68dba8bcd21fc4	assets/tacz/custom/tacz_default_gun/assets/tacz/tacz_sounds/m9a4/m9a4_silence.ogg
1476a63accbf659409af5c2bb56d90b2db596431c1f2b370b1114a484cf3055b	assets/tacz/custom/tacz_default_gun/assets/tacz/tacz_sounds/m9a4/m9a4_silence_3p.ogg
a29f9df2cd75e37e8cbd02a862c41f55536e913c5a1277a151929f1ab50122b5	assets/tacz/custom/tacz_default_gun/assets/tacz/tacz_sounds/mag_drop_sound/iw8_phys_mag_drop_ar_metal_dirt_04.ogg
fe7b99633c866983cd9503f5ca7881e4f509c1a26d1ac5dc0bfbedf8dbd289e1	assets/tacz/custom/tacz_default_gun/assets/tacz/tacz_sounds/mag_drop_sound/mag_drop_ar_poly_dirt.ogg
fb06445572ddc397c6510f11afe4ec1ddbf71662a447b7bc60f9a4e2a7ff52e9	assets/tacz/custom/tacz_default_gun/assets/tacz/tacz_sounds/mag_drop_sound/mag_drop_pi_metal_dirt.ogg
39d8f69271e07f3c760c679175119776b0373b6dafe6b0af942817b0244b5824	assets/tacz/custom/tacz_default_gun/assets/tacz/tacz_sounds/mag_drop_sound/mag_drop_smg_metal_dirt.ogg
f46cf33ef31894d850543971c61bdfc1f5d0a5469f2d562735d85f0b1041a862	assets/tacz/custom/tacz_default_gun/assets/tacz/tacz_sounds/mag_drop_sound/mag_drup_large_drum_dirt.ogg
b15a0b5d481eaea287524a640c2505931610637d06b071a28dd0d270f693ba42	assets/tacz/custom/tacz_default_gun/assets/tacz/tacz_sounds/melee_bayonet/melee_bayonet_01.ogg
47f2d14b1a91478360bacaf24fb6acaaf4584f210b22e5cf26ddc1641e777713	assets/tacz/custom/tacz_default_gun/assets/tacz/tacz_sounds/melee_bayonet/melee_bayonet_02.ogg
4b5a09de480f3a43dbfdc1d428fc6ae88d428b2baaf0134afef670d6d5fe2aa7	assets/tacz/custom/tacz_default_gun/assets/tacz/tacz_sounds/melee_bayonet/melee_bayonet_03.ogg
4b5a09de480f3a43dbfdc1d428fc6ae88d428b2baaf0134afef670d6d5fe2aa7	assets/tacz/custom/tacz_default_gun/assets/tacz/tacz_sounds/melee_bayonet/melee_bayonet_04.ogg
b15a0b5d481eaea287524a640c2505931610637d06b071a28dd0d270f693ba42	assets/tacz/custom/tacz_default_gun/assets/tacz/tacz_sounds/melee_bayonet/melee_bayonet_05.ogg
bbd2c18d21879af1e6294c794d9d3e38b6d2dbb11a8bffa2c9a0cf8dd11ba0bc	assets/tacz/custom/tacz_default_gun/assets/tacz/tacz_sounds/melee_stock/melee_stock_01.ogg
52a443d0ecad1f9970e203723802f82af2fe19864e9a096f0775534a792ce8ce	assets/tacz/custom/tacz_default_gun/assets/tacz/tacz_sounds/melee_stock/melee_stock_02.ogg
bb90ed6003bb9f59188198d14467e2e19c2bb55681b7f01efbff52adca95387b	assets/tacz/custom/tacz_default_gun/assets/tacz/tacz_sounds/melee_stock/melee_stock_03.ogg
3c5a5f91e31bcd0fb7192625b032c725b0c291b9d456fec6cadcf074f35aa60c	assets/tacz/custom/tacz_default_gun/assets/tacz/tacz_sounds/minigun/minigun_barrel_whine.ogg
e8c3240051337bb534b9e71539498e046a1274731701b1d5beb18521909069c4	assets/tacz/custom/tacz_default_gun/assets/tacz/tacz_sounds/minigun/minigun_barrel_whine1.ogg
487d06253c977858361fad4db4de3674fdc74018118599748e5a60c2452ac2b1	assets/tacz/custom/tacz_default_gun/assets/tacz/tacz_sounds/minigun/minigun_barrel_whine_low_speed.ogg
520df259bb1080a7bba22e7190c1dedef765d2853cb9245bcfa74fbfacd12f36	assets/tacz/custom/tacz_default_gun/assets/tacz/tacz_sounds/minigun/minigun_draw.ogg
b8548b57cfa8d88b0331a62dde9c5e25509b47e5fb760d1e3ef7ab04a5ab995e	assets/tacz/custom/tacz_default_gun/assets/tacz/tacz_sounds/minigun/minigun_inspect.ogg
ec97a53d7a772a6bb267e72e4fd9e3b4ac822d0396caf9ef5adecb9a0ef32f89	assets/tacz/custom/tacz_default_gun/assets/tacz/tacz_sounds/minigun/minigun_inspect_end.ogg
2299ad340722c167a7f02ebff7a6facc3f661545bad25acece96856c0f610bac	assets/tacz/custom/tacz_default_gun/assets/tacz/tacz_sounds/minigun/minigun_inspect_raise.ogg
21a2fdbf04fb27fa360712057955e8eb4e8fe1811a2acb9361e52031098376d4	assets/tacz/custom/tacz_default_gun/assets/tacz/tacz_sounds/minigun/minigun_inspect_rattle.ogg
65ceb9a259b82ffceefcb4170ed510792446a7805dfbc79021cf099cf264ac24	assets/tacz/custom/tacz_default_gun/assets/tacz/tacz_sounds/minigun/minigun_inspect_rotate1.ogg
8e87d1466f1942f1e6af5d9f7c46d59b50e310f397051a152bc2f6e502a11161	assets/tacz/custom/tacz_default_gun/assets/tacz/tacz_sounds/minigun/minigun_inspect_rotate2.ogg
ea35009c22a8f250b81b39aa8d566ce7c61b7bcfdffdeae142dd5bb288755faf	assets/tacz/custom/tacz_default_gun/assets/tacz/tacz_sounds/minigun/minigun_inspect_windup.ogg
6d067bbfff78d2aab16e31c6e7c37e61a1b3372be5ed777dc883868900136eed	assets/tacz/custom/tacz_default_gun/assets/tacz/tacz_sounds/minigun/minigun_overheat_buzz.ogg
f45c91cbe8f86adb027edc2fad723598ce95fa6cf50788d117fec6f8bf77ef1d	assets/tacz/custom/tacz_default_gun/assets/tacz/tacz_sounds/minigun/minigun_overheat_mvmt1.ogg
8ad562e7df76765170d7ac3f5c9107c771d29aeb5ea995929f6a930a76aa233f	assets/tacz/custom/tacz_default_gun/assets/tacz/tacz_sounds/minigun/minigun_overheat_mvmt2.ogg
80f52f335d80c903cf414ac67319a2dc274a3f8c974146e7601a6a32255cedfb	assets/tacz/custom/tacz_default_gun/assets/tacz/tacz_sounds/minigun/minigun_overheat_mvmt3.ogg
2b73b01ac245c2461a0ee8f69a280f72bcf30ece20cd0b3dd685af7e439a40e1	assets/tacz/custom/tacz_default_gun/assets/tacz/tacz_sounds/minigun/minigun_put_away.ogg
d0f7f9e6250f12014c312aec5d28178236190f24e80ea1ceb560d1920e1f0440	assets/tacz/custom/tacz_default_gun/assets/tacz/tacz_sounds/minigun/minigun_shoot.ogg
2985470ab0bacc8ba6b4a5911cbf707652c4da1ef946640fb23595d5a16946e4	assets/tacz/custom/tacz_default_gun/assets/tacz/tacz_sounds/minigun/minigun_shoot_3p.ogg
38c88eadc8098adaf79da772d8e722fe8907fd2367479018682e5d0495fa4617	assets/tacz/custom/tacz_default_gun/assets/tacz/tacz_sounds/minigun/minigun_winddown.ogg
d8f293f17e6e5b5dc570a565829af541cfc484d1fd3ead22fb577654726e0383	assets/tacz/custom/tacz_default_gun/assets/tacz/tacz_sounds/minigun/minigun_windup.ogg
15530c026b073c631b1458537b71cdcceac11e3742cc5f39888990b5942ebf5f	assets/tacz/custom/tacz_default_gun/assets/tacz/tacz_sounds/mk14/mk14_draw.ogg
f5482042dea7dbfe98f23d1d0e74da4e06e9e111de4e5a254f8d8dc2aa2de619	assets/tacz/custom/tacz_default_gun/assets/tacz/tacz_sounds/mk14/mk14_inspect.ogg
8b7414b4d0297c6569beb64f6f688a6b63ffeab186554b75ae405ac685ee34d5	assets/tacz/custom/tacz_default_gun/assets/tacz/tacz_sounds/mk14/mk14_inspect_empty.ogg
d45180c19b0ad80ac2b856d27b7068c2e0a986f9ea26be4cb5217cb898387848	assets/tacz/custom/tacz_default_gun/assets/tacz/tacz_sounds/mk14/mk14_put_away.ogg
466f23c72e24cb1f2f6921ccb39632bed9f6c8d5edd008a95a33f1b6bd6d4128	assets/tacz/custom/tacz_default_gun/assets/tacz/tacz_sounds/mk14/mk14_reload_empty.ogg
e9aba6dd92469bb4b6a3cd33a46bf83149c117d5fa9fe32bf7141a2ddb1e5bc3	assets/tacz/custom/tacz_default_gun/assets/tacz/tacz_sounds/mk14/mk14_reload_tactical.ogg
ea467e89d3f7600b6414e9290c5da5de744668c6a6d57c642fbc9c13c911fddd	assets/tacz/custom/tacz_default_gun/assets/tacz/tacz_sounds/mk14/mk14_shoot.ogg
64577ead5d5b163c109b92b5032be50b52cc923ab0f8ccd1b60db586137b1016	assets/tacz/custom/tacz_default_gun/assets/tacz/tacz_sounds/mk14/mk14_shoot_3p.ogg
79617a347d257b15cde2e599e3b7de7f5a8deb8707e9f137fef040103d967c13	assets/tacz/custom/tacz_default_gun/assets/tacz/tacz_sounds/mk14/mk14_silence.ogg
b78fd4df501287cddf4fe5afbeeeb95378c2d7b966e0db20e63c5e50a145b71b	assets/tacz/custom/tacz_default_gun/assets/tacz/tacz_sounds/mk14/mk14_silence_3p.ogg
7c73f9d2bd7ee72ca117ba5c6254bae1d9b69f86b285aa4fc308dc3c6a8dc8a8	assets/tacz/custom/tacz_default_gun/assets/tacz/tacz_sounds/mk23/mk23_bolt.ogg
92522a8df05193049bb3cf3eec5100aa68ab0c50411ff50a6ae2cb9f3cb6eee0	assets/tacz/custom/tacz_default_gun/assets/tacz/tacz_sounds/mk23/mk23_draw.ogg
84fcc0eaa0155023832fe1c7ffe123998182bfdbbe20dd54c5ba33057539ba4c	assets/tacz/custom/tacz_default_gun/assets/tacz/tacz_sounds/mk23/mk23_hammer.ogg
f24e4873208945f7518857ed36a5d63262d603fa444ebe1789e5d8cc69b2042c	assets/tacz/custom/tacz_default_gun/assets/tacz/tacz_sounds/mk23/mk23_inspect_chamber.ogg
50ad259c91fee75ae1c120f6dc6813a62c78775bc8bd186c324f1b83004f00b6	assets/tacz/custom/tacz_default_gun/assets/tacz/tacz_sounds/mk23/mk23_inspect_charge.ogg
a3e467379cc516322bb333398430faf15d483cb3db18f1b0ae4ca1dc092d708e	assets/tacz/custom/tacz_default_gun/assets/tacz/tacz_sounds/mk23/mk23_inspect_end.ogg
87b93adba4707baf6c982927a98ead77e0e628ecf1471a14935015ed047a61f2	assets/tacz/custom/tacz_default_gun/assets/tacz/tacz_sounds/mk23/mk23_inspect_hammer.ogg
701dcf41a5c7a927b597f781f403f0ebb5249b77e0b9a1921269fca0c898304f	assets/tacz/custom/tacz_default_gun/assets/tacz/tacz_sounds/mk23/mk23_inspect_rack.ogg
8dd1a9f5833df3dffb42d58d891e51648f1b042d90dcd2f22b3949b877466ed1	assets/tacz/custom/tacz_default_gun/assets/tacz/tacz_sounds/mk23/mk23_inspect_start.ogg
71c31c79a76da89e18c2ef375a90f79c15bb78915272d2cb9cee746861f4e923	assets/tacz/custom/tacz_default_gun/assets/tacz/tacz_sounds/mk23/mk23_inspect_toss.ogg
58d48d6949a8bba9e30ae58c8372069303237c7d13d4ce164195abdab4e4850a	assets/tacz/custom/tacz_default_gun/assets/tacz/tacz_sounds/mk23/mk23_put_away.ogg
7f0c744b42cd2f4feff26de84f49d7209da3fdc2f707da4b233c1ad19f42fb78	assets/tacz/custom/tacz_default_gun/assets/tacz/tacz_sounds/mk23/mk23_rack_on.ogg
f06e8825ec006988c89e687009be9f60ccb2e27af3c6fd87ed04d344dea51843	assets/tacz/custom/tacz_default_gun/assets/tacz/tacz_sounds/mk23/mk23_reload_empty_bump_charge.ogg
2af0e5fcfeb5e7c64bc7474024801e77093e74e89391a45254da903c2039ee6b	assets/tacz/custom/tacz_default_gun/assets/tacz/tacz_sounds/mk23/mk23_reload_empty_charge.ogg
53d43dda02e05c3a85d879b1e9bd1cf1b40bf4aa59209f475fb3494164aba26d	assets/tacz/custom/tacz_default_gun/assets/tacz/tacz_sounds/mk23/mk23_reload_empty_magout.ogg
5d653ad77da6ae4f753204ffcc9712bc3c1ff71a5847b7d15f83dea99ba2dcc1	assets/tacz/custom/tacz_default_gun/assets/tacz/tacz_sounds/mk23/mk23_reload_tactical_end.ogg
61f5ad0bd236fd7e5b483c81f46625ff20e1a1743b5ea127bc96f4557647aebb	assets/tacz/custom/tacz_default_gun/assets/tacz/tacz_sounds/mk23/mk23_reload_tactical_magin.ogg
cd1a3aded2f2f8321945b0ac01e75966e225c54ea33108b8ea6af6e362d28864	assets/tacz/custom/tacz_default_gun/assets/tacz/tacz_sounds/mk23/mk23_reload_tactical_magin_xmag.ogg
53d43dda02e05c3a85d879b1e9bd1cf1b40bf4aa59209f475fb3494164aba26d	assets/tacz/custom/tacz_default_gun/assets/tacz/tacz_sounds/mk23/mk23_reload_tactical_magout.ogg
e1bfa95b9bcc6899231e88d900515e4a7907479094a919ac315e9ea3f0b8a55f	assets/tacz/custom/tacz_default_gun/assets/tacz/tacz_sounds/mk23/mk23_reload_tactical_rise.ogg
c44105cad27b2138470a974f4fe648592c464941202a5d75b83a4182956bdcb4	assets/tacz/custom/tacz_default_gun/assets/tacz/tacz_sounds/mk23/mk23_shoot.ogg
3e88a3ac291693b5d1fb164524948b8ed077656e79267dc36f5621c8bf2c8ca5	assets/tacz/custom/tacz_default_gun/assets/tacz/tacz_sounds/mk23/mk23_shoot_3p.ogg
40390cf6014e26dfe8886ff80734291a1e46ab25710d3c941f442de73f0f4f77	assets/tacz/custom/tacz_default_gun/assets/tacz/tacz_sounds/mk23/mk23_silence.ogg
250bfe09f8870083d6114338a355050435d5c61ae6e0d6b8c94800a983ad5a13	assets/tacz/custom/tacz_default_gun/assets/tacz/tacz_sounds/mk23/mk23_silence_3p.ogg
63a7ff01afdf088341807c7391a45358903344927a5be535866c199eeab29131	assets/tacz/custom/tacz_default_gun/assets/tacz/tacz_sounds/mk23/mk23_switch_firemode.ogg
c93c70276198ca915acba4cc9017ef961361ad088fdab4ffb58ac9be92355eb7	assets/tacz/custom/tacz_default_gun/assets/tacz/tacz_sounds/p320/p320_draw.ogg
256014ab865518da9903279a4f3f51b2d8334bba78cce8aab2e837401d7557e2	assets/tacz/custom/tacz_default_gun/assets/tacz/tacz_sounds/p320/p320_inspect_empty_end.ogg
d82025485a56ff847738cee2c8a8eeeb8cb801f39fb05b05bfd9abfd3430312c	assets/tacz/custom/tacz_default_gun/assets/tacz/tacz_sounds/p320/p320_inspect_empty_flip.ogg
6589080cbef1627d65fd7aadd0f30e24e3d7d526f770c02dd9675fdfa1f33461	assets/tacz/custom/tacz_default_gun/assets/tacz/tacz_sounds/p320/p320_inspect_empty_maghit.ogg
f56fa7cb83eb280443b7086f0abac69ccbee8ea89afaceee2e605d42147f403a	assets/tacz/custom/tacz_default_gun/assets/tacz/tacz_sounds/p320/p320_inspect_empty_magin.ogg
283397311edadbdf898f66d3873f545fd1c98bd97065c783d43d5df31b87aa43	assets/tacz/custom/tacz_default_gun/assets/tacz/tacz_sounds/p320/p320_inspect_empty_magout.ogg
a0e454ee2f545a16c99b246b75da412030a1a9d6faf24ec48cbb6cde3b4bde09	assets/tacz/custom/tacz_default_gun/assets/tacz/tacz_sounds/p320/p320_inspect_empty_raise.ogg
c926855196a1a309980035e6a2f465b6490166d0651493539991d7960dac4562	assets/tacz/custom/tacz_default_gun/assets/tacz/tacz_sounds/p320/p320_inspect_empty_rattle.ogg
4f3b790f3d92e35758ae49f10725bac6b32b2f0c8a4c1c5abde3110ddb293abf	assets/tacz/custom/tacz_default_gun/assets/tacz/tacz_sounds/p320/p320_inspect_empty_rotate.ogg
5abcb47a82e7d42ef444166f7a1e0cf8139d110bfab22950d64aea9f803c4d0b	assets/tacz/custom/tacz_default_gun/assets/tacz/tacz_sounds/p320/p320_inspect_slidepull.ogg
e08fec3503618936a440cde4ce1a91bb56ef4e7bb20336cb0d9c084d66f1c6b1	assets/tacz/custom/tacz_default_gun/assets/tacz/tacz_sounds/p320/p320_inspect_sliderelease.ogg
28e3167636f4674d1caf5bf7168aa7ed1920f9b13fbd8ffa7f133b3bd1e3539a	assets/tacz/custom/tacz_default_gun/assets/tacz/tacz_sounds/p320/p320_mag_drop.ogg
a30d4f51f9299a757d3a53e0f29468b7c423e19207ecc21cded11c684e3109a7	assets/tacz/custom/tacz_default_gun/assets/tacz/tacz_sounds/p320/p320_put_away.ogg
20531f1df0ea5584d06952c7d93c5f9debe9e4bf5e27e71f762d97ded4a3373d	assets/tacz/custom/tacz_default_gun/assets/tacz/tacz_sounds/p320/p320_reload_empty_charge.ogg
47901e284f4c84ee261da4095bd919b9fa4788724a5012f72b98659dbbfe359b	assets/tacz/custom/tacz_default_gun/assets/tacz/tacz_sounds/p320/p320_reload_empty_end.ogg
2abee12633d1954d70419afecbf7ee42de8c1cfd96a7ed0d32dadf63834fb44f	assets/tacz/custom/tacz_default_gun/assets/tacz/tacz_sounds/p320/p320_reload_empty_maghit.ogg
338041c5e45f0c0c57de3a1cc53a9a3f775886735fdb3bf0b55f6205ad60cb42	assets/tacz/custom/tacz_default_gun/assets/tacz/tacz_sounds/p320/p320_reload_empty_magin.ogg
25fd55e0bf27f2424f9f4d8f96be6059915495e4529cf4258ea320ea62546228	assets/tacz/custom/tacz_default_gun/assets/tacz/tacz_sounds/p320/p320_reload_empty_magout.ogg
f1eec8cb46eca1389c9f2f101112c42f183b080f15a8a4719a39b1644c15a0ee	assets/tacz/custom/tacz_default_gun/assets/tacz/tacz_sounds/p320/p320_reload_empty_magrelease.ogg
15464839acc6b8f2205b750d8cb78b6bf4e171d036530c29fc65ef1a3395ef8d	assets/tacz/custom/tacz_default_gun/assets/tacz/tacz_sounds/p320/p320_reload_empty_raise.ogg
af7550fdd4c1416f66698a88c730309434baac465a9dad0592446abfe730eeea	assets/tacz/custom/tacz_default_gun/assets/tacz/tacz_sounds/p320/p320_reload_fast_end.ogg
04e4a9bd885cbbf36b615feacb40f69f30be22ed78026a5669c8fa4b97e38ae2	assets/tacz/custom/tacz_default_gun/assets/tacz/tacz_sounds/p320/p320_reload_maghit.ogg
4655b67bca5c9441a5bd1968463d7ed787e73b50d8c15ca7d2450a3aa7308ede	assets/tacz/custom/tacz_default_gun/assets/tacz/tacz_sounds/p320/p320_reload_magin.ogg
1ce282145201485c7b896d44af1da71cda2dc990f65973a275b657a2220148e1	assets/tacz/custom/tacz_default_gun/assets/tacz/tacz_sounds/p320/p320_reload_magout.ogg
d5e3918eed23ffd792c190c17f3197ff5a7e3925bd9ea9047ff8af6b4e0967a0	assets/tacz/custom/tacz_default_gun/assets/tacz/tacz_sounds/p320/p320_reload_magrelease.ogg
21064e546910166adbfc26680e9c450a9960cb265168419b3df3d59f93bfe4c5	assets/tacz/custom/tacz_default_gun/assets/tacz/tacz_sounds/p320/p320_reload_raise.ogg
c2df519983d5e7cefd548df33e6d7ca8e8d171435fff625fecf4ee35d91efe33	assets/tacz/custom/tacz_default_gun/assets/tacz/tacz_sounds/p320/p320_shoot.ogg
7ee5516931b0ea454691e127c1ab8c742b997a3005351c424e953c295aa970eb	assets/tacz/custom/tacz_default_gun/assets/tacz/tacz_sounds/p320/p320_shoot_3p.ogg
a5cf20e06e9a07c50decccce5ed79d50328e90d2cea118a344f1b101d98cd857	assets/tacz/custom/tacz_default_gun/assets/tacz/tacz_sounds/p320/p320_silence.ogg
329db08d61c5bab50ee5d32b593490b0f73efd48971a70c2a2db4e0bf89c1008	assets/tacz/custom/tacz_default_gun/assets/tacz/tacz_sounds/p320/p320_silence_3p.ogg
fa79fbf52236c4271a1f66ed46fce6539231349cc41e6bce91db9cb803bcb551	assets/tacz/custom/tacz_default_gun/assets/tacz/tacz_sounds/p90/p90_draw.ogg
3b663b96ba7033df36dcbf76be0f52f1a6a6004b327148ee6114752c9a780ef2	assets/tacz/custom/tacz_default_gun/assets/tacz/tacz_sounds/p90/p90_inspect_armdown.ogg
38935baa9eb2a3b156b3b090f41f8c15093c78c66f73c0606c8bebfb67c771b9	assets/tacz/custom/tacz_default_gun/assets/tacz/tacz_sounds/p90/p90_inspect_armup.ogg
4ec78e1c76fc903cd3a2661cba1d9115961a0dec73bae85e2060bd5ea753d9f0	assets/tacz/custom/tacz_default_gun/assets/tacz/tacz_sounds/p90/p90_inspect_end.ogg
178d8b966ced0804927119755e1162868b7bbfbf93725c7b0e0a902c99eece12	assets/tacz/custom/tacz_default_gun/assets/tacz/tacz_sounds/p90/p90_inspect_grabgrip.ogg
cacefec8ffbdf6ef8c5fd368ec54f1ecc4157c2e2a99423dddbb2e330c4e64d3	assets/tacz/custom/tacz_default_gun/assets/tacz/tacz_sounds/p90/p90_inspect_raise.ogg
bd412f35ae58c2c3bc8198adcaa82adcc4da99ae2b17bdb9bddab46b5b793b97	assets/tacz/custom/tacz_default_gun/assets/tacz/tacz_sounds/p90/p90_inspect_rattle.ogg
2d5b4cc7818b1ec378503ed64683b892b395b7241cc6df403e320115409a748b	assets/tacz/custom/tacz_default_gun/assets/tacz/tacz_sounds/p90/p90_inspect_tilt.ogg
5ca6b293a874e6cdded3a29ea783ba14c96a9637c70a7b2fec6f965fab5d5db7	assets/tacz/custom/tacz_default_gun/assets/tacz/tacz_sounds/p90/p90_mag_drop.ogg
42090a301829aea1a78126068204503e2b60c9ded568c46c1a38646674e55265	assets/tacz/custom/tacz_default_gun/assets/tacz/tacz_sounds/p90/p90_put_away.ogg
c0511da5f89476b45d03f992fcae5b1e2232bc33577763d095efa81745f9e013	assets/tacz/custom/tacz_default_gun/assets/tacz/tacz_sounds/p90/p90_reload_empty_armmvmnt.ogg
e4ea18402385e25e60a279326a7e4715ef5e4c659fa6d13636eec6b5acdc8093	assets/tacz/custom/tacz_default_gun/assets/tacz/tacz_sounds/p90/p90_reload_empty_boltcharge.ogg
d0334ed8b9e68719314b0e1073f95ff1b9e9eaa99b21965835bd5c3f6ce17574	assets/tacz/custom/tacz_default_gun/assets/tacz/tacz_sounds/p90/p90_reload_empty_end.ogg
bdc2f8516c306fb4a55b5ac5533fb8f688a6d5c72cf5b930cc210f5aaf58db3f	assets/tacz/custom/tacz_default_gun/assets/tacz/tacz_sounds/p90/p90_reload_empty_handlegrab.ogg
9e6c60bcee5522daad74f9b4c351e6a1719c4dec5c8e86e645ae23930ad79d8a	assets/tacz/custom/tacz_default_gun/assets/tacz/tacz_sounds/p90/p90_reload_empty_magin.ogg
59438b7bfed3c0fbd99d69a95048a76e867c9f3d40b5a4da0ffe5d11bed005b2	assets/tacz/custom/tacz_default_gun/assets/tacz/tacz_sounds/p90/p90_reload_empty_magout.ogg
5ccbda8533fb2e943c6574e734a45e47dc7230d9e3640b1a4a7856506944520d	assets/tacz/custom/tacz_default_gun/assets/tacz/tacz_sounds/p90/p90_reload_empty_rattlearm2.ogg
afbed58810e590f72dafb5d1022e9b30dff03db2c18479312152434c4b804ad5	assets/tacz/custom/tacz_default_gun/assets/tacz/tacz_sounds/p90/p90_reload_end.ogg
061e42257e7b8805caf879bbce3f658377930c00a2460324e73f899f218fabf9	assets/tacz/custom/tacz_default_gun/assets/tacz/tacz_sounds/p90/p90_reload_fast_empty_magin.ogg
acf40dcea45fee4113e0674074dfb407492d31c8f9df377de489efa942a0c5e5	assets/tacz/custom/tacz_default_gun/assets/tacz/tacz_sounds/p90/p90_reload_magbangdown.ogg
a8735e5f2085fdac04644e00e2c3343b2d14a588ee6d845b8c486ff888eacf2f	assets/tacz/custom/tacz_default_gun/assets/tacz/tacz_sounds/p90/p90_reload_maggrab.ogg
95b9e9819788fa9fcf4d2727de7aa90839fa7a209df6f710f37f86387b5f2d96	assets/tacz/custom/tacz_default_gun/assets/tacz/tacz_sounds/p90/p90_reload_maghitwell.ogg
60b69a5427f52c8eec29f8b603ca2a5cfeada19132f51dae6e0c38577eb549e2	assets/tacz/custom/tacz_default_gun/assets/tacz/tacz_sounds/p90/p90_reload_magin.ogg
5952eb0d55052ab29045a806564d995bdd88ff34d97d915caeee2372c384d612	assets/tacz/custom/tacz_default_gun/assets/tacz/tacz_sounds/p90/p90_reload_magout.ogg
04e2fbe8b67082a50f493913120ccf7cd7ee65df087e76e66220566045575ee8	assets/tacz/custom/tacz_default_gun/assets/tacz/tacz_sounds/p90/p90_reload_magrelease.ogg
6950c7ce99bc45e297112413a8afe8c0ef58e250a379959d18d19458cc9982ee	assets/tacz/custom/tacz_default_gun/assets/tacz/tacz_sounds/p90/p90_reload_raise.ogg
f1881441f5ac8a2cb0ff3c9636b14a6355e4bf2be4a34bcd55c05698183ee7ef	assets/tacz/custom/tacz_default_gun/assets/tacz/tacz_sounds/p90/p90_reload_rattlearm1.ogg
833c33851d12557fa5198663605f1e7753c80a8c6cd71fe82af99295d1e02d4c	assets/tacz/custom/tacz_default_gun/assets/tacz/tacz_sounds/p90/p90_reload_rattlearm2.ogg
5776f74bbccec879fa3a901933f6dfe8a38080af6142194ecab3e42262ce3000	assets/tacz/custom/tacz_default_gun/assets/tacz/tacz_sounds/p90/p90_shoot.ogg
92f9ab836c0a27b9853a599b4ac561fd0b318f1944ed08d7f92212157065f912	assets/tacz/custom/tacz_default_gun/assets/tacz/tacz_sounds/p90/p90_shoot_3p.ogg
c518233cf8c8ed082ba7a9de2c95b4554b879468d61e1fc2c52ac68e1d391217	assets/tacz/custom/tacz_default_gun/assets/tacz/tacz_sounds/p90/p90_silence.ogg
1559533b2fb821c9c68b9b75fe6d651938774a08324b35996ad7f12c1c67399b	assets/tacz/custom/tacz_default_gun/assets/tacz/tacz_sounds/p90/p90_silence_3p.ogg
cf7b48aa47776740c89efe88fe824875204e5d701108cf9829c31a3a497ee950	assets/tacz/custom/tacz_default_gun/assets/tacz/tacz_sounds/qbz_191/cloth_move_1.ogg
b59b6a1c5dcd77af9b9093fbdccdd8f59789ec0576354b07abb7967c009ae4c2	assets/tacz/custom/tacz_default_gun/assets/tacz/tacz_sounds/qbz_191/cloth_move_2.ogg
4dd3511c8718fc8d97eec5ea7d36e1b3343ecaf911acf709bf8a01ab953f4134	assets/tacz/custom/tacz_default_gun/assets/tacz/tacz_sounds/qbz_191/cloth_move_3.ogg
a721521a5747c33d3ab72da5df82e770113b7da00e011b48c8fd6290f3a64546	assets/tacz/custom/tacz_default_gun/assets/tacz/tacz_sounds/qbz_191/cloth_move_4.ogg
d54fd469ad0caad0a91c4407f56826707906aa997b924b823c8eeb96e9e00834	assets/tacz/custom/tacz_default_gun/assets/tacz/tacz_sounds/qbz_191/qbz191_draw.ogg
6dd6eb85b8dca3795108ebdc7bd5d9624523e3e7926fa19501e4cfc62eba2731	assets/tacz/custom/tacz_default_gun/assets/tacz/tacz_sounds/qbz_191/qbz191_hit.ogg
701a151bd22b788dc2dd78afbcf32247cbe74b94f5b896e27af80a4cb044f6e3	assets/tacz/custom/tacz_default_gun/assets/tacz/tacz_sounds/qbz_191/qbz191_hit2.ogg
b66d4d00e5c3bfd67e252aa738d933e36e4fafda6b9c48d274e2cd1089192561	assets/tacz/custom/tacz_default_gun/assets/tacz/tacz_sounds/qbz_191/qbz191_magdrop.ogg
49a542b1d59d266d4b01180bef8276b1f8ca6a997ebce35251324a6792f827a8	assets/tacz/custom/tacz_default_gun/assets/tacz/tacz_sounds/qbz_191/qbz191_maghit1.ogg
aed203f32225992012344dfe9fcd66f9bbde938e07eba44a5118fe77da02d339	assets/tacz/custom/tacz_default_gun/assets/tacz/tacz_sounds/qbz_191/qbz191_maghit2.ogg
b736467e830bde6ae0c58d571f25ae077eb8d65f7233dd64ee8049c2812e83a8	assets/tacz/custom/tacz_default_gun/assets/tacz/tacz_sounds/qbz_191/qbz191_magin_fast.ogg
18abf9680ceb0427e92050652ce2c02d592d042590e97e34ed62bccc3ed1cf84	assets/tacz/custom/tacz_default_gun/assets/tacz/tacz_sounds/qbz_191/qbz191_magout_fast.ogg
17877facdb41fa905212ec6265de314d8dbcace2d912f05e9818f22695b8da77	assets/tacz/custom/tacz_default_gun/assets/tacz/tacz_sounds/qbz_191/qbz191_magpull.ogg
1aeec3a369c6da283a543edada547a967caa48e9a841c146c4cf991ef39f5e13	assets/tacz/custom/tacz_default_gun/assets/tacz/tacz_sounds/qbz_191/qbz191_move.ogg
723519e40f2e7c7b1b346358cf61f350ac16f3174ada21bd0836b2928658631c	assets/tacz/custom/tacz_default_gun/assets/tacz/tacz_sounds/qbz_191/qbz191_move2.ogg
e382abfdcb1bbf22d7326557e5f80dae97ce2e11755b05d3499c5dde32af6240	assets/tacz/custom/tacz_default_gun/assets/tacz/tacz_sounds/qbz_191/qbz191_move3.ogg
195476ee8bde9818611c57c7c53cfa8e7892ad47f90bbafc23f5cd066f30092b	assets/tacz/custom/tacz_default_gun/assets/tacz/tacz_sounds/qbz_191/qbz191_putaway.ogg
862496aff52f4eb20bacab457ee7d0ecedf15a7cb0705050b6e52769c0de4f4a	assets/tacz/custom/tacz_default_gun/assets/tacz/tacz_sounds/qbz_191/qbz191_rack_in.ogg
facfc2940b43dd700c97dc3d341291b0bf1bd89614a3bc00f305f39292db2930	assets/tacz/custom/tacz_default_gun/assets/tacz/tacz_sounds/qbz_191/qbz191_rackhit.ogg
bd339a549b43de2dcf283fc2cd29627358e84a26e51883da7f77fa6cd80ac3a9	assets/tacz/custom/tacz_default_gun/assets/tacz/tacz_sounds/qbz_191/qbz191_raise.ogg
86d8fc55661d4564c18c0c7ee767003fc0728867008fe2ca2cbf4e2c508d197b	assets/tacz/custom/tacz_default_gun/assets/tacz/tacz_sounds/qbz_191/qbz191_reset.ogg
8d0bb1b4a353abcf8b0bc1307494099db0cf9cd4cb24ee0aed095ecff1336bda	assets/tacz/custom/tacz_default_gun/assets/tacz/tacz_sounds/qbz_191/qbz191_shoot.ogg
e696cb8aba52b06063c286c2cf1c9f302c78dd53179dcd2b2116001d483550a8	assets/tacz/custom/tacz_default_gun/assets/tacz/tacz_sounds/qbz_191/qbz191_shoot_3p.ogg
99d0653b3f9522d8272c331f61dee24fc86fb2192dfca8b83c0c06cf18f7443e	assets/tacz/custom/tacz_default_gun/assets/tacz/tacz_sounds/qbz_191/qbz191_silence.ogg
b06752b8e26f59977b199a49c04f7677196b7dddd5b55ab480f069e63e4f8615	assets/tacz/custom/tacz_default_gun/assets/tacz/tacz_sounds/qbz_191/qbz191_silence_3p.ogg
a26459ad4a51c2e15ed245e110665c025771048b19eccefeea9d8a9b57cd10da	assets/tacz/custom/tacz_default_gun/assets/tacz/tacz_sounds/qbz_191/qbz191_xmagdrop.ogg
7f6b89c296bd98c08d74f7c2590c8e20c6bc14047b3ae758ecddfb62fb1bc002	assets/tacz/custom/tacz_default_gun/assets/tacz/tacz_sounds/qbz_191/qbz191_xmagin.ogg
18abf9680ceb0427e92050652ce2c02d592d042590e97e34ed62bccc3ed1cf84	assets/tacz/custom/tacz_default_gun/assets/tacz/tacz_sounds/qbz_191/qbz191_xmagout.ogg
d54fd469ad0caad0a91c4407f56826707906aa997b924b823c8eeb96e9e00834	assets/tacz/custom/tacz_default_gun/assets/tacz/tacz_sounds/qbz_95/qbz_95_draw.ogg
86d8fc55661d4564c18c0c7ee767003fc0728867008fe2ca2cbf4e2c508d197b	assets/tacz/custom/tacz_default_gun/assets/tacz/tacz_sounds/qbz_95/qbz_95_inspect_drop.ogg
0c14d599ce76d6ecbbc60404625f6a97554b5c7b17f842cb6732248791e00aa0	assets/tacz/custom/tacz_default_gun/assets/tacz/tacz_sounds/qbz_95/qbz_95_inspect_fast_up.ogg
bd339a549b43de2dcf283fc2cd29627358e84a26e51883da7f77fa6cd80ac3a9	assets/tacz/custom/tacz_default_gun/assets/tacz/tacz_sounds/qbz_95/qbz_95_inspect_mid.ogg
723519e40f2e7c7b1b346358cf61f350ac16f3174ada21bd0836b2928658631c	assets/tacz/custom/tacz_default_gun/assets/tacz/tacz_sounds/qbz_95/qbz_95_inspect_quick.ogg
1aeec3a369c6da283a543edada547a967caa48e9a841c146c4cf991ef39f5e13	assets/tacz/custom/tacz_default_gun/assets/tacz/tacz_sounds/qbz_95/qbz_95_put_away.ogg
862496aff52f4eb20bacab457ee7d0ecedf15a7cb0705050b6e52769c0de4f4a	assets/tacz/custom/tacz_default_gun/assets/tacz/tacz_sounds/qbz_95/qbz_95_reload_empty_charge_in.ogg
6dd6eb85b8dca3795108ebdc7bd5d9624523e3e7926fa19501e4cfc62eba2731	assets/tacz/custom/tacz_default_gun/assets/tacz/tacz_sounds/qbz_95/qbz_95_reload_empty_charge_out.ogg
195476ee8bde9818611c57c7c53cfa8e7892ad47f90bbafc23f5cd066f30092b	assets/tacz/custom/tacz_default_gun/assets/tacz/tacz_sounds/qbz_95/qbz_95_reload_empty_end.ogg
767f3881252cd9de0b856143639f58557bbd4cf325a9c2762235afba42511153	assets/tacz/custom/tacz_default_gun/assets/tacz/tacz_sounds/qbz_95/qbz_95_reload_empty_fast_rotate.ogg
17877facdb41fa905212ec6265de314d8dbcace2d912f05e9818f22695b8da77	assets/tacz/custom/tacz_default_gun/assets/tacz/tacz_sounds/qbz_95/qbz_95_reload_empty_maghit.ogg
b736467e830bde6ae0c58d571f25ae077eb8d65f7233dd64ee8049c2812e83a8	assets/tacz/custom/tacz_default_gun/assets/tacz/tacz_sounds/qbz_95/qbz_95_reload_empty_magin.ogg
c0b16965dcd00aa444d1ada70b39580a2103e28841d4a4d5c419770810423fb9	assets/tacz/custom/tacz_default_gun/assets/tacz/tacz_sounds/qbz_95/qbz_95_reload_empty_magout.ogg
b61c6faa4197645c7be376f59619d269ca925754d6cc2c6999ca5e90f0f93732	assets/tacz/custom/tacz_default_gun/assets/tacz/tacz_sounds/qbz_95/qbz_95_reload_end.ogg
edd40d872b4b9554530422e53f10a4c54a12039739c04327dbf62ac6cdc7f392	assets/tacz/custom/tacz_default_gun/assets/tacz/tacz_sounds/qbz_95/qbz_95_reload_magin.ogg
c0b16965dcd00aa444d1ada70b39580a2103e28841d4a4d5c419770810423fb9	assets/tacz/custom/tacz_default_gun/assets/tacz/tacz_sounds/qbz_95/qbz_95_reload_magout.ogg
e382abfdcb1bbf22d7326557e5f80dae97ce2e11755b05d3499c5dde32af6240	assets/tacz/custom/tacz_default_gun/assets/tacz/tacz_sounds/qbz_95/qbz_95_reload_raise.ogg
c73844152ef54fb74ae68e840f339ed29a31987d14d578d3ce4b1a4472cee861	assets/tacz/custom/tacz_default_gun/assets/tacz/tacz_sounds/qbz_95/qbz_95_shoot.ogg
7ad209e4a4ad97ff6d0ba3f32b0929442083d3d2daeb47aa303c5d593b5a5146	assets/tacz/custom/tacz_default_gun/assets/tacz/tacz_sounds/qbz_95/qbz_95_shoot_3p.ogg
1e56f80591d3287b7db6aa07e1bf74137b75379d7ce0fcfb024578e905ba0e50	assets/tacz/custom/tacz_default_gun/assets/tacz/tacz_sounds/qbz_95/qbz_95_silence.ogg
fcc186ef43c36c1ecaa4e674d659988249a58d4d03f177172eb030539585b656	assets/tacz/custom/tacz_default_gun/assets/tacz/tacz_sounds/qbz_95/qbz_95_silence_3p.ogg
c82d89071b9a97b6713d77d68747ed4831c53abd52ede026c52b50c9ac7c402d	assets/tacz/custom/tacz_default_gun/assets/tacz/tacz_sounds/rhino357/rhino_cocked.ogg
8499ca55962e4bdc713c41be957cac5d226c1777fcf9b61aae5d7896873ce745	assets/tacz/custom/tacz_default_gun/assets/tacz/tacz_sounds/rhino357/rhino_cylinder_spin.ogg
32bf2ec63015aaa4ae48ea5d2a62ae8cb704d44f67d1ecff70e60194d5d216ae	assets/tacz/custom/tacz_default_gun/assets/tacz/tacz_sounds/rhino357/rhino_draw.ogg
2e4f3f20ffdd6ef20191cf5afa9f5c861151a9c3e5dd91633cda71fa13044bf1	assets/tacz/custom/tacz_default_gun/assets/tacz/tacz_sounds/rhino357/rhino_inspect_reset.ogg
301e80b68a4df7f9b7acfb200cdeb48839212fc3e5c93e99d757d44a6e115516	assets/tacz/custom/tacz_default_gun/assets/tacz/tacz_sounds/rhino357/rhino_inspect_rift.ogg
1485af16aa962d565b0796749231ad4fb3830048ba562f429d3aaa151859752a	assets/tacz/custom/tacz_default_gun/assets/tacz/tacz_sounds/rhino357/rhino_inspect_rotate.ogg
99f8aee2fa971263b50d97f10b3bee57708b7cb637b786150f6caf3c50023204	assets/tacz/custom/tacz_default_gun/assets/tacz/tacz_sounds/rhino357/rhino_inspect_rotate_1.ogg
520b436b0f5acf7308c554b45e16b55287a1d09866faa411ab20c90d0c072754	assets/tacz/custom/tacz_default_gun/assets/tacz/tacz_sounds/rhino357/rhino_inspect_rotate_2.ogg
99ed80f14b80c8bc6d66a5f455b894b32bb9a0b4dea52684e2d2328bfadfa603	assets/tacz/custom/tacz_default_gun/assets/tacz/tacz_sounds/rhino357/rhino_inspect_rotate_3.ogg
a73bd774301f30142f874cd5a0530166405c2b1a201195742984f763fa16fcae	assets/tacz/custom/tacz_default_gun/assets/tacz/tacz_sounds/rhino357/rhino_inspect_rotate_4.ogg
32fb88aa0964c4ec450131b842bcb32fd621cfc243c2d14aa0a36364a33656c2	assets/tacz/custom/tacz_default_gun/assets/tacz/tacz_sounds/rhino357/rhino_inspect_rotate_end.ogg
703a01d13ac5408b60e93b5a4d8f6a6dd979d0ac9d5c78420af542353e10d345	assets/tacz/custom/tacz_default_gun/assets/tacz/tacz_sounds/rhino357/rhino_inspect_start.ogg
62641df44006a25009cde06fdd8b171e1a4b5fdfdd35423f0861335579f0a833	assets/tacz/custom/tacz_default_gun/assets/tacz/tacz_sounds/rhino357/rhino_put_away.ogg
da1b0f40c960f8f5121f782992d178196afa2897807df89ebbaeb4b9fc253fbc	assets/tacz/custom/tacz_default_gun/assets/tacz/tacz_sounds/rhino357/rhino_reload_bulletin.ogg
5f1c1dd497301c6ea514bd9a8b38361305f14a426f91e6872c8b6e9e8c56a4e1	assets/tacz/custom/tacz_default_gun/assets/tacz/tacz_sounds/rhino357/rhino_reload_clothes_light.ogg
0a9b9873ced20911f2df18ad97e8ba0aa5d23e5c480c082ade895d9739783e79	assets/tacz/custom/tacz_default_gun/assets/tacz/tacz_sounds/rhino357/rhino_reload_cylinder_close.ogg
29645237405326c8b36c3d6d2eaa308d60a9cf2e0297de24ebad2635139eb447	assets/tacz/custom/tacz_default_gun/assets/tacz/tacz_sounds/rhino357/rhino_reload_cylinder_turn.ogg
daa705db244fcfe90f3f807e6c323ac2700b1424685a731fc3c8ad29d4fcd6c2	assets/tacz/custom/tacz_default_gun/assets/tacz/tacz_sounds/rhino357/rhino_reload_eject.ogg
b5b9b9b6a78aa4d41cee339ff012d36ad813dd7884af6327f876924f8946817a	assets/tacz/custom/tacz_default_gun/assets/tacz/tacz_sounds/rhino357/rhino_reload_raise.ogg
21b0c0c7f343343f741ef1519f4bed21c9f4cae33fcaa70dba54ef4b9c6acebc	assets/tacz/custom/tacz_default_gun/assets/tacz/tacz_sounds/rhino357/rhino_reload_reset.ogg
879c6df80d73320f79f35be427ea01545c77f34fe9598c3aad7dd3ae2a272b96	assets/tacz/custom/tacz_default_gun/assets/tacz/tacz_sounds/rhino357/rhino_reload_shell.ogg
285818294e4ed9291c5f5608b57246bd2ebc116618c5ad520c5c3ecd8fba3d46	assets/tacz/custom/tacz_default_gun/assets/tacz/tacz_sounds/rhino357/rhino_shoot.ogg
d6e5cf9175e00c4d4eb110470a0f7a015006af5069123e5722f0e5ac1911ebcf	assets/tacz/custom/tacz_default_gun/assets/tacz/tacz_sounds/rhino357/rhino_shoot_3p.ogg
3bca3f2bfd953970ae3fd90a135d8bc62ae8bd891d5cba67fdd7650ba2bfeeb9	assets/tacz/custom/tacz_default_gun/assets/tacz/tacz_sounds/rpg7/rpg7_draw.ogg
42de3e3609f8df619fb2bdcfec65cf71719a0aae08d04af86992e5f14ba95c33	assets/tacz/custom/tacz_default_gun/assets/tacz/tacz_sounds/rpg7/rpg7_inspect.ogg
42de3e3609f8df619fb2bdcfec65cf71719a0aae08d04af86992e5f14ba95c33	assets/tacz/custom/tacz_default_gun/assets/tacz/tacz_sounds/rpg7/rpg7_inspect_empty.ogg
4c21ea868028229fc4baa1e234c5f601c93a4f7ab61c1f3aa9c76daaaf0229ec	assets/tacz/custom/tacz_default_gun/assets/tacz/tacz_sounds/rpg7/rpg7_put_away.ogg
8631682a8d931dd4fa9df382cc53fb7486b0f5edeaafa78c7ee12a4a59731a08	assets/tacz/custom/tacz_default_gun/assets/tacz/tacz_sounds/rpg7/rpg7_reload.ogg
4107c92d68839bda9b755aa75fd56ee80f6282de4be7dd29a4845fd97b392b21	assets/tacz/custom/tacz_default_gun/assets/tacz/tacz_sounds/rpg7/rpg7_shoot.ogg
5edc39eec6254383fa1fca415d8e369a20b6064030cb48918c21d77ba52e5797	assets/tacz/custom/tacz_default_gun/assets/tacz/tacz_sounds/rpk/rpk_draw.ogg
fd89788d2efef3dc09bd96b5e8416dfac821666da544dc697c3ad0dad331b0cf	assets/tacz/custom/tacz_default_gun/assets/tacz/tacz_sounds/rpk/rpk_inspect.ogg
9446d1672704cb21235cfb5770d9e611d1dcd4505ac95e529df58a689b4f64a7	assets/tacz/custom/tacz_default_gun/assets/tacz/tacz_sounds/rpk/rpk_inspect_empty.ogg
3823410baae20912249da3d7c158d1afde23e3bab0a343bfa495b0a56c80f2f1	assets/tacz/custom/tacz_default_gun/assets/tacz/tacz_sounds/rpk/rpk_put_away.ogg
92197e3a9358e33128e86d6bb6237ef7708be328ca0dcdb84d33bc0fff3182ee	assets/tacz/custom/tacz_default_gun/assets/tacz/tacz_sounds/rpk/rpk_reload_empty.ogg
676b1c007b5225c57b71ac48900743dc964d6991080aaefe1baefee82d253f9a	assets/tacz/custom/tacz_default_gun/assets/tacz/tacz_sounds/rpk/rpk_reload_tactical.ogg
07207708dbf3e453534c1ac5faf5980a8ff252481dd1c43c2195c7306641c003	assets/tacz/custom/tacz_default_gun/assets/tacz/tacz_sounds/rpk/rpk_shoot.ogg
6e041b709020e3d032eef5f33491eab1a1a54e21e171c2c341b97b822381039f	assets/tacz/custom/tacz_default_gun/assets/tacz/tacz_sounds/rpk/rpk_shoot_3p.ogg
0b6a9f3587fff039e01a99315601f7dcc78864b3f6af4356bccedc25cfbc4276	assets/tacz/custom/tacz_default_gun/assets/tacz/tacz_sounds/rpk/rpk_silence.ogg
9324dec88e492b5bbf6529263c96d9139b074d8c90198c79f4aad34b0fd89d7a	assets/tacz/custom/tacz_default_gun/assets/tacz/tacz_sounds/rpk/rpk_silence_3p.ogg
17d81d4e2b5a927a656949803f55ad6f7a0634b81da21fda3c8eb7b91d01f3d0	assets/tacz/custom/tacz_default_gun/assets/tacz/tacz_sounds/scar_h/p05_ar_schotel_branched_reload_magin.ogg
db7f534383c43fcc90bfd4d1e22e0c20aacdedea445db5df532b3041fdb63bf1	assets/tacz/custom/tacz_default_gun/assets/tacz/tacz_sounds/scar_h/p05_ar_schotel_inspect_boltback.ogg
449e1c3c21c981de582f411815be3a3d1361a219aafb8da22bd8af0d54f6dcea	assets/tacz/custom/tacz_default_gun/assets/tacz/tacz_sounds/scar_h/p05_ar_schotel_inspect_boltclose.ogg
607a8160b5758a12ddc4de9614c1d8681c6d57be54394ffcce667591d1dfce1b	assets/tacz/custom/tacz_default_gun/assets/tacz/tacz_sounds/scar_h/p05_ar_schotel_inspect_empty_boltback.ogg
28d935395dbdd317540936e6d5ce23f5ae231da910e0c4a425fe1a344ea5e772	assets/tacz/custom/tacz_default_gun/assets/tacz/tacz_sounds/scar_h/p05_ar_schotel_inspect_empty_boltback2.ogg
415df77f0d5584e3fc70724e8a5ce5294e81a610755b40ec0d8ff0b3d63a2697	assets/tacz/custom/tacz_default_gun/assets/tacz/tacz_sounds/scar_h/p05_ar_schotel_inspect_empty_boltclose.ogg
d9f373e10ab93330e41e7ba0bfe683559bbdfabc9de372d67705b6ad4aef468b	assets/tacz/custom/tacz_default_gun/assets/tacz/tacz_sounds/scar_h/p05_ar_schotel_inspect_empty_charge.ogg
42eaed7c1cf71716defde6dc3678444644cbd22468f1dbe12eb25b4b751a1c5a	assets/tacz/custom/tacz_default_gun/assets/tacz/tacz_sounds/scar_h/p05_ar_schotel_inspect_empty_charge2.ogg
0082feafeca6a5b6b7a06d89544e58dd0c90aca63d9047c6e4246d955f37975b	assets/tacz/custom/tacz_default_gun/assets/tacz/tacz_sounds/scar_h/p05_ar_schotel_inspect_end.ogg
885f60c7ade1cb1b578295d6dc72622844644cd732372fc98c9ce68207cab263	assets/tacz/custom/tacz_default_gun/assets/tacz/tacz_sounds/scar_h/p05_ar_schotel_inspect_handling.ogg
3f3f7e7956a9075296e5f2b206ef8951ae98077bcc25389e31e21aaaa356387f	assets/tacz/custom/tacz_default_gun/assets/tacz/tacz_sounds/scar_h/p05_ar_schotel_inspect_magout.ogg
eb1d7a0ccd09bab5d61b9aee12aa685f5fd798eea01a03ca37959fc4e709190b	assets/tacz/custom/tacz_default_gun/assets/tacz/tacz_sounds/scar_h/p05_ar_schotel_inspect_magrattle.ogg
8c2434846775854fa08dca439b4a49500454809cec410059767ce537c893451e	assets/tacz/custom/tacz_default_gun/assets/tacz/tacz_sounds/scar_h/p05_ar_schotel_inspect_raise.ogg
51e42c5107630c7aaab6dbdbbc2dec02941caf7219274355da163d110943ab5e	assets/tacz/custom/tacz_default_gun/assets/tacz/tacz_sounds/scar_h/p05_ar_schotel_inspect_rotate.ogg
a73d203bbf8abcb3dfabe207d9ac2127140e5dfe8eabee7803c87de7c90c89aa	assets/tacz/custom/tacz_default_gun/assets/tacz/tacz_sounds/scar_h/p05_ar_schotel_reload_empty_charge.ogg
dcca57d4948e3296a3dba74476ed3970d6747f7204c348770d1c7b780f5767eb	assets/tacz/custom/tacz_default_gun/assets/tacz/tacz_sounds/scar_h/p05_ar_schotel_reload_empty_end.ogg
8aca10dc861848cd5311831479b2b24fb7329dd1a6c7dc4188e5e1c8b0fc3a71	assets/tacz/custom/tacz_default_gun/assets/tacz/tacz_sounds/scar_h/p05_ar_schotel_reload_empty_magin.ogg
a642288d5fc4337034b3dbf67ae018be7e9da7d56ef2028c49f00d983aed0356	assets/tacz/custom/tacz_default_gun/assets/tacz/tacz_sounds/scar_h/p05_ar_schotel_reload_empty_magout.ogg
6c66ef268026eec0841a91e3b8b615388ad1ca8b6aaec13d986d953ae18574eb	assets/tacz/custom/tacz_default_gun/assets/tacz/tacz_sounds/scar_h/p05_ar_schotel_reload_empty_raise.ogg
da951b35e8af1031c86381b8b41b92af6315ba8c4f0c655a3b2d1da35ae5b8fd	assets/tacz/custom/tacz_default_gun/assets/tacz/tacz_sounds/scar_h/p05_ar_schotel_reload_end.ogg
e10cc4434256b9e192a534fa9f3c94363a34cbb99607299443f68d0417312fc3	assets/tacz/custom/tacz_default_gun/assets/tacz/tacz_sounds/scar_h/p05_ar_schotel_reload_raise.ogg
6beafdf38e62d878c5468060f472f432aae3cf4b982bd046f767921071ad435a	assets/tacz/custom/tacz_default_gun/assets/tacz/tacz_sounds/scar_h/p05_ar_schotel_reload_ubgl_magout.ogg
77005f42bc7cef5c498ec452b1f82ff95f70baccec46abe3dae8a8c38520644f	assets/tacz/custom/tacz_default_gun/assets/tacz/tacz_sounds/scar_h/p05_ar_schotel_ubgl_drop_rattle.ogg
78bfb0da28da5dc17addc90f466e89b2d571cb7447479eb57334bca76a41c037	assets/tacz/custom/tacz_default_gun/assets/tacz/tacz_sounds/scar_h/scar_h_shoot.ogg
5b769438d291cec0290a48fd6a454f25d71caf93a3948db56be7c8709718ba1a	assets/tacz/custom/tacz_default_gun/assets/tacz/tacz_sounds/scar_h/scar_h_shoot_3p.ogg
fc98664b22c3333c5a31e3792c05916ce7248a1f7edf32abc32be832cc1a0425	assets/tacz/custom/tacz_default_gun/assets/tacz/tacz_sounds/scar_h/scar_h_silence.ogg
5708c64d43f5ee2a1e965c52830736da0850bb73924cd4d3bfbb8f7d8619548e	assets/tacz/custom/tacz_default_gun/assets/tacz/tacz_sounds/scar_h/scar_h_silence_3p.ogg
b153969703385376d04e50f14f249b2f338285c67a0762e5bdbba21ae9458633	assets/tacz/custom/tacz_default_gun/assets/tacz/tacz_sounds/scar_l/p05_ar_scharlie_inspect_xmag_magout.ogg
0cd45bd5b0d1a21719dfe53e0d18a687cdf1e0755fac07a75aa2e9fc75d546f2	assets/tacz/custom/tacz_default_gun/assets/tacz/tacz_sounds/scar_l/p05_ar_scharlie_inspect_xmag_magrelease.ogg
5f131f0c4d93f4c05a0a35c8ef5d815c9882d0e7b2d4a4e4a899c40ffd8e3a42	assets/tacz/custom/tacz_default_gun/assets/tacz/tacz_sounds/scar_l/p05_ar_scharlie_inspect_xmaglrg_magfindwell.ogg
a3be9bf87145964e195b3fe0b6c9cbe5b77a0c701bae77932fb2a84fd216163a	assets/tacz/custom/tacz_default_gun/assets/tacz/tacz_sounds/scar_l/p05_ar_scharlie_inspect_xmaglrg_maghitwell.ogg
36f54adba5dcb49102898cce3f035bc07af5b5b044d870d38d9633dcee901671	assets/tacz/custom/tacz_default_gun/assets/tacz/tacz_sounds/scar_l/p05_ar_scharlie_inspect_xmaglrg_magin.ogg
029ed76abfa72f736136962b8bbcc1fd739cad62b7c7bb6fcd0acb7fecdcf976	assets/tacz/custom/tacz_default_gun/assets/tacz/tacz_sounds/scar_l/p05_ar_scharlie_inspect_xmaglrg_magout.ogg
83c2e3edb21575573e5c8927269d133af93a8ad5f433d061a9bf47647087e727	assets/tacz/custom/tacz_default_gun/assets/tacz/tacz_sounds/scar_l/p05_ar_scharlie_reload_fast_empty_boltclose.ogg
276915120e40919e036f1edbb317abd6de9284bde0231934c1a01c2614179f44	assets/tacz/custom/tacz_default_gun/assets/tacz/tacz_sounds/scar_l/p05_ar_scharlie_reload_fast_empty_boltrelease.ogg
4f83cc4e5f761e248e001a982d3755ef2bbf3966b42311df9c8f0b84af558dd4	assets/tacz/custom/tacz_default_gun/assets/tacz/tacz_sounds/scar_l/p05_ar_scharlie_reload_maghitwell.ogg
c9cd58da75f6f9cf08973bf4774fd81dea87dbd6d95b635fa724f2f609a1c692	assets/tacz/custom/tacz_default_gun/assets/tacz/tacz_sounds/scar_l/p05_ar_scharlie_reload_xmaglrg_magfindwell.ogg
1f4c57c18d9344866c142b505fec07c3077dc1f8cceaddcad91883ae592925e1	assets/tacz/custom/tacz_default_gun/assets/tacz/tacz_sounds/scar_l/p05_ar_scharlie_reload_xmaglrg_maghitwell.ogg
76d6f1816c411015a161af2c300805fc085cce54b6d6e35fbbbfd096b3df62cc	assets/tacz/custom/tacz_default_gun/assets/tacz/tacz_sounds/scar_l/p05_ar_scharlie_reload_xmaglrg_magin.ogg
d7952cbd80c55754fff5a11d99ee035fa6bb7141edd224666df36c9ebd7a8ea0	assets/tacz/custom/tacz_default_gun/assets/tacz/tacz_sounds/scar_l/p05_ar_scharlie_reload_xmaglrg_magout.ogg
e219688b6f987782f81f8ea0c336e58e497f2aeb1d4918e50c8295836202ddfa	assets/tacz/custom/tacz_default_gun/assets/tacz/tacz_sounds/scar_l/p05_ar_scharlie_transition_reload_ubgl_empty_02_raise.ogg
17d81d4e2b5a927a656949803f55ad6f7a0634b81da21fda3c8eb7b91d01f3d0	assets/tacz/custom/tacz_default_gun/assets/tacz/tacz_sounds/scar_l/p05_ar_schotel_branched_reload_magin.ogg
db7f534383c43fcc90bfd4d1e22e0c20aacdedea445db5df532b3041fdb63bf1	assets/tacz/custom/tacz_default_gun/assets/tacz/tacz_sounds/scar_l/p05_ar_schotel_inspect_boltback.ogg
449e1c3c21c981de582f411815be3a3d1361a219aafb8da22bd8af0d54f6dcea	assets/tacz/custom/tacz_default_gun/assets/tacz/tacz_sounds/scar_l/p05_ar_schotel_inspect_boltclose.ogg
607a8160b5758a12ddc4de9614c1d8681c6d57be54394ffcce667591d1dfce1b	assets/tacz/custom/tacz_default_gun/assets/tacz/tacz_sounds/scar_l/p05_ar_schotel_inspect_empty_boltback.ogg
28d935395dbdd317540936e6d5ce23f5ae231da910e0c4a425fe1a344ea5e772	assets/tacz/custom/tacz_default_gun/assets/tacz/tacz_sounds/scar_l/p05_ar_schotel_inspect_empty_boltback2.ogg
415df77f0d5584e3fc70724e8a5ce5294e81a610755b40ec0d8ff0b3d63a2697	assets/tacz/custom/tacz_default_gun/assets/tacz/tacz_sounds/scar_l/p05_ar_schotel_inspect_empty_boltclose.ogg
d9f373e10ab93330e41e7ba0bfe683559bbdfabc9de372d67705b6ad4aef468b	assets/tacz/custom/tacz_default_gun/assets/tacz/tacz_sounds/scar_l/p05_ar_schotel_inspect_empty_charge.ogg
42eaed7c1cf71716defde6dc3678444644cbd22468f1dbe12eb25b4b751a1c5a	assets/tacz/custom/tacz_default_gun/assets/tacz/tacz_sounds/scar_l/p05_ar_schotel_inspect_empty_charge2.ogg
0082feafeca6a5b6b7a06d89544e58dd0c90aca63d9047c6e4246d955f37975b	assets/tacz/custom/tacz_default_gun/assets/tacz/tacz_sounds/scar_l/p05_ar_schotel_inspect_end.ogg
885f60c7ade1cb1b578295d6dc72622844644cd732372fc98c9ce68207cab263	assets/tacz/custom/tacz_default_gun/assets/tacz/tacz_sounds/scar_l/p05_ar_schotel_inspect_handling.ogg
3f3f7e7956a9075296e5f2b206ef8951ae98077bcc25389e31e21aaaa356387f	assets/tacz/custom/tacz_default_gun/assets/tacz/tacz_sounds/scar_l/p05_ar_schotel_inspect_magout.ogg
eb1d7a0ccd09bab5d61b9aee12aa685f5fd798eea01a03ca37959fc4e709190b	assets/tacz/custom/tacz_default_gun/assets/tacz/tacz_sounds/scar_l/p05_ar_schotel_inspect_magrattle.ogg
8c2434846775854fa08dca439b4a49500454809cec410059767ce537c893451e	assets/tacz/custom/tacz_default_gun/assets/tacz/tacz_sounds/scar_l/p05_ar_schotel_inspect_raise.ogg
51e42c5107630c7aaab6dbdbbc2dec02941caf7219274355da163d110943ab5e	assets/tacz/custom/tacz_default_gun/assets/tacz/tacz_sounds/scar_l/p05_ar_schotel_inspect_rotate.ogg
a73d203bbf8abcb3dfabe207d9ac2127140e5dfe8eabee7803c87de7c90c89aa	assets/tacz/custom/tacz_default_gun/assets/tacz/tacz_sounds/scar_l/p05_ar_schotel_reload_empty_charge.ogg
dcca57d4948e3296a3dba74476ed3970d6747f7204c348770d1c7b780f5767eb	assets/tacz/custom/tacz_default_gun/assets/tacz/tacz_sounds/scar_l/p05_ar_schotel_reload_empty_end.ogg
8aca10dc861848cd5311831479b2b24fb7329dd1a6c7dc4188e5e1c8b0fc3a71	assets/tacz/custom/tacz_default_gun/assets/tacz/tacz_sounds/scar_l/p05_ar_schotel_reload_empty_magin.ogg
a642288d5fc4337034b3dbf67ae018be7e9da7d56ef2028c49f00d983aed0356	assets/tacz/custom/tacz_default_gun/assets/tacz/tacz_sounds/scar_l/p05_ar_schotel_reload_empty_magout.ogg
6c66ef268026eec0841a91e3b8b615388ad1ca8b6aaec13d986d953ae18574eb	assets/tacz/custom/tacz_default_gun/assets/tacz/tacz_sounds/scar_l/p05_ar_schotel_reload_empty_raise.ogg
da951b35e8af1031c86381b8b41b92af6315ba8c4f0c655a3b2d1da35ae5b8fd	assets/tacz/custom/tacz_default_gun/assets/tacz/tacz_sounds/scar_l/p05_ar_schotel_reload_end.ogg
e10cc4434256b9e192a534fa9f3c94363a34cbb99607299443f68d0417312fc3	assets/tacz/custom/tacz_default_gun/assets/tacz/tacz_sounds/scar_l/p05_ar_schotel_reload_raise.ogg
6beafdf38e62d878c5468060f472f432aae3cf4b982bd046f767921071ad435a	assets/tacz/custom/tacz_default_gun/assets/tacz/tacz_sounds/scar_l/p05_ar_schotel_reload_ubgl_magout.ogg
77005f42bc7cef5c498ec452b1f82ff95f70baccec46abe3dae8a8c38520644f	assets/tacz/custom/tacz_default_gun/assets/tacz/tacz_sounds/scar_l/p05_ar_schotel_ubgl_drop_rattle.ogg
f68f575218bd44bd659c6d4e01cde429f60b9189cc2110edce02526bf24d0160	assets/tacz/custom/tacz_default_gun/assets/tacz/tacz_sounds/scar_l/scar_l_shoot.ogg
10597fc2e9edcedaeca5ab4dad76aa76d8485fa232478cc0083060426d71a8da	assets/tacz/custom/tacz_default_gun/assets/tacz/tacz_sounds/scar_l/scar_l_shoot_3p.ogg
b89d0120b17fda11660866af389e47b7ba34da91189662df5cf38c1abedd708f	assets/tacz/custom/tacz_default_gun/assets/tacz/tacz_sounds/scar_l/scar_l_silence.ogg
6980936c6be90033ee3e5da9afaf223dff3ede8c726bc6a04e2fee2584b7e0c0	assets/tacz/custom/tacz_default_gun/assets/tacz/tacz_sounds/scar_l/scar_l_silence_3p.ogg
20ce5dae3b160adc65760d2c7b927f826c1bbfcadc75a000ce46fa7822e60d61	assets/tacz/custom/tacz_default_gun/assets/tacz/tacz_sounds/sks/sks_charge_01.ogg
4ffd4f909cf640c0f5daed6af3c23b6c475fefb94175939c039d31e7d8318a77	assets/tacz/custom/tacz_default_gun/assets/tacz/tacz_sounds/sks/sks_charge_02.ogg
fd40cdfc84501d38c10935864eb2c6c3a19ba2c2631041f4a007fb9703425684	assets/tacz/custom/tacz_default_gun/assets/tacz/tacz_sounds/sks/sks_drop.ogg
16c24e5b3b6b05afd8dd8954e63b9664c1caa3b4e27f675d434950f3c389d773	assets/tacz/custom/tacz_default_gun/assets/tacz/tacz_sounds/sks/sks_raise.ogg
7e55aa66e438f96d3a13585bd1dddc1198fce028985de2ba12a4d6dda66b081d	assets/tacz/custom/tacz_default_gun/assets/tacz/tacz_sounds/sks/sks_reload_empty_end.ogg
7a2ba77dd3a4faee7d03de1f9fc1672734bf6f4c27743e8789238f0be1d55a23	assets/tacz/custom/tacz_default_gun/assets/tacz/tacz_sounds/sks/sks_reload_empty_fast_charge.ogg
a8391e05e682c0137fdc916061c12eacbb12f0bbfd321f71d1c4436786656b1d	assets/tacz/custom/tacz_default_gun/assets/tacz/tacz_sounds/sks/sks_reload_empty_fast_xmag_mvmnt.ogg
7e4c9b380ebc50b6fe5cb2f8c56f5e03448bac6e251ed36220c5136030ff4682	assets/tacz/custom/tacz_default_gun/assets/tacz/tacz_sounds/sks/sks_reload_empty_magin.ogg
c70ead9267d943401fe36c664abdef8532e3e16a368e2d45e4bbf4b0c5503f82	assets/tacz/custom/tacz_default_gun/assets/tacz/tacz_sounds/sks/sks_reload_empty_magout.ogg
8cc84d58163a293aebb77d39c94e895519e2c0025f3c91fbd8c525b617b95093	assets/tacz/custom/tacz_default_gun/assets/tacz/tacz_sounds/sks/sks_reload_empty_raise.ogg
68683c3652640c930a2d3e0284a352fdd617be6ff8e54d7a6402b995b1fe48e0	assets/tacz/custom/tacz_default_gun/assets/tacz/tacz_sounds/sks/sks_reload_empty_rotate.ogg
cba24f31059cf1099132ff84407a20c9130d4d810256dd4171ed8f9dca5b8695	assets/tacz/custom/tacz_default_gun/assets/tacz/tacz_sounds/sks/sks_reload_empty_smag_rotate.ogg
17b1edb572849bbf577410b204931dfc9ef851ce4099bec39e1e72ffe55a74e9	assets/tacz/custom/tacz_default_gun/assets/tacz/tacz_sounds/sks/sks_reload_empty_xmag_end.ogg
a3fa5d82ba6df25463d526cfecd51b76f3debad50f4c7d3e103741134bb16f72	assets/tacz/custom/tacz_default_gun/assets/tacz/tacz_sounds/sks/sks_reload_empty_xmag_maghit.ogg
af645c467864ce74da19c84c1fc364daf3a9924c32d678f569be2e8d70b0fc09	assets/tacz/custom/tacz_default_gun/assets/tacz/tacz_sounds/sks/sks_reload_end.ogg
7e54e624e5182841273e2f7032596da12fab1d4d4ea1c9634d06b00f445d5068	assets/tacz/custom/tacz_default_gun/assets/tacz/tacz_sounds/sks/sks_reload_fast_magout.ogg
6782752d6fd3ba656ea0a06a28d0191c311a56e755eaf19a26f8a8428fb17343	assets/tacz/custom/tacz_default_gun/assets/tacz/tacz_sounds/sks/sks_reload_magin.ogg
ce7c17aff606c1bfe9b42a6df3d5fead09ca30162bcd1da197ab1ed1db1bf13f	assets/tacz/custom/tacz_default_gun/assets/tacz/tacz_sounds/sks/sks_reload_magout.ogg
f3765bd5467571f0bedc30d6fe73f16d6930d39ba012d116385f1e33bf45d3dd	assets/tacz/custom/tacz_default_gun/assets/tacz/tacz_sounds/sks/sks_reload_raise.ogg
4ea4ba5f508fac046ecc08f69d201a37de3c129bb0ac2f7ac2f881ae9e4968e6	assets/tacz/custom/tacz_default_gun/assets/tacz/tacz_sounds/sks/sks_reload_xmag_check.ogg
2d1a0c7e55a96da4ca4b3888a49e97065e120be4a67d650d9d6665e58afd160f	assets/tacz/custom/tacz_default_gun/assets/tacz/tacz_sounds/sks/sks_reload_xmag_end.ogg
0ed3b7a4c704d4289e5f02f757611c685769507c4392ed557bfe99f559d652ae	assets/tacz/custom/tacz_default_gun/assets/tacz/tacz_sounds/sks/sks_reload_xmag_magin.ogg
ba7a144576a6101dc386265846c26c3f8ce877babe24b3e772bf2b5e4b69dfb0	assets/tacz/custom/tacz_default_gun/assets/tacz/tacz_sounds/sks/sks_shoot.ogg
f375a0d7388ef34f5823d787e761c3157e55353f193691488ff0ef780774cc8a	assets/tacz/custom/tacz_default_gun/assets/tacz/tacz_sounds/sks/sks_shoot_3p.ogg
bb6ec663af79074eafb460f14cc9e4917fd46673ff39a90f9569b165f35249e2	assets/tacz/custom/tacz_default_gun/assets/tacz/tacz_sounds/sks/sks_silence.ogg
1d74fea10eae7405d5cfa5e2b78ab18159067a2fb20d82f6ea912ee997d35b0f	assets/tacz/custom/tacz_default_gun/assets/tacz/tacz_sounds/sks/sks_silence_3p.ogg
cf7b48aa47776740c89efe88fe824875204e5d701108cf9829c31a3a497ee950	assets/tacz/custom/tacz_default_gun/assets/tacz/tacz_sounds/spas_12/cloth_move_1.ogg
b59b6a1c5dcd77af9b9093fbdccdd8f59789ec0576354b07abb7967c009ae4c2	assets/tacz/custom/tacz_default_gun/assets/tacz/tacz_sounds/spas_12/cloth_move_2.ogg
4dd3511c8718fc8d97eec5ea7d36e1b3343ecaf911acf709bf8a01ab953f4134	assets/tacz/custom/tacz_default_gun/assets/tacz/tacz_sounds/spas_12/cloth_move_3.ogg
a721521a5747c33d3ab72da5df82e770113b7da00e011b48c8fd6290f3a64546	assets/tacz/custom/tacz_default_gun/assets/tacz/tacz_sounds/spas_12/cloth_move_4.ogg
d40e6133e2d8fde1065ec50410f08913d4a21fd8d134518ed3b85c9efead6141	assets/tacz/custom/tacz_default_gun/assets/tacz/tacz_sounds/spas_12/spas12_bolt.ogg
6977725884fba327d678b83d218119440a24a95468ac47623db53925cb7fed70	assets/tacz/custom/tacz_default_gun/assets/tacz/tacz_sounds/spas_12/spas12_bolthandleoff.ogg
abf9d75206cfb478ead8754ce8c2b1f315a52a03386ea3a4fd928103c1ac2bb5	assets/tacz/custom/tacz_default_gun/assets/tacz/tacz_sounds/spas_12/spas12_bolthandleon.ogg
bfd992bd19099e75f6f64abd82ff214abf9847cd7bb229b609eed885a38b5ced	assets/tacz/custom/tacz_default_gun/assets/tacz/tacz_sounds/spas_12/spas12_boreoff.ogg
4d31db60fb81eacbf3e22087dbd86c7351741a7137bac9a20fa418ce2d79c998	assets/tacz/custom/tacz_default_gun/assets/tacz/tacz_sounds/spas_12/spas12_bulletgrab.ogg
1b3bf5425e7e2bad115090ca054a5ef4952205151bf8dc0aeae370616fa57672	assets/tacz/custom/tacz_default_gun/assets/tacz/tacz_sounds/spas_12/spas12_bulletin.ogg
70f346fa7b2b7108533afc6ddb38cbbc3aa9c30a6c0c410c970bf52f4bbe3564	assets/tacz/custom/tacz_default_gun/assets/tacz/tacz_sounds/spas_12/spas12_bulletinbore.ogg
64cbb948c3a48312de5604512f59d057f768c901f0d4c599a3837f47ae0a6f9f	assets/tacz/custom/tacz_default_gun/assets/tacz/tacz_sounds/spas_12/spas12_move_1.ogg
7f14885be0fc9957026d2d26eab7b1ef81907b3a97192fa10d539c2d59845c2f	assets/tacz/custom/tacz_default_gun/assets/tacz/tacz_sounds/spas_12/spas12_move_2.ogg
45fcc021c0e39f43be704b4fffe8a4bc0eb77d74a720a5f98d733bebdc9d003d	assets/tacz/custom/tacz_default_gun/assets/tacz/tacz_sounds/spas_12/spas12_move_3.ogg
d6b7e7110669366201957dd578e3250f907db8311760b9f47a0ce488e0206f76	assets/tacz/custom/tacz_default_gun/assets/tacz/tacz_sounds/spas_12/spas12_move_4.ogg
1843456d6e4b2ea4405045381d18d418688a7a4e338b28a705a27720dea1114c	assets/tacz/custom/tacz_default_gun/assets/tacz/tacz_sounds/spas_12/spas12_move_5.ogg
553cdf3cc43f418f086d87ed4161bcb4882ed150c8f17a55b005d1bfc6c18aa8	assets/tacz/custom/tacz_default_gun/assets/tacz/tacz_sounds/spas_12/spas12_pumpoff.ogg
227efcb1f79b1fcd4117c393f9215d2421b0028f6066857b8a7d67b5bd094661	assets/tacz/custom/tacz_default_gun/assets/tacz/tacz_sounds/spas_12/spas12_pumpoff_light.ogg
bde19bfa7f0df2d6159b6e8752b6438276985831cb0cdf8c685fa8ac5402b890	assets/tacz/custom/tacz_default_gun/assets/tacz/tacz_sounds/spas_12/spas12_pumpon.ogg
deaa5ffea4741a23a7265708e272f0a044988e048c2b1c39c87d6f007ad7bd71	assets/tacz/custom/tacz_default_gun/assets/tacz/tacz_sounds/spas_12/spas12_pumpon_light.ogg
233641c8b9d8266fbbd97d066f08186932c7b3083225b09c9e151d23d650ab3f	assets/tacz/custom/tacz_default_gun/assets/tacz/tacz_sounds/spas_12/spas12_shellimpact.ogg
460fe901f03d75f5ed779b7add2320257e8df5fd41e4d708f5a644296ba4398a	assets/tacz/custom/tacz_default_gun/assets/tacz/tacz_sounds/spas_12/spas12_shoot.ogg
a8e84306c7f678ade12d9e0f5196dd173e78bc3adc55a161ef6aaeb984575107	assets/tacz/custom/tacz_default_gun/assets/tacz/tacz_sounds/spas_12/spas12_shoot_3p.ogg
e8691610e8ee95bf2ab856df5f7a1a35fab0e8e1c6cca983e05f210e40ae6601	assets/tacz/custom/tacz_default_gun/assets/tacz/tacz_sounds/spas_12/spas12_silence.ogg
b52e6aabd98f3977e10a8ca0776640f8df39cd7a4b1803a9dc209b79adae8f7f	assets/tacz/custom/tacz_default_gun/assets/tacz/tacz_sounds/spas_12/spas12_silence_3p.ogg
3423643b807617c4e62486579887853f77445ca865bbe7832e37b20940f7a567	assets/tacz/custom/tacz_default_gun/assets/tacz/tacz_sounds/spr15hb/spr15hb_draw.ogg
e4818500bd1c23957ac2b88d68b46713501634e0ec6b7eb309b308611654373e	assets/tacz/custom/tacz_default_gun/assets/tacz/tacz_sounds/spr15hb/spr15hb_inspect_end.ogg
8932703a70b3232a1f1b7e2d5df81ecc634de43999e37ec4cc227e09b1d871dc	assets/tacz/custom/tacz_default_gun/assets/tacz/tacz_sounds/spr15hb/spr15hb_inspect_raise.ogg
0bab2d32628b925deda12ea6fbe4dcbf932fa578d60ada10f624017f834c5964	assets/tacz/custom/tacz_default_gun/assets/tacz/tacz_sounds/spr15hb/spr15hb_inspect_rattle.ogg
ca2173cd8f4538c18a5c0d6006c4950479d4027104ec7640ed5908b025ebd362	assets/tacz/custom/tacz_default_gun/assets/tacz/tacz_sounds/spr15hb/spr15hb_inspect_rattle2.ogg
09924f548593f4e411885d1cef8e98d3a7774f4ccf1c6b4d87e362f310f23eb9	assets/tacz/custom/tacz_default_gun/assets/tacz/tacz_sounds/spr15hb/spr15hb_inspect_rotate.ogg
0e9986c2fa94446f8c212b82447c6950daa8aa5d61c505888dcc953c124567d3	assets/tacz/custom/tacz_default_gun/assets/tacz/tacz_sounds/spr15hb/spr15hb_inspect_rotate2.ogg
f8d87d57b6afa1840ec8ac6d84aaba7145c41b76a0764e905b3533715e771a8f	assets/tacz/custom/tacz_default_gun/assets/tacz/tacz_sounds/spr15hb/spr15hb_put_away.ogg
4e9244368d5549b0f9eedc2df3d106861db1e587629eea9c96641d94f768aade	assets/tacz/custom/tacz_default_gun/assets/tacz/tacz_sounds/spr15hb/spr15hb_reload_empty_charge.ogg
54112f061dff0faf4b215bbb5223088b4e266618d332700928987bce973762b7	assets/tacz/custom/tacz_default_gun/assets/tacz/tacz_sounds/spr15hb/spr15hb_reload_empty_end.ogg
be4bf85466343409c1720b35fabef962466cbaf33a549574fcb17bb16b1ae24d	assets/tacz/custom/tacz_default_gun/assets/tacz/tacz_sounds/spr15hb/spr15hb_reload_empty_mag_drop.ogg
29f2b69de74f19ee1c53b2f4512c2c1cb539c08d24abb9623db042b4a954cfcd	assets/tacz/custom/tacz_default_gun/assets/tacz/tacz_sounds/spr15hb/spr15hb_reload_empty_maghit.ogg
14b1aebb5860d23968699781888cc0f6d7ea179778cae4d51fd6eb5db0774526	assets/tacz/custom/tacz_default_gun/assets/tacz/tacz_sounds/spr15hb/spr15hb_reload_empty_magin.ogg
648a6a0de8867c15c69328d1bcb90fece1c893717ffffc499a6ff940d4d6a427	assets/tacz/custom/tacz_default_gun/assets/tacz/tacz_sounds/spr15hb/spr15hb_reload_empty_magout.ogg
24980c457db4dd241f82d76026928bbcfe327757c8d14aeb6eb2ed6a36c22647	assets/tacz/custom/tacz_default_gun/assets/tacz/tacz_sounds/spr15hb/spr15hb_reload_empty_raise.ogg
8db766264463ee148d61ece58534599f7f8b36902f62b37e6fe2f462090e3b4c	assets/tacz/custom/tacz_default_gun/assets/tacz/tacz_sounds/spr15hb/spr15hb_reload_empty_rotate.ogg
72d09c85d81d19a9f2ff89e7a6c0e5460fa6808abf857a8a827e909e621b7c44	assets/tacz/custom/tacz_default_gun/assets/tacz/tacz_sounds/spr15hb/spr15hb_reload_end.ogg
0ed06ed80977c554a9f4f39fbe210f3037e199098ff1ca8ccdc03410032b0b7f	assets/tacz/custom/tacz_default_gun/assets/tacz/tacz_sounds/spr15hb/spr15hb_reload_maghit.ogg
38ce14d1ffafbb7dc9f2211ebf5cdf688334668a337feb0a1b7b2134e65b8d34	assets/tacz/custom/tacz_default_gun/assets/tacz/tacz_sounds/spr15hb/spr15hb_reload_magin.ogg
554c2a98cc9b576491c7a1148c76cca638f77b1bcce14d0cee71db78b8c048d9	assets/tacz/custom/tacz_default_gun/assets/tacz/tacz_sounds/spr15hb/spr15hb_reload_magout.ogg
d39869d961e6d74c06697c12e04eadf41987cad2476827f1bec91e3cd92423b9	assets/tacz/custom/tacz_default_gun/assets/tacz/tacz_sounds/spr15hb/spr15hb_reload_rattle.ogg
2afa3b82526fe21a143d9f7f5c600ec26293c30f71a93bdda5c0ca1240fa18cc	assets/tacz/custom/tacz_default_gun/assets/tacz/tacz_sounds/spr15hb/spr15hb_reload_xmag_magin.ogg
cdbf7456c54706b429df40b4200af0c48239fb20d4f06b751be24e7d2c533140	assets/tacz/custom/tacz_default_gun/assets/tacz/tacz_sounds/spr15hb/spr15hb_reload_xmaglrg_rattle.ogg
530d2c11d2a0dcfbe0b358f5298bf196749d52387eddf8df5f834e0d1adf61c4	assets/tacz/custom/tacz_default_gun/assets/tacz/tacz_sounds/spr15hb/spr15hb_shoot.ogg
d17cedfdebaed6463b0ed4763cf25991f930a8dd4d3cceca9e860217885c08bc	assets/tacz/custom/tacz_default_gun/assets/tacz/tacz_sounds/spr15hb/spr15hb_shoot_3p.ogg
473cf3789b65540ea626401fe8b9049fff00c04fa18e9dd6e8bb9f1837047f47	assets/tacz/custom/tacz_default_gun/assets/tacz/tacz_sounds/spr15hb/spr15hb_silence.ogg
3f2035e213c48ab18f3b65f6e53161ff5143cf5c24bbdfd97cec49cc4773ef4a	assets/tacz/custom/tacz_default_gun/assets/tacz/tacz_sounds/spr15hb/spr15hb_silence_3p.ogg
5a1822c18656d99319ebf2aeec826c3a5db9c8fec9afc0bc837ce4db7ce9755b	assets/tacz/custom/tacz_default_gun/assets/tacz/tacz_sounds/springfield1873/springfield1873_draw.ogg
707843814c27c62217fe3862021cb88594b05797ef1145f17956b159f4bfc17a	assets/tacz/custom/tacz_default_gun/assets/tacz/tacz_sounds/springfield1873/springfield1873_fire_first.ogg
7820be7334445aa44c87cec4bba08eccb4787453c0ede49a29e2289e8899a311	assets/tacz/custom/tacz_default_gun/assets/tacz/tacz_sounds/springfield1873/springfield1873_hammer.ogg
285df49c7dfd6ee004fa8a482827de019b55f332c940e63dbf89d427381504a7	assets/tacz/custom/tacz_default_gun/assets/tacz/tacz_sounds/springfield1873/springfield1873_inspect_bullet.ogg
cf3490620bce0cff11b2a8020fcdd886dfcef2fcf8a3c02c3ab0b6d9f8b822e3	assets/tacz/custom/tacz_default_gun/assets/tacz/tacz_sounds/springfield1873/springfield1873_inspect_empty_closer.ogg
0b2a555cf88ae9b94b8ea0fc4bab3b15840ac34b2299988c40f9d045c51dd381	assets/tacz/custom/tacz_default_gun/assets/tacz/tacz_sounds/springfield1873/springfield1873_inspect_empty_end.ogg
61a01e7adcd66b2cf69f6bae688887953bbfa84ea7634fea6dd7c38525afbb0a	assets/tacz/custom/tacz_default_gun/assets/tacz/tacz_sounds/springfield1873/springfield1873_inspect_empty_leveropen.ogg
820439572f06fd01f4a093c3e3cbab80d4f7c492548760a383e34892218cdae8	assets/tacz/custom/tacz_default_gun/assets/tacz/tacz_sounds/springfield1873/springfield1873_inspect_empty_mvmnt.ogg
aef9d3ddd5e99ccee57f3637099e530fd9a5ffbb1c18b952af7c2ee4e5082f6a	assets/tacz/custom/tacz_default_gun/assets/tacz/tacz_sounds/springfield1873/springfield1873_inspect_empty_rotate.ogg
2b5664ee384b25f0c51fa50a105293166d4ddad0024154838f55c8648c551fa0	assets/tacz/custom/tacz_default_gun/assets/tacz/tacz_sounds/springfield1873/springfield1873_inspect_empty_up.ogg
98b010ca568ec0d1228522498a85b999f61e79e34582709d4b459191b2384e2b	assets/tacz/custom/tacz_default_gun/assets/tacz/tacz_sounds/springfield1873/springfield1873_inspect_end.ogg
37d3a5f5e484858e919445ae6dc621fc5ea14d18933a6ff8748afc023030a94b	assets/tacz/custom/tacz_default_gun/assets/tacz/tacz_sounds/springfield1873/springfield1873_inspect_leveropen.ogg
8f48d53d3b64a939ed54d515186b8e20481da3e65392d0c3d19345135a7f5967	assets/tacz/custom/tacz_default_gun/assets/tacz/tacz_sounds/springfield1873/springfield1873_inspect_mvmnt2.ogg
e1d055c3479fa1e588105ba529ec7bc32bda36b496c7695763ee970293eddc6e	assets/tacz/custom/tacz_default_gun/assets/tacz/tacz_sounds/springfield1873/springfield1873_inspect_rattle_catchbullet.ogg
e5ffa716d05e3bdd49b1a5261b8f62ddcfffb1e3560619f4f27c273597c8d092	assets/tacz/custom/tacz_default_gun/assets/tacz/tacz_sounds/springfield1873/springfield1873_put_away.ogg
de7e4a3cd8032fdb823ca9bf1b35eaf75b0954580f19e1ace6bfd6972c342b47	assets/tacz/custom/tacz_default_gun/assets/tacz/tacz_sounds/springfield1873/springfield1873_reload_boltopen.ogg
aba49abc0dadd6371176ff5a9cb25933a199e37c9459cbd37a62ed085fcbecf6	assets/tacz/custom/tacz_default_gun/assets/tacz/tacz_sounds/springfield1873/springfield1873_reload_closebolt.ogg
129cfc75b6cff4e21f195d01f9f22f90d945ae490e8d1972bd2636f7a89ba5f7	assets/tacz/custom/tacz_default_gun/assets/tacz/tacz_sounds/springfield1873/springfield1873_reload_load.ogg
c933de3b99b059eeb0ba63c63726f7c5046900d15cdd0ff2eefe4e9896eb695e	assets/tacz/custom/tacz_default_gun/assets/tacz/tacz_sounds/springfield1873/springfield1873_reload_start.ogg
3fe22fd75ddaeb0ecf1c15193d5a9bc2014c536ec75af30f701ebb2c013bf316	assets/tacz/custom/tacz_default_gun/assets/tacz/tacz_sounds/springfield1873/springfield1873_shell_casing.ogg
0372b98874770d1faae96517ec9bca2644f1a179ba5e57b488230838bdb8a861	assets/tacz/custom/tacz_default_gun/assets/tacz/tacz_sounds/springfield1873/springfield1873_shell_eject.ogg
5ccc648e374c8800a942270c0a94cabad5af6375f9b3be49cc5ad6451e650ecb	assets/tacz/custom/tacz_default_gun/assets/tacz/tacz_sounds/springfield1873/springfield1873_shoot.ogg
44816fde56cb158c1414e237e16c1aca421c379d1c5c2af06bd9f55232bf7d50	assets/tacz/custom/tacz_default_gun/assets/tacz/tacz_sounds/springfield1873/springfield1873_shoot_3p.ogg
18f429811c066f433b838e27767b32118c123963cb18ac88976329c82fbb56c3	assets/tacz/custom/tacz_default_gun/assets/tacz/tacz_sounds/taurus500/taurus500_cocked.ogg
167b0a822f654567e1c42073755675696f9ef25a200d367c01a428c362091c99	assets/tacz/custom/tacz_default_gun/assets/tacz/tacz_sounds/taurus500/taurus500_draw.ogg
22673b383a77187aed15bc098737b0b1e3ef41c2060eb3a7af79d873c3fe6284	assets/tacz/custom/tacz_default_gun/assets/tacz/tacz_sounds/taurus500/taurus500_inspect_bullet.ogg
fbc7305260374bf63ccfc3af5172e086057b66e286e57513c7de84107bc55b79	assets/tacz/custom/tacz_default_gun/assets/tacz/tacz_sounds/taurus500/taurus500_inspect_bullet_close.ogg
96d4679a1e0055f4e5dd15b27ca0ce94319170fbc5eac4fe95c13f3d460b9542	assets/tacz/custom/tacz_default_gun/assets/tacz/tacz_sounds/taurus500/taurus500_inspect_bullet_down.ogg
6ef38135cb57e4927422f459066055e27d743a38920e712dce044addf18b5de3	assets/tacz/custom/tacz_default_gun/assets/tacz/tacz_sounds/taurus500/taurus500_inspect_end.ogg
83cb21a88e8e347247c3dd7f30bd0983a94120c980d81f387218b386f3f53c6a	assets/tacz/custom/tacz_default_gun/assets/tacz/tacz_sounds/taurus500/taurus500_inspect_mvt1.ogg
d7ff08754a695df888485636524b86a48d02c944db3fe8a3a17cf40037b83666	assets/tacz/custom/tacz_default_gun/assets/tacz/tacz_sounds/taurus500/taurus500_inspect_mvt2.ogg
a42d1740d5cc3f85284f98fdfe70938d29ae2d661c3cb8874371436dc8609a6d	assets/tacz/custom/tacz_default_gun/assets/tacz/tacz_sounds/taurus500/taurus500_inspect_mvt3.ogg
37619b1081308d9866b29fcf4300a4c6829de5426aa65fccc401f7b80c1d8d19	assets/tacz/custom/tacz_default_gun/assets/tacz/tacz_sounds/taurus500/taurus500_inspect_rotate_1.ogg
fd298fbe8a24680ead1682c920fbb54df7298aa5b0ab1faed57debb9dee358c1	assets/tacz/custom/tacz_default_gun/assets/tacz/tacz_sounds/taurus500/taurus500_inspect_rotate_2.ogg
1170a235b27841ea4f824150189fcf846ee49fb9470210addd9fe0c42f69a411	assets/tacz/custom/tacz_default_gun/assets/tacz/tacz_sounds/taurus500/taurus500_put_away.ogg
78f25cb895d77229c2951ce678666896ac8059a15eaa8f870675853353b867e0	assets/tacz/custom/tacz_default_gun/assets/tacz/tacz_sounds/taurus500/taurus500_reload_bullet_eject.ogg
b96fb29b8d454be315a64d769fdd10c834e55d03cadd8fed4a21f5e1f6d42125	assets/tacz/custom/tacz_default_gun/assets/tacz/tacz_sounds/taurus500/taurus500_reload_bullet_in.ogg
8aa245ea8451f0c131575e30d0e2506fd6bc95f356033cf7cc7801bf8347e766	assets/tacz/custom/tacz_default_gun/assets/tacz/tacz_sounds/taurus500/taurus500_reload_cylinder_off.ogg
81011116faeae6357e39d21110056f0d67c226b14e752b45e3a9ac35f8cd7c5b	assets/tacz/custom/tacz_default_gun/assets/tacz/tacz_sounds/taurus500/taurus500_reload_cylinder_turn.ogg
c0452f9c857555f10754c94faf41f1e3b7ba84f137844c0ce81500d7f27ef228	assets/tacz/custom/tacz_default_gun/assets/tacz/tacz_sounds/taurus500/taurus500_reload_end.ogg
879c6df80d73320f79f35be427ea01545c77f34fe9598c3aad7dd3ae2a272b96	assets/tacz/custom/tacz_default_gun/assets/tacz/tacz_sounds/taurus500/taurus500_reload_shell.ogg
9ece9e96dbb5dc5260b3a00a7ab4746c9e0f091949f6ff9fb064cde16deffd6d	assets/tacz/custom/tacz_default_gun/assets/tacz/tacz_sounds/taurus500/taurus500_shoot.ogg
1d2c4ad586e104149d51cf446bf0a35c8694f8cf4ed6622af7709596263991aa	assets/tacz/custom/tacz_default_gun/assets/tacz/tacz_sounds/taurus500/taurus500_shoot_3p.ogg
791147721154e7efeb96fbef1c55943bd75647bf9dccedfcfe8b61d830f10f1f	assets/tacz/custom/tacz_default_gun/assets/tacz/tacz_sounds/taurus943/943_cocked.ogg
38937e19b0e398d4b71578b5d6a3e937c2bbc7f384e661ff0aacca6ed2f0a409	assets/tacz/custom/tacz_default_gun/assets/tacz/tacz_sounds/taurus943/943_inspect_move.ogg
352b1848e856bb910d89c09833621e491c0697a360bb3435bcb5ece4f20643ee	assets/tacz/custom/tacz_default_gun/assets/tacz/tacz_sounds/taurus943/943_inspect_move_2.ogg
160bb2c81052c90372095c4ee6d6ab538319d10ac628f53d243fe421df5120d0	assets/tacz/custom/tacz_default_gun/assets/tacz/tacz_sounds/taurus943/943_inspect_reset.ogg
26a0ef31a091b33c1d29f591baf419d52f7d7c6ef81c01f6fc7a2ac19064eeeb	assets/tacz/custom/tacz_default_gun/assets/tacz/tacz_sounds/taurus943/943_inspect_rotate_1.ogg
5806b130d3e5b785dc429fa162f7c17eed096531c6d7ac1f70b8fcecaf74c3ed	assets/tacz/custom/tacz_default_gun/assets/tacz/tacz_sounds/taurus943/943_inspect_rotate_2.ogg
32fb88aa0964c4ec450131b842bcb32fd621cfc243c2d14aa0a36364a33656c2	assets/tacz/custom/tacz_default_gun/assets/tacz/tacz_sounds/taurus943/943_inspect_rotate_end.ogg
78f25cb895d77229c2951ce678666896ac8059a15eaa8f870675853353b867e0	assets/tacz/custom/tacz_default_gun/assets/tacz/tacz_sounds/taurus943/943_reload_bullet_eject.ogg
258a22fe94a1546d4253ee15c4a8faebff2e24e650cee40ea13308b47c391041	assets/tacz/custom/tacz_default_gun/assets/tacz/tacz_sounds/taurus943/943_reload_bullet_insert_1.ogg
cefd0fa70879933f7a60be982e0ee6b74b6895d63d43e22055e3f9586316ebd0	assets/tacz/custom/tacz_default_gun/assets/tacz/tacz_sounds/taurus943/943_reload_bullet_insert_2.ogg
74d8672e112000f032d836cb0be900875710382d5a83750d387a1e328021ffa8	assets/tacz/custom/tacz_default_gun/assets/tacz/tacz_sounds/taurus943/943_reload_bullet_insert_3.ogg
5ec1bef7107d947f0011c1fee8b178d7e62ea4f5c9e792df06b7cef2793d28b7	assets/tacz/custom/tacz_default_gun/assets/tacz/tacz_sounds/taurus943/943_reload_bullet_insert_4.ogg
ee4b4d86badccbed7e309f19cb880849511c1423ce89322e30631802992a2c2b	assets/tacz/custom/tacz_default_gun/assets/tacz/tacz_sounds/taurus943/943_reload_cylinder_close.ogg
45d3280e4ba1ad07f89b341ad4df563ce732fac834f69a0b79281fd67899fd10	assets/tacz/custom/tacz_default_gun/assets/tacz/tacz_sounds/taurus943/943_reload_cylinder_spin.ogg
82acc909abddaf8dc54d6e1353b6dfc78b60051d819dbbb1897f927bba60012c	assets/tacz/custom/tacz_default_gun/assets/tacz/tacz_sounds/taurus943/943_reload_cylinder_turn.ogg
20dc0d2daa3e70a2c3a986088364a6b187024e47d8647bf94e8e8256481c00e8	assets/tacz/custom/tacz_default_gun/assets/tacz/tacz_sounds/taurus943/943_reload_reset.ogg
879c6df80d73320f79f35be427ea01545c77f34fe9598c3aad7dd3ae2a272b96	assets/tacz/custom/tacz_default_gun/assets/tacz/tacz_sounds/taurus943/943_reload_shell.ogg
88b04024e4cbb0e4095f3e6fb5d49c31c36f89d2501923d4a7141e1786795f90	assets/tacz/custom/tacz_default_gun/assets/tacz/tacz_sounds/taurus943/taurus943_draw.ogg
5edd2b80a99dba241cba4cb988bff6d6e3b7dc1eff58fcedf1c72dde112d4dd9	assets/tacz/custom/tacz_default_gun/assets/tacz/tacz_sounds/taurus943/taurus943_put_away.ogg
f1e7dd9362a0d0e1e69b67dee36248fa404419b4cb790c175acb3323efed7628	assets/tacz/custom/tacz_default_gun/assets/tacz/tacz_sounds/taurus943/taurus943_shoot.ogg
2e2f52ff50fac2aa3f92e009a0ff588f5027ddf8800f8e2852ae60a0ed6a1fba	assets/tacz/custom/tacz_default_gun/assets/tacz/tacz_sounds/taurus943/taurus943_shoot_3p.ogg
c93c70276198ca915acba4cc9017ef961361ad088fdab4ffb58ac9be92355eb7	assets/tacz/custom/tacz_default_gun/assets/tacz/tacz_sounds/timeless50/timeless50_draw.ogg
f02e6a312efacc3fa5dc9326723e17f3cd4a09977e951abd5d752d77b2aae445	assets/tacz/custom/tacz_default_gun/assets/tacz/tacz_sounds/timeless50/timeless50_inspect_charge.ogg
611f16601c27e87fab4727f61f6d9c567928f5ccad03698bd4866170bd0fbda2	assets/tacz/custom/tacz_default_gun/assets/tacz/tacz_sounds/timeless50/timeless50_inspect_decock.ogg
2378e85d63666a8c086961a75a66d30b59386879bbf15a5fa2c929ead988621d	assets/tacz/custom/tacz_default_gun/assets/tacz/tacz_sounds/timeless50/timeless50_inspect_empty_raise.ogg
2db68143399bf8a1341b4f45153c7d268d8b5e5e8868dd10c673d7a91e00d509	assets/tacz/custom/tacz_default_gun/assets/tacz/tacz_sounds/timeless50/timeless50_inspect_end.ogg
a997d5a6b7515d3fadf3aa706608f372d39532eec65d7e12fab0301fcbc65fdd	assets/tacz/custom/tacz_default_gun/assets/tacz/tacz_sounds/timeless50/timeless50_inspect_magin.ogg
506907c2579509436e3092331ba9a10ca11eb29575c258653568758ba16f69fd	assets/tacz/custom/tacz_default_gun/assets/tacz/tacz_sounds/timeless50/timeless50_inspect_magout.ogg
40be483c6437f1360f694cf965cd61c6b9094928ec559c49bfff544f80bf878f	assets/tacz/custom/tacz_default_gun/assets/tacz/tacz_sounds/timeless50/timeless50_inspect_rotate1.ogg
572c374d8b97916ded76bc58fe23b6a7431adddbc4c9888662ddbe615d8fe2d1	assets/tacz/custom/tacz_default_gun/assets/tacz/tacz_sounds/timeless50/timeless50_inspect_selectburst_on_switch.ogg
16df071dc5b647061815f06dc99d13749efe1b3541d4e6b77f371ca434dcff72	assets/tacz/custom/tacz_default_gun/assets/tacz/tacz_sounds/timeless50/timeless50_inspect_slidepull.ogg
444a4085a451ed87f7e536d1fa20ca297d4bd8566cb6152d6c66c522be6d0ba9	assets/tacz/custom/tacz_default_gun/assets/tacz/tacz_sounds/timeless50/timeless50_inspect_twirl.ogg
a30d4f51f9299a757d3a53e0f29468b7c423e19207ecc21cded11c684e3109a7	assets/tacz/custom/tacz_default_gun/assets/tacz/tacz_sounds/timeless50/timeless50_put_away.ogg
309f3959f3732a665748baedb11395296fcdc204f7d89cb991fbde50804071d8	assets/tacz/custom/tacz_default_gun/assets/tacz/tacz_sounds/timeless50/timeless50_reload_empty_barcomp_charge.ogg
cc7df0fb7fe25847ea3911939800fbec6dff235ed5325159d36827fcde9f8da7	assets/tacz/custom/tacz_default_gun/assets/tacz/tacz_sounds/timeless50/timeless50_reload_empty_end.ogg
d52424662b0df3782b64fe1138c2fb30a2632650309a3cc6d53520da1a70f1d9	assets/tacz/custom/tacz_default_gun/assets/tacz/tacz_sounds/timeless50/timeless50_reload_empty_maghit.ogg
c43193d98067f58da2137bcba75ad37bc93528c7d82546be8f4fabb8917ce7bf	assets/tacz/custom/tacz_default_gun/assets/tacz/tacz_sounds/timeless50/timeless50_reload_empty_magin.ogg
069a05e86a6126a75fbd97e3bb73f6fcda1e6c20d025c10a92f2e4441b943d74	assets/tacz/custom/tacz_default_gun/assets/tacz/tacz_sounds/timeless50/timeless50_reload_empty_magout.ogg
4adf41e202ace6701ba0cd53ec5073abdabae28219010dc9dbda00551c0b8dba	assets/tacz/custom/tacz_default_gun/assets/tacz/tacz_sounds/timeless50/timeless50_reload_empty_raise.ogg
c8a3a96cba65f9950ac485b7116e160be12d2181da0c1a98eddfca34ee4419d0	assets/tacz/custom/tacz_default_gun/assets/tacz/tacz_sounds/timeless50/timeless50_reload_empty_rotate.ogg
05ee52778d265472238b01a061a4519faceda3b3b0ad618da5527c23f92996da	assets/tacz/custom/tacz_default_gun/assets/tacz/tacz_sounds/timeless50/timeless50_reload_end.ogg
ddc2c0ef489c1dfa816f58901d34d7b8ed09cc56ba75abd63502badba25f5adb	assets/tacz/custom/tacz_default_gun/assets/tacz/tacz_sounds/timeless50/timeless50_reload_maghit.ogg
7b85d15d947516b6748143f063d03af8db58cc8fe727b8df53843b52d3fa0087	assets/tacz/custom/tacz_default_gun/assets/tacz/tacz_sounds/timeless50/timeless50_reload_magin.ogg
60e27e41b422ca03b3d655017b479d167f78b0e499f56076ef2f5e3e9da32be4	assets/tacz/custom/tacz_default_gun/assets/tacz/tacz_sounds/timeless50/timeless50_reload_magout.ogg
8cf77ac743e40265c730c835079f771915f8d782ae83636f37a3c36743acba4c	assets/tacz/custom/tacz_default_gun/assets/tacz/tacz_sounds/timeless50/timeless50_reload_mvmnt.ogg
9bf00d299e84721c7b1962f51650a7b4fb779546775ab58a82864484146b382d	assets/tacz/custom/tacz_default_gun/assets/tacz/tacz_sounds/timeless50/timeless50_reload_raise.ogg
22a453052727a2ab67b2ea964c22bddd6db60e9e364708632bcfac4d265b5c5c	assets/tacz/custom/tacz_default_gun/assets/tacz/tacz_sounds/timeless50/timeless50_shoot.ogg
da6f0822da9563f186f4f0b530946b35ae5bf4a90a4acea34ba5270ea8cd8f36	assets/tacz/custom/tacz_default_gun/assets/tacz/tacz_sounds/timeless50/timeless50_shoot_3p.ogg
ce98dd336ef809d7fb00ed56ca6b473716a3028ef463b32ed67015427a3cc06d	assets/tacz/custom/tacz_default_gun/assets/tacz/tacz_sounds/timeless50/timeless50_silence.ogg
e428cb9bb54cbaf316e1d216f55546397005f118b92adcdd452b73487898c661	assets/tacz/custom/tacz_default_gun/assets/tacz/tacz_sounds/timeless50/timeless50_silence_3p.ogg
159962c277beef06515961d9a68238c257419d74ba5729654bbdf4baaf52fb21	assets/tacz/custom/tacz_default_gun/assets/tacz/tacz_sounds/type_81/type_81_draw.ogg
f5b3f954b189164439099e49b3b16c85658b5020056882bbadacbdeef14844d7	assets/tacz/custom/tacz_default_gun/assets/tacz/tacz_sounds/type_81/type_81_inspect_empty_chamber.ogg
1dee6b708c0142e0f4c90b29877d308389ec271a1f79c2aa1f2183d276d4cdc3	assets/tacz/custom/tacz_default_gun/assets/tacz/tacz_sounds/type_81/type_81_inspect_smag_magbump.ogg
ba3afbdb34f34d05c61eac6cb9a9dc7cc74ea24363f1036dc48fdb906688998e	assets/tacz/custom/tacz_default_gun/assets/tacz/tacz_sounds/type_81/type_81_inspect_smag_magin.ogg
811cb63e7afd4d2c7044ffc934a3e4e3c9d72a73a71c74ebc022f72ae034891a	assets/tacz/custom/tacz_default_gun/assets/tacz/tacz_sounds/type_81/type_81_inspect_smag_magout.ogg
aa54f131a442a9b31db2fbd7962b24b8fc199718f8c49bc5d718219ec66f2bd8	assets/tacz/custom/tacz_default_gun/assets/tacz/tacz_sounds/type_81/type_81_inspect_smag_over.ogg
53d5f116de6b8a2fbf06c8befae53de9a3f3f61dbe493f97fec1c63638485789	assets/tacz/custom/tacz_default_gun/assets/tacz/tacz_sounds/type_81/type_81_inspect_smag_pull.ogg
7f6b89c296bd98c08d74f7c2590c8e20c6bc14047b3ae758ecddfb62fb1bc002	assets/tacz/custom/tacz_default_gun/assets/tacz/tacz_sounds/type_81/type_81_inspect_smag_release.ogg
56ae2c4b055d9958a6dfe38c6bdc378b261d9e60b6f87b29d5d5d10a2f60c7ac	assets/tacz/custom/tacz_default_gun/assets/tacz/tacz_sounds/type_81/type_81_inspect_smag_shoulder.ogg
4b78ad8711fb4b41ad2a71a7cc6476d1bb4e1e13c91c2131f1cf6f2c86ae3ac9	assets/tacz/custom/tacz_default_gun/assets/tacz/tacz_sounds/type_81/type_81_inspect_smag_turn.ogg
32a18158e053955d4d5c05bbb814cdeac695623f626b4259efffbc97ad15e7c1	assets/tacz/custom/tacz_default_gun/assets/tacz/tacz_sounds/type_81/type_81_inspect_smag_up.ogg
b7905f6e0e2012797ff7227fda95ade6389394d34b00fd62bb4d3e3767c25f96	assets/tacz/custom/tacz_default_gun/assets/tacz/tacz_sounds/type_81/type_81_put_away.ogg
eaf680df0297b073fcfa3f476a0123e340f009e9c3372071950e0d0d7b0e82d2	assets/tacz/custom/tacz_default_gun/assets/tacz/tacz_sounds/type_81/type_81_reload_empty_up.ogg
6358922a89b026868d73f8568ace565e3ff1e94a408e44d520add4220bb2a606	assets/tacz/custom/tacz_default_gun/assets/tacz/tacz_sounds/type_81/type_81_reload_fast_empty_chamber.ogg
6c5f4f4e4e13fbc1090e513f476b47c98da324ccba8806054d687d207186e78d	assets/tacz/custom/tacz_default_gun/assets/tacz/tacz_sounds/type_81/type_81_reload_fast_empty_maghit.ogg
3e7b7c94ed9e9f7c1382ba74a88be97c5c6fcf69a52b4dcfb02f0aa6094fbcf0	assets/tacz/custom/tacz_default_gun/assets/tacz/tacz_sounds/type_81/type_81_reload_fast_empty_magin.ogg
eb178041abab712739f588e44965a7442f589c490fd61edd3a62d87d5579d90f	assets/tacz/custom/tacz_default_gun/assets/tacz/tacz_sounds/type_81/type_81_reload_fast_empty_magout.ogg
36ae7cfc7db32034250c09221920eaf5827a548ceff56a8a91cf0ef14313ba34	assets/tacz/custom/tacz_default_gun/assets/tacz/tacz_sounds/type_81/type_81_reload_fast_empty_shoulder.ogg
4d81b0b144331ee4bcadc08fc8d4b44e72d58b1a7ac97c5c3b28b6c6f7d29bfa	assets/tacz/custom/tacz_default_gun/assets/tacz/tacz_sounds/type_81/type_81_reload_fast_maghit.ogg
054bf166774411c0c446d07f926b9e2fb22a549e551db786a1482a4e33fded09	assets/tacz/custom/tacz_default_gun/assets/tacz/tacz_sounds/type_81/type_81_reload_fast_magin.ogg
18abf9680ceb0427e92050652ce2c02d592d042590e97e34ed62bccc3ed1cf84	assets/tacz/custom/tacz_default_gun/assets/tacz/tacz_sounds/type_81/type_81_reload_fast_magout.ogg
a9fee6334cb7ec23e6fca9064103e794e96d027c5a487babd17a3d1ae90d5b5d	assets/tacz/custom/tacz_default_gun/assets/tacz/tacz_sounds/type_81/type_81_reload_fast_shoulder.ogg
020eae4d5c42f5c4a4fc10c1aeff7818e533671396212d45f8e97ec201c690c6	assets/tacz/custom/tacz_default_gun/assets/tacz/tacz_sounds/type_81/type_81_reload_raise_quick_up.ogg
b32f3555cd84067570203518641a853b99c36f4b0ca535db74ecf64c2cc13715	assets/tacz/custom/tacz_default_gun/assets/tacz/tacz_sounds/type_81/type_81_shoot.ogg
c653cae3fb44431ff7aa921d78e7890e3910bd93e568284c4a8b14c02fc8df77	assets/tacz/custom/tacz_default_gun/assets/tacz/tacz_sounds/type_81/type_81_shoot_3p.ogg
48ad9122bdd62cc4ec3663b190722587ce4fa570c7cc6646a0a4809abda257b7	assets/tacz/custom/tacz_default_gun/assets/tacz/tacz_sounds/type_81/type_81_silence.ogg
32ed16d4b9ec17724ec8a5579a2a00e5c9d62b3577d6a5f8fedf2073fbfdd678	assets/tacz/custom/tacz_default_gun/assets/tacz/tacz_sounds/type_81/type_81_silence_3p.ogg
edcaea79fec88bb243b84169b142795899a686d7867453f1e5b735d619e238d5	assets/tacz/custom/tacz_default_gun/assets/tacz/tacz_sounds/ump45/ump45_draw.ogg
d3f35ed2d88b821ac466cf11924da2af2aeacd2116cfd577498f61692bb2e68e	assets/tacz/custom/tacz_default_gun/assets/tacz/tacz_sounds/ump45/ump45_inspect.ogg
339d4487449fec461d05c2b708aad077b07d3fe5bdae3c3a1b4bd814f2c49ade	assets/tacz/custom/tacz_default_gun/assets/tacz/tacz_sounds/ump45/ump45_inspect_empty.ogg
b87acf3d07639d829062f6ae271cb09c5b9fa6f7b5151405c7b219f05ae07d66	assets/tacz/custom/tacz_default_gun/assets/tacz/tacz_sounds/ump45/ump45_put_away.ogg
8f68127423ecdeef5741434639cf547d7a0efc39607fa6fa532ab4f4c0758825	assets/tacz/custom/tacz_default_gun/assets/tacz/tacz_sounds/ump45/ump45_reload_empty.ogg
02753cb6983ffa582f3645c14f99423d260ab44ad4ea53ff60d76d70e9ee5f93	assets/tacz/custom/tacz_default_gun/assets/tacz/tacz_sounds/ump45/ump45_reload_tactical.ogg
7637320bffc2c406826a2f7de3f555888db443010dee3d143a56a372630e8709	assets/tacz/custom/tacz_default_gun/assets/tacz/tacz_sounds/ump45/ump45_shoot.ogg
06e20e06af9bfb2662f1d914486d0d2857e60a45fb7edaa15a48b9c0427656c2	assets/tacz/custom/tacz_default_gun/assets/tacz/tacz_sounds/ump45/ump45_shoot_3p.ogg
b08d63dcf15915b61c086de3a83585a993f1c85648314fbff4b95ccba8d5f7da	assets/tacz/custom/tacz_default_gun/assets/tacz/tacz_sounds/ump45/ump45_silence.ogg
2409dee63b6b3dd5e969924ff61a2a2d56099181bde4143c7a8ecdced58241d5	assets/tacz/custom/tacz_default_gun/assets/tacz/tacz_sounds/ump45/ump45_silence_3p.ogg
fc79ac1a5415a30b638ab0ece45e2e75c83a7af236863f6528890c76a3759e99	assets/tacz/custom/tacz_default_gun/assets/tacz/tacz_sounds/uzi/uzi_draw.ogg
f0d00260a261aa4185317377d4a009aab32f21c3adfeb08b30354e354aeac16f	assets/tacz/custom/tacz_default_gun/assets/tacz/tacz_sounds/uzi/uzi_inspect.ogg
b32b10f6055bcfcd71e9d4665fc180d47f814d4ca561b0d5d82c38fcd3b56e5f	assets/tacz/custom/tacz_default_gun/assets/tacz/tacz_sounds/uzi/uzi_inspect_empty.ogg
8dda15788b7e8c82dea65f907d36315bd6d8a8f7f9f268775cbccf6e32323bd2	assets/tacz/custom/tacz_default_gun/assets/tacz/tacz_sounds/uzi/uzi_put_away.ogg
fefd5fde001dee8a0ce433e45457dd8f66d68a20c3d3a007814f15f068fa6b62	assets/tacz/custom/tacz_default_gun/assets/tacz/tacz_sounds/uzi/uzi_reload_empty.ogg
1acec9834d312aa6d712c55cb3c3d8c70746d3bc3c25757c06db5f35657715ef	assets/tacz/custom/tacz_default_gun/assets/tacz/tacz_sounds/uzi/uzi_reload_tactical.ogg
5b9af98f63520a2054cf0e07624f8996937012bac914ee39a92c1890ee29f9b7	assets/tacz/custom/tacz_default_gun/assets/tacz/tacz_sounds/uzi/uzi_shoot.ogg
4a7224ca025b569e1209398a9813c10f0298c6158ad09d4df5f2c50fe76fb205	assets/tacz/custom/tacz_default_gun/assets/tacz/tacz_sounds/uzi/uzi_shoot_3p.ogg
59fe449405b0bdb5ba3ec65b97cb82ef9b9a34c6ec6a8c1a9ca0c05592b0c9e4	assets/tacz/custom/tacz_default_gun/assets/tacz/tacz_sounds/uzi/uzi_silence.ogg
f0d32e2ddc1f89a10843722908c9b183de6583cac5ba75fd54bd7d8b57eca1e8	assets/tacz/custom/tacz_default_gun/assets/tacz/tacz_sounds/uzi/uzi_silence_3p.ogg
2ce690018dbacdb786f18a663d3ea644e6b2a4327a61b20d44f8f0a8eec6f86c	assets/tacz/custom/tacz_default_gun/assets/tacz/tacz_sounds/victor45/vector_shoot.ogg
721f7b42ec7824605743c09b8f329cfb479ef08acca0df186f03622e85dfacde	assets/tacz/custom/tacz_default_gun/assets/tacz/tacz_sounds/victor45/vector_shoot_3p.ogg
d0f86ded0a30c36c2c9dcf20aaef7c931df3b4cc38511a089c891f6a4b47a706	assets/tacz/custom/tacz_default_gun/assets/tacz/tacz_sounds/victor45/vector_silence.ogg
ff4f27803f0c7f5e357d4d9ffdc2c3adaedac6aa2bad103e0f62082fbb041e63	assets/tacz/custom/tacz_default_gun/assets/tacz/tacz_sounds/victor45/vector_silence_3p.ogg
0ae5fbc559f2b93126eda99225d7aa685a34bc1c275724a388cfe272ab2d5583	assets/tacz/custom/tacz_default_gun/assets/tacz/tacz_sounds/victor45/victor_draw.ogg
80882f7f500d4221b5554b5ca1c0bd4cac2cb1e436be2db2c9b24c50a6a75970	assets/tacz/custom/tacz_default_gun/assets/tacz/tacz_sounds/victor45/victor_inspect_boltpull.ogg
b539ce3fcda77664e792ced55c2ebb19bffa6f8d9d93f91f54a590625377618a	assets/tacz/custom/tacz_default_gun/assets/tacz/tacz_sounds/victor45/victor_inspect_boltrelease.ogg
eabec8020864330a34d2b255ef821e2936953a532e779d63f614c5d1e957dec3	assets/tacz/custom/tacz_default_gun/assets/tacz/tacz_sounds/victor45/victor_inspect_end.ogg
a52206c2937b431afc339c40468cd595e246f18f3ffaa6e47d264f775c5291d2	assets/tacz/custom/tacz_default_gun/assets/tacz/tacz_sounds/victor45/victor_inspect_lower.ogg
995ff49346fa61c80c094129ca9d2fdbfa4071e154039c10562d086c1031aed3	assets/tacz/custom/tacz_default_gun/assets/tacz/tacz_sounds/victor45/victor_inspect_maghit.ogg
4432da801a33e121e87472a538722045c4662afbc634d0e0d8209c06654d08b5	assets/tacz/custom/tacz_default_gun/assets/tacz/tacz_sounds/victor45/victor_inspect_magin.ogg
797518d3f6b95d10cf1c345ee994e177b99d6cd6991cad304d7b22de0204b803	assets/tacz/custom/tacz_default_gun/assets/tacz/tacz_sounds/victor45/victor_inspect_magout.ogg
8485bb50a2eefbc0b02f22b3094339b9ad6ff4c972dd1e2f59d9f85c75c615e2	assets/tacz/custom/tacz_default_gun/assets/tacz/tacz_sounds/victor45/victor_inspect_moveclose.ogg
cfc148e45d565eec0cc3f0b20857eba35714f075c308ab5ae8865188dcbdd216	assets/tacz/custom/tacz_default_gun/assets/tacz/tacz_sounds/victor45/victor_inspect_mvmnt.ogg
e4e1d04fda2fba100d7810ef7710c9bfa5ecc4f0c107dd90ecab6c33a1f2826f	assets/tacz/custom/tacz_default_gun/assets/tacz/tacz_sounds/victor45/victor_inspect_raise.ogg
07d250b5079982f1ea632effc98acf923490480cf8306f9ad908e251399d4bc0	assets/tacz/custom/tacz_default_gun/assets/tacz/tacz_sounds/victor45/victor_inspect_rotate.ogg
d526dda70f8e00445c2329a60a790b721174d49611409ac268c24f1164434599	assets/tacz/custom/tacz_default_gun/assets/tacz/tacz_sounds/victor45/victor_put_away.ogg
9a7fe0b8edf5261934e5bd157a1604883e97ef8d1534eddab036f579fe26ace8	assets/tacz/custom/tacz_default_gun/assets/tacz/tacz_sounds/victor45/victor_reload_drum_rattle.ogg
9abe8392ff66c255a1992069d0e16365d16a2f5dd106613e2c84277546897383	assets/tacz/custom/tacz_default_gun/assets/tacz/tacz_sounds/victor45/victor_reload_empty_charge.ogg
080a7f3624c1e073f38ab76360d032610f666c00445dfedf4af6bdfedc2de550	assets/tacz/custom/tacz_default_gun/assets/tacz/tacz_sounds/victor45/victor_reload_empty_end.ogg
53bf6d0121a7f28e615771d3b55ca6084997a3f711bead8d5868a8812d3ab54f	assets/tacz/custom/tacz_default_gun/assets/tacz/tacz_sounds/victor45/victor_reload_empty_fast_drum_boltrelease.ogg
f30b0f89827bd7dc47ef79019ac29e7a69f2529dcea367a4fc33f8e0b8dcf7ab	assets/tacz/custom/tacz_default_gun/assets/tacz/tacz_sounds/victor45/victor_reload_empty_fast_drum_hit.ogg
6e03fd7bb59cb91c48427b7336602bfa1ebc1908a8821181e2458c33f80bc832	assets/tacz/custom/tacz_default_gun/assets/tacz/tacz_sounds/victor45/victor_reload_empty_lift.ogg
995ff49346fa61c80c094129ca9d2fdbfa4071e154039c10562d086c1031aed3	assets/tacz/custom/tacz_default_gun/assets/tacz/tacz_sounds/victor45/victor_reload_empty_maghit.ogg
a89de21a4800357ba252e9b1d7ae0686db2d53198701f9194c68cc589ecfc8d9	assets/tacz/custom/tacz_default_gun/assets/tacz/tacz_sounds/victor45/victor_reload_empty_magin.ogg
77699b057c0a722893717e41f8124804174be6722fe06f1f0b404b24a7107795	assets/tacz/custom/tacz_default_gun/assets/tacz/tacz_sounds/victor45/victor_reload_empty_magout.ogg
6e03fd7bb59cb91c48427b7336602bfa1ebc1908a8821181e2458c33f80bc832	assets/tacz/custom/tacz_default_gun/assets/tacz/tacz_sounds/victor45/victor_reload_empty_raise.ogg
b694e70d0a90365a52d48975c56237bff145ca4471b651e19fdfcf83f55b7f9f	assets/tacz/custom/tacz_default_gun/assets/tacz/tacz_sounds/victor45/victor_reload_empty_rattle.ogg
54e0a19bacf046119da086187fc80ffeaa241d5be894724b41fc92ad28692d9f	assets/tacz/custom/tacz_default_gun/assets/tacz/tacz_sounds/victor45/victor_reload_empty_shake.ogg
d004481b2df1d28e8e64160bbf36e6e526457fee617792ccca08cfe5c4d40eb5	assets/tacz/custom/tacz_default_gun/assets/tacz/tacz_sounds/victor45/victor_reload_end.ogg
66d6a7588775f3f9241764ae1cd83178e1e71bdfe33580416851f2632dbff6cb	assets/tacz/custom/tacz_default_gun/assets/tacz/tacz_sounds/victor45/victor_reload_maghit.ogg
fc1f875be3195f36f152c0445963b17fa92da33ec4d614f5982a5241c34287f1	assets/tacz/custom/tacz_default_gun/assets/tacz/tacz_sounds/victor45/victor_reload_magin.ogg
351258ed9285857d590e49f27099b5b3e3cc7a86638d2652299745b80ebe3134	assets/tacz/custom/tacz_default_gun/assets/tacz/tacz_sounds/victor45/victor_reload_magout.ogg
03990ed1c2c5f0f59454bd93ed3e37b4ef840b916475e4166a110b210a590f7b	assets/tacz/custom/tacz_default_gun/assets/tacz/tacz_sounds/victor45/victor_reload_raise.ogg
68bb887e61312ddd1e31d4995c99cd6faab8d501a28c2f56b2ce4bd1a2399a26	assets/tacz/custom/tacz_default_gun/assets/tacz/textures/ammo/slot/12g.png
8cebaf0ed70a406854dd4a4a8bd2880f8b24200ab140ad0b31f3f21632023b37	assets/tacz/custom/tacz_default_gun/assets/tacz/textures/ammo/slot/20x82.png
510c8771eca0530b0a387702f7c1d56ce879dc2063ee4097fb9665560f7761c2	assets/tacz/custom/tacz_default_gun/assets/tacz/textures/ammo/slot/22wmr.png
e5af261b2a5fd7becdbf4377ae4f03285d567953beb11574bf4556f3dcb63c79	assets/tacz/custom/tacz_default_gun/assets/tacz/textures/ammo/slot/308.png
cddbbc2db95bb27cce8f2f500d0c649d427f08d3ae969606a81463b29c71cfbb	assets/tacz/custom/tacz_default_gun/assets/tacz/textures/ammo/slot/30_06.png
4b46e7b9aebc5f2168f3af47b0e81291f33747a25587f2b8eb6b2049da8c54f0	assets/tacz/custom/tacz_default_gun/assets/tacz/textures/ammo/slot/338.png
cc7777ccc45fc3ed541abf2658f57667e79c9864ca079ce0b777276035e1ff02	assets/tacz/custom/tacz_default_gun/assets/tacz/textures/ammo/slot/357mag.png
34e42a484a099ff5079cc3d3be9bb5dcb46a46b908f5bb4925d375e12bb7324d	assets/tacz/custom/tacz_default_gun/assets/tacz/textures/ammo/slot/40mm.png
b28d1ce4577283e0e59e38b68efe9186da122cb2407242e251e193490503f42e	assets/tacz/custom/tacz_default_gun/assets/tacz/textures/ammo/slot/45_70.png
229fedb20833a0999d577cdb6af6a0b2e873e6cd5ccba8271421587125323063	assets/tacz/custom/tacz_default_gun/assets/tacz/textures/ammo/slot/45acp.png
2bbeadad99c154c0fb4c7d2f92d061db10fd6ffc8389ce9faab2e26c18acd92e	assets/tacz/custom/tacz_default_gun/assets/tacz/textures/ammo/slot/46x30.png
5d67385eb4e7fb3c29bb92b2d883c5d85a17b6f96a857622fdf1417c6a0a9310	assets/tacz/custom/tacz_default_gun/assets/tacz/textures/ammo/slot/500mag.png
3d4ad16c9bd3b74fbb69acf8c1b4d80b81bf15e1d2c7951a19acc533d227e053	assets/tacz/custom/tacz_default_gun/assets/tacz/textures/ammo/slot/50ae.png
401cce2a4d9ff9abbd349c08d48ac798e8296da985e7b1ec6a5f53051210071f	assets/tacz/custom/tacz_default_gun/assets/tacz/textures/ammo/slot/50bmg.png
7630221e221e1de8d7d09a2f4cdb9547ed857340a3cdf4d36662b60f52529937	assets/tacz/custom/tacz_default_gun/assets/tacz/textures/ammo/slot/545x39.png
e689bc548f19e1f948724bc25a3128dd956654773e60eb730fdd29efb1ad668c	assets/tacz/custom/tacz_default_gun/assets/tacz/textures/ammo/slot/556x45.png
4123cb0d0f4737286aaaa03ee46e7a7ec7cd1f6c2c1dc0f627fb00996405ecf5	assets/tacz/custom/tacz_default_gun/assets/tacz/textures/ammo/slot/57x28.png
69ddee43809ac146abc3e067b0289e2bffcf1d86bf6a6189c83117da68259e60	assets/tacz/custom/tacz_default_gun/assets/tacz/textures/ammo/slot/58x42.png
d024f02844ff533e8d900b54652841fe57d0fb4bf6f7354c87fdb8fdcd4d29a5	assets/tacz/custom/tacz_default_gun/assets/tacz/textures/ammo/slot/68x51fury.png
f2bfd586b36bd772a7a7f39a4ec720b3d40de0757eda005bafd607c2b0ba8cb2	assets/tacz/custom/tacz_default_gun/assets/tacz/textures/ammo/slot/762x25.png
2c6b1928211008796afdf847a80bd2fc48f21393c9aff8b32cf12339d9866895	assets/tacz/custom/tacz_default_gun/assets/tacz/textures/ammo/slot/762x39.png
74cad449900f311e5c9630d6a2e147fb53499eb12511e5a0af127e477bf3dde2	assets/tacz/custom/tacz_default_gun/assets/tacz/textures/ammo/slot/762x54.png
aacbe1680486e72de2cb9d486cc9381bd2989b9b441f13f51256a00aed1b1b24	assets/tacz/custom/tacz_default_gun/assets/tacz/textures/ammo/slot/792x57.png
ff944f2134d5a2b73bc31da546051b73f50841c1000b58ddd7ccbd2079d21abf	assets/tacz/custom/tacz_default_gun/assets/tacz/textures/ammo/slot/9mm.png
64dbce5f960ea304f6883014ab5878eba7de486e9d25035b1036c0d854bd9614	assets/tacz/custom/tacz_default_gun/assets/tacz/textures/ammo/slot/font.png
7367992b43033664d71d961d2bb3f015e8f8cc7b21f87b5971304d9290b8a518	assets/tacz/custom/tacz_default_gun/assets/tacz/textures/ammo/slot/rpg_rocket.png
360b2acf859d33c72dbdf18c20c0d9c8c39084e9e90ef75a1348047907a8776a	assets/tacz/custom/tacz_default_gun/assets/tacz/textures/ammo/uv/12g.png
24dae24f25b65cf5f8e5bb4f5f012ecaba65d918e5cfdee9dcb291ec4872ac80	assets/tacz/custom/tacz_default_gun/assets/tacz/textures/ammo/uv/12g_n.png
094277e930cc905688f0d9ba0a4402d7029503d105d5e581c0c81af61596f4bf	assets/tacz/custom/tacz_default_gun/assets/tacz/textures/ammo/uv/12g_s.png
62af30a73fa5843c4879e0c626d4a2c625471b037ef96ed92bce90d89d7ff9d3	assets/tacz/custom/tacz_default_gun/assets/tacz/textures/ammo/uv/308.png
6a47ac2744de22a2ffccbeaffe47deac9309d416951f0f3be50998d9b4f000ec	assets/tacz/custom/tacz_default_gun/assets/tacz/textures/ammo/uv/308_n.png
473c77e908f043782f8beb1aa1fc088808a365cc339bb9985ea6919e4e55669e	assets/tacz/custom/tacz_default_gun/assets/tacz/textures/ammo/uv/308_s.png
06a904aa3344a9a2ac3cca09a56567ac0e49a25655a7b2729f29eb42bbd19045	assets/tacz/custom/tacz_default_gun/assets/tacz/textures/ammo/uv/30_06.png
eeb28a6d313e184fe07401522986f3a87417f86e2497979549755f010fec36a3	assets/tacz/custom/tacz_default_gun/assets/tacz/textures/ammo/uv/30_06_s.png
eddf0e8da4df5385975c57a52fbd1b22f95e3b02109d90d04fc5f86f0e77ff63	assets/tacz/custom/tacz_default_gun/assets/tacz/textures/ammo/uv/338.png
866f0bcb2946c627c5107314968181e7ae6cb77305d2ffeaec65ad0480434154	assets/tacz/custom/tacz_default_gun/assets/tacz/textures/ammo/uv/338_n.png
578d8d36e1fd4d1099887bba3cc51207843d20a1a78b15151238c53b4e6ae043	assets/tacz/custom/tacz_default_gun/assets/tacz/textures/ammo/uv/338_s.png
318a4b3a4eb3361b1e1aa7d33f58126739ea65fc3feb562ed847ef97b4071c37	assets/tacz/custom/tacz_default_gun/assets/tacz/textures/ammo/uv/357mag.png
e9a027baaaa1c75830c218f8d31b543481c1a993829d0c5e008256276b204b25	assets/tacz/custom/tacz_default_gun/assets/tacz/textures/ammo/uv/357mag_s.png
a9a972ea9f50f3c9fbb97e48cd68ba0e608a56e193b79d224c027cd0b6ac0baa	assets/tacz/custom/tacz_default_gun/assets/tacz/textures/ammo/uv/40mm.png
bd61ab0fcc38012f5b446738e099bce1802952956e772b5203d541bb621d389d	assets/tacz/custom/tacz_default_gun/assets/tacz/textures/ammo/uv/40mm_n.png
43639880b80d23e0ffaabffe1600364d1ef3d05bc7029f6fbe539ec011875769	assets/tacz/custom/tacz_default_gun/assets/tacz/textures/ammo/uv/40mm_s.png
208a4a51e3dad6f120539310a7f1f5bf515cbe30f7185b35edb6fd1da97aeebd	assets/tacz/custom/tacz_default_gun/assets/tacz/textures/ammo/uv/45acp.png
817e7ba03eea806b7d6bb923c97c127ec7cdfeabbb8d041f285fbd1719b305c1	assets/tacz/custom/tacz_default_gun/assets/tacz/textures/ammo/uv/45acp_n.png
d0bc5e6f2a58a57a8ac317145ca4b4da0568ce0afbd8e335dbcd0c55fb69530c	assets/tacz/custom/tacz_default_gun/assets/tacz/textures/ammo/uv/45acp_s.png
87cceb15e833e806952fa2677f4344b448ee591e8d5716227c6ff8149e960143	assets/tacz/custom/tacz_default_gun/assets/tacz/textures/ammo/uv/46x30.png
7661b8349f635623f61902156c309fd14ec08309bc28441ca5e9c8575932faca	assets/tacz/custom/tacz_default_gun/assets/tacz/textures/ammo/uv/46x30_s.png
7b955f696dedef4b8b7cb92a558773d8018b83a3c1d2a6866684ade1ee6a988c	assets/tacz/custom/tacz_default_gun/assets/tacz/textures/ammo/uv/50ae.png
350692f0b60f51c410338579f642f3d0faf3911b5e62143d9a38fce4e5004f75	assets/tacz/custom/tacz_default_gun/assets/tacz/textures/ammo/uv/50ae_n.png
4f17fd177276769b55e4426130813421fb620b0e9b13daf9d36197c63e01bf53	assets/tacz/custom/tacz_default_gun/assets/tacz/textures/ammo/uv/50ae_s.png
a25e58a5c005345fac23da7bf7a847afd644aef5ee29e98fd970db184685c331	assets/tacz/custom/tacz_default_gun/assets/tacz/textures/ammo/uv/50bmg.png
be96d2bb2b3160aea88dc6452cc425c77f7e6e7974c7e45e61b7409c1ce95025	assets/tacz/custom/tacz_default_gun/assets/tacz/textures/ammo/uv/50bmg_s.png
0d2e2aad954c7b988e0f5cf5d8c966ff157ce919201b6baf6ce5cbc9dbec5ef2	assets/tacz/custom/tacz_default_gun/assets/tacz/textures/ammo/uv/556x45.png
9d027ca7bf803996b94b91995f01713d69b0962222a7434c3e0768b892e5b3d1	assets/tacz/custom/tacz_default_gun/assets/tacz/textures/ammo/uv/556x45_s.png
013d1e5261071c4ebf429157c233a747a815c88e49e5474d50b1499877436da2	assets/tacz/custom/tacz_default_gun/assets/tacz/textures/ammo/uv/57x28.png
1c2fb3a03d3842dd527bad1ba6c26afccd75e554ceb33229ca0989e374fd42cc	assets/tacz/custom/tacz_default_gun/assets/tacz/textures/ammo/uv/57x28_s.png
cf33b267df12ab9e3050fc74eb9e8d19ca38cc3cdfc06d30edce0035bc1fbb19	assets/tacz/custom/tacz_default_gun/assets/tacz/textures/ammo/uv/58x42.png
7e4a4f0a5422ecf2881cd1a557471334dad4d83c7b66c0f108e9d39266ba70a1	assets/tacz/custom/tacz_default_gun/assets/tacz/textures/ammo/uv/58x42_s.png
cdf99925880a6eec5b80892d93210c3d0f0bd62e7ef60a205d6a073b264e3ee9	assets/tacz/custom/tacz_default_gun/assets/tacz/textures/ammo/uv/68x51fury.png
ce3a9f542d084314dccbc1240d64d2a138178c66532856045f3c7d828fc07a7b	assets/tacz/custom/tacz_default_gun/assets/tacz/textures/ammo/uv/68x51fury_s.png
658f3a7dd7c153aba3423d31b75a1ccbc858939406b3a6832e0a7824a82e5026	assets/tacz/custom/tacz_default_gun/assets/tacz/textures/ammo/uv/762x25.png
e9065be815da437a20c1d2caae1d3da99d8dcb98db199fe434ea997c82973441	assets/tacz/custom/tacz_default_gun/assets/tacz/textures/ammo/uv/762x25_s.png
2a84c4a9047093591ddff2a26730b0faacbccf5e393ee8e1c5e366bab84a5f7a	assets/tacz/custom/tacz_default_gun/assets/tacz/textures/ammo/uv/762x39.png
beda963a815bcad9016773401e47a88ec45f01947b129e27d1ffc294dfaa6ccc	assets/tacz/custom/tacz_default_gun/assets/tacz/textures/ammo/uv/762x39_n.png
42fa2e01945196a893a006cd962c4f7515883d7eccc846448046a5f25ce6fa33	assets/tacz/custom/tacz_default_gun/assets/tacz/textures/ammo/uv/762x39_s.png
75cd84ea13ef06de8a241f29c09df04d667d73f72e54947ffbcca85afd0deca6	assets/tacz/custom/tacz_default_gun/assets/tacz/textures/ammo/uv/762x54.png
582fea340c47acd928051b0fd3362c802fdc69fb3d42f56aa5cfcaba5bbf5737	assets/tacz/custom/tacz_default_gun/assets/tacz/textures/ammo/uv/762x54_s.png
67875185e4cb5c7a2c53373018299d71b049bcd21550cd8ed737adc34336f1c1	assets/tacz/custom/tacz_default_gun/assets/tacz/textures/ammo/uv/9mm.png
189635e2438218eaafb329493e75890601f2096a7121112ceed7021105529698	assets/tacz/custom/tacz_default_gun/assets/tacz/textures/ammo/uv/9mm_n.png
616032d71ace444c49416f347d5956757411aebf6263af14fc93b499fc97e1ad	assets/tacz/custom/tacz_default_gun/assets/tacz/textures/ammo/uv/9mm_s.png
ee7737b47701103aa1ef51e2da1eae2b5235129c099acf20a664d150ff2088f1	assets/tacz/custom/tacz_default_gun/assets/tacz/textures/ammo_entity/40mm_grenade.png
33baa75fd39daae5325c740ab36e92638350b835b35e78365717c80d3febb290	assets/tacz/custom/tacz_default_gun/assets/tacz/textures/ammo_entity/40mm_grenade_n.png
4280d3e367eabfeb1a93ae744aaf35f318741ccb2b56a50b72795be369053d5f	assets/tacz/custom/tacz_default_gun/assets/tacz/textures/ammo_entity/40mm_grenade_s.png
42da9b42eb0c71a4b08fbca83fd138dcefbe9c95fe2d550d7af9104aafebc89d	assets/tacz/custom/tacz_default_gun/assets/tacz/textures/ammo_entity/rpg_rocket.png
39eec2cc2be0d0c5c21b6c1a63f849a89e24900f4611f8d2dbb4ccd5cc2a3c59	assets/tacz/custom/tacz_default_gun/assets/tacz/textures/ammo_entity/rpg_rocket_n.png
c4f29a77cc422633654b1ad6b8a6072fb126ab8d3d1f6d3344d15a003441ec41	assets/tacz/custom/tacz_default_gun/assets/tacz/textures/ammo_entity/rpg_rocket_s.png
b7cd0a33ff16c8b7b697c42694951582ff3dbe22ed49a1d5dbc433f8819f13c7	assets/tacz/custom/tacz_default_gun/assets/tacz/textures/attachment/lod/laser_compact.png
5dc3ad5b1500d9fab21e745c0fdec6c9800bc16a9d2374d35bf82c75e3824527	assets/tacz/custom/tacz_default_gun/assets/tacz/textures/attachment/lod/laser_lopro.png
0c0c98b31f73171f911f3d08a3cf7db110ab2f6d880b3af9c0d99abb13feb0d7	assets/tacz/custom/tacz_default_gun/assets/tacz/textures/attachment/lod/laser_nightstick.png
0b2210380aa3c372eed701bc57c640eb8b46089ec4ff16000d49de0b334b969a	assets/tacz/custom/tacz_default_gun/assets/tacz/textures/attachment/lod/scope_acog_ta31.png
c7879f17558b96e8e3fee7c81729887007c4eba113911d9ff2106438b7063cd5	assets/tacz/custom/tacz_default_gun/assets/tacz/textures/attachment/lod/scope_elcan_4x.png
29b0115564a1ef394d288b2809fcdfcdee4021a8211ae06ff89a884366678270	assets/tacz/custom/tacz_default_gun/assets/tacz/textures/attachment/lod/scope_hamr.png
d5945ace8cff49254c23f3bae517edf2cc700e2426d719de1f2baa2ca9a2ebc5	assets/tacz/custom/tacz_default_gun/assets/tacz/textures/attachment/lod/scope_lpvo_1_6.png
1340978b45446e9cb170e07b01dd94a3d8fa54c0db82346ca5c97a819f8c3671	assets/tacz/custom/tacz_default_gun/assets/tacz/textures/attachment/lod/scope_mk5hd.png
5c7b33ca865fba578b5eba346ca0c1c34422c2a228ca563125d54152e1eb4c27	assets/tacz/custom/tacz_default_gun/assets/tacz/textures/attachment/lod/scope_qmk152.png
3b44b694766014abeddb63a3424db3170992d7465e542912fcf4a2d969ee4800	assets/tacz/custom/tacz_default_gun/assets/tacz/textures/attachment/lod/scope_retro_2x.png
3ed1bcc236ac718ba1149879220adefadfe2d4e3cbf35de6b05accacfaa65006	assets/tacz/custom/tacz_default_gun/assets/tacz/textures/attachment/lod/scope_scout.png
7a9ac467ed9d7e0c5dc1c4a6023e6baf298e556c33e8c112ef2620f9930db2db	assets/tacz/custom/tacz_default_gun/assets/tacz/textures/attachment/lod/scope_standard_8x.png
66a05f6f29007b2153d4e59ee58dfe588ab57f0d4bd8c943f24f3452d928eff6	assets/tacz/custom/tacz_default_gun/assets/tacz/textures/attachment/lod/scope_vudu.png
0e3c91e3c1b34d3e956af060357d27353b4ebf468e02ee61afefa81a05c5eaaa	assets/tacz/custom/tacz_default_gun/assets/tacz/textures/attachment/lod/sight_552.png
8312e888f313c0ecf90730555e05971c5a807ff9ac5481fa3602e4fa48d4cd1f	assets/tacz/custom/tacz_default_gun/assets/tacz/textures/attachment/lod/sight_acro_pistol.png
11ce8fa56ca1d0fcb33bb75346eed360f4656b3564ce82b18dcc856f021195e0	assets/tacz/custom/tacz_default_gun/assets/tacz/textures/attachment/lod/sight_acro_rifle.png
3af97a51b431545c23508de8f29eb418660e9cbe5120afde5e21930edcd27213	assets/tacz/custom/tacz_default_gun/assets/tacz/textures/attachment/lod/sight_coyote.png
08ebeaf2f99b4596c5be70bfd16698be00999fe4a94703c6c529d1914aa9ec42	assets/tacz/custom/tacz_default_gun/assets/tacz/textures/attachment/lod/sight_deltapoint_pistol.png
84d9c4dae605da8bd87e1dcf23a1cc8335347ecd4bdeaa210e02c8631f019d5f	assets/tacz/custom/tacz_default_gun/assets/tacz/textures/attachment/lod/sight_deltapoint_rifle.png
65714c52c5232692efbf67f2f5f29720f3d6f7fc6107cac86236bea33e0cedbe	assets/tacz/custom/tacz_default_gun/assets/tacz/textures/attachment/lod/sight_exp3.png
223cd56ef31f4396ec8d41514e143d71f443d9fe1a0aaa5ab0055f51ae2b7ff3	assets/tacz/custom/tacz_default_gun/assets/tacz/textures/attachment/lod/sight_fastfire_pistol.png
535d6291fd3db117a226544b601eb0790eca5d4709db583d1bcfcd3387d46241	assets/tacz/custom/tacz_default_gun/assets/tacz/textures/attachment/lod/sight_fastfire_rifle.png
71f93e2c3ee1c7ce4fefc946b60b6bb90da4807bb910b68a0ba033fb9e7cc998	assets/tacz/custom/tacz_default_gun/assets/tacz/textures/attachment/lod/sight_okp7.png
755ec92f1cb576cf9f029c1eb5545b2009c838af40614a092a9ad824de6f9676	assets/tacz/custom/tacz_default_gun/assets/tacz/textures/attachment/lod/sight_pk06_pistol.png
7d615da83f7aecd2ffc8fcd5bd22f7114739bb254e99e2e8f60a240161f2f0f9	assets/tacz/custom/tacz_default_gun/assets/tacz/textures/attachment/lod/sight_pk06_rifle.png
8d548fcbe17f999cb82b3c1b4341d0c17ef7a84535640c1fe6f6d7c5ed2e3d88	assets/tacz/custom/tacz_default_gun/assets/tacz/textures/attachment/lod/sight_rmr_dot.png
3d533c9b8ba247bc809a2dae9780c8ed8482dad2e96b6cf8f9bda686977a8fc8	assets/tacz/custom/tacz_default_gun/assets/tacz/textures/attachment/lod/sight_sro_dot.png
4f3ab29653430b421a815700230e1d6560f4e9e1dacac39d8bb0be5a7b27e5bb	assets/tacz/custom/tacz_default_gun/assets/tacz/textures/attachment/lod/sight_srs_02.png
554113640a24daaf9ba97fe707caed5a5e6c9dee355fbf3d55de36ef0a1ab772	assets/tacz/custom/tacz_default_gun/assets/tacz/textures/attachment/lod/sight_t1.png
27cd7e65c1c6656af469a0e1f642571e5ae104b3b3d592024dfb51ccaa56563c	assets/tacz/custom/tacz_default_gun/assets/tacz/textures/attachment/lod/sight_t2.png
ab139a98c1647c8721ea156687927c93e72d277f62f28f27e02a8b721368e1c5	assets/tacz/custom/tacz_default_gun/assets/tacz/textures/attachment/lod/sight_uh1.png
4f3c4579bc9d7e1a40f85276008b9025abc8b3ad45462468835c8defbe568d8f	assets/tacz/custom/tacz_default_gun/assets/tacz/textures/attachment/slot/ammo_mod_fmj.png
5c61bf18b00b3c8f61d16faf1d1d89784e6825cd5d02525ac9ebf77b2bb19f08	assets/tacz/custom/tacz_default_gun/assets/tacz/textures/attachment/slot/ammo_mod_he.png
2b8dee91fb31a18d1dccc93224917680baf8b4b814e747baac6f005060a3e466	assets/tacz/custom/tacz_default_gun/assets/tacz/textures/attachment/slot/ammo_mod_hp.png
85c5ad79a5c9f4a61280b32f9a0f598420c1a2368a36b922eb1901c25a341ee8	assets/tacz/custom/tacz_default_gun/assets/tacz/textures/attachment/slot/ammo_mod_i.png
5718011ca328962ab773d66e89ef1d313dc13fdaa841ce6ebaf36d81271822c0	assets/tacz/custom/tacz_default_gun/assets/tacz/textures/attachment/slot/ammo_mod_slug.png
a34afd11d59b4779aca0048887979cfdb0532ba75e26b23fc08d793ee514cd78	assets/tacz/custom/tacz_default_gun/assets/tacz/textures/attachment/slot/bayonet_6h3.png
98e44e422da0c5221bf95b75421d1b8ef721e67f92f7ea7ad63917d5d6401ac6	assets/tacz/custom/tacz_default_gun/assets/tacz/textures/attachment/slot/bayonet_m9.png
d0eb889f8f04ac0d05efce581ac56c313735addf78a3fac89234676a40cfcef6	assets/tacz/custom/tacz_default_gun/assets/tacz/textures/attachment/slot/deagle_golden_long_barrel.png
e37bfc3d5e172a29e8ec32052ab15c26692ff167e5dac5a63688e45d938ad082	assets/tacz/custom/tacz_default_gun/assets/tacz/textures/attachment/slot/extended_mag_1.png
50599b498787020a3a81a7a96d4d359160aa16cfc07e83dd96d07e9f4c76ab5a	assets/tacz/custom/tacz_default_gun/assets/tacz/textures/attachment/slot/extended_mag_2.png
5bff018b0206d6e50fdde9725bc2c280250c2b6a9f7ddb60bff0db1e86c6133c	assets/tacz/custom/tacz_default_gun/assets/tacz/textures/attachment/slot/extended_mag_3.png
f5b03e31f5ed182712c9e201892781298228800a55e12544db8778a4ad646bb8	assets/tacz/custom/tacz_default_gun/assets/tacz/textures/attachment/slot/grip_cobra.png
bd2b5dfb3a3dec80c31067da73c1fb0a2d9cad55a259a6c0c09ba11ef81897a5	assets/tacz/custom/tacz_default_gun/assets/tacz/textures/attachment/slot/grip_cqr.png
a2b3b3f634e8b0048de219360df78647dbd2acdadb03dc2f879cb506cbfacaf8	assets/tacz/custom/tacz_default_gun/assets/tacz/textures/attachment/slot/grip_magpul_afg_2.png
d4624168e5ebe359aeea0cfb1cfa8b320026680d7e6061c85a04d30304c04b98	assets/tacz/custom/tacz_default_gun/assets/tacz/textures/attachment/slot/grip_osovets_black.png
d3614b1ea8c39a8ada24bd15712ebd98c9ce397ccd8b7e798a0541756f7ec1d0	assets/tacz/custom/tacz_default_gun/assets/tacz/textures/attachment/slot/grip_rk0.png
dfb508dbce13f13c013e0fbf534335613b8c94b0017ae60553332e24eb07c062	assets/tacz/custom/tacz_default_gun/assets/tacz/textures/attachment/slot/grip_rk1_b25u.png
3d8f7a7580af6f96928e0c7a6cf1742cc4b756a3087e7acd55113b545db9e5c1	assets/tacz/custom/tacz_default_gun/assets/tacz/textures/attachment/slot/grip_rk6.png
4b110714b109af51780c5ece9391f871d0eb2f4410aa94bc71d292175af15082	assets/tacz/custom/tacz_default_gun/assets/tacz/textures/attachment/slot/grip_se_5.png
996f469f1e56dbee54242b56d1a6c631be8f59b1b9688fb8c030cbc5574bbbf7	assets/tacz/custom/tacz_default_gun/assets/tacz/textures/attachment/slot/grip_td.png
1fbd66846ffc751f070fb591b66299b2dc193b4a57ec53363bfa2422ce2052dd	assets/tacz/custom/tacz_default_gun/assets/tacz/textures/attachment/slot/grip_vertical_military.png
7aa795e0fcbf47733d6f6f90dfc482e088a5a7a39f8d407fc48e2005b1de286a	assets/tacz/custom/tacz_default_gun/assets/tacz/textures/attachment/slot/grip_vertical_ranger.png
6abb184edbc3f1ab3ebfdc6dfb9532757dac1b9a1b96c69d44c2331668694f23	assets/tacz/custom/tacz_default_gun/assets/tacz/textures/attachment/slot/grip_vertical_talon.png
aec4abf3fcf5dc00dc5e3d03fe291a8a5c268d97150c804bd079aba59b882a45	assets/tacz/custom/tacz_default_gun/assets/tacz/textures/attachment/slot/laser_compact_slot.png
5abfa38a881e579632d76f5084b0508e70c3b35c9c3572cb71b091c730920f08	assets/tacz/custom/tacz_default_gun/assets/tacz/textures/attachment/slot/laser_lopro_slot.png
bf4f0940ac7fd008c467dbeebeba77358c8759689c6598e5f5cd550cfc025e77	assets/tacz/custom/tacz_default_gun/assets/tacz/textures/attachment/slot/laser_nightstick_slot.png
df25f73ea66742184fcf916ab7ac8ad51103e2c9cef1d9c012627966d5a846b6	assets/tacz/custom/tacz_default_gun/assets/tacz/textures/attachment/slot/laser_peq6.png
aec5967dc82e63459a4cd9ba062d8f38d4f0602402456b31cdf7eee50a186a2e	assets/tacz/custom/tacz_default_gun/assets/tacz/textures/attachment/slot/light_extended_mag_1.png
67f38d193c572bc07d07ba7f543a994a78950198657a92888719006e45437521	assets/tacz/custom/tacz_default_gun/assets/tacz/textures/attachment/slot/light_extended_mag_2.png
d641621a7e51ff16b603123b5b15013705fd8af4a9dc1381467b147195646378	assets/tacz/custom/tacz_default_gun/assets/tacz/textures/attachment/slot/light_extended_mag_3.png
99948d928fa47e3b6eeb9e3d7b5d5d7095157b38a5938276937d859c9eee67e3	assets/tacz/custom/tacz_default_gun/assets/tacz/textures/attachment/slot/muzzle_brake_cthulhu.png
c63091923fdfe208af274bb3914674656a16ec3c7aba65dcd77983c58cfafcbb	assets/tacz/custom/tacz_default_gun/assets/tacz/textures/attachment/slot/muzzle_brake_cyclone_d2.png
c3fb57f570ee0afb773750a579d2edcb87b516dedabc7f8ddc5cf19b6e680438	assets/tacz/custom/tacz_default_gun/assets/tacz/textures/attachment/slot/muzzle_brake_mastiff_sg.png
16d77536843bb647aadae90e391ddd2c71d9dfdc53b9069bff0fab73f05a1cd3	assets/tacz/custom/tacz_default_gun/assets/tacz/textures/attachment/slot/muzzle_brake_pioneer.png
f6c8f5b5e563730f026183ef91ee82197196a3f462151a6d8abb6cb21e9a8c92	assets/tacz/custom/tacz_default_gun/assets/tacz/textures/attachment/slot/muzzle_brake_timeless50_slot.png
d231a022a4cd1353860e3e1190c7d5fe16625a060229720ff8c2a6518075a7fb	assets/tacz/custom/tacz_default_gun/assets/tacz/textures/attachment/slot/muzzle_brake_trex.png
3d7bf146ac99db4e08c273e9ad0084b1e4b41e152e239394ed5ad009a9c60810	assets/tacz/custom/tacz_default_gun/assets/tacz/textures/attachment/slot/muzzle_choke_sg.png
417a19ffbcb0db270d9fd0ebcae1d1993974c208e2534a65694b0b8dc812993f	assets/tacz/custom/tacz_default_gun/assets/tacz/textures/attachment/slot/muzzle_compensator_trident.png
aa52cb8334f72c881a606191d4e84f0583aca31bed54800df857822e0155ee70	assets/tacz/custom/tacz_default_gun/assets/tacz/textures/attachment/slot/muzzle_duckbill_sg.png
c68029faa072aa6d8420c5f83d8648a7378b8218504a0c900e105575084535a7	assets/tacz/custom/tacz_default_gun/assets/tacz/textures/attachment/slot/muzzle_silencer_knight_qd.png
f25504d0f60fd253600c8e04753ff88eabc43b9154a279b2bf47cf9f83008fc9	assets/tacz/custom/tacz_default_gun/assets/tacz/textures/attachment/slot/muzzle_silencer_mirage.png
c156cd6eab819bda8104ca2bbbf2891cef564bf72ebef4ef95edcbfd1b9a3c15	assets/tacz/custom/tacz_default_gun/assets/tacz/textures/attachment/slot/muzzle_silencer_phantom_s1.png
e6387151be9b42ce35082d78b37e9d875f28909d6a5f8fbc2c248a70b8435ebc	assets/tacz/custom/tacz_default_gun/assets/tacz/textures/attachment/slot/muzzle_silencer_ptilopsis.png
8c6238bbb2ee74aed5ddcdda4ac9b2aef4512ef5fe43f17868a67755271fb4e3	assets/tacz/custom/tacz_default_gun/assets/tacz/textures/attachment/slot/muzzle_silencer_sg.png
b1492742ab24a94fbd5b27115727e485dd0349b04f8aef2fe357e65cc85f222d	assets/tacz/custom/tacz_default_gun/assets/tacz/textures/attachment/slot/muzzle_silencer_ursus.png
92684bcf64255fa6b5e627aba0162959f3c95921b63ae44ec589eee8255589af	assets/tacz/custom/tacz_default_gun/assets/tacz/textures/attachment/slot/muzzle_silencer_vulture.png
a504ee84859b3c17f586ec5072ec69d96f50738868e06f3efa59b9d57b5d9cf0	assets/tacz/custom/tacz_default_gun/assets/tacz/textures/attachment/slot/muzzle_silencer_wraith.png
8d0818a65a6d1a70a4fd7b83fb007bca6ccc93fcc544764c8709f55e8727197b	assets/tacz/custom/tacz_default_gun/assets/tacz/textures/attachment/slot/oem_stock_heavy.png
a91cd242075ae164020e8134a26fbb2698f8058a10e21b02a1593865b1422a06	assets/tacz/custom/tacz_default_gun/assets/tacz/textures/attachment/slot/oem_stock_light.png
6adb14aec151dc09b198a2135ef69b57a9c955b965f2d6a51a8acb5afc3dec0c	assets/tacz/custom/tacz_default_gun/assets/tacz/textures/attachment/slot/oem_stock_tactical.png
2fd7a539e6b015d067c29aa4b73a86cf0d25d92dbc13143b8ee8a5c3ff3f124a	assets/tacz/custom/tacz_default_gun/assets/tacz/textures/attachment/slot/scope_1873_6x_slot.png
6c5ddba1cd3166b631f1797ae13fc896bb19e3b541c128e53cf6ce9b9d070a9d	assets/tacz/custom/tacz_default_gun/assets/tacz/textures/attachment/slot/scope_98k.png
1f4c036bf9b4ee8fb3dde8d4a9f324df934d95e63e83859d6e9180a91fc7a1f2	assets/tacz/custom/tacz_default_gun/assets/tacz/textures/attachment/slot/scope_acog_ta31.png
6f86838d5fbbb8cdd1130387e7bcff1edb872c520e49efb89e799f374b5553c5	assets/tacz/custom/tacz_default_gun/assets/tacz/textures/attachment/slot/scope_aug_default.png
8d9ba1e7ce2ac9a4eb7b2479cbfaaeab1b8e819e8cda79c27513a78a1410256a	assets/tacz/custom/tacz_default_gun/assets/tacz/textures/attachment/slot/scope_contender_slot.png
08350f40460aad048feba7c12a39a0aa001f56ab696805455559c146d9d3bb2a	assets/tacz/custom/tacz_default_gun/assets/tacz/textures/attachment/slot/scope_elcan_4x.png
0f6b6db0980df077c31e967339271de82e7d4073144cab19388bdb5ac5245a64	assets/tacz/custom/tacz_default_gun/assets/tacz/textures/attachment/slot/scope_hamr_slot.png
d3b581d5ae4978a9abe0a019751480a115b9c1d6efae1660ea90c1d9d51d1e9e	assets/tacz/custom/tacz_default_gun/assets/tacz/textures/attachment/slot/scope_lpvo_1_6.png
4b57384a804dadccf26e48be1d8b4ff77ff3237b83fcee2e8f09367e6f1ab1a2	assets/tacz/custom/tacz_default_gun/assets/tacz/textures/attachment/slot/scope_mk5hd_slot.png
c55fc57d9a7e47da24445ad6d2be98aca56322c7929460bdf19cfb84319eea8a	assets/tacz/custom/tacz_default_gun/assets/tacz/textures/attachment/slot/scope_qmk152.png
5351b9cb6a7f767e60afb74d5df0a2ffda9e6fdd96f5d3432bca5eeff30f2fb2	assets/tacz/custom/tacz_default_gun/assets/tacz/textures/attachment/slot/scope_retro_2x.png
1e5db548be2ba0725a4a4c50956baeca37e27b8194d2b62a97b288e4132fc15a	assets/tacz/custom/tacz_default_gun/assets/tacz/textures/attachment/slot/scope_scout_slot.png
981fe50817ad4ab80c0cf7415b73a871d60b81f8f860165043965b6f1fd26018	assets/tacz/custom/tacz_default_gun/assets/tacz/textures/attachment/slot/scope_standard_8x.png
77ad66acf3910ef2b2c73041e0e7da51934b42ed01a5f9234cfc90c5c5467853	assets/tacz/custom/tacz_default_gun/assets/tacz/textures/attachment/slot/scope_vudu.png
d3b290c7401dac0b7b42dd18852b223a8fda311128949211348682010be2ea82	assets/tacz/custom/tacz_default_gun/assets/tacz/textures/attachment/slot/shotgun_extended_mag_1.png
139672ec91f932c653b50d99e0bf00fa2a0e95a70296fea5fc08ef9b000fa5f7	assets/tacz/custom/tacz_default_gun/assets/tacz/textures/attachment/slot/shotgun_extended_mag_2.png
1727cc604f487c90a673efeeddb8366d4b62a7169213fbe1d7df4ed6408e7191	assets/tacz/custom/tacz_default_gun/assets/tacz/textures/attachment/slot/shotgun_extended_mag_3.png
26f5aeeff84c7a86f91775afd8fab66cb498a7652ed5f8eeeac3a41aa3ab6f71	assets/tacz/custom/tacz_default_gun/assets/tacz/textures/attachment/slot/sight_552.png
6e78fc2f6b6e21ce832169d9601677faec140982febb50b77a2a6c250fc99e77	assets/tacz/custom/tacz_default_gun/assets/tacz/textures/attachment/slot/sight_acro_pistol.png
a3510d7768f0ba972c8ad0ebd64692e81f0d275e2c12e2439c318a2540db1c01	assets/tacz/custom/tacz_default_gun/assets/tacz/textures/attachment/slot/sight_acro_rifle.png
36d1198c2d2a62c2f0e7389dcf7866b586dba87ae133d69ec0e0cc9cc58e7069	assets/tacz/custom/tacz_default_gun/assets/tacz/textures/attachment/slot/sight_coyote.png
835ea8c4f86dbb50dbcf110ee8048cb02432d13ccec614a48b09f1bdf83a932e	assets/tacz/custom/tacz_default_gun/assets/tacz/textures/attachment/slot/sight_deltapoint_pistol.png
39b59572e81a963ea5b786cebe848bcb1826e8b9bdb23c1ace9f7584baf29eab	assets/tacz/custom/tacz_default_gun/assets/tacz/textures/attachment/slot/sight_deltapoint_rifle.png
5eea9f5e41ad147d202bcc44ed17255b35915bc66cb4dfb7dbb72eb348275b2b	assets/tacz/custom/tacz_default_gun/assets/tacz/textures/attachment/slot/sight_exp3.png
c14a908c115aea3b6ac84d1fbd1f19e0e8d7655ffd3bb8237e449611d404a68d	assets/tacz/custom/tacz_default_gun/assets/tacz/textures/attachment/slot/sight_fastfire_pistol.png
6a1a38b55806459c60946a2995cb2c33de1a590f83cea1518fef1d41b8a171aa	assets/tacz/custom/tacz_default_gun/assets/tacz/textures/attachment/slot/sight_fastfire_rifle.png
ebf23bbf5e0aed5c23e9339448b02e0fff02d8683042e719eb6a263eaf994920	assets/tacz/custom/tacz_default_gun/assets/tacz/textures/attachment/slot/sight_okp7.png
0ca6cc997f9738ec3c36ce992d4e654246e0462bd9a80df5b681c6c7ad6ba519	assets/tacz/custom/tacz_default_gun/assets/tacz/textures/attachment/slot/sight_p90.png
fdf177edada16d21f89ed9522af559fa8a23f2e1bc9fd5b4b8bbb7be6d016205	assets/tacz/custom/tacz_default_gun/assets/tacz/textures/attachment/slot/sight_pk06_pistol.png
5318364068db370dc23abcfc1fb1a6087781b2d67d37d473bd8fb166fab321b5	assets/tacz/custom/tacz_default_gun/assets/tacz/textures/attachment/slot/sight_pk06_rifle.png
1038e00d4cea15b602e91823ea995942ef6c49564a6834d478a34473a9562f92	assets/tacz/custom/tacz_default_gun/assets/tacz/textures/attachment/slot/sight_rmr_dot.png
29b066e564a73e0fbaad9b8c67baa620c00efead91d880ecaa8d366bc3f8ce2e	assets/tacz/custom/tacz_default_gun/assets/tacz/textures/attachment/slot/sight_sro_dot.png
39f96fef79d756702b16a57932ac80a8435d7adcd88620cf22a59b3defe007f1	assets/tacz/custom/tacz_default_gun/assets/tacz/textures/attachment/slot/sight_srs_02.png
954deb610a86d1b9a1537aaed03c052fc91e5ccf108673e503196d71d9eaeeee	assets/tacz/custom/tacz_default_gun/assets/tacz/textures/attachment/slot/sight_t1.png
4e58b28b7c401c0d4a924cbae497d4485013bdcd6879b9164b2c761b16163c63	assets/tacz/custom/tacz_default_gun/assets/tacz/textures/attachment/slot/sight_t2.png
707aeb756b4033d1b2d427446c25c7ba2f344d1523e15548f4aa9b653b5151cb	assets/tacz/custom/tacz_default_gun/assets/tacz/textures/attachment/slot/sight_uh1.png
fbeb321a399a1f163f533575239e64eb6968bce1f1a0a874cc775023466e3468	assets/tacz/custom/tacz_default_gun/assets/tacz/textures/attachment/slot/sniper_extended_mag_1.png
865eab018e192b667e487e9c919b2308609dbe3ec54580575cd997b3b2c39281	assets/tacz/custom/tacz_default_gun/assets/tacz/textures/attachment/slot/sniper_extended_mag_2.png
5c5d691d3c8f4486f57c6fb3b8e9200da6c15c138c4962bd8c93ef3d92930429	assets/tacz/custom/tacz_default_gun/assets/tacz/textures/attachment/slot/sniper_extended_mag_3.png
7c552a16fac22c6799184d3bd3afc89fc85a7d81eda6de4a6012860f440b6422	assets/tacz/custom/tacz_default_gun/assets/tacz/textures/attachment/slot/stock_ak12.png
922eb2435e811b52ff2188d41f890e946325190e6608973f9e1be27819ba7911	assets/tacz/custom/tacz_default_gun/assets/tacz/textures/attachment/slot/stock_carbon_bone_c5.png
70ba1daaf79a86c70cc48192b0e8ac0238f1e089ef882a92eaa584fa0f701301	assets/tacz/custom/tacz_default_gun/assets/tacz/textures/attachment/slot/stock_heavy_spas_12.png
7377b88fec1103e6aa0ca396c5df956f1b6aedd0b3c9aa5be278b4b32b47f409	assets/tacz/custom/tacz_default_gun/assets/tacz/textures/attachment/slot/stock_hk_slim_line.png
bc5089939815a4cfad340557b8f63b32f7c603da4b2dda1d48975c608e255495	assets/tacz/custom/tacz_default_gun/assets/tacz/textures/attachment/slot/stock_m4ss.png
25f3e81cd5c9bf6b1b8d19792c5a1c153dd6f5803f2e31b8e0e5a0504cdf10b0	assets/tacz/custom/tacz_default_gun/assets/tacz/textures/attachment/slot/stock_militech_b5.png
cc543b59e626f577588e8ab5f93da70d5f8a7e5d4b40793b58840b4e8ff98cce	assets/tacz/custom/tacz_default_gun/assets/tacz/textures/attachment/slot/stock_moe.png
b204c1f488bf8db9e2a4029dbaafb5a07502e468748214304dfe2a9d6f8b86e8	assets/tacz/custom/tacz_default_gun/assets/tacz/textures/attachment/slot/stock_ripstock.png
842bea2f3aea251f9d025d54587702ce107efb81d1132205872a334feb1b38ff	assets/tacz/custom/tacz_default_gun/assets/tacz/textures/attachment/slot/stock_sba3.png
766c50c40247ee5715c9de4d86e86417b868068761343c136bae9abe22dffbaf	assets/tacz/custom/tacz_default_gun/assets/tacz/textures/attachment/slot/stock_tactical_ar.png
ecaf5ccec10e59cc28acef7603e72eb4fdb2d9c7123ed08f6b20d3cd6c3e8f54	assets/tacz/custom/tacz_default_gun/assets/tacz/textures/attachment/slot/stock_tactical_spas_12.png
c95f99f2048dbdbe332fd09b152736122ac85e2af02cbcd8dc06def77cb6486c	assets/tacz/custom/tacz_default_gun/assets/tacz/textures/attachment/uv/bayonet_6h3.png
a8c38bf861e4b3981c57c686503c7720bbd6b2ff716d02a850cb0ea939e98c8b	assets/tacz/custom/tacz_default_gun/assets/tacz/textures/attachment/uv/bayonet_6h3_n.png
72ddcc40298960025e325c89310372801b519cb664643997e40684ac392aa253	assets/tacz/custom/tacz_default_gun/assets/tacz/textures/attachment/uv/bayonet_6h3_s.png
c61aa79b3e8d88ff23fea1ec3331d4c27fc57c47f815897feace878bdae3de9b	assets/tacz/custom/tacz_default_gun/assets/tacz/textures/attachment/uv/bayonet_m9.png
89e3cef4a9d8495754663ba259839d36967dae242b6cf37a0a28f437152a7549	assets/tacz/custom/tacz_default_gun/assets/tacz/textures/attachment/uv/bayonet_m9_n.png
a635926cfdd51b979158ac72b6c2be0368863b4ed26454f9b537b18fda795163	assets/tacz/custom/tacz_default_gun/assets/tacz/textures/attachment/uv/bayonet_m9_s.png
2459709cf5a91ff01ae0a2143bbe0ed9fc0b5c4df088df3b422568cb07991904	assets/tacz/custom/tacz_default_gun/assets/tacz/textures/attachment/uv/deagle_golden.png
59f1d178b0b9cbcd79b705047e6c69ec926da9c570eb7779f3c93385304b3428	assets/tacz/custom/tacz_default_gun/assets/tacz/textures/attachment/uv/deagle_golden_n.png
fe4ef5e5396741adea9fa389b386c01344c65dcf1b57a1d223c09b1918f3027f	assets/tacz/custom/tacz_default_gun/assets/tacz/textures/attachment/uv/deagle_golden_s.png
e3a70809b0d1f6b8894dc634ed008b636189cae4d774c67febdb9cdab8350fe1	assets/tacz/custom/tacz_default_gun/assets/tacz/textures/attachment/uv/grip_cobra.png
d9273606df45cb3ac552ff1c0cc8c07b70079d778092de85bb4f4a5520b0e009	assets/tacz/custom/tacz_default_gun/assets/tacz/textures/attachment/uv/grip_cobra_s.png
93c5045de0392000cd9d0cbeb32a969c281cbd0ee02ca58c6e137af2e580a999	assets/tacz/custom/tacz_default_gun/assets/tacz/textures/attachment/uv/grip_cqr.png
e083cce1741f9378e9a355827a271b34ee89a9be9bdca4306ea320fc4ed431c3	assets/tacz/custom/tacz_default_gun/assets/tacz/textures/attachment/uv/grip_cqr_s.png
b00d259c458a23e1da738040da1bd0b2b8c041d21d14e6d7cf3c9a74936bb390	assets/tacz/custom/tacz_default_gun/assets/tacz/textures/attachment/uv/grip_magpul_afg_2.png
23593f3f63967826075974b1b3e622ee52e89ec27208cf232e361af8435a6cc7	assets/tacz/custom/tacz_default_gun/assets/tacz/textures/attachment/uv/grip_magpul_afg_2_n.png
cfd01f79801e928fd945dc262085c666a1984b8c414bbd2ab0de943ac66c7f15	assets/tacz/custom/tacz_default_gun/assets/tacz/textures/attachment/uv/grip_magpul_afg_2_s.png
11e6c99d72fb5822c817bbe21037102710ade4bbb0f3c64d24ed8bd3bab82362	assets/tacz/custom/tacz_default_gun/assets/tacz/textures/attachment/uv/grip_osovets_black.png
cd05d057b2a3e5c41bfd0e5f07c1de398cfd7cdd951390b13caf0acf0dda125e	assets/tacz/custom/tacz_default_gun/assets/tacz/textures/attachment/uv/grip_osovets_black_s.png
3c85966eb168e4f6b8e12417052b0bb84451eb2667d6c80199ed99532e501fbd	assets/tacz/custom/tacz_default_gun/assets/tacz/textures/attachment/uv/grip_rk0.png
75ecf650b1eda81660695b594a26953b0217ffdc69ded82fdbdc7f12fdec7d20	assets/tacz/custom/tacz_default_gun/assets/tacz/textures/attachment/uv/grip_rk0_s.png
a40d3c27a5f5f21220bcc4677f0343f1d21ee53000867e7b5dce1c157a0b2442	assets/tacz/custom/tacz_default_gun/assets/tacz/textures/attachment/uv/grip_rk1_b25u.png
371b7d5af9e637b5a6116534dd6b73962a1f3bc88c4b164c5b0d15896115af0c	assets/tacz/custom/tacz_default_gun/assets/tacz/textures/attachment/uv/grip_rk1_b25u_s.png
70e5dfddde884ec926bfe78cb76423f388b343fb15f8d343f2aa7de93803d743	assets/tacz/custom/tacz_default_gun/assets/tacz/textures/attachment/uv/grip_rk6.png
3e24884cbe9744812a6d2290cfbb1b0ed7122ab22258dde1e8070ed1c90baf0a	assets/tacz/custom/tacz_default_gun/assets/tacz/textures/attachment/uv/grip_rk6_s.png
f0e92cfe0a83c60f94f048fcf3aaab9b5cd69e4bc3bb29ac02b35ca7567f4860	assets/tacz/custom/tacz_default_gun/assets/tacz/textures/attachment/uv/grip_se_5.png
dce25e9619d4d653037a4d92aa8d56866dbf280f8fac3b03c2f587f946faef1a	assets/tacz/custom/tacz_default_gun/assets/tacz/textures/attachment/uv/grip_se_5_s.png
8127b1153af968280f36471a06545700bc7fda15ba6ebca28b338dd43d542e50	assets/tacz/custom/tacz_default_gun/assets/tacz/textures/attachment/uv/grip_td.png
67856ebcf93a9177a8d5abcb4c463bb407c159940f9795481f824a25475190e7	assets/tacz/custom/tacz_default_gun/assets/tacz/textures/attachment/uv/grip_td_s.png
cbdccc6a23f8470cb9f3d132d96adfe8d79712fa54182db3a21337944d97d8e8	assets/tacz/custom/tacz_default_gun/assets/tacz/textures/attachment/uv/grip_vertical_military.png
32263845d145e687e94b74fea0912999ec7ebfdbff13de26a08843e14b88308e	assets/tacz/custom/tacz_default_gun/assets/tacz/textures/attachment/uv/grip_vertical_military_n.png
91d0edf2a07207dd5890baeb860140c16a151f38556673dccd8e10b8767cf50e	assets/tacz/custom/tacz_default_gun/assets/tacz/textures/attachment/uv/grip_vertical_military_s.png
7fc562896366206fad58f8b122da5903b3748af04db431e4b39cb9a524a9df64	assets/tacz/custom/tacz_default_gun/assets/tacz/textures/attachment/uv/grip_vertical_ranger.png
c66e0b4de9a489b46573db068811ad0986d498d1ea2d6f9eaabd6b302d1dc55e	assets/tacz/custom/tacz_default_gun/assets/tacz/textures/attachment/uv/grip_vertical_ranger_n.png
f28e92ff3aceebca179c974bd596c5e704faf772ad299b738f06ccc779c8256d	assets/tacz/custom/tacz_default_gun/assets/tacz/textures/attachment/uv/grip_vertical_ranger_s.png
e8cf0089e2b1cbbf882634c9f0e04a04a61f2ad96d3f0cb3f234a11c7e60bad6	assets/tacz/custom/tacz_default_gun/assets/tacz/textures/attachment/uv/grip_vertical_talon.png
cbf3244818fe16d0998222a14f6281ee867ab4852ec31019277b65175e76f878	assets/tacz/custom/tacz_default_gun/assets/tacz/textures/attachment/uv/grip_vertical_talon_n.png
9eba84b0f8b1eff7428302606b0c7631f31694d6cdcfd9dba0cd7eb8f1e49395	assets/tacz/custom/tacz_default_gun/assets/tacz/textures/attachment/uv/grip_vertical_talon_s.png
48131dcee1263f7313f65b935cc81670707ebf31a417a8bceea9d1ef87869094	assets/tacz/custom/tacz_default_gun/assets/tacz/textures/attachment/uv/laser_compact.png
fccc0b65731a19756395ba876ef9aba1e63aaf4b018d77a8b99a0cb62842bc9f	assets/tacz/custom/tacz_default_gun/assets/tacz/textures/attachment/uv/laser_compact_n.png
7a98db0bd8e41c8d4064c2dd371cb5a4d96c89ddcb3a374251c2e8b5d58f60cb	assets/tacz/custom/tacz_default_gun/assets/tacz/textures/attachment/uv/laser_compact_s.png
d11f3ea4dd5c265e6a65b4c531e0829ec0418d120fd6b52d9b8f57aa9b2f1524	assets/tacz/custom/tacz_default_gun/assets/tacz/textures/attachment/uv/laser_lopro.png
422bb04880396eddd799f975ed3036342397a9de20c78f623d472f2421def52a	assets/tacz/custom/tacz_default_gun/assets/tacz/textures/attachment/uv/laser_lopro_n.png
5e2272a2b383cee59043ab921185ce3c9cf172d647f4b4f1cbb482c22a1e1973	assets/tacz/custom/tacz_default_gun/assets/tacz/textures/attachment/uv/laser_lopro_s.png
f7a1079a5b052de629d73edf5de4355b9c5a3cde644e8ff76bd247a23d20c679	assets/tacz/custom/tacz_default_gun/assets/tacz/textures/attachment/uv/laser_nightstick.png
4ec2b810afee784ce8b83db723794e7bdc10a59b74e278e807e0a2b9d70033a4	assets/tacz/custom/tacz_default_gun/assets/tacz/textures/attachment/uv/laser_nightstick_n.png
70ad1918bfb2e4c52e43f91ca28c662d05744b1081f52adb1b58449a939f8618	assets/tacz/custom/tacz_default_gun/assets/tacz/textures/attachment/uv/laser_nightstick_s.png
c5c254e0861df611d8f1d6d056ef34fd906f07da28327386d9a3d1e504e1f13f	assets/tacz/custom/tacz_default_gun/assets/tacz/textures/attachment/uv/laser_peq15.png
5c7cfaade3bda03358d0c8462e5b0a8ff510672dc0cef0d2a9d46675c5a5f834	assets/tacz/custom/tacz_default_gun/assets/tacz/textures/attachment/uv/laser_peq6.png
824c7ed1cd189ae35c81b65c2964b30972347e3ace3a08e0182c294f09b0a373	assets/tacz/custom/tacz_default_gun/assets/tacz/textures/attachment/uv/laser_peq6_s.png
4993367875c8b9f2bf87de25032e5267c2716d715bb231193fce301ea4d3cd4c	assets/tacz/custom/tacz_default_gun/assets/tacz/textures/attachment/uv/muzzle_brake_cthulhu.png
4c98b2c5b524f332fd8ec84fbc8ca7224d0a564d26a8a75f25f15c90394a2fb6	assets/tacz/custom/tacz_default_gun/assets/tacz/textures/attachment/uv/muzzle_brake_cthulhu_n.png
a478f3cd3bd9ed9362100b59fbf3cda5cb5c6314a1c61b4464f31f8395c6f9c7	assets/tacz/custom/tacz_default_gun/assets/tacz/textures/attachment/uv/muzzle_brake_cthulhu_s.png
affae07dae316c58c6585d43eaf5466b41a1fc29c2a3a90cbd98e6530e66bdab	assets/tacz/custom/tacz_default_gun/assets/tacz/textures/attachment/uv/muzzle_brake_cyclone_d2.png
377e3cff9862a161d0cb17b1ad3e9c5a790ed7caf5d6c651a1094bc59dcdf5bc	assets/tacz/custom/tacz_default_gun/assets/tacz/textures/attachment/uv/muzzle_brake_cyclone_d2_n.png
be64cd8a9ce374d79e54afc82231870ae488daccc4af141994414e1ac7094078	assets/tacz/custom/tacz_default_gun/assets/tacz/textures/attachment/uv/muzzle_brake_cyclone_d2_s.png
b1c949f40764ac31ff3a182d4c02019fbbcfabf56c187b2988331d53287fefe6	assets/tacz/custom/tacz_default_gun/assets/tacz/textures/attachment/uv/muzzle_brake_mastiff_sg.png
e9729ba9718e622a9c47e503998c09dbccb826a51e149fd0c0a2b84e9213cc3a	assets/tacz/custom/tacz_default_gun/assets/tacz/textures/attachment/uv/muzzle_brake_mastiff_sg_s.png
1970abc8b7503979939fd2f0094e25ea212a0e233b373b827f265a3807273d70	assets/tacz/custom/tacz_default_gun/assets/tacz/textures/attachment/uv/muzzle_brake_pioneer.png
2f954bacc399072ae06c5d8dc2f547597f5b287680d8c5d8f2b35c92c3b9c0a9	assets/tacz/custom/tacz_default_gun/assets/tacz/textures/attachment/uv/muzzle_brake_pioneer_n.png
b3cfe88da9ff2788792741cf226623c5f7075ec7a18c6d9740e15ffe442961f0	assets/tacz/custom/tacz_default_gun/assets/tacz/textures/attachment/uv/muzzle_brake_pioneer_s.png
1e1cd708db7a5e439b076816169bb1ef8af8aabdeddd8c8f4aeb8593fcb38ba7	assets/tacz/custom/tacz_default_gun/assets/tacz/textures/attachment/uv/muzzle_brake_timeless50.png
ddb6cf96b87cbfab6bc75741ef82cd34337519fa23b618cefc5fec894d31d559	assets/tacz/custom/tacz_default_gun/assets/tacz/textures/attachment/uv/muzzle_brake_timeless50_n.png
699682460a98dad40e38bce17e25378a11c00ead50988309748dfa63c715c984	assets/tacz/custom/tacz_default_gun/assets/tacz/textures/attachment/uv/muzzle_brake_timeless50_s.png
15887ce0f9e46308c6ba053a0f16c6d7b1153ac979e4a1ce439c7aacecc320f9	assets/tacz/custom/tacz_default_gun/assets/tacz/textures/attachment/uv/muzzle_brake_trex.png
40030958423692d73415aa01e7ee8e75e4833797274e9185c5ab2304cc48d9e7	assets/tacz/custom/tacz_default_gun/assets/tacz/textures/attachment/uv/muzzle_brake_trex_n.png
ed96ac5677b67e38ee59a1d64ac6b51b9ef5bd6c926bb99a35a8d9992ef60d13	assets/tacz/custom/tacz_default_gun/assets/tacz/textures/attachment/uv/muzzle_brake_trex_s.png
839af470ea68b6d1b885dbca20f9e0dabd51d09472fc0f4d420113f51a548aec	assets/tacz/custom/tacz_default_gun/assets/tacz/textures/attachment/uv/muzzle_choke_sg.png
a3b3ac582896ebfcfb4c5e916d53cf7d52f2032ac5edf1027020f69b6eb28b78	assets/tacz/custom/tacz_default_gun/assets/tacz/textures/attachment/uv/muzzle_choke_sg_s.png
7626bac3314f39b3a73fc8c7e2e0cf77c8c80fb4ba775fb088332dff994de3c5	assets/tacz/custom/tacz_default_gun/assets/tacz/textures/attachment/uv/muzzle_compensator_trident.png
e58f5421fe6fce1c38f8f56a5023ccbfba9aba07d33132d15aaed8f121fc871d	assets/tacz/custom/tacz_default_gun/assets/tacz/textures/attachment/uv/muzzle_compensator_trident_n.png
281007c5fad25e09853cc3630042104eb0ab59fadd685c58cf207934a0db56e0	assets/tacz/custom/tacz_default_gun/assets/tacz/textures/attachment/uv/muzzle_compensator_trident_s.png
dba625fa4357623e6d475c8aab1ca584b06310ed6f03ca26fb24676232536350	assets/tacz/custom/tacz_default_gun/assets/tacz/textures/attachment/uv/muzzle_duckbill_sg.png
8432ad1dc9f229c56e83a0323c387a3ba83a2fe7533608ae194fbf0040f5d812	assets/tacz/custom/tacz_default_gun/assets/tacz/textures/attachment/uv/muzzle_duckbill_sg_s.png
73019d3f55c7c88b1712ace7a9bf07c80040fd9253d68f8fdc1ada9e908894ca	assets/tacz/custom/tacz_default_gun/assets/tacz/textures/attachment/uv/muzzle_silencer_knight_qd.png
c6060435e2dc38395eee2f0503cf71b9b7031dba0c781f780a086c83502e8b86	assets/tacz/custom/tacz_default_gun/assets/tacz/textures/attachment/uv/muzzle_silencer_knight_qd_n.png
23de7e876bbd1d1865be9eaae876369ff3ac9cca9841ba135814413f723939cb	assets/tacz/custom/tacz_default_gun/assets/tacz/textures/attachment/uv/muzzle_silencer_knight_qd_s.png
0898164b07f630d1944d08435fd90755ce624b96e62a576fca166d2ea22ffe5e	assets/tacz/custom/tacz_default_gun/assets/tacz/textures/attachment/uv/muzzle_silencer_mirage.png
efc1a65110c8ea3cd158f27dae6c54b290308d9a9a7fa97fa2428143ec29bb90	assets/tacz/custom/tacz_default_gun/assets/tacz/textures/attachment/uv/muzzle_silencer_mirage_n.png
3ec606687b956db69f6a097d6b93812e04f84e543094ae18bb1d47d0f3d108f7	assets/tacz/custom/tacz_default_gun/assets/tacz/textures/attachment/uv/muzzle_silencer_mirage_s.png
a08b3e276176f416258015d02dbfd5de3f89eef036ae4b8435173dc69ed2335a	assets/tacz/custom/tacz_default_gun/assets/tacz/textures/attachment/uv/muzzle_silencer_phantom_s1.png
dd05d204d44571881b3ebf135ffcf7f3cadfb5818b3ed1c3edf0d36b74b161ce	assets/tacz/custom/tacz_default_gun/assets/tacz/textures/attachment/uv/muzzle_silencer_phantom_s1_n.png
a2870f68bc908996d6cdc45153cc1dd5c2810f3a6496d07f3471f24f1ffab5cf	assets/tacz/custom/tacz_default_gun/assets/tacz/textures/attachment/uv/muzzle_silencer_phantom_s1_s.png
6345cbb456c140ae31e5783b04b6cf0cfbd4e4b7fef107bc7a9a87509787e1c5	assets/tacz/custom/tacz_default_gun/assets/tacz/textures/attachment/uv/muzzle_silencer_ptilopsis.png
114c9ac1bb26076d79ce950ec5ad52c5ef140d8777fd50de663eee655c03f886	assets/tacz/custom/tacz_default_gun/assets/tacz/textures/attachment/uv/muzzle_silencer_ptilopsis_n.png
8ff0a9da9007b7e708194825ffab1db085b93924abadc97b937d0e8e01b3df77	assets/tacz/custom/tacz_default_gun/assets/tacz/textures/attachment/uv/muzzle_silencer_ptilopsis_s.png
9a7208c2b5616bf2d2eaf3d54908370e1c1a2c5c0938c586c051fe9f4beee7f4	assets/tacz/custom/tacz_default_gun/assets/tacz/textures/attachment/uv/muzzle_silencer_sg.png
d9031fb6af58ba6c705713cc49d12ce443e2e33b64b74674f59ec04386e8c220	assets/tacz/custom/tacz_default_gun/assets/tacz/textures/attachment/uv/muzzle_silencer_sg_s.png
a34f1e6558395bcdc4e2af4ae6e402e6b4a5e3531b1ee5442c46c6753cf0dc11	assets/tacz/custom/tacz_default_gun/assets/tacz/textures/attachment/uv/muzzle_silencer_ursus.png
2a9fa8882cff2c55257ac1f21f287da2224ac01775e8f8504c05d4749394ca0e	assets/tacz/custom/tacz_default_gun/assets/tacz/textures/attachment/uv/muzzle_silencer_ursus_n.png
7d33f4ce7e057ca361f88a215e62264f03fac32fbe1ae91249e18f4031ac263a	assets/tacz/custom/tacz_default_gun/assets/tacz/textures/attachment/uv/muzzle_silencer_ursus_s.png
582995e917b40942ecbf672a229acfbc6bc1a9878f80df5f9370b7a16efea1bc	assets/tacz/custom/tacz_default_gun/assets/tacz/textures/attachment/uv/muzzle_silencer_vulture.png
e7fc2ea24704940b6078f06f1d2bdb1f971243111f0bcfb76dc118db6517bc31	assets/tacz/custom/tacz_default_gun/assets/tacz/textures/attachment/uv/muzzle_silencer_vulture_n.png
7bd534c12fe03d53d92a1563aa9685ee6893837fe256ccd0f6cdb8dcf262fd15	assets/tacz/custom/tacz_default_gun/assets/tacz/textures/attachment/uv/muzzle_silencer_vulture_s.png
1e52e8ed0e673bf117f6df2b5f35c079c3cd3242f9d8da5aec09bb5926cf9880	assets/tacz/custom/tacz_default_gun/assets/tacz/textures/attachment/uv/muzzle_silencer_wraith.png
d6510a02f55ccc8bfe7288fc5772db2c257019fbbdc8322b74a263e81793914b	assets/tacz/custom/tacz_default_gun/assets/tacz/textures/attachment/uv/muzzle_silencer_wraith_s.png
f7ad170476571846ccb59ac2de1f60223efbd1b375207a6566abc30b991c92b0	assets/tacz/custom/tacz_default_gun/assets/tacz/textures/attachment/uv/scope_1873_6x.png
99cfc4311321900c2c71b9e894b709f1d7262a11c5d6d5d91403d549c8f7b555	assets/tacz/custom/tacz_default_gun/assets/tacz/textures/attachment/uv/scope_1873_6x_n.png
a1ef62069b779f32b9eac544ede357f2bd0efc1a1c1cd4c807ca6dca19127063	assets/tacz/custom/tacz_default_gun/assets/tacz/textures/attachment/uv/scope_1873_6x_s.png
1d5774868b8c95cee0665cc7386056b653bb0dadc1fa47e1987195718e796ca5	assets/tacz/custom/tacz_default_gun/assets/tacz/textures/attachment/uv/scope_98k.png
1f4cdc4c29e22ec981bf4149bfd0382cc5f1e428fc67a5caeb731fd9d1a0e52d	assets/tacz/custom/tacz_default_gun/assets/tacz/textures/attachment/uv/scope_98k_s.png
234bece5a23badcb1f406bd338870a2efce8e68de3941ab808a51af9f82d8819	assets/tacz/custom/tacz_default_gun/assets/tacz/textures/attachment/uv/scope_acog_ta31.png
ccbd42122afe0212cd7fd86f8cfab1dda9ce3c9235c870b2e752e5f6af809d08	assets/tacz/custom/tacz_default_gun/assets/tacz/textures/attachment/uv/scope_acog_ta31_n.png
05087861e9ee81d79936d1dd36e4be8327a5a2935ae5aa23743d5dcb43d5597f	assets/tacz/custom/tacz_default_gun/assets/tacz/textures/attachment/uv/scope_acog_ta31_s.png
05e46d4d06c23a7dd1ed1085d733916c99df1bbfb604287ae638573d020fcfd4	assets/tacz/custom/tacz_default_gun/assets/tacz/textures/attachment/uv/scope_aug_default.png
7571290ad4d259bb321fbb2b67ff1a1711a20ca23ba97633cb043e05e5e61228	assets/tacz/custom/tacz_default_gun/assets/tacz/textures/attachment/uv/scope_aug_default_n.png
a262df40288996eec4a2ccf8bd6211a687d8cefe07947f1bdb701ad0e115df68	assets/tacz/custom/tacz_default_gun/assets/tacz/textures/attachment/uv/scope_aug_default_s.png
d2ba121af9c3b09397314412530c442dc10121ce433dda0b437c740dc806e5ef	assets/tacz/custom/tacz_default_gun/assets/tacz/textures/attachment/uv/scope_contender.png
95779cbdd04ddaf0973d7e0436d928730c3a4cd2b5a3e876262feed835f32d9e	assets/tacz/custom/tacz_default_gun/assets/tacz/textures/attachment/uv/scope_contender_n.png
86a0bca7b770e1ae4c3eb4f551ad7cb01184fb919a80a5f085d2e8857f37d35b	assets/tacz/custom/tacz_default_gun/assets/tacz/textures/attachment/uv/scope_contender_s.png
29caeac869d8aaa4b7efb9da3cb28848489eb59a89b0cd4140d61a5347d3ff0f	assets/tacz/custom/tacz_default_gun/assets/tacz/textures/attachment/uv/scope_elcan_4x.png
8310a573c87c91a8fe6196cd22ca702212e129c315c24fc1c3cc1079272be2a6	assets/tacz/custom/tacz_default_gun/assets/tacz/textures/attachment/uv/scope_elcan_4x_n.png
b4c30905e99dce68501db9823ec8779d0d18559a62d90135d3737dc8ae5dfc88	assets/tacz/custom/tacz_default_gun/assets/tacz/textures/attachment/uv/scope_elcan_4x_s.png
9e64686ea2a054f73ff4da228b73d3547ea649663a4009d32ae1c6554cde3b0b	assets/tacz/custom/tacz_default_gun/assets/tacz/textures/attachment/uv/scope_hamr.png
04e545f9f936b5231a1fdf0dae849ecc6438a2f8a6cd705c3d74cd7f55437d73	assets/tacz/custom/tacz_default_gun/assets/tacz/textures/attachment/uv/scope_hamr_n.png
25cd23a47df7cdae33287f9ab5c2cb0ca1198e582504745c40f91b3c75d55f54	assets/tacz/custom/tacz_default_gun/assets/tacz/textures/attachment/uv/scope_hamr_s.png
8f29080bf1d7a6ff716b0498e16a88ddf3186db9a2b9259021e74f0f9336411f	assets/tacz/custom/tacz_default_gun/assets/tacz/textures/attachment/uv/scope_lpvo_1_6.png
29958313d688329f9f1c643e44f368b036380828f848fb712a58fee6f4fb8822	assets/tacz/custom/tacz_default_gun/assets/tacz/textures/attachment/uv/scope_lpvo_1_6_n.png
1ef19e7fc11399996617b55b02950ab316982b70696674a6771114bccad137d7	assets/tacz/custom/tacz_default_gun/assets/tacz/textures/attachment/uv/scope_lpvo_1_6_s.png
4fffd607334b13c44e43ba1ccdc88ac63e76edc3434028c4e37872f8f56874a7	assets/tacz/custom/tacz_default_gun/assets/tacz/textures/attachment/uv/scope_mk5hd.png
13c40d8fc3fa59e5aa55ffb7d4fec01540d0c2be59577d5944003b746bdbc829	assets/tacz/custom/tacz_default_gun/assets/tacz/textures/attachment/uv/scope_mk5hd_n.png
2bcdf05b8bda920381faede83a5eff7552a25c2416b39c7773e697d178d6e309	assets/tacz/custom/tacz_default_gun/assets/tacz/textures/attachment/uv/scope_mk5hd_s.png
391f2247e3735820bf06458cda3b5ad87c3c2edd931aa57477d76669e14ac0e4	assets/tacz/custom/tacz_default_gun/assets/tacz/textures/attachment/uv/scope_qmk152.png
b7d1da6efdbe0773d52a5fb36f42f977b8c9977b95e18d1dcde1791137d0caef	assets/tacz/custom/tacz_default_gun/assets/tacz/textures/attachment/uv/scope_qmk152_n.png
fb1e047b55f1d02b0c07d0862d0085c29ec27ee6eb9f41cdca4d970327bae4f3	assets/tacz/custom/tacz_default_gun/assets/tacz/textures/attachment/uv/scope_qmk152_s.png
65e0acf7f75a40b44340f6c29ee5b266bc0a990206238610552eab8d4eb50f2c	assets/tacz/custom/tacz_default_gun/assets/tacz/textures/attachment/uv/scope_retro_2x.png
0b41d064584a827bb57854d813ea8dd68b3139d563fafd7469c063244cb88aae	assets/tacz/custom/tacz_default_gun/assets/tacz/textures/attachment/uv/scope_retro_2x_n.png
9c99d63c224dbe71b101218c42eeecf4c433d378fb8c12010f7e6293a709ac08	assets/tacz/custom/tacz_default_gun/assets/tacz/textures/attachment/uv/scope_retro_2x_s.png
108c79c73d7b87a7f4787bc1ea5f61521d0b467d70edb7b22eb6c1bad2939c5d	assets/tacz/custom/tacz_default_gun/assets/tacz/textures/attachment/uv/scope_scout.png
29587a1597bb0a81ad67c61969332738eb0cf06b1f9edf1ebee931e441392160	assets/tacz/custom/tacz_default_gun/assets/tacz/textures/attachment/uv/scope_scout_n.png
6908efce5396798315e4d9265209528ad1249093281a5b6f8bdfe1d6be14690c	assets/tacz/custom/tacz_default_gun/assets/tacz/textures/attachment/uv/scope_scout_s.png
a18bf28a3172c5e905a909f9a5099ccf2a9695856bc6d13d7184d5dcd8ecda64	assets/tacz/custom/tacz_default_gun/assets/tacz/textures/attachment/uv/scope_standard_8x.png
927fd2124945ecced62837c3ed77f064525b964c02faf772774c662f7d038a6c	assets/tacz/custom/tacz_default_gun/assets/tacz/textures/attachment/uv/scope_standard_8x_n.png
b9dc9637f230debb3728ce20eafb3cb5145cd6e19d489aa0895ef7d8a8c4cbea	assets/tacz/custom/tacz_default_gun/assets/tacz/textures/attachment/uv/scope_standard_8x_s.png
1b44475d79e8110737b7fd4046107a0aa932ef17e12dff811ede0d62f018f7e5	assets/tacz/custom/tacz_default_gun/assets/tacz/textures/attachment/uv/scope_vudu.png
a40542cdd188d65bec4b26a9b2ee3cde7e571e9f7cf66b4a9770205fbdc0622b	assets/tacz/custom/tacz_default_gun/assets/tacz/textures/attachment/uv/scope_vudu_s.png
a53fdd976864443fc6218b9088119afbd074308714a1807f4eb6399527cd6e3d	assets/tacz/custom/tacz_default_gun/assets/tacz/textures/attachment/uv/sight_552.png
f38ef5e513e3b6b39ce32714af81d5e12549180a0f45f8680f21f1aaad5fd5d2	assets/tacz/custom/tacz_default_gun/assets/tacz/textures/attachment/uv/sight_552_n.png
ef79c238c2cdaa101f1350551a8e91fbe80511160edbc355b4abe9be080b2ecd	assets/tacz/custom/tacz_default_gun/assets/tacz/textures/attachment/uv/sight_552_s.png
7004666ece401ee622e572f66e140b5ccff361c42a8a92eea62f18c9d56ec24b	assets/tacz/custom/tacz_default_gun/assets/tacz/textures/attachment/uv/sight_acro_pistol.png
63d7d784cae755a01e375388e0c47049179419608f3aca964bbf283b12b864c3	assets/tacz/custom/tacz_default_gun/assets/tacz/textures/attachment/uv/sight_acro_pistol_s.png
e40d9b479819046fa08584da3d562ba286baff0aedc7d81aef32f1d92e69c98c	assets/tacz/custom/tacz_default_gun/assets/tacz/textures/attachment/uv/sight_acro_rifle.png
63d7d784cae755a01e375388e0c47049179419608f3aca964bbf283b12b864c3	assets/tacz/custom/tacz_default_gun/assets/tacz/textures/attachment/uv/sight_acro_rifle_s.png
c8edad853e229f348e7a2157db61140de694d95c74c330e49a8b536d12e43519	assets/tacz/custom/tacz_default_gun/assets/tacz/textures/attachment/uv/sight_coyote.png
61087199563b6ced1b147af6b516067d56d7866b211af28b6bd25653cbe50651	assets/tacz/custom/tacz_default_gun/assets/tacz/textures/attachment/uv/sight_coyote_n.png
8fc42a1a27136a347db69764b7904e59cde56b6c569c0707feed86b880560eb3	assets/tacz/custom/tacz_default_gun/assets/tacz/textures/attachment/uv/sight_coyote_s.png
ac2bacd5c819ce4456584f6f7f5ae8f6e384f2518625922187040792e370c26f	assets/tacz/custom/tacz_default_gun/assets/tacz/textures/attachment/uv/sight_deltapoint_pistol.png
ab269cef4b7853215cb8b2e1ca9fd59d540583892dfaed0eb2e2c92993fd3603	assets/tacz/custom/tacz_default_gun/assets/tacz/textures/attachment/uv/sight_deltapoint_pistol_s.png
0ca23e09b61f08a5496ecf524e6e61c64bca29288010c27c746d83e52e7fc836	assets/tacz/custom/tacz_default_gun/assets/tacz/textures/attachment/uv/sight_deltapoint_rifle.png
bfcea3a40d29911d71bc039e8365c174c436c73762e4724e9edacc18844897f7	assets/tacz/custom/tacz_default_gun/assets/tacz/textures/attachment/uv/sight_deltapoint_rifle_s.png
e34478cf550338a7ec5f8e6d2030a262255683a18d9f2ffba60721fbc21aea8a	assets/tacz/custom/tacz_default_gun/assets/tacz/textures/attachment/uv/sight_exp3.png
f38ef5e513e3b6b39ce32714af81d5e12549180a0f45f8680f21f1aaad5fd5d2	assets/tacz/custom/tacz_default_gun/assets/tacz/textures/attachment/uv/sight_exp3_n.png
a5f898677faabc5cd95a3517f2ae2ba876614cb4bc85b32b2df62417ce38dcfa	assets/tacz/custom/tacz_default_gun/assets/tacz/textures/attachment/uv/sight_exp3_s.png
e812fa9deb0d0434efdf13dfcf18a62d97790e5366cf6c6ba3d259db96a332b6	assets/tacz/custom/tacz_default_gun/assets/tacz/textures/attachment/uv/sight_fastfire_pistol.png
6ab0dcc8cba5070e150997d291c9d1fb4283dcdfeef5f4db520adb3e9820f979	assets/tacz/custom/tacz_default_gun/assets/tacz/textures/attachment/uv/sight_fastfire_pistol_s.png
8996d1912309a28da3ca6aee8665585ae1bd5c1c7af4ae4e772106c6453f101b	assets/tacz/custom/tacz_default_gun/assets/tacz/textures/attachment/uv/sight_fastfire_rifle.png
b717653926bee44a9c706cff429e88b717c4d2b521fe62824b4cde58e3d0da79	assets/tacz/custom/tacz_default_gun/assets/tacz/textures/attachment/uv/sight_fastfire_rifle_s.png
ae208cb880d86d7f050e47f41b02f57a6d4521dfd83ed80c25ac1cb46457d8f5	assets/tacz/custom/tacz_default_gun/assets/tacz/textures/attachment/uv/sight_okp7.png
7250742375858e075933e1b2dd33440ec3d7406acbf37f423b487d417d28f7ee	assets/tacz/custom/tacz_default_gun/assets/tacz/textures/attachment/uv/sight_okp7_s.png
02975b3078d2c766ac97bef00828c13599c2fe04b5733930b359b21729f73903	assets/tacz/custom/tacz_default_gun/assets/tacz/textures/attachment/uv/sight_p90.png
33148d89f6cd7792675b786c85d27838a1432e250de6c2ab1c6373268e0c0d81	assets/tacz/custom/tacz_default_gun/assets/tacz/textures/attachment/uv/sight_p90_n.png
322a2cb130f7e4914ae59136b3438a1e2d014264025b1b335bca150a032eb220	assets/tacz/custom/tacz_default_gun/assets/tacz/textures/attachment/uv/sight_p90_s.png
d275fe34f682ccaacdeaad1cc7f2d05eec3a8d732244d3c8d0b7849dedd08d6e	assets/tacz/custom/tacz_default_gun/assets/tacz/textures/attachment/uv/sight_pk06_pistol.png
8a3b6cd3d1506d97a731dba4b6658495047007e79e0c9efb4bfef51558de5556	assets/tacz/custom/tacz_default_gun/assets/tacz/textures/attachment/uv/sight_pk06_pistol_s.png
0fb51fcc633b7bed635e7f83eb49c3d35c4abf879f55ae88d5eaa62cde607bee	assets/tacz/custom/tacz_default_gun/assets/tacz/textures/attachment/uv/sight_pk06_rifle.png
c1a0d456317b01d7fc495eb1429c4c84e6667f1fe129ec4456485acc382bc46e	assets/tacz/custom/tacz_default_gun/assets/tacz/textures/attachment/uv/sight_pk06_rifle_s.png
df4e5af92be29cc9b4c9162faefd2b1e7e0cb6aa04f59e517a5f144858b9e5e9	assets/tacz/custom/tacz_default_gun/assets/tacz/textures/attachment/uv/sight_rmr_dot.png
2b3784f104fa4e55b91ba44696091e2dbaf33c46f2cd831e25c928750860c028	assets/tacz/custom/tacz_default_gun/assets/tacz/textures/attachment/uv/sight_rmr_dot_n.png
1c400ea276cca511ada68bf9c1bcd7725deaa57d4290099501ed32027c43d1f2	assets/tacz/custom/tacz_default_gun/assets/tacz/textures/attachment/uv/sight_rmr_dot_s.png
11981cc23c04245ecfddc84b26cb329ab1ea06b7873524fe47e97c9b43803299	assets/tacz/custom/tacz_default_gun/assets/tacz/textures/attachment/uv/sight_sro_dot.png
0467115ad69598f043cd3f5a49bf9b8a5fa09e80f38661fdf71bba58c963632f	assets/tacz/custom/tacz_default_gun/assets/tacz/textures/attachment/uv/sight_sro_dot_n.png
ffaad70657282afebd3e4098ae604a08c895980772fe93ee52ac415439de7906	assets/tacz/custom/tacz_default_gun/assets/tacz/textures/attachment/uv/sight_sro_dot_s.png
b5bf5048adc1ed87c1175be378f9fb9ec0c7116d29ec991288f402f183973390	assets/tacz/custom/tacz_default_gun/assets/tacz/textures/attachment/uv/sight_srs_02.png
a32b7d6972949974a089b6cb7d5fc9fceed8565e4b3ef848f16d985891ede825	assets/tacz/custom/tacz_default_gun/assets/tacz/textures/attachment/uv/sight_srs_02_s.png
43c36a7d86b12863ff57c9f3d113f20d13db67f6641e66ae67fb0e8ab52c7a68	assets/tacz/custom/tacz_default_gun/assets/tacz/textures/attachment/uv/sight_t1.png
7994c6c416b56d6545dcbba5996a8f6f77772fc75f20577d92c4e8c2475e4d12	assets/tacz/custom/tacz_default_gun/assets/tacz/textures/attachment/uv/sight_t1_n.png
e65ba3fbafae6269d84701205ef42e80192c9a1a4b3b19f5dd655fd7c583d0b0	assets/tacz/custom/tacz_default_gun/assets/tacz/textures/attachment/uv/sight_t1_s.png
db3da537a500ce89f9b25cc75e7f6861c29698f1d02683a7b6406d23670002d6	assets/tacz/custom/tacz_default_gun/assets/tacz/textures/attachment/uv/sight_t2.png
7994c6c416b56d6545dcbba5996a8f6f77772fc75f20577d92c4e8c2475e4d12	assets/tacz/custom/tacz_default_gun/assets/tacz/textures/attachment/uv/sight_t2_n.png
1b26309ddf54e5d64d8ed0d0664ce564b93478078428810490b3334ed6aa49bd	assets/tacz/custom/tacz_default_gun/assets/tacz/textures/attachment/uv/sight_t2_s.png
75cff0a5399d8d2e6b0bf87b7ce09872ea3bb4090080b2bd9d2e8a77763c5e55	assets/tacz/custom/tacz_default_gun/assets/tacz/textures/attachment/uv/sight_uh1.png
f38ef5e513e3b6b39ce32714af81d5e12549180a0f45f8680f21f1aaad5fd5d2	assets/tacz/custom/tacz_default_gun/assets/tacz/textures/attachment/uv/sight_uh1_n.png
955e6d1d0b72f70b42aefbf04ff4add9efc11df1c1b57913c9b293368ba22bf4	assets/tacz/custom/tacz_default_gun/assets/tacz/textures/attachment/uv/sight_uh1_s.png
97a3b17567aef4ac9ffd86dcddfb090317655ce7af7ba6047c5ee3394b103f0f	assets/tacz/custom/tacz_default_gun/assets/tacz/textures/attachment/uv/stock_ak12.png
95f76bf841d0c36885e6e387c313548570e9b1839bc8b8b5bf58c4680aafb5e6	assets/tacz/custom/tacz_default_gun/assets/tacz/textures/attachment/uv/stock_ak12_s.png
6118059af4d2b4179884e0d4a04bf4367e7ac572f0a2c83cad3fa57619234bc0	assets/tacz/custom/tacz_default_gun/assets/tacz/textures/attachment/uv/stock_carbon_bone_c5.png
8e8ca4cf8417600ae21c3303743fc3bb82c25be9b0a90cb2a76148b8d26ee854	assets/tacz/custom/tacz_default_gun/assets/tacz/textures/attachment/uv/stock_carbon_bone_c5_n.png
cf314bc8993a500a1ab12462888e825a366a778faef0162d89d250e0af50fd93	assets/tacz/custom/tacz_default_gun/assets/tacz/textures/attachment/uv/stock_carbon_bone_c5_s.png
e73d04a317a8ccc52381bcf06bf0b7e7384f8b3198a462ed7310884816033ed5	assets/tacz/custom/tacz_default_gun/assets/tacz/textures/attachment/uv/stock_heavy_spas_12.png
1b4560f5aa1f448a284a60ad97663a01b7b09e835d0e8683ec557e4172b16490	assets/tacz/custom/tacz_default_gun/assets/tacz/textures/attachment/uv/stock_heavy_spas_12_s.png
b448f6c6bd577ba0362c87913a635270526fed0ecdbbf3a8ec5976d6dd2b2bfa	assets/tacz/custom/tacz_default_gun/assets/tacz/textures/attachment/uv/stock_hk_slim_line.png
9144e011b9ddf02385947bcedc460412516684fa1a7c84a84d05441afaee4169	assets/tacz/custom/tacz_default_gun/assets/tacz/textures/attachment/uv/stock_hk_slim_line_s.png
c8d13e97deb0bb41e34b9372f85c4d43583b0c6cd21417ccb030acd4272c93f5	assets/tacz/custom/tacz_default_gun/assets/tacz/textures/attachment/uv/stock_m4ss.png
0a63f6dae92b18ade02500d5dfcf8f75c0c5641b0566b601a8cfb03f4d41087b	assets/tacz/custom/tacz_default_gun/assets/tacz/textures/attachment/uv/stock_m4ss_s.png
f2a0ac19b2d9ed23133c431134e6f7f4124c51044f50b8c9be53d8cbfe4486b2	assets/tacz/custom/tacz_default_gun/assets/tacz/textures/attachment/uv/stock_militech_b5.png
c671b02f26a7ba7b2d4d9a162db255327f86657519ff2272aed4b0bc379c4f04	assets/tacz/custom/tacz_default_gun/assets/tacz/textures/attachment/uv/stock_militech_b5_n.png
8bfcbf448d59ed18395459a9fd3004595a18f5b4a94aba3b81f4b757a4d33780	assets/tacz/custom/tacz_default_gun/assets/tacz/textures/attachment/uv/stock_militech_b5_s.png
d21bb8f3a7bdd849d21d4a149611d7f039be27aa0e05d79774d4eda0f8a51089	assets/tacz/custom/tacz_default_gun/assets/tacz/textures/attachment/uv/stock_moe.png
3d63fb748d832e2f5fd404c56a8a114779e040f840bf7e4a7cd1ec55244c5989	assets/tacz/custom/tacz_default_gun/assets/tacz/textures/attachment/uv/stock_moe_s.png
a55b499996972481f50e88ec134ba60fb89eed95cb827762cc7a5cc561ab52c2	assets/tacz/custom/tacz_default_gun/assets/tacz/textures/attachment/uv/stock_ripstock.png
6ab77a07efee1c258ab637ba65fbcf43aaf624ddc162166db12b68a17bd5d39f	assets/tacz/custom/tacz_default_gun/assets/tacz/textures/attachment/uv/stock_ripstock_s.png
423ec39fa5dfc3297a9bfbcfede9cc5e6bc677b5d044c4fdf92618acb10506b2	assets/tacz/custom/tacz_default_gun/assets/tacz/textures/attachment/uv/stock_sba3.png
a3f546101f402c14c6c8431a6a20a77e5729f737038e1222fa092b8ce95b9ade	assets/tacz/custom/tacz_default_gun/assets/tacz/textures/attachment/uv/stock_sba3_s.png
a768112c7b40fe4abaf2eac10c32bde545f12e3556712e381bb99a7467fab363	assets/tacz/custom/tacz_default_gun/assets/tacz/textures/attachment/uv/stock_tactical_ar.png
cddce9dfb696be16952c3f7e292065fbf2444dc82ac395e3080931782cf33506	assets/tacz/custom/tacz_default_gun/assets/tacz/textures/attachment/uv/stock_tactical_ar_n.png
07905668035bdcdea983d7eeb52ced7016f601ffb257565d5532c146e52361fb	assets/tacz/custom/tacz_default_gun/assets/tacz/textures/attachment/uv/stock_tactical_ar_s.png
6facf78d9f9f3c76055cc418f02959912d636e52718b0ed212952b25a2e7bb06	assets/tacz/custom/tacz_default_gun/assets/tacz/textures/attachment/uv/stock_tactical_spas_12.png
9691433f819a254bbacc908b81706e47c4ef36a2759a1e59d23cfd8d61d1a727	assets/tacz/custom/tacz_default_gun/assets/tacz/textures/attachment/uv/stock_tactical_spas_12_s.png
955cc724bfe51456de0a1532873d4a56be8aef1b2a4f21960e6b902a104c7b2d	assets/tacz/custom/tacz_default_gun/assets/tacz/textures/block/uv/ammo_workbench.png
09ae5a58ab756fd2e171871877cd1b613e0b46d1685582eb65eb2aab194287ee	assets/tacz/custom/tacz_default_gun/assets/tacz/textures/block/uv/ammo_workbench_n.png
434514cf9b94165e478d4794a68ef75d34f678a28f64f7c7c03b27accbcce7e9	assets/tacz/custom/tacz_default_gun/assets/tacz/textures/block/uv/ammo_workbench_s.png
bcc07c48817a2efdfcd2eeeec73da40b4f0e50fd35690ed7cb700efcb2c4bdcf	assets/tacz/custom/tacz_default_gun/assets/tacz/textures/block/uv/attachment_workbench.png
4d1163821e45619d03323b316354f3f26ec898e0fd5af06091a9bf042544775f	assets/tacz/custom/tacz_default_gun/assets/tacz/textures/block/uv/attachment_workbench_n.png
2b91bd898ff308e1b647cef216ea7ac164448e4c190386c16ae24f9acdb031f5	assets/tacz/custom/tacz_default_gun/assets/tacz/textures/block/uv/attachment_workbench_s.png
378a05a114f879d1a45272f62bbb48ca339166fa53bf7f27311e3b6a5627d261	assets/tacz/custom/tacz_default_gun/assets/tacz/textures/block/uv/gun_smith_table.png
c09a3ce5191523cc8e75c97afbe2f49d2d1d32ec2c1685b96fe6b2a986e842e7	assets/tacz/custom/tacz_default_gun/assets/tacz/textures/block/uv/gun_smith_table_n.png
6a2076e41c3c55eb083fc392b81a422ed5f055698e4afec885d7f7fad2162444	assets/tacz/custom/tacz_default_gun/assets/tacz/textures/block/uv/gun_smith_table_s.png
ecf53898ed12202375e2ddef9da45c164bb14e706c5d326924778fecf2f64c50	assets/tacz/custom/tacz_default_gun/assets/tacz/textures/crosshair/rpg7.png
a603e906347ababe5489de4066ed48ae09e353b4b0e1f592df04598998d0b92e	assets/tacz/custom/tacz_default_gun/assets/tacz/textures/flash/common_muzzle_flash.png
f552e0db9687414d9e4095eb576adf703c85eef77580c158416cbfd867dd29b8	assets/tacz/custom/tacz_default_gun/assets/tacz/textures/gun/hud/aa12.png
ab25b98ea6d25a7a89c8df5f0c6c82e2d86d85bb18779a9aa7b70f47e4ce08dc	assets/tacz/custom/tacz_default_gun/assets/tacz/textures/gun/hud/ai_awp.png
30e669eb98d186516a64c36e8e52b964f368c3310872544e77dec00fa78f5b0e	assets/tacz/custom/tacz_default_gun/assets/tacz/textures/gun/hud/ak47.png
bb8c86b9bee474d5228e331018a2095e2b751c180dd272c815c6881e089595ce	assets/tacz/custom/tacz_default_gun/assets/tacz/textures/gun/hud/aug.png
1de09fe4e328f40c043b6065f361214f7298c150a4ee7f3d84a0fc96f384cef2	assets/tacz/custom/tacz_default_gun/assets/tacz/textures/gun/hud/b93r_hud.png
39655e04c22442fb011d265d1fca0c03b0585d5085755f7efeb7f1198bd6ec88	assets/tacz/custom/tacz_default_gun/assets/tacz/textures/gun/hud/cz75.png
127d1cafd4f523c134a785c3d6d3b8e1eaa8ee4afdeef6d7cf81e265fb5fec96	assets/tacz/custom/tacz_default_gun/assets/tacz/textures/gun/hud/db_long.png
71c06741c861937e201105ef972c0bb46098d4c85e08b455b7772a2509c58926	assets/tacz/custom/tacz_default_gun/assets/tacz/textures/gun/hud/db_short.png
5f3173c752dea92d46d9a3b6c5b7bef19c606818275c89971ccbe6ab43d61c93	assets/tacz/custom/tacz_default_gun/assets/tacz/textures/gun/hud/deagle.png
660afef8464af8633d8a97018c6d94b0ff31e0ad671d93d725c1bdbe5a54f9f5	assets/tacz/custom/tacz_default_gun/assets/tacz/textures/gun/hud/deagle_golden.png
6fb9955a20fbcc92dbda2e574d6648d359f69d3f90d87122f5e66d4e0c8acd42	assets/tacz/custom/tacz_default_gun/assets/tacz/textures/gun/hud/fn_evolys.png
68206e080582fdcf4fb9c3a94cc1021dd5a0d641debc5ab743e5532a7a7c72ef	assets/tacz/custom/tacz_default_gun/assets/tacz/textures/gun/hud/fn_fal.png
a9d1c5933c15c0d7b6f1aaaa820aa4bbd901f761a00492ca9a7fe865196dce2f	assets/tacz/custom/tacz_default_gun/assets/tacz/textures/gun/hud/g36k.png
84edcfc2c685abfbd2f86383ac4299f13aaf03cd1dfb3fcddc969e911b37095f	assets/tacz/custom/tacz_default_gun/assets/tacz/textures/gun/hud/glock_17.png
ab1382be3a42ed9f85d90de96d5fd97e89db5d79afd80b15711bf3118c721167	assets/tacz/custom/tacz_default_gun/assets/tacz/textures/gun/hud/hk416a5.png
3312131017093b5c1ae649792e252db10081814bb35b5b9a191ac68c9e2af251	assets/tacz/custom/tacz_default_gun/assets/tacz/textures/gun/hud/hk416d.png
2e2b7e4c63a49e92e782f4baf18068137501b077db37e580ce9563d591910cee	assets/tacz/custom/tacz_default_gun/assets/tacz/textures/gun/hud/hk_g3.png
65afb3dd188c83e0fd7939bed8aa3af79196efc355710219370086bfd983ec83	assets/tacz/custom/tacz_default_gun/assets/tacz/textures/gun/hud/hk_mk23.png
6c0ec7779479a7a9b19c91e196ee722cb2a9b5a354bdaacea36772f9a9440242	assets/tacz/custom/tacz_default_gun/assets/tacz/textures/gun/hud/hk_mp5a5.png
77ead3a029f4261c54176932d6f0b0f8f176e1a6b330bb5a10207be21a457be5	assets/tacz/custom/tacz_default_gun/assets/tacz/textures/gun/hud/kar98.png
0c75eb656bc722d57937c57e999dff50ef9e20e170522fc93dd1cee2f9991c75	assets/tacz/custom/tacz_default_gun/assets/tacz/textures/gun/hud/lonetrail.png
28b1a48fcf66730d78727244b8bf4fa92a25ab4289f98462bb8a7879f473baf2	assets/tacz/custom/tacz_default_gun/assets/tacz/textures/gun/hud/m1014.png
8978ed0006512698bfbd6f4c4f40610020e1fd5d47d3caf54254eababc0aff73	assets/tacz/custom/tacz_default_gun/assets/tacz/textures/gun/hud/m107.png
a8c93a33b5abf99e9fef987a26cfb9637a6015f4ad6b224019e9d4f15e6a1b18	assets/tacz/custom/tacz_default_gun/assets/tacz/textures/gun/hud/m16a1.png
921fe5a4b8beb14d2b201df39e722eee591f9f191bdc4761334707929cdf7733	assets/tacz/custom/tacz_default_gun/assets/tacz/textures/gun/hud/m16a4.png
45c1598e84290ac9364cb2c841010d4db00ea6c3c6bb0c4dce68b86aa623aaa2	assets/tacz/custom/tacz_default_gun/assets/tacz/textures/gun/hud/m1911.png
18e5df3715ebc27602a278f704a725cbb47d5e16d4fb4429bbeb19ade8ac6ee5	assets/tacz/custom/tacz_default_gun/assets/tacz/textures/gun/hud/m249.png
bc77fba2bb64966bc4accf41f7bed4e0f6342eace746c40c1faf820918ebd344	assets/tacz/custom/tacz_default_gun/assets/tacz/textures/gun/hud/m320.png
a7c796b0b599621843bc7b5f0edebd49b23512fd88b2aca0172b11c889ca506f	assets/tacz/custom/tacz_default_gun/assets/tacz/textures/gun/hud/m4a1.png
9fccaa04bfa8fab46d3d1a56cd84eae17ea874eb527ecb455071102bcd5189c1	assets/tacz/custom/tacz_default_gun/assets/tacz/textures/gun/hud/m700.png
3d2121707ca6754d194b1d2734eb982adc438c7317f9475ada6ee6451f294015	assets/tacz/custom/tacz_default_gun/assets/tacz/textures/gun/hud/m870.png
22aa9f91db1a2e9eaacc0c6c1ea3133888e2ac4c4f1100e7e736bc9d3ac6f1c4	assets/tacz/custom/tacz_default_gun/assets/tacz/textures/gun/hud/m95.png
4218c8efa9076585e03798f0153293c2ad2cd7dc044b63376c3df05aef6b68b1	assets/tacz/custom/tacz_default_gun/assets/tacz/textures/gun/hud/m9a4.png
04a71eb751113854283fbec069b7df5dfabe030e539906a8579e54132fc66f21	assets/tacz/custom/tacz_default_gun/assets/tacz/textures/gun/hud/minigun.png
5d44a5b3cb33aa7d52acf2b5ce262bc1e515c02ba8de1b67b20bb362a9941409	assets/tacz/custom/tacz_default_gun/assets/tacz/textures/gun/hud/mk14.png
691aa58d322f35efcd14a0f96fb6ee1084dcd8ee9e513a743711a75018b0a3a5	assets/tacz/custom/tacz_default_gun/assets/tacz/textures/gun/hud/p320.png
1bcf467ddeba5cc1e1a44f601ac09af998bc5f937749f4597070f874929a9097	assets/tacz/custom/tacz_default_gun/assets/tacz/textures/gun/hud/p90.png
0f11cdc9daa852e509e0a6162dbeeb4928629591486db0ec9972f8407da8a85d	assets/tacz/custom/tacz_default_gun/assets/tacz/textures/gun/hud/qbz_191.png
7c575990e14e45ca7787f3b757c95b5321f113fc3d825685a818c15baaf9e8af	assets/tacz/custom/tacz_default_gun/assets/tacz/textures/gun/hud/qbz_95.png
e4c771edaa4aa3f6dab6e7edf964be30b871453740a563ebd468c57a62c44e29	assets/tacz/custom/tacz_default_gun/assets/tacz/textures/gun/hud/rhino357.png
880f9e216605514040261de9a19848ba3b70f7ff0d4d3dd3fd623096c7265530	assets/tacz/custom/tacz_default_gun/assets/tacz/textures/gun/hud/rpg7.png
9443672e76622825402689bd78fc6361f04ca710f9ff22a18bdbaa3d4927a03a	assets/tacz/custom/tacz_default_gun/assets/tacz/textures/gun/hud/rpk.png
3eb2515630b3b2780ae7a63b3d62600c23f77772962461aa31f11e6f74f83e1e	assets/tacz/custom/tacz_default_gun/assets/tacz/textures/gun/hud/scar_h.png
5315718d0478c0c601f4ed144195228e404c09ba5eda4f04c4252e631055e312	assets/tacz/custom/tacz_default_gun/assets/tacz/textures/gun/hud/scar_l.png
9ee49e661616fa95bbd3cf11864c8963818359d8ed0ec261ca12cc1d07f7ccf1	assets/tacz/custom/tacz_default_gun/assets/tacz/textures/gun/hud/sks_tactical.png
24a4b094b20f14aabf4519242dd073bc9989c000be35b749e947e7b42486881e	assets/tacz/custom/tacz_default_gun/assets/tacz/textures/gun/hud/spas_12.png
2d277d72196933b2abe095cbda0577603f6a7cefe94b2c92fb7ddc7fb67c6b6b	assets/tacz/custom/tacz_default_gun/assets/tacz/textures/gun/hud/spr15hb_hud.png
c863fce5a7bb293af916599df37f0d20d73e8f0e43c3a05b6b5636aab434ecf6	assets/tacz/custom/tacz_default_gun/assets/tacz/textures/gun/hud/springfield1873_hud.png
511c831ca1de4af25e9e31bbb7a4ed7fc4889b4e8d98885cc014ed56dca2c974	assets/tacz/custom/tacz_default_gun/assets/tacz/textures/gun/hud/taurus500.png
fcdf1d3806a3e5177d5a2edfd136dcff152775c083b8807b04aef1adb14364f8	assets/tacz/custom/tacz_default_gun/assets/tacz/textures/gun/hud/taurus943.png
b88cf10c0922851f784da9a08aa784d4aba23e6a6d81f112d70aca355d53b5b9	assets/tacz/custom/tacz_default_gun/assets/tacz/textures/gun/hud/timeless50_hud.png
b1e4b4fd3735178b363f8cf3752123cbef4cf173e80f1b0d11c544d6804fb57d	assets/tacz/custom/tacz_default_gun/assets/tacz/textures/gun/hud/type_81.png
836a92c33990c48b3864b98815787259e7a6079e42d369e673801fdfef3489b4	assets/tacz/custom/tacz_default_gun/assets/tacz/textures/gun/hud/ump45.png
a6db545d3b2fc9bbcdb065df9668497f775cd93af5f7154c929683ef3cbc3cfe	assets/tacz/custom/tacz_default_gun/assets/tacz/textures/gun/hud/uzi.png
993f36f4f6f8ca80e2f82e7b17b82d4d1302c6422605d841015e64340d3e9258	assets/tacz/custom/tacz_default_gun/assets/tacz/textures/gun/hud/vector45.png
c2f9d761ae9fea87b6b337f4f978e452a371a8f45769f10d9837eb7145b5574d	assets/tacz/custom/tacz_default_gun/assets/tacz/textures/gun/lod/aa12.png
d09be79ccace5bf7a1c3a3ab32ccf9023aa87031f2899e16fafa438845a31d16	assets/tacz/custom/tacz_default_gun/assets/tacz/textures/gun/lod/ai_awp.png
c2ed80994095f2642ea05117bd90e2f371ea8f9f2eba933d1bcdaaeafe059b14	assets/tacz/custom/tacz_default_gun/assets/tacz/textures/gun/lod/ak47.png
3b99dc83d18be160a0681bc7590263e7f572f7bd87de22739bbdfa4a29e90d0d	assets/tacz/custom/tacz_default_gun/assets/tacz/textures/gun/lod/aug.png
8aa19e1f7dde9f5798d3f787e803ad29881b315e3d97e54a9410ccbbbf94a216	assets/tacz/custom/tacz_default_gun/assets/tacz/textures/gun/lod/b93r.png
c5f46a6555ab8bf34deda66dfa5758a2e114ff41765ce62036ee6e7c34f21395	assets/tacz/custom/tacz_default_gun/assets/tacz/textures/gun/lod/cz75.png
115a313f5b8a561baa660678f715db9575fd5b92b442f5f0510847b6def9f38c	assets/tacz/custom/tacz_default_gun/assets/tacz/textures/gun/lod/db_long.png
d5164e356503161affdf20dfa58ec39ac0d4875a035aa77327f00bf75ac1d90d	assets/tacz/custom/tacz_default_gun/assets/tacz/textures/gun/lod/db_short.png
ea4890591d9af31dd9033ae3042a1200c75de87514ea7f570c95c53523c23571	assets/tacz/custom/tacz_default_gun/assets/tacz/textures/gun/lod/deagle.png
429c1f33559f833304643289380a8481d25e71329fb9458dd95b5da3fe1658d8	assets/tacz/custom/tacz_default_gun/assets/tacz/textures/gun/lod/deagle_golden.png
d14d530a4f9c023bb1a40a0ef6e3b6a66aff195b834f3b9ffdce9f8dc46822fd	assets/tacz/custom/tacz_default_gun/assets/tacz/textures/gun/lod/fn_evolys.png
bf73e92a11e9c4e35ca89aaa43e71f9f54bb837945799f97b4cf0ecc8438c353	assets/tacz/custom/tacz_default_gun/assets/tacz/textures/gun/lod/fn_fal.png
cd38a7cdb1b40a2e1be9dc364eeabb42fda120f70cdbb55573da857e1ea8f407	assets/tacz/custom/tacz_default_gun/assets/tacz/textures/gun/lod/g36k.png
02258f71e3c6a71c2b98088d730a35cbe55a590d41caadfa63a1bb2fe316d22f	assets/tacz/custom/tacz_default_gun/assets/tacz/textures/gun/lod/glock_17.png
cd3bff192c8568c73aaf5e0c96d3ef7f077413a82a4d33106d3fab1de4650ecc	assets/tacz/custom/tacz_default_gun/assets/tacz/textures/gun/lod/hk416a5.png
bc48aaa16c0fda26e33a622a66409bf0d2ec9058abaeb99203babf9458d18d87	assets/tacz/custom/tacz_default_gun/assets/tacz/textures/gun/lod/hk416d.png
4042f196c3b9c41ad74212c0705b1eea99762f3984a62f6d7dc92f9fd19a2d8e	assets/tacz/custom/tacz_default_gun/assets/tacz/textures/gun/lod/hk_g3.png
5c7111dcdc32e5949dd05d8302a79e05df25233a0488642e807b560537a8c67d	assets/tacz/custom/tacz_default_gun/assets/tacz/textures/gun/lod/hk_mk23.png
39cbf0552862ffd48afcc44c8768ec97c0c29506c370f2620d89986324c47b64	assets/tacz/custom/tacz_default_gun/assets/tacz/textures/gun/lod/hk_mp5a5.png
e006210938d009058ddfc45403ae96366874776044eb075fbcb60b3591fb6c68	assets/tacz/custom/tacz_default_gun/assets/tacz/textures/gun/lod/kar98.png
ddc5257b4f2d543f74fba1d40c79b8fbb5ff45c54a4fc6b2abd32d7e8cfef5ff	assets/tacz/custom/tacz_default_gun/assets/tacz/textures/gun/lod/lonetrail.png
9f5356164439616c68d2752a48157f3017352e70472e7f967671ce148ef6a49b	assets/tacz/custom/tacz_default_gun/assets/tacz/textures/gun/lod/m1014.png
54d477ae454378547db5e96a282feeed3f994d6929f92584155736b564725404	assets/tacz/custom/tacz_default_gun/assets/tacz/textures/gun/lod/m107.png
ff2a38cd44c3dc51174172f0a74fa29bc84d12d00633abd1bf890b97780b1d22	assets/tacz/custom/tacz_default_gun/assets/tacz/textures/gun/lod/m16a1.png
c9f0d4aa891ab68d252473c0295648c1571314aceebcb55c8e820e394ce27b1b	assets/tacz/custom/tacz_default_gun/assets/tacz/textures/gun/lod/m16a4.png
38bc3c5f9a5a65f138941ee073bb41ee00dfe1917a99d712a6f64a3845d7f626	assets/tacz/custom/tacz_default_gun/assets/tacz/textures/gun/lod/m1911.png
30bfeeb0ebd860fbe88990ddc45e59e06eaa2b65bf6dd3103f0736a65ed59cc8	assets/tacz/custom/tacz_default_gun/assets/tacz/textures/gun/lod/m249.png
6eb82a22cc9486c95f8b0d4734e8d2d6fdc533969311c6462a3cca7cd02070ec	assets/tacz/custom/tacz_default_gun/assets/tacz/textures/gun/lod/m320.png
7310769ba2ef22aa1033d34d87bd4af2707d3b18c5a7001d8b90ec8fa45d2859	assets/tacz/custom/tacz_default_gun/assets/tacz/textures/gun/lod/m4a1.png
9b1b61726335a8d0ab1de28d8523c34108c0e517ed15a5768107bce9a0e31c6a	assets/tacz/custom/tacz_default_gun/assets/tacz/textures/gun/lod/m700.png
97a739b2cd2b78d85140135f2c3006b5ce0ea6a63e212de36eec7ebe2c706168	assets/tacz/custom/tacz_default_gun/assets/tacz/textures/gun/lod/m870.png
cee6c34c04e932cc2ed98ed996e840376fa109e1ba60da3d74019072e04cc7c7	assets/tacz/custom/tacz_default_gun/assets/tacz/textures/gun/lod/m95.png
7b8bd6e44545466af42c0bab8086ff560cfbb675a6f850fe31c7405e1ad8e5aa	assets/tacz/custom/tacz_default_gun/assets/tacz/textures/gun/lod/m9a4.png
f1795c38f6d6f68ac5572c0e4111638148724ab4da8909756b959a49ceb8c53d	assets/tacz/custom/tacz_default_gun/assets/tacz/textures/gun/lod/minigun.png
261d967adf782a35520b812a4e0abc7168b8587d2adaab5dfbef7a2a0fdb6354	assets/tacz/custom/tacz_default_gun/assets/tacz/textures/gun/lod/mk14.png
8be13797aa06a1d06133332dc76a6c9306a8b2d8fc141a9bde13ae334bc1e659	assets/tacz/custom/tacz_default_gun/assets/tacz/textures/gun/lod/p320.png
28c97be7972a65e1d14a3601d684820603a130bc266e81dad64c805a6a01267c	assets/tacz/custom/tacz_default_gun/assets/tacz/textures/gun/lod/p90.png
10d040a0841273340f2edc6258fba3b5a5e8729cb386b343abda1a08e0d91516	assets/tacz/custom/tacz_default_gun/assets/tacz/textures/gun/lod/qbz_191.png
edbdb312f950a6572f514df38ccb30fc4ba74f6b2d119665de3198cc4620b683	assets/tacz/custom/tacz_default_gun/assets/tacz/textures/gun/lod/qbz_95.png
965a032b923dd43b9256b305d2eea870e2f7ada1a069b80eedc52e635a1fc482	assets/tacz/custom/tacz_default_gun/assets/tacz/textures/gun/lod/rhino357.png
03d4f6f793e64f9692cc41f73ca9380890dc8dca3c512f62213b17b21790e61f	assets/tacz/custom/tacz_default_gun/assets/tacz/textures/gun/lod/rpg7.png
2f9577a4a9d761103266ccb6549461e8dff4bddef557e62f6b0a51a46222af0b	assets/tacz/custom/tacz_default_gun/assets/tacz/textures/gun/lod/rpk.png
072ca599516e7dc0fe11014b8f9d4f70b3423e285881d3fcbdb32d3dd715d035	assets/tacz/custom/tacz_default_gun/assets/tacz/textures/gun/lod/scar_h.png
e96b8b72269ffcf5242984527764e46db2800e273e8547a0a0979213796861e7	assets/tacz/custom/tacz_default_gun/assets/tacz/textures/gun/lod/scar_l.png
598b7b03e34eee2d2c87acfb5eb24a6e89558fdc1d8351204df4c578c3d63487	assets/tacz/custom/tacz_default_gun/assets/tacz/textures/gun/lod/sks_tactical.png
686313470246a248d47e129795c9310b26b6c4efb75d62c56beca65bee44b2eb	assets/tacz/custom/tacz_default_gun/assets/tacz/textures/gun/lod/spas_12.png
b89d5588d50ecf71603b6a5d15f8e680316b18430bd7853bd6ff0e4bd1ab8dd3	assets/tacz/custom/tacz_default_gun/assets/tacz/textures/gun/lod/spr15hb.png
7bb59a7d1b89017c623cd91968848ad9638ade82e5c2209c5e6edfa80e442513	assets/tacz/custom/tacz_default_gun/assets/tacz/textures/gun/lod/springfield1873.png
7d22e70016659e39c9931e20588c01433a037a212739eb3b74a3f1d54baf88a8	assets/tacz/custom/tacz_default_gun/assets/tacz/textures/gun/lod/taurus500.png
8465f231379dd0ae72081505c93a48fc546c460b7cbe66a40badc08ff54630d6	assets/tacz/custom/tacz_default_gun/assets/tacz/textures/gun/lod/taurus943.png
54a547e11c879bb0afcbc4700e20ab257de9e1b7ca7e885d9426e722a07d99fb	assets/tacz/custom/tacz_default_gun/assets/tacz/textures/gun/lod/taurus943_geo.png
00b40532a2b0c237bc6026a160fea98c0714d347a584fe7d223886101497cf48	assets/tacz/custom/tacz_default_gun/assets/tacz/textures/gun/lod/timeless50.png
bc86a3f637ea54d160daa44750d36d43738c0a8a98e6ee13b1aa824c76c25974	assets/tacz/custom/tacz_default_gun/assets/tacz/textures/gun/lod/type_81.png
28f6538e08890152495a0a125a7b075e4ca83c9efd87ddc2dd9813bec5540557	assets/tacz/custom/tacz_default_gun/assets/tacz/textures/gun/lod/ump45.png
538a1eaa5fbcee684068a0f218f8a957b8ef17fbc6cadb7838ae9cb23624d8fd	assets/tacz/custom/tacz_default_gun/assets/tacz/textures/gun/lod/uzi.png
0f6b1086c1d7454c1ddcdad3495f5525fdf49e7a17dbb41c41551caef32f3fc9	assets/tacz/custom/tacz_default_gun/assets/tacz/textures/gun/lod/vector45.png
d5e7ef2c273c6784b14c6cd5d86b77935396be9eee639fe49f93cc1efdf29136	assets/tacz/custom/tacz_default_gun/assets/tacz/textures/gun/slot/aa12.png
438f94c31d86323bfae0e0918c6919b75fe92432a1ffbf3bf42bfb5e97e23313	assets/tacz/custom/tacz_default_gun/assets/tacz/textures/gun/slot/ai_awp.png
603ee362ee183335c71f5f5b0f55c8f0ecc5d2b56ee5a2fb69210d6cfa518c56	assets/tacz/custom/tacz_default_gun/assets/tacz/textures/gun/slot/ak47.png
5e44b80d2085500a73862ba2853a4795a35017904452bf574030d6f2f766b169	assets/tacz/custom/tacz_default_gun/assets/tacz/textures/gun/slot/aug.png
3f8396cf4c1c666b2bb372a3e5333803654d02ccd67db6f1281234509958d64d	assets/tacz/custom/tacz_default_gun/assets/tacz/textures/gun/slot/b93r_slot.png
900bea56b7d98fdc0c3dadd91eab97848a85a218cb517716fc8d0e5a59e41837	assets/tacz/custom/tacz_default_gun/assets/tacz/textures/gun/slot/cz75.png
4a6fca4cae0fcf4c0fa70979c727f061b89415a7cbe53d874f46df474a4c5cc5	assets/tacz/custom/tacz_default_gun/assets/tacz/textures/gun/slot/db_long.png
5a39a69493a4ab2249cec4857e2b70cd31b077f0767b48f1f9a646eb4df40431	assets/tacz/custom/tacz_default_gun/assets/tacz/textures/gun/slot/db_short.png
de5f6fa90ec977fd901db6edc4e74e1b306906347bd45db1e6dcf626c0f1ddc2	assets/tacz/custom/tacz_default_gun/assets/tacz/textures/gun/slot/deagle.png
a56f2302722dfb2e0775f1b6ae149fe2f4ee0fc224ee968fecc3a2b5b7f7f261	assets/tacz/custom/tacz_default_gun/assets/tacz/textures/gun/slot/deagle_golden.png
6fcbfd2d86975667dda8de584de2980cbd97d6cccdd4971b5600361f954b2140	assets/tacz/custom/tacz_default_gun/assets/tacz/textures/gun/slot/fn_evolys.png
ada5f236e12f0d07be37532f35c763cc61732b9e3f0015a665fd8b3f94361fb5	assets/tacz/custom/tacz_default_gun/assets/tacz/textures/gun/slot/fn_fal.png
ad3e391773884e735d1f99afee328bdde5c69dce658783fe3fc154c120bd6e05	assets/tacz/custom/tacz_default_gun/assets/tacz/textures/gun/slot/g36k.png
45e1558e16b2d1d29a615840d10ec33a8590d80b8fccec5de43f5c7eed19a57e	assets/tacz/custom/tacz_default_gun/assets/tacz/textures/gun/slot/glock_17.png
1a7e79aafcce65712b305fdf2352379e724c203537d11e4921601e21b6f27260	assets/tacz/custom/tacz_default_gun/assets/tacz/textures/gun/slot/hk416a5.png
0dc4e7386412c74d40aa76cd0a2557cf19890955a1e1f1a83aa7e08002bfaf28	assets/tacz/custom/tacz_default_gun/assets/tacz/textures/gun/slot/hk416d.png
1ccb9ff11af1075473dfcb83ad37f00d6f24578e950353aa759862ba40abfadb	assets/tacz/custom/tacz_default_gun/assets/tacz/textures/gun/slot/hk_g3.png
098d0c20c4b36cef2108997d29ef380b604dfdd00c8e91f08fe2207a0c0510de	assets/tacz/custom/tacz_default_gun/assets/tacz/textures/gun/slot/hk_mk23.png
b5c48e3f1dcf88c56fb8c39eebe3803f49dc8af9ebcd90e401603aed01238098	assets/tacz/custom/tacz_default_gun/assets/tacz/textures/gun/slot/hk_mp5a5.png
d054b6430137ddf3fd19b5d93bd7f045bdca233cdf4a61b063bb1fa7090281bf	assets/tacz/custom/tacz_default_gun/assets/tacz/textures/gun/slot/kar98.png
769529590e45110c48ea20a19129796dac5978c8906a6d35cd7aef06dd5f4aae	assets/tacz/custom/tacz_default_gun/assets/tacz/textures/gun/slot/lonetrail.png
6b2dc4b909ea442ceb42bd86682f123f94562c572593004e8bfdc727f6985fe8	assets/tacz/custom/tacz_default_gun/assets/tacz/textures/gun/slot/m1014.png
caf24e19ecfd373704ea609f60835a7bc4ce4cfd14d1da6300bcd78fa33a4f45	assets/tacz/custom/tacz_default_gun/assets/tacz/textures/gun/slot/m107.png
a25beb6c83940e96e59762e694bbeeda4c1935dc3e6d6a0116e35c3b411ec8b9	assets/tacz/custom/tacz_default_gun/assets/tacz/textures/gun/slot/m16a1.png
e94e42647c30deb97e2d89299fbccfc5d2d95a225793c432c0184b7f83daf90d	assets/tacz/custom/tacz_default_gun/assets/tacz/textures/gun/slot/m16a4.png
363ba36fa376a3dcce00499c9b8285761435d34b25360ebbc3da5f31d06178a5	assets/tacz/custom/tacz_default_gun/assets/tacz/textures/gun/slot/m1911.png
e85fdcc08e4b99e55f7242f889e0a0f2af570ce4fc24c47ce6967a8c6d921854	assets/tacz/custom/tacz_default_gun/assets/tacz/textures/gun/slot/m249.png
c97700ee9397ddd96b396a69ac3c482947fb4f8c91b5235bbf35b5299c71d316	assets/tacz/custom/tacz_default_gun/assets/tacz/textures/gun/slot/m320.png
77b30fdc7ad1e16e8b3661895e6036e638b55100eeeabde378c448a6769e3006	assets/tacz/custom/tacz_default_gun/assets/tacz/textures/gun/slot/m4a1.png
18367609cd935bf294af49fb01fc7f279f007fc677517051a5d44309bc838cb9	assets/tacz/custom/tacz_default_gun/assets/tacz/textures/gun/slot/m700.png
c2ef289ac96f4d8d3ed673e14434fad28354c98c88d013f707f032c87b26ad6f	assets/tacz/custom/tacz_default_gun/assets/tacz/textures/gun/slot/m870.png
da9b7e675dbfbfcefcea022d91cda341be71b3751b0d49ab3d5b743f8f86c04b	assets/tacz/custom/tacz_default_gun/assets/tacz/textures/gun/slot/m95.png
d03336dbf670f19b4991a12e624ed7afce7fcef49edd3b19b8565da09d4c7684	assets/tacz/custom/tacz_default_gun/assets/tacz/textures/gun/slot/m9a4.png
4b48a580d12c75fd80f3b538b5ea28f2ed8f7057e56b8a5879066f3e9601baeb	assets/tacz/custom/tacz_default_gun/assets/tacz/textures/gun/slot/minigun.png
2e47ed0e5661e57b79323f994669d51982490c5613c525ad13cc32d735f5cab4	assets/tacz/custom/tacz_default_gun/assets/tacz/textures/gun/slot/mk14.png
c132d94fe21ea3060f14acf375a3db0c2248a77d6b88021cf557b05a6e8a4b25	assets/tacz/custom/tacz_default_gun/assets/tacz/textures/gun/slot/p320.png
116f530f89888e3982763fad8a1cebc0761ba3334382dba8533d8f7bb134e9f5	assets/tacz/custom/tacz_default_gun/assets/tacz/textures/gun/slot/p90.png
9182c34af82fa17a268871e2165b38f60178c1296db5a34be362fb9e48359e4d	assets/tacz/custom/tacz_default_gun/assets/tacz/textures/gun/slot/qbz_191.png
e721c639ab2f6cfe8f920c685f7cd2d2541217970b850305ba2c5868d6b079e2	assets/tacz/custom/tacz_default_gun/assets/tacz/textures/gun/slot/qbz_95.png
50fa810ff231d7335a098c3bff0fecad9c9728f3f8add41402a4c5ddc108c70e	assets/tacz/custom/tacz_default_gun/assets/tacz/textures/gun/slot/rhino357.png
85332a825aebe9b5ea7934b6916bc131502ee4c19cb3833f8aafa3272e18edfe	assets/tacz/custom/tacz_default_gun/assets/tacz/textures/gun/slot/rpg7.png
d5a8104373f90d709ac14c1b8d55d69ea6cbd783ba7f96fd89c3e96f3b552f89	assets/tacz/custom/tacz_default_gun/assets/tacz/textures/gun/slot/rpk.png
271c3ae030e4c38bdac3261320265a1a23f9f0450ebbc66a08dee08db47b27b3	assets/tacz/custom/tacz_default_gun/assets/tacz/textures/gun/slot/scar_h.png
67f7ab36436828388bd72d495001608e783aa4b3364074070c0e2b7a61ddbbbc	assets/tacz/custom/tacz_default_gun/assets/tacz/textures/gun/slot/scar_l.png
4928f77deb9ad7c636c664786941e75abd1b115a6fc0b64ec7b7cc17f2cec338	assets/tacz/custom/tacz_default_gun/assets/tacz/textures/gun/slot/sks_tactical.png
3f9acde49234850ba95bec4eb2c2ad4c31630763f1026940938dc185125e4247	assets/tacz/custom/tacz_default_gun/assets/tacz/textures/gun/slot/spas_12.png
1a8add4cb82a3cf28611e1add672df4b4a99ab7418dee3eb568b5e01d4307e73	assets/tacz/custom/tacz_default_gun/assets/tacz/textures/gun/slot/spr15hb_slot.png
a453298460eea4d96aadc98dafc8225fa5294ba923d198db222ee8bd8ca38da4	assets/tacz/custom/tacz_default_gun/assets/tacz/textures/gun/slot/springfield1873_slot.png
e8cba549e61962dfba43d4ea8f994c5725bed5c65fcd4e0942ee3e3bee840965	assets/tacz/custom/tacz_default_gun/assets/tacz/textures/gun/slot/taurus500.png
09aae88c4fd253e23669eb5ce55ea8dbfc4b448be207696e42be027edbf6d2e4	assets/tacz/custom/tacz_default_gun/assets/tacz/textures/gun/slot/taurus943.png
6e377e14f4e1d929d9ee90f7153ce217ed29e9b59e62c25148f10944fee9b488	assets/tacz/custom/tacz_default_gun/assets/tacz/textures/gun/slot/timeless50_slot.png
f1f4ff6cb3cd50ee1a467bdc57811dec54230ce7009b6cc1448262fc005eb713	assets/tacz/custom/tacz_default_gun/assets/tacz/textures/gun/slot/type_81.png
c7dad9bc9d0ad844bc0d95afff47ea836e3acc327961f0aaac2f0b8198b2e05f	assets/tacz/custom/tacz_default_gun/assets/tacz/textures/gun/slot/ump45.png
7025df1f8001d473fbe1564aad1d16d817cf2cac1237505373c4c8e21fb7331f	assets/tacz/custom/tacz_default_gun/assets/tacz/textures/gun/slot/uzi.png
ebba80a3c40aecb41d4e57c7233aec4e53ab7f327b339503313a974e06c9d5e5	assets/tacz/custom/tacz_default_gun/assets/tacz/textures/gun/slot/vector45.png
daf01f77a79c7cc1e237b49e1d6c8a85ae8ac5a0d1548521dc50504469f111d7	assets/tacz/custom/tacz_default_gun/assets/tacz/textures/gun/uv/aa12.png
3995697422f800549dca82447966cb8d87e42fe782dc25b9bc2b8919f6c46bfa	assets/tacz/custom/tacz_default_gun/assets/tacz/textures/gun/uv/aa12_n.png
b249aad601906a60ffb6d9eb12be6c3ace9422af2172ddbfbb2061e3baf2bb73	assets/tacz/custom/tacz_default_gun/assets/tacz/textures/gun/uv/aa12_s.png
050e91ec5650feab137a8acc93dba2d842744f5e2bdbf9172bd000018b5e7fb3	assets/tacz/custom/tacz_default_gun/assets/tacz/textures/gun/uv/ai_awp.png
99def3af57822ed0601d320b7f8427477aaac987d1ce74f8950f1ef69c81861f	assets/tacz/custom/tacz_default_gun/assets/tacz/textures/gun/uv/ai_awp_n.png
ea09d62275e9335fb37c0f342b1d82ce26a260f0c57820100bd5f8fa094b06cc	assets/tacz/custom/tacz_default_gun/assets/tacz/textures/gun/uv/ai_awp_s.png
01991bd72a352968e2c8ab3ddee29c2364b1b37876793ac7d90af75502547bd0	assets/tacz/custom/tacz_default_gun/assets/tacz/textures/gun/uv/ak47.png
0a790ef07c7630888332fc186fe1318ebce8b6c7fd47befac880eeaf1a03caa9	assets/tacz/custom/tacz_default_gun/assets/tacz/textures/gun/uv/ak47_n.png
fcdbd1d2410a7ae9359acfe2057f244f695f6fbbee34f8d30704ee8348b9cdb9	assets/tacz/custom/tacz_default_gun/assets/tacz/textures/gun/uv/ak47_s.png
231c15d6430764fa7105afea059ca266012e503c9bc687b4fdd027dd257612e2	assets/tacz/custom/tacz_default_gun/assets/tacz/textures/gun/uv/aug.png
527bc2377eae24d2d14eb7e5b21fe7142b97918d86a8d94809c5cec1a3b7f986	assets/tacz/custom/tacz_default_gun/assets/tacz/textures/gun/uv/aug_n.png
13bc88e724639b93c61a873df4d18abb9c1a10f7b04c56e91d4bd9635ab7cb80	assets/tacz/custom/tacz_default_gun/assets/tacz/textures/gun/uv/aug_s.png
4534a75968b3813a005f1387d0763af9bc7015436598cd75cb3eb209ae5dc665	assets/tacz/custom/tacz_default_gun/assets/tacz/textures/gun/uv/b93r.png
3fbe4ecb8e902a1cc5083ed029561ba468408b412935330ce56eb0cd6cd2fe27	assets/tacz/custom/tacz_default_gun/assets/tacz/textures/gun/uv/b93r_n.png
e81380b2247595028b0dc3367da03cf96f8b0d0ae000237527051de9fabef2db	assets/tacz/custom/tacz_default_gun/assets/tacz/textures/gun/uv/b93r_s.png
9504d728d8da1ea44fe1bd70a6775e907b1f27c89d3d661e9503b578eee4eeda	assets/tacz/custom/tacz_default_gun/assets/tacz/textures/gun/uv/cz75.png
c3342da1c19a89959072d71867e48487de199339718d1050e6bc5c2031fdff2d	assets/tacz/custom/tacz_default_gun/assets/tacz/textures/gun/uv/cz75_n.png
76eeecf94e647a8436e53154935e0ea08527a79fcb163146b7e3f8a58f6aadde	assets/tacz/custom/tacz_default_gun/assets/tacz/textures/gun/uv/cz75_s.png
0747e5d600c0c3540e2187b4e036ef33a77ad832925d0504e5a63df1eb584c37	assets/tacz/custom/tacz_default_gun/assets/tacz/textures/gun/uv/db_long.png
0eb19c8dc39752954d2b87c701fb684bdb36ca947f6c30fd45594c27246c2b63	assets/tacz/custom/tacz_default_gun/assets/tacz/textures/gun/uv/db_long_n.png
99afb56a3b4520073c1d713639df1fd1ea7812f715b8e4fde0736406f4c4b10c	assets/tacz/custom/tacz_default_gun/assets/tacz/textures/gun/uv/db_long_s.png
04e359ec8bd8531272ed42c313dfc1a95789d090c745cd88e822d64a24556985	assets/tacz/custom/tacz_default_gun/assets/tacz/textures/gun/uv/db_short.png
0e37cd309ccf3b36cd1c17731bf7e680c690704eeab90ed16dec1d453b53dc45	assets/tacz/custom/tacz_default_gun/assets/tacz/textures/gun/uv/db_short_n.png
0dfa26e7f235d217804ffeab194cbf59eb8ff5ec47fbb3ba0850b4ce0099d96a	assets/tacz/custom/tacz_default_gun/assets/tacz/textures/gun/uv/db_short_s.png
b27da00de8d3b5389809931381500868dac942859a0a1cdd7f8184420f2a7167	assets/tacz/custom/tacz_default_gun/assets/tacz/textures/gun/uv/deagle.png
2459709cf5a91ff01ae0a2143bbe0ed9fc0b5c4df088df3b422568cb07991904	assets/tacz/custom/tacz_default_gun/assets/tacz/textures/gun/uv/deagle_golden.png
9fd3ea5f0ac5949032efffb02b4e8d4b7112fc4b53e4a7930cedc01849d16fb5	assets/tacz/custom/tacz_default_gun/assets/tacz/textures/gun/uv/deagle_golden_n.png
7e29bc15c7715c75391de93605068228688cc36b4a5ecc4f81c0d9e5d9bfdcf2	assets/tacz/custom/tacz_default_gun/assets/tacz/textures/gun/uv/deagle_golden_s.png
2709c02a28a8ee8e400aa4fcca57815b1a9837e6b323b025cff3bf76fe221c29	assets/tacz/custom/tacz_default_gun/assets/tacz/textures/gun/uv/deagle_n.png
fd241c59e31fb708d7d3daff588ef6658a51d07a0359192e0d6501747afe9307	assets/tacz/custom/tacz_default_gun/assets/tacz/textures/gun/uv/deagle_s.png
eaa0a01569c4840da05c18ee755e83eb79bd799ae943334ce414ec004a372bd3	assets/tacz/custom/tacz_default_gun/assets/tacz/textures/gun/uv/fn_evolys.png
c0c4a5a4fa1c6047550b92894ca28f4737e95cce0c59a3e5df02a510bb2c1ba8	assets/tacz/custom/tacz_default_gun/assets/tacz/textures/gun/uv/fn_evolys_s.png
50f39543932c00d80a7026f198c0392ebcd2051ac30cfac2726c261c5dc2ee57	assets/tacz/custom/tacz_default_gun/assets/tacz/textures/gun/uv/fn_fal.png
b57472681233168c8b3019c84adc776f203079d6aedc81de22dd3a43fb051b8a	assets/tacz/custom/tacz_default_gun/assets/tacz/textures/gun/uv/fn_fal_s.png
1d7e3c4b20b9e3ec414f7cb24107597e9b3bdb181f08d9438d1b4709a62f1ee7	assets/tacz/custom/tacz_default_gun/assets/tacz/textures/gun/uv/g36k.png
47d54c662eaa9278282251d5dd7b6c50d48d170410b54406db0c3a6a9e4bdd9a	assets/tacz/custom/tacz_default_gun/assets/tacz/textures/gun/uv/g36k_n.png
22e8f4a0dc5874a85400a7498d8ff0c12d534dfb602c1c30aa9fbeebecedc2d4	assets/tacz/custom/tacz_default_gun/assets/tacz/textures/gun/uv/g36k_s.png
79bf67a4cb69eed86a3a7c7754d1d0f28c3ca8d5ce15480beeb818cd87fd60ad	assets/tacz/custom/tacz_default_gun/assets/tacz/textures/gun/uv/glock_17.png
cec330b42e0f5430c88a1d296652010237cba18f097cada7a5c521cdaadfbfd3	assets/tacz/custom/tacz_default_gun/assets/tacz/textures/gun/uv/glock_17_n.png
edda18bf61544f8127d668c4cdd963e6dd743bc30a676c17c50148fd4db72f98	assets/tacz/custom/tacz_default_gun/assets/tacz/textures/gun/uv/glock_17_s.png
484e0f78ce5662106f3054d9fbe7e87c6f1b6e32826c4101481757616ce67673	assets/tacz/custom/tacz_default_gun/assets/tacz/textures/gun/uv/hk416a5.png
816071ee1a0325a83f5bd82169a4f86a017a0caf7ed3a3480fbb7c9a158c9219	assets/tacz/custom/tacz_default_gun/assets/tacz/textures/gun/uv/hk416a5_n.png
2e71613266b2f66626a2de34ef843bda4ede8431abe74b702c4dad9a7e79b6ad	assets/tacz/custom/tacz_default_gun/assets/tacz/textures/gun/uv/hk416a5_s.png
7f193c646d6b2666e19defe5ec3c1b02104813b231d455d0ac50625c18121c80	assets/tacz/custom/tacz_default_gun/assets/tacz/textures/gun/uv/hk416d.png
b30c3ff729526ac2c2a77f964814de79f2fd93549fe35195b9c40430193f4656	assets/tacz/custom/tacz_default_gun/assets/tacz/textures/gun/uv/hk416d_n.png
eb7c383dba9c4bb067cb74fbc24a8e2eab1848ffe4bc6046dfcf72e7682f45a4	assets/tacz/custom/tacz_default_gun/assets/tacz/textures/gun/uv/hk416d_s.png
e7e969cd4972fd49ec0b2b1c3e13aeede79b1cc7610d1282211fe41ad09f8d20	assets/tacz/custom/tacz_default_gun/assets/tacz/textures/gun/uv/hk_g3.png
3146653419e5ed3daae049ac6cea03468dc556c0d12224c34965f60c37513a51	assets/tacz/custom/tacz_default_gun/assets/tacz/textures/gun/uv/hk_g3_n.png
3731a0b49643a2b6a616b851bee8cfddb85151e438bbf6952ad15bd67071917e	assets/tacz/custom/tacz_default_gun/assets/tacz/textures/gun/uv/hk_g3_s.png
a488c1f859c3a2186a6d2f38158f8c3123bacfeb95249625549d823b9cf5f29c	assets/tacz/custom/tacz_default_gun/assets/tacz/textures/gun/uv/hk_mk23.png
9ac2e500546ab0188d7b754c228f5709bd0b1db809311573c8e93a1a0761522a	assets/tacz/custom/tacz_default_gun/assets/tacz/textures/gun/uv/hk_mk23_s.png
e85db5bdee3b2685ee1f1b35799da87c8601542f059c46c74b8c5a6199d06ef6	assets/tacz/custom/tacz_default_gun/assets/tacz/textures/gun/uv/hk_mp5a5.png
f99519917775648d42c854081da0a2144fb6898384a9d078d90c11e71ad80368	assets/tacz/custom/tacz_default_gun/assets/tacz/textures/gun/uv/hk_mp5a5_n.png
25b98da36ee1ac0112efe88eb599f10090352e54b9179e4cad13b536b42b3f45	assets/tacz/custom/tacz_default_gun/assets/tacz/textures/gun/uv/hk_mp5a5_s.png
5c1e7839b46a61bf671558e909e13c759f1a821d11dfbcb006ca5fc01301def6	assets/tacz/custom/tacz_default_gun/assets/tacz/textures/gun/uv/kar98.png
c2c9a1595185b8f01403ba43b8f2cc938ddb68f03114c75f1b56b9d0934a0e38	assets/tacz/custom/tacz_default_gun/assets/tacz/textures/gun/uv/kar98_s.png
0eec4c424b58fb06b5fbd1580085aa82baf171bf601e0c14eece2731c42cc7bf	assets/tacz/custom/tacz_default_gun/assets/tacz/textures/gun/uv/lonetrail.png
455805846d825e053c6e350ea5eb63a9c1eb986689bfbc7cb3d7c55f74d02721	assets/tacz/custom/tacz_default_gun/assets/tacz/textures/gun/uv/lonetrail_s.png
ebb436ea63ff96f02a45627a168da89bb60e379703706e6f77f6ea12c105f46c	assets/tacz/custom/tacz_default_gun/assets/tacz/textures/gun/uv/m1014.png
785e1ba6962e49f0c6f81e2552fe386e8da1f3e1ff34bce2ad8c756816da8845	assets/tacz/custom/tacz_default_gun/assets/tacz/textures/gun/uv/m1014_s.png
946121e579b15833d0df6a51a968c73c4ba19c7aa55adcf049410da318a2d8bd	assets/tacz/custom/tacz_default_gun/assets/tacz/textures/gun/uv/m107.png
087c869a627d98be4c3e5cd0dba5d0d1b5d621e064113467570763a212e9be30	assets/tacz/custom/tacz_default_gun/assets/tacz/textures/gun/uv/m107_n.png
26d2bf1aa6800aaa41087315ed8ef365135da2f102b6d674c1f3b39e987a9b43	assets/tacz/custom/tacz_default_gun/assets/tacz/textures/gun/uv/m107_s.png
17aa0b4cda096dcbaf84ace1d8a359f8012dccf9bcfa8f4a2f4aac6c4cc30060	assets/tacz/custom/tacz_default_gun/assets/tacz/textures/gun/uv/m16a1.png
5dbbe86008c54657e8b9c0860824a429f71c1c6afa2f7cbf70acf4c445d9ca14	assets/tacz/custom/tacz_default_gun/assets/tacz/textures/gun/uv/m16a1_n.png
7373274bb2ada97c1c855afa0446231fb5e79055c0799d9055e40756aa9ba1cf	assets/tacz/custom/tacz_default_gun/assets/tacz/textures/gun/uv/m16a1_s.png
dc35ae47d79a0b2b8db0d2fd2e0cd56020723f8d13702501ed4438ac63b9d0e8	assets/tacz/custom/tacz_default_gun/assets/tacz/textures/gun/uv/m16a4.png
517c10e6bc8617b3a73ba4fff41d88340729b0e0007096ce96d2d1adc123df5c	assets/tacz/custom/tacz_default_gun/assets/tacz/textures/gun/uv/m16a4_n.png
a60fdc569d2cbd5344f7085ec63f680f42f2ca5a0feb496935eecfe2790403a8	assets/tacz/custom/tacz_default_gun/assets/tacz/textures/gun/uv/m16a4_s.png
3cd2e5c14fa7e2dc3380c771e1f75ddefe5d685e7634603301648f75fc98f141	assets/tacz/custom/tacz_default_gun/assets/tacz/textures/gun/uv/m1911.png
ffd62ecdc447415f99a6b55762be4f424a8768ed140783a93b181a7bad1b5f96	assets/tacz/custom/tacz_default_gun/assets/tacz/textures/gun/uv/m1911_n.png
31621145c8c545f1093185062838c596dbdf142ed8d958c2a3b8b5f6d0e22763	assets/tacz/custom/tacz_default_gun/assets/tacz/textures/gun/uv/m1911_s.png
30fa099d315866db29ef97ba8f8fca00b6b0e9c2a464d3ed6b42adefa6f08412	assets/tacz/custom/tacz_default_gun/assets/tacz/textures/gun/uv/m249.png
aabe43429c3af4dc8cb553737a696d46d0555773ed299f38086e683f1b8a8492	assets/tacz/custom/tacz_default_gun/assets/tacz/textures/gun/uv/m249_n.png
fdbc8d62740f8e94620aca0f77e4b70c980f4dede9afd11e8f42a81afebe9b5a	assets/tacz/custom/tacz_default_gun/assets/tacz/textures/gun/uv/m249_s.png
dcd633accd0dd4a91be1a0222c90b32acf8e03d506c806e32a8c7f1264507a48	assets/tacz/custom/tacz_default_gun/assets/tacz/textures/gun/uv/m320.png
404f358ee9ede43bb3f855d689fbe63f000edbe28d21908a984ad7a3a60d0ee9	assets/tacz/custom/tacz_default_gun/assets/tacz/textures/gun/uv/m320_n.png
016cf2a48bcd54cfcc0d1bc169b8fadc078cd9e92561a53c64423eed1f1fcacd	assets/tacz/custom/tacz_default_gun/assets/tacz/textures/gun/uv/m320_s.png
88fc01bdcf80b2e5ecc2051c50f330ec0de1d79a84a0288630b5a7522052ec4a	assets/tacz/custom/tacz_default_gun/assets/tacz/textures/gun/uv/m4a1.png
fa12e358d959690bae7bf52f56a148c4204f3f8a7190e575debe4f54cc151696	assets/tacz/custom/tacz_default_gun/assets/tacz/textures/gun/uv/m4a1_n.png
11196e7472d8e21b91807be50aa78d527b22d4b08d24c4bf32e3e6ffeee87ced	assets/tacz/custom/tacz_default_gun/assets/tacz/textures/gun/uv/m4a1_s.png
479bd9d2cfd4d4db5072e5a3c35d818d46b8aa30b37edfdb0ccfe1289b2b6ef8	assets/tacz/custom/tacz_default_gun/assets/tacz/textures/gun/uv/m700.png
491891548d818ca8ceb92ea6b545669108f56ef28c06c11278d5ae473f377fb0	assets/tacz/custom/tacz_default_gun/assets/tacz/textures/gun/uv/m700_n.png
ef35cc738dc14a9d65ddd2513fe579ab6a7e2eeaf491b8b590568f18cb28137a	assets/tacz/custom/tacz_default_gun/assets/tacz/textures/gun/uv/m700_s.png
3cefd9350ba62bb3adda9fe690de5df03a30b4ac75d708abef685d8b6a78f109	assets/tacz/custom/tacz_default_gun/assets/tacz/textures/gun/uv/m870.png
8609724d30f44fd14413373c0b7e407b53591d7cf7341ec5ee700285fd07912d	assets/tacz/custom/tacz_default_gun/assets/tacz/textures/gun/uv/m870_n.png
6ec0dc3cb24ef8781d2e70b5563de4f02af4d39c997acbe9a4a5c6c22df79000	assets/tacz/custom/tacz_default_gun/assets/tacz/textures/gun/uv/m870_s.png
f9412a32fdd553d173f43df17041d7e4dec145ffd9f99832130b9d1f6be1ed82	assets/tacz/custom/tacz_default_gun/assets/tacz/textures/gun/uv/m95.png
418a2b24bd3339ef5bc917b5bfd7b692c6b747b5a9939501456f051924e488a4	assets/tacz/custom/tacz_default_gun/assets/tacz/textures/gun/uv/m95_n.png
75a9f571598d85ddd6b15da81eba2f39b5fd4c4b1f5262447309a0763e3db7d7	assets/tacz/custom/tacz_default_gun/assets/tacz/textures/gun/uv/m95_s.png
f8891f6b1491648cb5e10b33fe44fea2675a5ae182c1ea9f478061909da65268	assets/tacz/custom/tacz_default_gun/assets/tacz/textures/gun/uv/m9a4.png
fb5183e6cbcab3dbac2da5aebfe183dcbd652b4486bbf68240580311f0cf171d	assets/tacz/custom/tacz_default_gun/assets/tacz/textures/gun/uv/m9a4_s.png
b9622bbfbbbf1ed69df3b47778289bee302740d185d376fc811ca236d6ef25aa	assets/tacz/custom/tacz_default_gun/assets/tacz/textures/gun/uv/minigun.png
1d3b9bb1f122406e14f58c6f8192f3e7f8a9370f3a87e325551717d1e9d4f390	assets/tacz/custom/tacz_default_gun/assets/tacz/textures/gun/uv/minigun_n.png
6826ae92595159270c454bed900d40e57476080ba6fceb726ed3f56e6333e8c2	assets/tacz/custom/tacz_default_gun/assets/tacz/textures/gun/uv/minigun_s.png
1524643ac3841ea71802b95a6a3a1f593a9ef8fd069dd20177f7b7ef4746a46a	assets/tacz/custom/tacz_default_gun/assets/tacz/textures/gun/uv/mk14.png
93221c289dd9c2de3786c0778595abd6df043d0fd636d10093edd1824a15e4eb	assets/tacz/custom/tacz_default_gun/assets/tacz/textures/gun/uv/mk14_n.png
1dbf81b42f31d6edf86689e4913c31a9f4c5ae467ad1e7e1ab6f9c8f8a7ab511	assets/tacz/custom/tacz_default_gun/assets/tacz/textures/gun/uv/mk14_s.png
56be43da532a181de322f27c8d2324b61f8fb65cc0b073138e17fe598d8d81a5	assets/tacz/custom/tacz_default_gun/assets/tacz/textures/gun/uv/p320.png
816361e816e7f6350f51f1359a74c96e44003812248d6ad397c4196ef4e5a13f	assets/tacz/custom/tacz_default_gun/assets/tacz/textures/gun/uv/p320_n.png
e3c2f03a07cbea6824dccb90db31519867903c99854cf3430f1b3d4b6fbfecbf	assets/tacz/custom/tacz_default_gun/assets/tacz/textures/gun/uv/p320_s.png
557ec81f624e34753fdb8311dfeee1ba0cfd09515e6e753cada4fc313f1122ae	assets/tacz/custom/tacz_default_gun/assets/tacz/textures/gun/uv/p90.png
540e44c4a3b990ec78c8482d23c5b8cfb5449fa8e269fa2e59a865f6a865ff02	assets/tacz/custom/tacz_default_gun/assets/tacz/textures/gun/uv/p90_n.png
5c56e03051d48f6b7b610e8c126ff51b920557e3b22cbd1db0985a915efc08ad	assets/tacz/custom/tacz_default_gun/assets/tacz/textures/gun/uv/p90_s.png
c1772c462dba8b955187726963123f68b18cf080a4b88c8155e2b2b05e30f76c	assets/tacz/custom/tacz_default_gun/assets/tacz/textures/gun/uv/qbz_191.png
3ca0f93e005b3fdd281fc06d3c51b1943c25ecf9f876ffd74213672793bfd5bb	assets/tacz/custom/tacz_default_gun/assets/tacz/textures/gun/uv/qbz_191_s.png
778ea48d14776b3bb62dcc7d74f03bc73630dc340efa64c70cff64def89c53eb	assets/tacz/custom/tacz_default_gun/assets/tacz/textures/gun/uv/qbz_95.png
6ccf484db2de5e7ae0faf899c43b039f5b7f5650aa7606f99ff53fda046a3df7	assets/tacz/custom/tacz_default_gun/assets/tacz/textures/gun/uv/qbz_95_n.png
9646075c3aefaf43d129871f763fe21c28eb34b5ebb4d5f3d2d2089ad6dd1753	assets/tacz/custom/tacz_default_gun/assets/tacz/textures/gun/uv/qbz_95_s.png
e4f0bb9e8165c88d1c3353a339798b0af0f8b0759e604d723ec0910c10f5d31e	assets/tacz/custom/tacz_default_gun/assets/tacz/textures/gun/uv/rhino357.png
64a8f865de05fc2f2799cebb29da6479f289dee621fc7118cfffb73ee440128d	assets/tacz/custom/tacz_default_gun/assets/tacz/textures/gun/uv/rhino357_s.png
66eb3e72d27b0981bc274901e343816ddcc4ffb281a77b7484abc4d662c3e471	assets/tacz/custom/tacz_default_gun/assets/tacz/textures/gun/uv/rpg7.png
0b59928d2993004da35ecabbfbc73cd980e9bf1196347cbfa510339fe5fbba18	assets/tacz/custom/tacz_default_gun/assets/tacz/textures/gun/uv/rpg7_n.png
02e299c3392859a2e264c3d71ef20046a027119011666c534ae6f009fd363a9c	assets/tacz/custom/tacz_default_gun/assets/tacz/textures/gun/uv/rpg7_s.png
9bc6b8ffb1712c6081c1b30ab269feeac8b7b0b67bd85ee35758f888e8e5b9f4	assets/tacz/custom/tacz_default_gun/assets/tacz/textures/gun/uv/rpk.png
28b3273d3967ae866be306c1daccbbff3ff55f9692726a09672426e9a691baad	assets/tacz/custom/tacz_default_gun/assets/tacz/textures/gun/uv/rpk_n.png
c5817b8466b2318ba4950c46d446fb3cf05486205dc82f0818c31217bf3730c0	assets/tacz/custom/tacz_default_gun/assets/tacz/textures/gun/uv/rpk_s.png
57ebf798608ad6fbb61a99f89b7b1f33edcdccd6405870b4b17e45487439b6d8	assets/tacz/custom/tacz_default_gun/assets/tacz/textures/gun/uv/scar_h.png
b0078a86a4a561bb6e11e3d53b421b27ca61c4ceacfd195ecfb83c71ba0018bf	assets/tacz/custom/tacz_default_gun/assets/tacz/textures/gun/uv/scar_h_n.png
b44ccf6807a7ed5c02900c2fbfa39ccc1eaf2b0b5d9ace42d2869393a6a98c8b	assets/tacz/custom/tacz_default_gun/assets/tacz/textures/gun/uv/scar_h_s.png
33fd2904a4228dabcf030ade7e70399bca94f11dbf37cfc33849c1814a460aea	assets/tacz/custom/tacz_default_gun/assets/tacz/textures/gun/uv/scar_l.png
d1ece01713cae55c22d9ba84a0ad78f72359c9672082082a39d78a85752a841b	assets/tacz/custom/tacz_default_gun/assets/tacz/textures/gun/uv/scar_l_n.png
124c21346fca95562c69650358122f8730bdeba6b81b399f22af2f6b7b4af379	assets/tacz/custom/tacz_default_gun/assets/tacz/textures/gun/uv/scar_l_s.png
8b373984125bbc3dd4424edfa362975d3113685db2dc34b9422dee3454d9f23f	assets/tacz/custom/tacz_default_gun/assets/tacz/textures/gun/uv/sks_tactical.png
a221594d53d244add8a6e08a4b867eb4dbde16966635dba2abc68f02befdd3d8	assets/tacz/custom/tacz_default_gun/assets/tacz/textures/gun/uv/sks_tactical_n.png
2583ae9868d5bcf9dc2edcf81960cf68b24a4159a0adef3b5730933ef73f38fd	assets/tacz/custom/tacz_default_gun/assets/tacz/textures/gun/uv/sks_tactical_s.png
31714dc7c5f828d4b87f8fc393baca1be80819f8f9f74fd80e00abf9c81e27a4	assets/tacz/custom/tacz_default_gun/assets/tacz/textures/gun/uv/spas_12.png
3d6fe9b5e26e40b853ecde8f9ac4f5d4358fc4cd054d3478751a3e95ed0df418	assets/tacz/custom/tacz_default_gun/assets/tacz/textures/gun/uv/spas_12_s.png
9e68bb7c7b73db268a46859c7d521f83bcebad11e795f3f31fbfbdb1cf7a215b	assets/tacz/custom/tacz_default_gun/assets/tacz/textures/gun/uv/spr15hb.png
bf26d3b5ee7d89acc58c650328ed8fa05548a39827e339bd905688838e23c845	assets/tacz/custom/tacz_default_gun/assets/tacz/textures/gun/uv/spr15hb_n.png
92d2e8ace51b9ef5007de16a63bde2c658c5c33dfe19bba9b064334f23fa9e11	assets/tacz/custom/tacz_default_gun/assets/tacz/textures/gun/uv/spr15hb_s.png
c8d032b3a323e5a1d3e3261470fb6820d834f87855a9184c10f613156e5f23dd	assets/tacz/custom/tacz_default_gun/assets/tacz/textures/gun/uv/springfield1873.png
5ac31921cc711e9cbb65abe2a6ae73d578439d5387b56a37785ee68bb2311b9c	assets/tacz/custom/tacz_default_gun/assets/tacz/textures/gun/uv/springfield1873_n.png
2a32c9f76f3aca4ac73839a569cbc1f1671573d32f8a7b8fcadef99f39d16979	assets/tacz/custom/tacz_default_gun/assets/tacz/textures/gun/uv/springfield1873_s.png
69cd7836d5f6a73a57c4d2bf257dae37aa0f5881538f7e87a09c2081feecf073	assets/tacz/custom/tacz_default_gun/assets/tacz/textures/gun/uv/taurus500.png
fcc1344f8ee4fdc71f03f0f9a78ea98649474c654132803592190d5010eba94b	assets/tacz/custom/tacz_default_gun/assets/tacz/textures/gun/uv/taurus500_s.png
376e7048fcf4ba438561dd39afcebc52f701dd814de86f0d30577a16ce59c0ae	assets/tacz/custom/tacz_default_gun/assets/tacz/textures/gun/uv/taurus943.png
e58f91d82e2033e141da5041f6871825727ae8961ab17101eda6db0f0ad5e092	assets/tacz/custom/tacz_default_gun/assets/tacz/textures/gun/uv/taurus943_s.png
22178e23e2e55890d54c6b6a740a80b4c3a34fe7e900bdec31f97f15aba7c33a	assets/tacz/custom/tacz_default_gun/assets/tacz/textures/gun/uv/timeless50.png
d9f2eac5d6e01a09ca119625fb2dc37edb0358379a0e5e4e642339a6d9ef09c2	assets/tacz/custom/tacz_default_gun/assets/tacz/textures/gun/uv/timeless50_n.png
59cc160abed3396f5d265f16e91de9d24bca1fe37f27ca35fc21160d901d2f29	assets/tacz/custom/tacz_default_gun/assets/tacz/textures/gun/uv/timeless50_s.png
46f3f4ef1f4fcea94fbd47e14d1a1cbd4282b818afcbce46bfb7add3eb981217	assets/tacz/custom/tacz_default_gun/assets/tacz/textures/gun/uv/type_81.png
caee9bd98b681e0654cde96edef84c927486fbf5905c0856276aeeefab1bb0c4	assets/tacz/custom/tacz_default_gun/assets/tacz/textures/gun/uv/type_81_n.png
99eb81c78b7cb97c10fcf22e40ae1aa15ab591cda48c103c88c3d0e95ffdefa7	assets/tacz/custom/tacz_default_gun/assets/tacz/textures/gun/uv/type_81_s.png
8ed23ba36294c7e60890351c9ba9e7e0d294927cad7502382253e9870001b2c6	assets/tacz/custom/tacz_default_gun/assets/tacz/textures/gun/uv/ump45.png
54b7e0387bdd32582eb27451e2986851ecf6b11d0c3a61d4842b65f3f09370b8	assets/tacz/custom/tacz_default_gun/assets/tacz/textures/gun/uv/ump45_n.png
d480191836a9c58512630dbcdd0d0b003bca1afa6555497d3b314d08c171add0	assets/tacz/custom/tacz_default_gun/assets/tacz/textures/gun/uv/ump45_s.png
22e33c2dc4154ddf641ea854f4025406d220f9a271a3d26037d18716884f08cc	assets/tacz/custom/tacz_default_gun/assets/tacz/textures/gun/uv/uzi.png
16ea515ba2e54ad38855110a715e84856cd923af86d4e70f7cfbd48c082bf9df	assets/tacz/custom/tacz_default_gun/assets/tacz/textures/gun/uv/uzi_n.png
a2a1c52955c52fbb7ca38842ea3cccfe44144b9259ef1ef60610333ae75111ec	assets/tacz/custom/tacz_default_gun/assets/tacz/textures/gun/uv/uzi_s.png
e9f9f33c5bdded679d5c719b5886a53c00d75e5d1d326081058211e07bef8053	assets/tacz/custom/tacz_default_gun/assets/tacz/textures/gun/uv/vector45.png
f9c736037698d36c243daa8e17dd186b4c6d4ecb97c19dcd652ce0859677303b	assets/tacz/custom/tacz_default_gun/assets/tacz/textures/gun/uv/vector45_n.png
cea19834514c7fdf33d5823d5669b8926e8470f8b2ff0aae1296519b520ef561	assets/tacz/custom/tacz_default_gun/assets/tacz/textures/gun/uv/vector45_s.png
d1c0233dc97342ec13cc1ce1602eb6b0d154fef9332467e4efae42e88669e91f	assets/tacz/custom/tacz_default_gun/assets/tacz/textures/shell/12g_shell.png
9ebea9f8a58e6640b5701d34315cc8956f5ccf7ed1fea1a703b2d29c0349d689	assets/tacz/custom/tacz_default_gun/assets/tacz/textures/shell/12g_shell_n.png
3e0542840b5924f7dfcd6dc790daf556e4ee6484073b916de698533ea35e24fc	assets/tacz/custom/tacz_default_gun/assets/tacz/textures/shell/12g_shell_s.png
a1481049718229ca75f2e17c91d12a63b33f3ca0306aa552f3b92f10f14468cf	assets/tacz/custom/tacz_default_gun/assets/tacz/textures/shell/22wmr_shell.png
6b5a24279e3330135dc595d7375f08ff23ddffbf6c380f5dc5a3362653b34554	assets/tacz/custom/tacz_default_gun/assets/tacz/textures/shell/308_shell.png
76c2d15a3e4391cfdb5d1e4f16d3b9369f9640d215281126fd132d597ade0b65	assets/tacz/custom/tacz_default_gun/assets/tacz/textures/shell/308_shell_n.png
f41ae612c9ea99d7458f1f778e18f1a33ee4d0cdc3adc1040f8874a217b272c4	assets/tacz/custom/tacz_default_gun/assets/tacz/textures/shell/308_shell_s.png
6b5a24279e3330135dc595d7375f08ff23ddffbf6c380f5dc5a3362653b34554	assets/tacz/custom/tacz_default_gun/assets/tacz/textures/shell/30_06_shell.png
76c2d15a3e4391cfdb5d1e4f16d3b9369f9640d215281126fd132d597ade0b65	assets/tacz/custom/tacz_default_gun/assets/tacz/textures/shell/30_06_shell_n.png
24fdc55d02ab08860c0e09ddfbe829b37332bb9c2c17c764aee1a3e5c6038704	assets/tacz/custom/tacz_default_gun/assets/tacz/textures/shell/30_06_shell_s.png
c0f9a2f843dd893e36d26dba69c396fd6972431cd29deab977e70df96c2885ad	assets/tacz/custom/tacz_default_gun/assets/tacz/textures/shell/357mag_shell.png
d11b9711fee89b3bdecaddcafb8c38c0620ae30f72c10648ede7c11a2560654e	assets/tacz/custom/tacz_default_gun/assets/tacz/textures/shell/40mm_shell.png
08a29013d71c90b5f47291a1f733a2de56a9c9996e9237943251ef95fdc58319	assets/tacz/custom/tacz_default_gun/assets/tacz/textures/shell/40mm_shell_n.png
512ff784d63f64f637f6f6c1094e716ad07f38a22fb0f0c44c32005a03673ea7	assets/tacz/custom/tacz_default_gun/assets/tacz/textures/shell/40mm_shell_s.png
e051b230b7c757504f294de9cfc636bbd0a820c3ff53438fdec7bccba06b3b8b	assets/tacz/custom/tacz_default_gun/assets/tacz/textures/shell/45acp_shell.png
92a2c77ef0b81dd7a0867c6b532957b99cd297baa347028f9403ad5113b94765	assets/tacz/custom/tacz_default_gun/assets/tacz/textures/shell/45acp_shell_n.png
3810673be85e47a4de0cd83753236f2d2bc4cb8391f20f8724b5701aa4f31d4a	assets/tacz/custom/tacz_default_gun/assets/tacz/textures/shell/45acp_shell_s.png
979f826ab59049b8b852e359d920aaa0746b9ac315055588a965a467a6aa31dd	assets/tacz/custom/tacz_default_gun/assets/tacz/textures/shell/46x30_shell.png
59a482070fc75646af968ff74c86d61696f33a95a93dc667de50fa8250f44cab	assets/tacz/custom/tacz_default_gun/assets/tacz/textures/shell/46x30_shell_n.png
e0058eb7cf356215b42700f2a9fe272aa95306b4fb794139254475baf9e5c0c2	assets/tacz/custom/tacz_default_gun/assets/tacz/textures/shell/46x30_shell_s.png
aaf2d1514db5229f7eee92bde6cc119d376e61529a0c20f06d2a895a5c51277e	assets/tacz/custom/tacz_default_gun/assets/tacz/textures/shell/500mag_shell.png
b29695c08c93a7bd7fcc46fa86bea80527fc0aa71351f46fc5acc163b78c68c8	assets/tacz/custom/tacz_default_gun/assets/tacz/textures/shell/50ae_shell.png
48521372fd6cfe9949b324c453b774239f6a00f7820caff0d7a42f2d89b211dc	assets/tacz/custom/tacz_default_gun/assets/tacz/textures/shell/50ae_shell_n.png
3387b6dc7f035307be34519a119a54317807899fb9dd15e4b66b2414d95e333c	assets/tacz/custom/tacz_default_gun/assets/tacz/textures/shell/50ae_shell_s.png
2e87432a24edcdb605a6c2477dce906b959423d4996c99bf40bc6c35d9d6df5d	assets/tacz/custom/tacz_default_gun/assets/tacz/textures/shell/50bmg_shell.png
e255f302e1766c3146274ad81444eec572f1f2698447234bc03550dd764b58a7	assets/tacz/custom/tacz_default_gun/assets/tacz/textures/shell/50bmg_shell_n.png
f8e6d91f8b7b040fd9bfa45941b91558376d6ed11b2c5388df81392d0327b294	assets/tacz/custom/tacz_default_gun/assets/tacz/textures/shell/50bmg_shell_s.png
eb79bf9f84fcb0908e712d3a42bf7a242ed0e085d9d79949c8ab2872aaead772	assets/tacz/custom/tacz_default_gun/assets/tacz/textures/shell/545x39_shell.png
16eb5e2ff88e97c3e2732d3f490f7e6cc9417b242a0d814e292078fb75079db0	assets/tacz/custom/tacz_default_gun/assets/tacz/textures/shell/545x39_shell_n.png
372d807f6ea78aa35163cc652e97c87d610ba44ffbaba49056c01c7899f854f8	assets/tacz/custom/tacz_default_gun/assets/tacz/textures/shell/545x39_shell_s.png
30043d2e68c37eeb1b32fdafd5b6a33ddffad5c15af2b991c5fab6edb5063f7a	assets/tacz/custom/tacz_default_gun/assets/tacz/textures/shell/556x45_shell.png
76c2d15a3e4391cfdb5d1e4f16d3b9369f9640d215281126fd132d597ade0b65	assets/tacz/custom/tacz_default_gun/assets/tacz/textures/shell/556x45_shell_n.png
f41ae612c9ea99d7458f1f778e18f1a33ee4d0cdc3adc1040f8874a217b272c4	assets/tacz/custom/tacz_default_gun/assets/tacz/textures/shell/556x45_shell_s.png
dcce3273f2453593cb0221a04b1316f481daa7d46bedeb2c3d819d9a2b362f70	assets/tacz/custom/tacz_default_gun/assets/tacz/textures/shell/57x28_shell.png
e36e66ecc2eafb670d1f09efc0beeb0c93e6c962256d55b9d293ad3a51978795	assets/tacz/custom/tacz_default_gun/assets/tacz/textures/shell/58x42_shell.png
949a8ef1fac8629e58c5d3787d90e819657b11665527381ec4f173f465a41172	assets/tacz/custom/tacz_default_gun/assets/tacz/textures/shell/58x42_shell_n.png
14758444e3ce5dff06c3b315922cca54bdbad47c3c6ef79c02107041de35c1f9	assets/tacz/custom/tacz_default_gun/assets/tacz/textures/shell/58x42_shell_s.png
76a00a9d05927cd9dba243e924a82550cc27375acecc0d4035133812eef3a630	assets/tacz/custom/tacz_default_gun/assets/tacz/textures/shell/762x25_shell.png
7e6c8a839329337e517dae2550dfe92ea6c63172291b52bb4a7bd6fc97f0e7f9	assets/tacz/custom/tacz_default_gun/assets/tacz/textures/shell/762x25_shell_n.png
6898261f0787112cd99511c42f3117dda3436b0fcdf515b8250294de84761457	assets/tacz/custom/tacz_default_gun/assets/tacz/textures/shell/762x25_shell_s.png
4cb6a009abbae8a0c7a55eb0c60f97ba9a6dbade081c167a66f15e4ee5b2e474	assets/tacz/custom/tacz_default_gun/assets/tacz/textures/shell/762x39_shell.png
3fba2aa10f193db8f746c084ac26973d08fc1f3bbe683b20f5e962ecd32cdd85	assets/tacz/custom/tacz_default_gun/assets/tacz/textures/shell/762x39_shell_n.png
f113481e59ab6ec2b3e396b6755651b2428b3a0df27de289c830f009d95362a5	assets/tacz/custom/tacz_default_gun/assets/tacz/textures/shell/762x39_shell_s.png
2d73b23d2ce636414808884606aba976772c6562d47a8ee38e280c4895de8af3	assets/tacz/custom/tacz_default_gun/assets/tacz/textures/shell/762x54_shell.png
d667c1bc96cc277ce7bbfde78b5da3439b6c77498ffd4bbdb28ad2374e27d7d6	assets/tacz/custom/tacz_default_gun/assets/tacz/textures/shell/762x54_shell_n.png
ada61d24ca5cdc700023c8a263b7a01a467fd2a8a43a956d26aea19981320d45	assets/tacz/custom/tacz_default_gun/assets/tacz/textures/shell/762x54_shell_s.png
8bfae1e519d964e26cd6b0e6c1de278d61a3da7ea8095b37654236366af72cfc	assets/tacz/custom/tacz_default_gun/assets/tacz/textures/shell/9mm_shell.png
92a2c77ef0b81dd7a0867c6b532957b99cd297baa347028f9403ad5113b94765	assets/tacz/custom/tacz_default_gun/assets/tacz/textures/shell/9mm_shell_n.png
3810673be85e47a4de0cd83753236f2d2bc4cb8391f20f8724b5701aa4f31d4a	assets/tacz/custom/tacz_default_gun/assets/tacz/textures/shell/9mm_shell_s.png
3f38ebbedbe035b726a0a27c869919f8b906e76d7a1dbb44f0723f9461b8e59f	assets/tacz/lang/ca_es.json
e629d8fe5cf5cf4315c546afe841771cb294d4d8c9e43ab8dcdb5841660256e5	assets/tacz/lang/da_dk.json
ab0a09ba7b52750a819d01488660f374c58f3eeb1c26a0b8e8a0aa54dd118e10	assets/tacz/lang/de_de.json
1a2ca124e6be94cebfa04dab9bbcd1c5f07b619590ec11599654aa70027b8211	assets/tacz/lang/en_us.json
2e0a5cf75a14a4e3fc557407ff6dc6aeb96b0c0b7b67433a0e09daf3bdf4157d	assets/tacz/lang/es_es.json
803e55e888b1d5633497ce177e4e6951065bd2692440fd989a03232f15276674	assets/tacz/lang/eu_es.json
d6a10f9cb0a5125037931e1593add566378267c1962ca47bc7f44477e2df4803	assets/tacz/lang/fr_fr.json
43a8e028db01b80460f1feac707f9e8d65fac23a7c1966e3aae12cf283b77d61	assets/tacz/lang/id_id.json
df5c2a8eb945e1d73a9d3620590f404bac6988673fbc16068bfdef897f2fcf99	assets/tacz/lang/it_it.json
82df49673e930afc49fe2166bee9eb3b91e1cf41fe41a646a3430fd89ed440b7	assets/tacz/lang/ja_jp.json
e1beb38c4f8e92008336f162d01531d348dd84969bfba227cc7539ff736b6161	assets/tacz/lang/ko_kr.json
7775a4196218520754e3a76f472a159e8f93cf9b70f295291e1ec57e426be4c6	assets/tacz/lang/pl_pl.json
b18d65658e275094a3184f84a5bf667e5da272e73c6c5096b31f4aff59c5e412	assets/tacz/lang/pt_br.json
c41edb2d57392a4f753b0ee4c823a4df49972759aabc910fa59b1b70fb419d50	assets/tacz/lang/ru_ru.json
3caebcd275324aad58ff81f2b1e009b8155444996504f1009288f9a5e07b5413	assets/tacz/lang/th_th.json
8e7820b8508664a766ff1cebe0a809ab31d5de31dd81abb6de1d543b89544f42	assets/tacz/lang/tr-TR.json
a2641a18498702095cdec9ea353297fb7522179ee3a7888dfe231d7097e14a3a	assets/tacz/lang/tr_tr.json
7500a2eb6029d105d26a3139f73848b917e5995a33e034d9e16bccc13dd55b1d	assets/tacz/lang/uk_ua.json
4bee5c7e205e1d3fc031f1eeb738ec821432dc33373789e3c22d29eb91fc96d9	assets/tacz/lang/vi_vn.json
7c4462c9f2defc382a98480a7b1c219800f0eac58417c40e132b471b59e5177d	assets/tacz/lang/zh_cn.json
5f5a1ebb6835a845296cc29ac47761e7fe40ae690fad121f15eb7560e2f9623f	assets/tacz/lang/zh_tw.json
44136fa355b3678a1146ad16f7e8649e94fb4fc21fe77e8310c060f61caaff8a	assets/tacz/particles/bullet_hole.json
22e96c195040d8a4ba9a62270ca47d743a365ba1f594f6b2d3960c9a076c2a65	assets/tacz/sounds/block/target_block_hit/target_block_hit_1.ogg
6f7944cc15775380d35aefccb5c5597215644756d40177fdea6df6c4b7965e9e	assets/tacz/sounds/block/target_block_hit/target_block_hit_2.ogg
5ef766fe3783706153d60e9c0c882ffdb4691937f481cdee8c7f61e4755990c4	assets/tacz/sounds/block/target_block_hit/target_block_hit_3.ogg
077a9dbef5c6a8fe8317c7b284b0b2d073d582e63ad2e133821589aa8bb9380d	assets/tacz/sounds/block/target_block_hit/target_block_hit_4.ogg
25c5d6847182eddd6a9601a766b2f384b83711af1302ead49667df9d1d0222a3	assets/tacz/sounds/block/target_block_hit/target_block_hit_5.ogg
ca826f0ff6128ac1cd3506cdd5bb85cb890efda5ca478c060b6b3f31722abc84	assets/tacz/sounds/block/target_block_hit/target_block_hit_6.ogg
7547c62d449f0f3eee0ddce5b9b6b802affe517ad14c4317a00509fb173d3882	assets/tacz/sounds/block/target_block_hit/target_block_hit_7.ogg
eb8868f0f97e0e6b9e3590fc0c544bdb15adc198ebfb204ada517e04229f283e	assets/tacz/sounds/gun/empty.ogg
62a4a30c8bf9b381ddcf6efbd45d06063097f34cfbaf44180dc90d5dc91fe107	assets/tacz/sounds.json
378a05a114f879d1a45272f62bbb48ca339166fa53bf7f27311e3b6a5627d261	assets/tacz/textures/block/gun_smith_table.png
c09a3ce5191523cc8e75c97afbe2f49d2d1d32ec2c1685b96fe6b2a986e842e7	assets/tacz/textures/block/gun_smith_table_n.png
6a2076e41c3c55eb083fc392b81a422ed5f055698e4afec885d7f7fad2162444	assets/tacz/textures/block/gun_smith_table_s.png
4e47592f7570755667fed897809b3aa850acd39a3bbadcbcb2bb8f0b94e8f0de	assets/tacz/textures/block/statue.png
d06e843a8ded5ab8e8bef4f8b790071ac8893c37ca13c197c0202dd85be0a55f	assets/tacz/textures/block/statue_n.png
53bf15d3347715d41ec7f2b0f765078383ccf7a17f4b2887005c15d10c08548a	assets/tacz/textures/block/statue_s.png
eef874b9139a8afdc5a6699c7cc2e2fa2b92c7a6cf549efd663f64af9d75f4ea	assets/tacz/textures/block/target.png
5ddcbb35779f35ec6e78bd30b54a55b05eaeaca741b320918c8ee6438ddf743b	assets/tacz/textures/block/target_n.png
7e371811005b8613d92804de07064d250fdb66b080ced9bd762ed2f9626de2f8	assets/tacz/textures/block/target_s.png
1f544912c2a2de7c98cd0ed7c6c998c2968e426579b4e31ba1700fc0e7a351c8	assets/tacz/textures/crosshair/hit/hit_marker.png
f97d8e7c687f8bc5f90cdc5094b389a3c263f7f4deecf120ee4f3290c720632a	assets/tacz/textures/crosshair/normal/circle_1.png
aeaf2581cdd402221e2c6cbd339776e41be37094f312df98971c533df0ebe83a	assets/tacz/textures/crosshair/normal/circle_2.png
60f1c95d10b028c5afdb9bd3a8463c3fbba59bf887d39cca6585daeb4afcf61a	assets/tacz/textures/crosshair/normal/circle_3.png
7395a6a43878730b8e85d3a2636ff6c2a4b11cb1116f2db488dc07568bd2e7ef	assets/tacz/textures/crosshair/normal/cross_1.png
36832f802a73aa2dc5904bdc1ba9153547c6f9f6ae03fb73e3b0feab7c9b1922	assets/tacz/textures/crosshair/normal/cross_2.png
ddb6591bcda7d2ccb8eccd46ba705818ff367e9429403ecc93cc4349a4ce1add	assets/tacz/textures/crosshair/normal/cross_3.png
120c3862d8692360ac1dbef5f457db77ee848309029ff9c183a8204c0fe7d399	assets/tacz/textures/crosshair/normal/cross_4.png
35fae190702eafca0ae97763c295b0b7174e53ef52a4c1e2d88b094ab0699470	assets/tacz/textures/crosshair/normal/cross_5.png
01d23306bcee46b225cb1d9eae3e64bcb5512a107cc9930659610c6cdfb84ce8	assets/tacz/textures/crosshair/normal/cross_6.png
5c329ae42bef9e88c648b33176a23182333c33b08d7bd6aa72ff1e5ec56425ff	assets/tacz/textures/crosshair/normal/dot_1.png
417c50998c1d151937ab4722ac7660c27cf5116ed49b32a9e16321dcb251da2e	assets/tacz/textures/crosshair/normal/empty.png
066b9255184dfb39e576f021ffd58af50d71f00d236d0d2b719de50602e38137	assets/tacz/textures/crosshair/normal/line_1.png
514c5a71fd07b0bde3e6b0ffda607e7c9e8db02178de0fa55bdf504ef668856c	assets/tacz/textures/crosshair/normal/line_2.png
2f49f5377bbde15068bc42b22fc879cb1a3d1bbec43f9c4d5d6eb4c6154d2c45	assets/tacz/textures/crosshair/normal/line_3.png
38915c3a55f9a9055f0c047acf26c3dbc4e752055c62857984f85dba735b6455	assets/tacz/textures/crosshair/normal/square_1.png
f14bc31a131b5b89fb9b18c4e8c112f3ec3114aca4e385d02e73d79a4712f11b	assets/tacz/textures/crosshair/normal/square_2.png
91e2543a17351dac161c7771c8bca53d25c6c0c09d357b0f4228dcaf857aacbe	assets/tacz/textures/crosshair/normal/square_3.png
6b99b07f21ec4237eac16f9560f08f8bfc592714fb3a009b7e0386db14ae4daf	assets/tacz/textures/crosshair/normal/square_4.png
eae452ab63209c3837e3aec5183099a2150c537df67fde3d67f8498a4e2c8b6b	assets/tacz/textures/crosshair/normal/square_5.png
81cc71c85ae7b24bb81b902f36051e529fa0cc3ae16751f92b7f75b0bf36ec95	assets/tacz/textures/crosshair/normal/square_6.png
7b5fa9f93455e430a07290072f03fa1d08269cfae3e5396daa93af2b34d778d0	assets/tacz/textures/crosshair/normal/trident_1.png
54b03915be49a62c41d3b7b2a88638bf63e35eb42d8f555dc56ab92245b4dbb8	assets/tacz/textures/crosshair/normal/trident_2.png
e032646e708bbaf7057a1147cbe5745c433c3fc873e10057a198f1d1e2f06ab9	assets/tacz/textures/entity/basic_bullet.png
e386e65d954effcae70380634b53f6c876216736de4ce9fa632c348faf095028	assets/tacz/textures/entity/basic_bullet_s.png
535759714db0b89ed1a35c12319c9c85cff09ef8034a6f935b8a12ea6a0d8794	assets/tacz/textures/entity/beam.png
9d2a6dad5a3d27449832ce5d4259cba4c4d97156c242110b881d9a2175187a22	assets/tacz/textures/entity/beam_s.png
4c0b071a12a51c9fcb6fa7febe716cb1f6b387576ba4bf1a27ae3849b36ae7ef	assets/tacz/textures/entity/empty.png
f811e299afb3d1d4d92288bd7b84e505805f1027f044073fc2a9043a02949309	assets/tacz/textures/entity/target_minecart.png
f4728f969dfd0e1aeba125960f3720d3743f5d225d8e2ea67e99bc8373afc239	assets/tacz/textures/entity/target_minecart_n.png
eab88ac17f3d4cbcc734316303c822970f3d1b1b856d02253ea6a4dca48ba3ce	assets/tacz/textures/entity/target_minecart_s.png
786d128daf3b6d092fb592cb0557e62a6cf252d6a4a41524d2be4a0af5599d47	assets/tacz/textures/gui/gun_smith_table.png
117644132cb753de145b4e7060cb7091cd2f7d0f71b4941ba09ba36a862b6a23	assets/tacz/textures/gui/gun_smith_table_side.png
ddb2da5a4c145e43644588059bbb27dbfb8933c36a22f33703e39742b7c162da	assets/tacz/textures/gui/refit_slot.png
530b81d22414e4be592f733ee3d3ac1d2dae488529921e32bac9039fa0cc9d46	assets/tacz/textures/gui/refit_slot_icons.png
3a0249f8fd53d4b59f417d97b1a0272f13d1cfd8216dcd63d93847cd5cb8a845	assets/tacz/textures/gui/refit_turn_page.png
053dd397780ce3f8a76970bc8af2bda1c4369ac10a0dcd6faab50ec5a44306b5	assets/tacz/textures/gui/refit_unload.png
af94c3ccc7d52f30dbcf324024c2c05c58e8d585c6e11bc5540cfb265d61a374	assets/tacz/textures/hud/fire_mode_auto.png
ed8e482501375cdee0f48217f5a2b9662925053201f179001fabf8abb526ac40	assets/tacz/textures/hud/fire_mode_burst.png
3078f3990e39c67905f098d72f8066644bd6bab268e0e65cba2e6819974e65b1	assets/tacz/textures/hud/fire_mode_semi.png
d5c8666df5d48bc9bb9fba25e3fb2dcf4b7a6ff7b181514e21159f9232e28ef4	assets/tacz/textures/hud/heat_bar.png
3dec620d18ae734e5388f5995e1a60d6963670f1b1c3194d3ba011732fe70d1c	assets/tacz/textures/hud/heat_base.png
c2c9d27a958e984c0c90eaaa3d736f7a1206c33ea3c310c955addb657791d8bf	assets/tacz/textures/item/ammo_box/creative_unitary_ring.png
aa0cc8d9d60c53c02bb7048081039a1c949544e6642ba4f6ce9bd842ec35160f	assets/tacz/textures/item/ammo_box/creative_unitary_ring_n.png
da0ebd1063bdf3bb374b21d65b1111d8f68be34406bbed2abb1801cb0ace24cc	assets/tacz/textures/item/ammo_box/creative_unitary_ring_s.png
6900047d284961df80bb3fe43de1b9a9ba2a12713970b2976560ae31db205829	assets/tacz/textures/item/ammo_box/creative_universal_ring.png
79319ab7b5b758202bac8adc662d93c3719092a568d9809e675b25692219d3e2	assets/tacz/textures/item/ammo_box/creative_universal_ring_n.png
f3d09ef8a2878b6960be48f913d1324763a23f2cb88e84efc1af9fe3aa0d4a62	assets/tacz/textures/item/ammo_box/creative_universal_ring_s.png
bd136c4df7775b9c7474d7427770ed94ffdde9152ffd67012fd6e0a941911406	assets/tacz/textures/item/ammo_box/upgrade_ring_diamond.png
05130ede06a605648249d264eaaa0d3476616404de7bbd065edab089955bfcd7	assets/tacz/textures/item/ammo_box/upgrade_ring_diamond_n.png
6e2a9faef0bdd437085dd2c7e52d74aaa9e9d5be0520e2e9cacfdf69b4e73866	assets/tacz/textures/item/ammo_box/upgrade_ring_diamond_s.png
c5044d9d28315c7b0c71b7579b5f26c74c7f0e55dd0f20017d08c6663258cba2	assets/tacz/textures/item/ammo_box/upgrade_ring_gold.png
3f7c47d4bd4ebfd00d459f2f307c70a1515f11b8eb7fb3cb3c479a7c28e60145	assets/tacz/textures/item/ammo_box/upgrade_ring_gold_n.png
4a942183f4f749f1f55c906febe297dfaecbc4ff7c6b38e572cfcbb157c1e4dc	assets/tacz/textures/item/ammo_box/upgrade_ring_gold_s.png
007d78d36789c744b42aa7e38c4039c52224824f9e8550e679f16b217c33376a	assets/tacz/textures/item/ammo_box/upgrade_ring_iron.png
d9d11055b31dcfce0556d83e95091f901c36c99613ee723020f2c72ae3b0c563	assets/tacz/textures/item/ammo_box/upgrade_ring_iron_n.png
b40650eb21599bc6abcc164e582e6ef2ee1b59204c2da34961052aa41127c3a0	assets/tacz/textures/item/ammo_box/upgrade_ring_iron_s.png
5f97c2a956f5ce1d62bdb94e5ecc7a49e9a22e13d6fda0c14d8d757aa9c0e689	assets/tacz/textures/item/ammo_box.png
e2b3eab488beec33f0f5345bbcfc2f1900aac9a4e320986b157f8f29d33d31db	assets/tacz/textures/item/ammo_box_n.png
3855bd35d8ac1b9289ac384307eb2ce95ee8dbda7f32d268ce2cee1c78106566	assets/tacz/textures/item/ammo_box_s.png
7836c5f2b226b49cefadcd6ca67b6fd33d70b529356d45c19b0531a76b88882b	assets/tacz/textures/item/statue.png
b751ac905a5f6a2fab6b92e157a0a77d45fbe1747a0418d48ed6e6d71189ed93	assets/tacz/textures/item/target.png
786c9666a0618841a79deaf4aacd5855c31f2279b6b1d4c72bd36f3dc5688056	assets/tacz/textures/item/target_minecart.png
01621cf1c2c098c8677fa8f415c50a0270f1c3beba56bfc83b0edec527426f1f	assets/tacz/textures/painting/blood_strike_1.png
54b20353abab93523992eedaee0ce5ed827c43d25d47eebcee5a8d81d0e0cacb	icon.png
e0f55f28c3b10fe4f941a26a69a56914dc6065196dfbbcbc17b803c269c4773c	logo.png
