=== CI 模式：单 JVM + 直写 raw 日志，JAVA_OPTS=-Xmx3G -Dfile.encoding=UTF-8  ===
Fetching distribution.
Downloading https://services.gradle.org/distributions/gradle-9.5.1-bin.zip
.............10%.............20%..............30%.............40%.............50%..............60%.............70%..............80%.............90%.............100%
WARNING: A restricted method in java.lang.System has been called
WARNING: java.lang.System::load has been called by net.rubygrapefruit.platform.internal.NativeLibraryLoader in an unnamed module (file:/home/runner/.gradle/wrapper/dists/gradle-9.5.1-bin/iq79hdu3mqx29lgffhp8bfmx/gradle-9.5.1/lib/native-platform-0.22-milestone-29.jar)
WARNING: Use --enable-native-access=ALL-UNNAMED to avoid a warning for callers in this module
WARNING: Restricted methods will be blocked in a future release unless native access is enabled


Welcome to Gradle 9.5.1!

Here are the highlights of this release:
 - Task provenance in reports and failure messages
 - Type-safe accessors for precompiled Kotlin Settings plugins

For more details see https://docs.gradle.org/9.5.1/release-notes.html

To honour the JVM settings for this build a single-use Daemon process will be forked. For more on this, please refer to https://docs.gradle.org/9.5.1/userguide/gradle_daemon.html#sec:disabling_the_daemon in the Gradle documentation.
Daemon will be stopped at the end of the build 
[taczind-ci:settings] git config user.name taczind-ci-probe[bot] -> 0 
[taczind-ci:settings] git config user.email taczind-ci-probe@users.noreply.github.com -> 0 
[taczind-ci:settings] git add -f -A build-reports -> 0 
[taczind-ci:settings] git commit -m ci-probe: settings/config ok -> 0 
[taczind-ci:settings] git fetch origin arena/019fb90c-tacz-refabricated-unofficial -> 0 From https://github.com/q14433686-arch/TaCZ_Refabricated_Unofficial
 * branch            arena/019fb90c-tacz-refabricated-unofficial -> FETCH_HEAD
[taczind-ci:settings] git rebase FETCH_HEAD -> 1 error: cannot rebase: You have unstaged changes.
error: Please commit or stash them.
[taczind-ci:settings] git push origin HEAD:refs/heads/arena/019fb90c-tacz-refabricated-unofficial -> 0 To https://github.com/q14433686-arch/TaCZ_Refabricated_Unofficial
   4f4afe6..8292ec0  HEAD -> arena/019fb90c-tacz-refabricated-unofficial
[taczind-ci:settings] git fetch origin arena/019fb90c-tacz-refabricated-unofficial -> 0 From https://github.com/q14433686-arch/TaCZ_Refabricated_Unofficial
 * branch            arena/019fb90c-tacz-refabricated-unofficial -> FETCH_HEAD
[taczind-ci:settings] git rebase FETCH_HEAD -> 1 error: cannot rebase: You have unstaged changes.
error: Please commit or stash them.
[taczind-ci:settings] git push origin HEAD:refs/heads/arena/019fb90c-tacz-refabricated-unofficial -> 0 Everything up-to-date
[taczind-ci:settings] git fetch origin arena/019fb90c-tacz-refabricated-unofficial -> 0 From https://github.com/q14433686-arch/TaCZ_Refabricated_Unofficial
 * branch            arena/019fb90c-tacz-refabricated-unofficial -> FETCH_HEAD
[taczind-ci:settings] git rebase FETCH_HEAD -> 1 error: cannot rebase: You have unstaged changes.
error: Please commit or stash them.
[taczind-ci:settings] git push origin HEAD:refs/heads/arena/019fb90c-tacz-refabricated-unofficial -> 0 Everything up-to-date
[taczind-ci:settings] 潜伏推送哨兵已派生

> Configure project :
Fabric Loom: 1.17.17
[taczind-ci:buildscript] git config user.name taczind-ci-probe[bot] -> 0
[taczind-ci:buildscript] git config user.email taczind-ci-probe@users.noreply.github.com -> 0
[taczind-ci:buildscript] git add -f -A build-reports -> 0
[taczind-ci:buildscript] git commit -m ci-probe: buildscript config ok -> 0
[taczind-ci:buildscript] git fetch origin arena/019fb90c-tacz-refabricated-unofficial -> 0
[taczind-ci:buildscript] git rebase FETCH_HEAD -> 1
[taczind-ci:buildscript] git push origin HEAD:refs/heads/arena/019fb90c-tacz-refabricated-unofficial -> 0

> Task :compileJava
/home/runner/work/TaCZ_Refabricated_Unofficial/TaCZ_Refabricated_Unofficial/src/main/java/cn/sh1rocu/tacz/industry/api/feed/BeltData.java:57: error: no suitable method found for group(RecordCodecBuilder<BeltData,Identifier>,RecordCodecBuilder<BeltData,Integer>,RecordCodecBuilder<BeltData,List<LoadedRound>>,RecordCodecBuilder<BeltData,BeltLinkType>,RecordCodecBuilder<BeltData,Boolean>)
            instance -> instance.group(
                                ^
    method Kind1.<T1#1>group(App<Mu<Object>,T1#1>) is not applicable
      (cannot infer type-variable(s) T1#1
        (actual and formal argument lists differ in length))
    method Kind1.<T1#2,T2#1>group(App<Mu<Object>,T1#2>,App<Mu<Object>,T2#1>) is not applicable
      (cannot infer type-variable(s) T1#2,T2#1
        (actual and formal argument lists differ in length))
    method Kind1.<T1#3,T2#2,T3#1>group(App<Mu<Object>,T1#3>,App<Mu<Object>,T2#2>,App<Mu<Object>,T3#1>) is not applicable
      (cannot infer type-variable(s) T1#3,T2#2,T3#1
        (actual and formal argument lists differ in length))
    method Kind1.<T1#4,T2#3,T3#2,T4#1>group(App<Mu<Object>,T1#4>,App<Mu<Object>,T2#3>,App<Mu<Object>,T3#2>,App<Mu<Object>,T4#1>) is not applicable
      (cannot infer type-variable(s) T1#4,T2#3,T3#2,T4#1
        (actual and formal argument lists differ in length))
    method Kind1.<T1#5,T2#4,T3#3,T4#2,T5#1>group(App<Mu<Object>,T1#5>,App<Mu<Object>,T2#4>,App<Mu<Object>,T3#3>,App<Mu<Object>,T4#2>,App<Mu<Object>,T5#1>) is not applicable
      (inference variable O has incompatible bounds
        equality constraints: Object
        upper bounds: Object,BeltData)
    method Kind1.<T1#6,T2#5,T3#4,T4#3,T5#2,T6#1>group(App<Mu<Object>,T1#6>,App<Mu<Object>,T2#5>,App<Mu<Object>,T3#4>,App<Mu<Object>,T4#3>,App<Mu<Object>,T5#2>,App<Mu<Object>,T6#1>) is not applicable
      (cannot infer type-variable(s) T1#6,T2#5,T3#4,T4#3,T5#2,T6#1
        (actual and formal argument lists differ in length))
    method Kind1.<T1#7,T2#6,T3#5,T4#4,T5#3,T6#2,T7#1>group(App<Mu<Object>,T1#7>,App<Mu<Object>,T2#6>,App<Mu<Object>,T3#5>,App<Mu<Object>,T4#4>,App<Mu<Object>,T5#3>,App<Mu<Object>,T6#2>,App<Mu<Object>,T7#1>) is not applicable
      (cannot infer type-variable(s) T1#7,T2#6,T3#5,T4#4,T5#3,T6#2,T7#1
        (actual and formal argument lists differ in length))
    method Kind1.<T1#8,T2#7,T3#6,T4#5,T5#4,T6#3,T7#2,T8#1>group(App<Mu<Object>,T1#8>,App<Mu<Object>,T2#7>,App<Mu<Object>,T3#6>,App<Mu<Object>,T4#5>,App<Mu<Object>,T5#4>,App<Mu<Object>,T6#3>,App<Mu<Object>,T7#2>,App<Mu<Object>,T8#1>) is not applicable
      (cannot infer type-variable(s) T1#8,T2#7,T3#6,T4#5,T5#4,T6#3,T7#2,T8#1
        (actual and formal argument lists differ in length))
    method Kind1.<T1#9,T2#8,T3#7,T4#6,T5#5,T6#4,T7#3,T8#2,T9#1>group(App<Mu<Object>,T1#9>,App<Mu<Object>,T2#8>,App<Mu<Object>,T3#7>,App<Mu<Object>,T4#6>,App<Mu<Object>,T5#5>,App<Mu<Object>,T6#4>,App<Mu<Object>,T7#3>,App<Mu<Object>,T8#2>,App<Mu<Object>,T9#1>) is not applicable
      (cannot infer type-variable(s) T1#9,T2#8,T3#7,T4#6,T5#5,T6#4,T7#3,T8#2,T9#1
        (actual and formal argument lists differ in length))
    method Kind1.<T1#10,T2#9,T3#8,T4#7,T5#6,T6#5,T7#4,T8#3,T9#2,T10#1>group(App<Mu<Object>,T1#10>,App<Mu<Object>,T2#9>,App<Mu<Object>,T3#8>,App<Mu<Object>,T4#7>,App<Mu<Object>,T5#6>,App<Mu<Object>,T6#5>,App<Mu<Object>,T7#4>,App<Mu<Object>,T8#3>,App<Mu<Object>,T9#2>,App<Mu<Object>,T10#1>) is not applicable
      (cannot infer type-variable(s) T1#10,T2#9,T3#8,T4#7,T5#6,T6#5,T7#4,T8#3,T9#2,T10#1
        (actual and formal argument lists differ in length))
    method Kind1.<T1#11,T2#10,T3#9,T4#8,T5#7,T6#6,T7#5,T8#4,T9#3,T10#2,T11#1>group(App<Mu<Object>,T1#11>,App<Mu<Object>,T2#10>,App<Mu<Object>,T3#9>,App<Mu<Object>,T4#8>,App<Mu<Object>,T5#7>,App<Mu<Object>,T6#6>,App<Mu<Object>,T7#5>,App<Mu<Object>,T8#4>,App<Mu<Object>,T9#3>,App<Mu<Object>,T10#2>,App<Mu<Object>,T11#1>) is not applicable
      (cannot infer type-variable(s) T1#11,T2#10,T3#9,T4#8,T5#7,T6#6,T7#5,T8#4,T9#3,T10#2,T11#1
        (actual and formal argument lists differ in length))
    method Kind1.<T1#12,T2#11,T3#10,T4#9,T5#8,T6#7,T7#6,T8#5,T9#4,T10#3,T11#2,T12#1>group(App<Mu<Object>,T1#12>,App<Mu<Object>,T2#11>,App<Mu<Object>,T3#10>,App<Mu<Object>,T4#9>,App<Mu<Object>,T5#8>,App<Mu<Object>,T6#7>,App<Mu<Object>,T7#6>,App<Mu<Object>,T8#5>,App<Mu<Object>,T9#4>,App<Mu<Object>,T10#3>,App<Mu<Object>,T11#2>,App<Mu<Object>,T12#1>) is not applicable
      (cannot infer type-variable(s) T1#12,T2#11,T3#10,T4#9,T5#8,T6#7,T7#6,T8#5,T9#4,T10#3,T11#2,T12#1
        (actual and formal argument lists differ in length))
    method Kind1.<T1#13,T2#12,T3#11,T4#10,T5#9,T6#8,T7#7,T8#6,T9#5,T10#4,T11#3,T12#2,T13#1>group(App<Mu<Object>,T1#13>,App<Mu<Object>,T2#12>,App<Mu<Object>,T3#11>,App<Mu<Object>,T4#10>,App<Mu<Object>,T5#9>,App<Mu<Object>,T6#8>,App<Mu<Object>,T7#7>,App<Mu<Object>,T8#6>,App<Mu<Object>,T9#5>,App<Mu<Object>,T10#4>,App<Mu<Object>,T11#3>,App<Mu<Object>,T12#2>,App<Mu<Object>,T13#1>) is not applicable
      (cannot infer type-variable(s) T1#13,T2#12,T3#11,T4#10,T5#9,T6#8,T7#7,T8#6,T9#5,T10#4,T11#3,T12#2,T13#1
        (actual and formal argument lists differ in length))
    method Kind1.<T1#14,T2#13,T3#12,T4#11,T5#10,T6#9,T7#8,T8#7,T9#6,T10#5,T11#4,T12#3,T13#2,T14#1>group(App<Mu<Object>,T1#14>,App<Mu<Object>,T2#13>,App<Mu<Object>,T3#12>,App<Mu<Object>,T4#11>,App<Mu<Object>,T5#10>,App<Mu<Object>,T6#9>,App<Mu<Object>,T7#8>,App<Mu<Object>,T8#7>,App<Mu<Object>,T9#6>,App<Mu<Object>,T10#5>,App<Mu<Object>,T11#4>,App<Mu<Object>,T12#3>,App<Mu<Object>,T13#2>,App<Mu<Object>,T14#1>) is not applicable
      (cannot infer type-variable(s) T1#14,T2#13,T3#12,T4#11,T5#10,T6#9,T7#8,T8#7,T9#6,T10#5,T11#4,T12#3,T13#2,T14#1
        (actual and formal argument lists differ in length))
    method Kind1.<T1#15,T2#14,T3#13,T4#12,T5#11,T6#10,T7#9,T8#8,T9#7,T10#6,T11#5,T12#4,T13#3,T14#2,T15#1>group(App<Mu<Object>,T1#15>,App<Mu<Object>,T2#14>,App<Mu<Object>,T3#13>,App<Mu<Object>,T4#12>,App<Mu<Object>,T5#11>,App<Mu<Object>,T6#10>,App<Mu<Object>,T7#9>,App<Mu<Object>,T8#8>,App<Mu<Object>,T9#7>,App<Mu<Object>,T10#6>,App<Mu<Object>,T11#5>,App<Mu<Object>,T12#4>,App<Mu<Object>,T13#3>,App<Mu<Object>,T14#2>,App<Mu<Object>,T15#1>) is not applicable
      (cannot infer type-variable(s) T1#15,T2#14,T3#13,T4#12,T5#11,T6#10,T7#9,T8#8,T9#7,T10#6,T11#5,T12#4,T13#3,T14#2,T15#1
        (actual and formal argument lists differ in length))
    method Kind1.<T1#16,T2#15,T3#14,T4#13,T5#12,T6#11,T7#10,T8#9,T9#8,T10#7,T11#6,T12#5,T13#4,T14#3,T15#2,T16>group(App<Mu<Object>,T1#16>,App<Mu<Object>,T2#15>,App<Mu<Object>,T3#14>,App<Mu<Object>,T4#13>,App<Mu<Object>,T5#12>,App<Mu<Object>,T6#11>,App<Mu<Object>,T7#10>,App<Mu<Object>,T8#9>,App<Mu<Object>,T9#8>,App<Mu<Object>,T10#7>,App<Mu<Object>,T11#6>,App<Mu<Object>,T12#5>,App<Mu<Object>,T13#4>,App<Mu<Object>,T14#3>,App<Mu<Object>,T15#2>,App<Mu<Object>,T16>) is not applicable
      (cannot infer type-variable(s) T1#16,T2#15,T3#14,T4#13,T5#12,T6#11,T7#10,T8#9,T9#8,T10#7,T11#6,T12#5,T13#4,T14#3,T15#2,T16
        (actual and formal argument lists differ in length))
  where T1#1,F,T1#2,T2#1,T1#3,T2#2,T3#1,T1#4,T2#3,T3#2,T4#1,T1#5,T2#4,T3#3,T4#2,T5#1,O,A,T1#6,T2#5,T3#4,T4#3,T5#2,T6#1,T1#7,T2#6,T3#5,T4#4,T5#3,T6#2,T7#1,T1#8,T2#7,T3#6,T4#5,T5#4,T6#3,T7#2,T8#1,T1#9,T2#8,T3#7,T4#6,T5#5,T6#4,T7#3,T8#2,T9#1,T1#10,T2#9,T3#8,T4#7,T5#6,T6#5,T7#4,T8#3,T9#2,T10#1,T1#11,T2#10,T3#9,T4#8,T5#7,T6#6,T7#5,T8#4,T9#3,T10#2,T11#1,T1#12,T2#11,T3#10,T4#9,T5#8,T6#7,T7#6,T8#5,T9#4,T10#3,T11#2,T12#1,T1#13,T2#12,T3#11,T4#10,T5#9,T6#8,T7#7,T8#6,T9#5,T10#4,T11#3,T12#2,T13#1,T1#14,T2#13,T3#12,T4#11,T5#10,T6#9,T7#8,T8#7,T9#6,T10#5,T11#4,T12#3,T13#2,T14#1,T1#15,T2#14,T3#13,T4#12,T5#11,T6#10,T7#9,T8#8,T9#7,T10#6,T11#5,T12#4,T13#3,T14#2,T15#1,T1#16,T2#15,T3#14,T4#13,T5#12,T6#11,T7#10,T8#9,T9#8,T10#7,T11#6,T12#5,T13#4,T14#3,T15#2,T16 are type-variables:
    T1#1 extends Object declared in method <T1#1>group(App<F,T1#1>)
    F extends K1 declared in interface Kind1
    T1#2 extends Object declared in method <T1#2,T2#1>group(App<F,T1#2>,App<F,T2#1>)
    T2#1 extends Object declared in method <T1#2,T2#1>group(App<F,T1#2>,App<F,T2#1>)
    T1#3 extends Object declared in method <T1#3,T2#2,T3#1>group(App<F,T1#3>,App<F,T2#2>,App<F,T3#1>)
    T2#2 extends Object declared in method <T1#3,T2#2,T3#1>group(App<F,T1#3>,App<F,T2#2>,App<F,T3#1>)
    T3#1 extends Object declared in method <T1#3,T2#2,T3#1>group(App<F,T1#3>,App<F,T2#2>,App<F,T3#1>)
    T1#4 extends Object declared in method <T1#4,T2#3,T3#2,T4#1>group(App<F,T1#4>,App<F,T2#3>,App<F,T3#2>,App<F,T4#1>)
    T2#3 extends Object declared in method <T1#4,T2#3,T3#2,T4#1>group(App<F,T1#4>,App<F,T2#3>,App<F,T3#2>,App<F,T4#1>)
    T3#2 extends Object declared in method <T1#4,T2#3,T3#2,T4#1>group(App<F,T1#4>,App<F,T2#3>,App<F,T3#2>,App<F,T4#1>)
    T4#1 extends Object declared in method <T1#4,T2#3,T3#2,T4#1>group(App<F,T1#4>,App<F,T2#3>,App<F,T3#2>,App<F,T4#1>)
    T1#5 extends Object declared in method <T1#5,T2#4,T3#3,T4#2,T5#1>group(App<F,T1#5>,App<F,T2#4>,App<F,T3#3>,App<F,T4#2>,App<F,T5#1>)
    T2#4 extends Object declared in method <T1#5,T2#4,T3#3,T4#2,T5#1>group(App<F,T1#5>,App<F,T2#4>,App<F,T3#3>,App<F,T4#2>,App<F,T5#1>)
    T3#3 extends Object declared in method <T1#5,T2#4,T3#3,T4#2,T5#1>group(App<F,T1#5>,App<F,T2#4>,App<F,T3#3>,App<F,T4#2>,App<F,T5#1>)
    T4#2 extends Object declared in method <T1#5,T2#4,T3#3,T4#2,T5#1>group(App<F,T1#5>,App<F,T2#4>,App<F,T3#3>,App<F,T4#2>,App<F,T5#1>)
    T5#1 extends Object declared in method <T1#5,T2#4,T3#3,T4#2,T5#1>group(App<F,T1#5>,App<F,T2#4>,App<F,T3#3>,App<F,T4#2>,App<F,T5#1>)
    O extends Object declared in method <O>forGetter(Function<O,A>)
    A extends Object declared in class MapCodec
    T1#6 extends Object declared in method <T1#6,T2#5,T3#4,T4#3,T5#2,T6#1>group(App<F,T1#6>,App<F,T2#5>,App<F,T3#4>,App<F,T4#3>,App<F,T5#2>,App<F,T6#1>)
    T2#5 extends Object declared in method <T1#6,T2#5,T3#4,T4#3,T5#2,T6#1>group(App<F,T1#6>,App<F,T2#5>,App<F,T3#4>,App<F,T4#3>,App<F,T5#2>,App<F,T6#1>)
    T3#4 extends Object declared in method <T1#6,T2#5,T3#4,T4#3,T5#2,T6#1>group(App<F,T1#6>,App<F,T2#5>,App<F,T3#4>,App<F,T4#3>,App<F,T5#2>,App<F,T6#1>)
    T4#3 extends Object declared in method <T1#6,T2#5,T3#4,T4#3,T5#2,T6#1>group(App<F,T1#6>,App<F,T2#5>,App<F,T3#4>,App<F,T4#3>,App<F,T5#2>,App<F,T6#1>)
    T5#2 extends Object declared in method <T1#6,T2#5,T3#4,T4#3,T5#2,T6#1>group(App<F,T1#6>,App<F,T2#5>,App<F,T3#4>,App<F,T4#3>,App<F,T5#2>,App<F,T6#1>)
    T6#1 extends Object declared in method <T1#6,T2#5,T3#4,T4#3,T5#2,T6#1>group(App<F,T1#6>,App<F,T2#5>,App<F,T3#4>,App<F,T4#3>,App<F,T5#2>,App<F,T6#1>)
    T1#7 extends Object declared in method <T1#7,T2#6,T3#5,T4#4,T5#3,T6#2,T7#1>group(App<F,T1#7>,App<F,T2#6>,App<F,T3#5>,App<F,T4#4>,App<F,T5#3>,App<F,T6#2>,App<F,T7#1>)
    T2#6 extends Object declared in method <T1#7,T2#6,T3#5,T4#4,T5#3,T6#2,T7#1>group(App<F,T1#7>,App<F,T2#6>,App<F,T3#5>,App<F,T4#4>,App<F,T5#3>,App<F,T6#2>,App<F,T7#1>)
    T3#5 extends Object declared in method <T1#7,T2#6,T3#5,T4#4,T5#3,T6#2,T7#1>group(App<F,T1#7>,App<F,T2#6>,App<F,T3#5>,App<F,T4#4>,App<F,T5#3>,App<F,T6#2>,App<F,T7#1>)
    T4#4 extends Object declared in method <T1#7,T2#6,T3#5,T4#4,T5#3,T6#2,T7#1>group(App<F,T1#7>,App<F,T2#6>,App<F,T3#5>,App<F,T4#4>,App<F,T5#3>,App<F,T6#2>,App<F,T7#1>)
    T5#3 extends Object declared in method <T1#7,T2#6,T3#5,T4#4,T5#3,T6#2,T7#1>group(App<F,T1#7>,App<F,T2#6>,App<F,T3#5>,App<F,T4#4>,App<F,T5#3>,App<F,T6#2>,App<F,T7#1>)
    T6#2 extends Object declared in method <T1#7,T2#6,T3#5,T4#4,T5#3,T6#2,T7#1>group(App<F,T1#7>,App<F,T2#6>,App<F,T3#5>,App<F,T4#4>,App<F,T5#3>,App<F,T6#2>,App<F,T7#1>)
    T7#1 extends Object declared in method <T1#7,T2#6,T3#5,T4#4,T5#3,T6#2,T7#1>group(App<F,T1#7>,App<F,T2#6>,App<F,T3#5>,App<F,T4#4>,App<F,T5#3>,App<F,T6#2>,App<F,T7#1>)
    T1#8 extends Object declared in method <T1#8,T2#7,T3#6,T4#5,T5#4,T6#3,T7#2,T8#1>group(App<F,T1#8>,App<F,T2#7>,App<F,T3#6>,App<F,T4#5>,App<F,T5#4>,App<F,T6#3>,App<F,T7#2>,App<F,T8#1>)
    T2#7 extends Object declared in method <T1#8,T2#7,T3#6,T4#5,T5#4,T6#3,T7#2,T8#1>group(App<F,T1#8>,App<F,T2#7>,App<F,T3#6>,App<F,T4#5>,App<F,T5#4>,App<F,T6#3>,App<F,T7#2>,App<F,T8#1>)
    T3#6 extends Object declared in method <T1#8,T2#7,T3#6,T4#5,T5#4,T6#3,T7#2,T8#1>group(App<F,T1#8>,App<F,T2#7>,App<F,T3#6>,App<F,T4#5>,App<F,T5#4>,App<F,T6#3>,App<F,T7#2>,App<F,T8#1>)
    T4#5 extends Object declared in method <T1#8,T2#7,T3#6,T4#5,T5#4,T6#3,T7#2,T8#1>group(App<F,T1#8>,App<F,T2#7>,App<F,T3#6>,App<F,T4#5>,App<F,T5#4>,App<F,T6#3>,App<F,T7#2>,App<F,T8#1>)
    T5#4 extends Object declared in method <T1#8,T2#7,T3#6,T4#5,T5#4,T6#3,T7#2,T8#1>group(App<F,T1#8>,App<F,T2#7>,App<F,T3#6>,App<F,T4#5>,App<F,T5#4>,App<F,T6#3>,App<F,T7#2>,App<F,T8#1>)
    T6#3 extends Object declared in method <T1#8,T2#7,T3#6,T4#5,T5#4,T6#3,T7#2,T8#1>group(App<F,T1#8>,App<F,T2#7>,App<F,T3#6>,App<F,T4#5>,App<F,T5#4>,App<F,T6#3>,App<F,T7#2>,App<F,T8#1>)
    T7#2 extends Object declared in method <T1#8,T2#7,T3#6,T4#5,T5#4,T6#3,T7#2,T8#1>group(App<F,T1#8>,App<F,T2#7>,App<F,T3#6>,App<F,T4#5>,App<F,T5#4>,App<F,T6#3>,App<F,T7#2>,App<F,T8#1>)
    T8#1 extends Object declared in method <T1#8,T2#7,T3#6,T4#5,T5#4,T6#3,T7#2,T8#1>group(App<F,T1#8>,App<F,T2#7>,App<F,T3#6>,App<F,T4#5>,App<F,T5#4>,App<F,T6#3>,App<F,T7#2>,App<F,T8#1>)
    T1#9 extends Object declared in method <T1#9,T2#8,T3#7,T4#6,T5#5,T6#4,T7#3,T8#2,T9#1>group(App<F,T1#9>,App<F,T2#8>,App<F,T3#7>,App<F,T4#6>,App<F,T5#5>,App<F,T6#4>,App<F,T7#3>,App<F,T8#2>,App<F,T9#1>)
    T2#8 extends Object declared in method <T1#9,T2#8,T3#7,T4#6,T5#5,T6#4,T7#3,T8#2,T9#1>group(App<F,T1#9>,App<F,T2#8>,App<F,T3#7>,App<F,T4#6>,App<F,T5#5>,App<F,T6#4>,App<F,T7#3>,App<F,T8#2>,App<F,T9#1>)
    T3#7 extends Object declared in method <T1#9,T2#8,T3#7,T4#6,T5#5,T6#4,T7#3,T8#2,T9#1>group(App<F,T1#9>,App<F,T2#8>,App<F,T3#7>,App<F,T4#6>,App<F,T5#5>,App<F,T6#4>,App<F,T7#3>,App<F,T8#2>,App<F,T9#1>)
    T4#6 extends Object declared in method <T1#9,T2#8,T3#7,T4#6,T5#5,T6#4,T7#3,T8#2,T9#1>group(App<F,T1#9>,App<F,T2#8>,App<F,T3#7>,App<F,T4#6>,App<F,T5#5>,App<F,T6#4>,App<F,T7#3>,App<F,T8#2>,App<F,T9#1>)
    T5#5 extends Object declared in method <T1#9,T2#8,T3#7,T4#6,T5#5,T6#4,T7#3,T8#2,T9#1>group(App<F,T1#9>,App<F,T2#8>,App<F,T3#7>,App<F,T4#6>,App<F,T5#5>,App<F,T6#4>,App<F,T7#3>,App<F,T8#2>,App<F,T9#1>)
    T6#4 extends Object declared in method <T1#9,T2#8,T3#7,T4#6,T5#5,T6#4,T7#3,T8#2,T9#1>group(App<F,T1#9>,App<F,T2#8>,App<F,T3#7>,App<F,T4#6>,App<F,T5#5>,App<F,T6#4>,App<F,T7#3>,App<F,T8#2>,App<F,T9#1>)
    T7#3 extends Object declared in method <T1#9,T2#8,T3#7,T4#6,T5#5,T6#4,T7#3,T8#2,T9#1>group(App<F,T1#9>,App<F,T2#8>,App<F,T3#7>,App<F,T4#6>,App<F,T5#5>,App<F,T6#4>,App<F,T7#3>,App<F,T8#2>,App<F,T9#1>)
    T8#2 extends Object declared in method <T1#9,T2#8,T3#7,T4#6,T5#5,T6#4,T7#3,T8#2,T9#1>group(App<F,T1#9>,App<F,T2#8>,App<F,T3#7>,App<F,T4#6>,App<F,T5#5>,App<F,T6#4>,App<F,T7#3>,App<F,T8#2>,App<F,T9#1>)
    T9#1 extends Object declared in method <T1#9,T2#8,T3#7,T4#6,T5#5,T6#4,T7#3,T8#2,T9#1>group(App<F,T1#9>,App<F,T2#8>,App<F,T3#7>,App<F,T4#6>,App<F,T5#5>,App<F,T6#4>,App<F,T7#3>,App<F,T8#2>,App<F,T9#1>)
    T1#10 extends Object declared in method <T1#10,T2#9,T3#8,T4#7,T5#6,T6#5,T7#4,T8#3,T9#2,T10#1>group(App<F,T1#10>,App<F,T2#9>,App<F,T3#8>,App<F,T4#7>,App<F,T5#6>,App<F,T6#5>,App<F,T7#4>,App<F,T8#3>,App<F,T9#2>,App<F,T10#1>)
    T2#9 extends Object declared in method <T1#10,T2#9,T3#8,T4#7,T5#6,T6#5,T7#4,T8#3,T9#2,T10#1>group(App<F,T1#10>,App<F,T2#9>,App<F,T3#8>,App<F,T4#7>,App<F,T5#6>,App<F,T6#5>,App<F,T7#4>,App<F,T8#3>,App<F,T9#2>,App<F,T10#1>)
    T3#8 extends Object declared in method <T1#10,T2#9,T3#8,T4#7,T5#6,T6#5,T7#4,T8#3,T9#2,T10#1>group(App<F,T1#10>,App<F,T2#9>,App<F,T3#8>,App<F,T4#7>,App<F,T5#6>,App<F,T6#5>,App<F,T7#4>,App<F,T8#3>,App<F,T9#2>,App<F,T10#1>)
    T4#7 extends Object declared in method <T1#10,T2#9,T3#8,T4#7,T5#6,T6#5,T7#4,T8#3,T9#2,T10#1>group(App<F,T1#10>,App<F,T2#9>,App<F,T3#8>,App<F,T4#7>,App<F,T5#6>,App<F,T6#5>,App<F,T7#4>,App<F,T8#3>,App<F,T9#2>,App<F,T10#1>)
    T5#6 extends Object declared in method <T1#10,T2#9,T3#8,T4#7,T5#6,T6#5,T7#4,T8#3,T9#2,T10#1>group(App<F,T1#10>,App<F,T2#9>,App<F,T3#8>,App<F,T4#7>,App<F,T5#6>,App<F,T6#5>,App<F,T7#4>,App<F,T8#3>,App<F,T9#2>,App<F,T10#1>)
    T6#5 extends Object declared in method <T1#10,T2#9,T3#8,T4#7,T5#6,T6#5,T7#4,T8#3,T9#2,T10#1>group(App<F,T1#10>,App<F,T2#9>,App<F,T3#8>,App<F,T4#7>,App<F,T5#6>,App<F,T6#5>,App<F,T7#4>,App<F,T8#3>,App<F,T9#2>,App<F,T10#1>)
    T7#4 extends Object declared in method <T1#10,T2#9,T3#8,T4#7,T5#6,T6#5,T7#4,T8#3,T9#2,T10#1>group(App<F,T1#10>,App<F,T2#9>,App<F,T3#8>,App<F,T4#7>,App<F,T5#6>,App<F,T6#5>,App<F,T7#4>,App<F,T8#3>,App<F,T9#2>,App<F,T10#1>)
    T8#3 extends Object declared in method <T1#10,T2#9,T3#8,T4#7,T5#6,T6#5,T7#4,T8#3,T9#2,T10#1>group(App<F,T1#10>,App<F,T2#9>,App<F,T3#8>,App<F,T4#7>,App<F,T5#6>,App<F,T6#5>,App<F,T7#4>,App<F,T8#3>,App<F,T9#2>,App<F,T10#1>)
    T9#2 extends Object declared in method <T1#10,T2#9,T3#8,T4#7,T5#6,T6#5,T7#4,T8#3,T9#2,T10#1>group(App<F,T1#10>,App<F,T2#9>,App<F,T3#8>,App<F,T4#7>,App<F,T5#6>,App<F,T6#5>,App<F,T7#4>,App<F,T8#3>,App<F,T9#2>,App<F,T10#1>)
    T10#1 extends Object declared in method <T1#10,T2#9,T3#8,T4#7,T5#6,T6#5,T7#4,T8#3,T9#2,T10#1>group(App<F,T1#10>,App<F,T2#9>,App<F,T3#8>,App<F,T4#7>,App<F,T5#6>,App<F,T6#5>,App<F,T7#4>,App<F,T8#3>,App<F,T9#2>,App<F,T10#1>)
    T1#11 extends Object declared in method <T1#11,T2#10,T3#9,T4#8,T5#7,T6#6,T7#5,T8#4,T9#3,T10#2,T11#1>group(App<F,T1#11>,App<F,T2#10>,App<F,T3#9>,App<F,T4#8>,App<F,T5#7>,App<F,T6#6>,App<F,T7#5>,App<F,T8#4>,App<F,T9#3>,App<F,T10#2>,App<F,T11#1>)
    T2#10 extends Object declared in method <T1#11,T2#10,T3#9,T4#8,T5#7,T6#6,T7#5,T8#4,T9#3,T10#2,T11#1>group(App<F,T1#11>,App<F,T2#10>,App<F,T3#9>,App<F,T4#8>,App<F,T5#7>,App<F,T6#6>,App<F,T7#5>,App<F,T8#4>,App<F,T9#3>,App<F,T10#2>,App<F,T11#1>)
    T3#9 extends Object declared in method <T1#11,T2#10,T3#9,T4#8,T5#7,T6#6,T7#5,T8#4,T9#3,T10#2,T11#1>group(App<F,T1#11>,App<F,T2#10>,App<F,T3#9>,App<F,T4#8>,App<F,T5#7>,App<F,T6#6>,App<F,T7#5>,App<F,T8#4>,App<F,T9#3>,App<F,T10#2>,App<F,T11#1>)
    T4#8 extends Object declared in method <T1#11,T2#10,T3#9,T4#8,T5#7,T6#6,T7#5,T8#4,T9#3,T10#2,T11#1>group(App<F,T1#11>,App<F,T2#10>,App<F,T3#9>,App<F,T4#8>,App<F,T5#7>,App<F,T6#6>,App<F,T7#5>,App<F,T8#4>,App<F,T9#3>,App<F,T10#2>,App<F,T11#1>)
    T5#7 extends Object declared in method <T1#11,T2#10,T3#9,T4#8,T5#7,T6#6,T7#5,T8#4,T9#3,T10#2,T11#1>group(App<F,T1#11>,App<F,T2#10>,App<F,T3#9>,App<F,T4#8>,App<F,T5#7>,App<F,T6#6>,App<F,T7#5>,App<F,T8#4>,App<F,T9#3>,App<F,T10#2>,App<F,T11#1>)
    T6#6 extends Object declared in method <T1#11,T2#10,T3#9,T4#8,T5#7,T6#6,T7#5,T8#4,T9#3,T10#2,T11#1>group(App<F,T1#11>,App<F,T2#10>,App<F,T3#9>,App<F,T4#8>,App<F,T5#7>,App<F,T6#6>,App<F,T7#5>,App<F,T8#4>,App<F,T9#3>,App<F,T10#2>,App<F,T11#1>)
    T7#5 extends Object declared in method <T1#11,T2#10,T3#9,T4#8,T5#7,T6#6,T7#5,T8#4,T9#3,T10#2,T11#1>group(App<F,T1#11>,App<F,T2#10>,App<F,T3#9>,App<F,T4#8>,App<F,T5#7>,App<F,T6#6>,App<F,T7#5>,App<F,T8#4>,App<F,T9#3>,App<F,T10#2>,App<F,T11#1>)
    T8#4 extends Object declared in method <T1#11,T2#10,T3#9,T4#8,T5#7,T6#6,T7#5,T8#4,T9#3,T10#2,T11#1>group(App<F,T1#11>,App<F,T2#10>,App<F,T3#9>,App<F,T4#8>,App<F,T5#7>,App<F,T6#6>,App<F,T7#5>,App<F,T8#4>,App<F,T9#3>,App<F,T10#2>,App<F,T11#1>)
    T9#3 extends Object declared in method <T1#11,T2#10,T3#9,T4#8,T5#7,T6#6,T7#5,T8#4,T9#3,T10#2,T11#1>group(App<F,T1#11>,App<F,T2#10>,App<F,T3#9>,App<F,T4#8>,App<F,T5#7>,App<F,T6#6>,App<F,T7#5>,App<F,T8#4>,App<F,T9#3>,App<F,T10#2>,App<F,T11#1>)
    T10#2 extends Object declared in method <T1#11,T2#10,T3#9,T4#8,T5#7,T6#6,T7#5,T8#4,T9#3,T10#2,T11#1>group(App<F,T1#11>,App<F,T2#10>,App<F,T3#9>,App<F,T4#8>,App<F,T5#7>,App<F,T6#6>,App<F,T7#5>,App<F,T8#4>,App<F,T9#3>,App<F,T10#2>,App<F,T11#1>)
    T11#1 extends Object declared in method <T1#11,T2#10,T3#9,T4#8,T5#7,T6#6,T7#5,T8#4,T9#3,T10#2,T11#1>group(App<F,T1#11>,App<F,T2#10>,App<F,T3#9>,App<F,T4#8>,App<F,T5#7>,App<F,T6#6>,App<F,T7#5>,App<F,T8#4>,App<F,T9#3>,App<F,T10#2>,App<F,T11#1>)
    T1#12 extends Object declared in method <T1#12,T2#11,T3#10,T4#9,T5#8,T6#7,T7#6,T8#5,T9#4,T10#3,T11#2,T12#1>group(App<F,T1#12>,App<F,T2#11>,App<F,T3#10>,App<F,T4#9>,App<F,T5#8>,App<F,T6#7>,App<F,T7#6>,App<F,T8#5>,App<F,T9#4>,App<F,T10#3>,App<F,T11#2>,App<F,T12#1>)
    T2#11 extends Object declared in method <T1#12,T2#11,T3#10,T4#9,T5#8,T6#7,T7#6,T8#5,T9#4,T10#3,T11#2,T12#1>group(App<F,T1#12>,App<F,T2#11>,App<F,T3#10>,App<F,T4#9>,App<F,T5#8>,App<F,T6#7>,App<F,T7#6>,App<F,T8#5>,App<F,T9#4>,App<F,T10#3>,App<F,T11#2>,App<F,T12#1>)
    T3#10 extends Object declared in method <T1#12,T2#11,T3#10,T4#9,T5#8,T6#7,T7#6,T8#5,T9#4,T10#3,T11#2,T12#1>group(App<F,T1#12>,App<F,T2#11>,App<F,T3#10>,App<F,T4#9>,App<F,T5#8>,App<F,T6#7>,App<F,T7#6>,App<F,T8#5>,App<F,T9#4>,App<F,T10#3>,App<F,T11#2>,App<F,T12#1>)
    T4#9 extends Object declared in method <T1#12,T2#11,T3#10,T4#9,T5#8,T6#7,T7#6,T8#5,T9#4,T10#3,T11#2,T12#1>group(App<F,T1#12>,App<F,T2#11>,App<F,T3#10>,App<F,T4#9>,App<F,T5#8>,App<F,T6#7>,App<F,T7#6>,App<F,T8#5>,App<F,T9#4>,App<F,T10#3>,App<F,T11#2>,App<F,T12#1>)
    T5#8 extends Object declared in method <T1#12,T2#11,T3#10,T4#9,T5#8,T6#7,T7#6,T8#5,T9#4,T10#3,T11#2,T12#1>group(App<F,T1#12>,App<F,T2#11>,App<F,T3#10>,App<F,T4#9>,App<F,T5#8>,App<F,T6#7>,App<F,T7#6>,App<F,T8#5>,App<F,T9#4>,App<F,T10#3>,App<F,T11#2>,App<F,T12#1>)
    T6#7 extends Object declared in method <T1#12,T2#11,T3#10,T4#9,T5#8,T6#7,T7#6,T8#5,T9#4,T10#3,T11#2,T12#1>group(App<F,T1#12>,App<F,T2#11>,App<F,T3#10>,App<F,T4#9>,App<F,T5#8>,App<F,T6#7>,App<F,T7#6>,App<F,T8#5>,App<F,T9#4>,App<F,T10#3>,App<F,T11#2>,App<F,T12#1>)
    T7#6 extends Object declared in method <T1#12,T2#11,T3#10,T4#9,T5#8,T6#7,T7#6,T8#5,T9#4,T10#3,T11#2,T12#1>group(App<F,T1#12>,App<F,T2#11>,App<F,T3#10>,App<F,T4#9>,App<F,T5#8>,App<F,T6#7>,App<F,T7#6>,App<F,T8#5>,App<F,T9#4>,App<F,T10#3>,App<F,T11#2>,App<F,T12#1>)
    T8#5 extends Object declared in method <T1#12,T2#11,T3#10,T4#9,T5#8,T6#7,T7#6,T8#5,T9#4,T10#3,T11#2,T12#1>group(App<F,T1#12>,App<F,T2#11>,App<F,T3#10>,App<F,T4#9>,App<F,T5#8>,App<F,T6#7>,App<F,T7#6>,App<F,T8#5>,App<F,T9#4>,App<F,T10#3>,App<F,T11#2>,App<F,T12#1>)
    T9#4 extends Object declared in method <T1#12,T2#11,T3#10,T4#9,T5#8,T6#7,T7#6,T8#5,T9#4,T10#3,T11#2,T12#1>group(App<F,T1#12>,App<F,T2#11>,App<F,T3#10>,App<F,T4#9>,App<F,T5#8>,App<F,T6#7>,App<F,T7#6>,App<F,T8#5>,App<F,T9#4>,App<F,T10#3>,App<F,T11#2>,App<F,T12#1>)
    T10#3 extends Object declared in method <T1#12,T2#11,T3#10,T4#9,T5#8,T6#7,T7#6,T8#5,T9#4,T10#3,T11#2,T12#1>group(App<F,T1#12>,App<F,T2#11>,App<F,T3#10>,App<F,T4#9>,App<F,T5#8>,App<F,T6#7>,App<F,T7#6>,App<F,T8#5>,App<F,T9#4>,App<F,T10#3>,App<F,T11#2>,App<F,T12#1>)
    T11#2 extends Object declared in method <T1#12,T2#11,T3#10,T4#9,T5#8,T6#7,T7#6,T8#5,T9#4,T10#3,T11#2,T12#1>group(App<F,T1#12>,App<F,T2#11>,App<F,T3#10>,App<F,T4#9>,App<F,T5#8>,App<F,T6#7>,App<F,T7#6>,App<F,T8#5>,App<F,T9#4>,App<F,T10#3>,App<F,T11#2>,App<F,T12#1>)
    T12#1 extends Object declared in method <T1#12,T2#11,T3#10,T4#9,T5#8,T6#7,T7#6,T8#5,T9#4,T10#3,T11#2,T12#1>group(App<F,T1#12>,App<F,T2#11>,App<F,T3#10>,App<F,T4#9>,App<F,T5#8>,App<F,T6#7>,App<F,T7#6>,App<F,T8#5>,App<F,T9#4>,App<F,T10#3>,App<F,T11#2>,App<F,T12#1>)
    T1#13 extends Object declared in method <T1#13,T2#12,T3#11,T4#10,T5#9,T6#8,T7#7,T8#6,T9#5,T10#4,T11#3,T12#2,T13#1>group(App<F,T1#13>,App<F,T2#12>,App<F,T3#11>,App<F,T4#10>,App<F,T5#9>,App<F,T6#8>,App<F,T7#7>,App<F,T8#6>,App<F,T9#5>,App<F,T10#4>,App<F,T11#3>,App<F,T12#2>,App<F,T13#1>)
    T2#12 extends Object declared in method <T1#13,T2#12,T3#11,T4#10,T5#9,T6#8,T7#7,T8#6,T9#5,T10#4,T11#3,T12#2,T13#1>group(App<F,T1#13>,App<F,T2#12>,App<F,T3#11>,App<F,T4#10>,App<F,T5#9>,App<F,T6#8>,App<F,T7#7>,App<F,T8#6>,App<F,T9#5>,App<F,T10#4>,App<F,T11#3>,App<F,T12#2>,App<F,T13#1>)
    T3#11 extends Object declared in method <T1#13,T2#12,T3#11,T4#10,T5#9,T6#8,T7#7,T8#6,T9#5,T10#4,T11#3,T12#2,T13#1>group(App<F,T1#13>,App<F,T2#12>,App<F,T3#11>,App<F,T4#10>,App<F,T5#9>,App<F,T6#8>,App<F,T7#7>,App<F,T8#6>,App<F,T9#5>,App<F,T10#4>,App<F,T11#3>,App<F,T12#2>,App<F,T13#1>)
    T4#10 extends Object declared in method <T1#13,T2#12,T3#11,T4#10,T5#9,T6#8,T7#7,T8#6,T9#5,T10#4,T11#3,T12#2,T13#1>group(App<F,T1#13>,App<F,T2#12>,App<F,T3#11>,App<F,T4#10>,App<F,T5#9>,App<F,T6#8>,App<F,T7#7>,App<F,T8#6>,App<F,T9#5>,App<F,T10#4>,App<F,T11#3>,App<F,T12#2>,App<F,T13#1>)
    T5#9 extends Object declared in method <T1#13,T2#12,T3#11,T4#10,T5#9,T6#8,T7#7,T8#6,T9#5,T10#4,T11#3,T12#2,T13#1>group(App<F,T1#13>,App<F,T2#12>,App<F,T3#11>,App<F,T4#10>,App<F,T5#9>,App<F,T6#8>,App<F,T7#7>,App<F,T8#6>,App<F,T9#5>,App<F,T10#4>,App<F,T11#3>,App<F,T12#2>,App<F,T13#1>)
    T6#8 extends Object declared in method <T1#13,T2#12,T3#11,T4#10,T5#9,T6#8,T7#7,T8#6,T9#5,T10#4,T11#3,T12#2,T13#1>group(App<F,T1#13>,App<F,T2#12>,App<F,T3#11>,App<F,T4#10>,App<F,T5#9>,App<F,T6#8>,App<F,T7#7>,App<F,T8#6>,App<F,T9#5>,App<F,T10#4>,App<F,T11#3>,App<F,T12#2>,App<F,T13#1>)
    T7#7 extends Object declared in method <T1#13,T2#12,T3#11,T4#10,T5#9,T6#8,T7#7,T8#6,T9#5,T10#4,T11#3,T12#2,T13#1>group(App<F,T1#13>,App<F,T2#12>,App<F,T3#11>,App<F,T4#10>,App<F,T5#9>,App<F,T6#8>,App<F,T7#7>,App<F,T8#6>,App<F,T9#5>,App<F,T10#4>,App<F,T11#3>,App<F,T12#2>,App<F,T13#1>)
    T8#6 extends Object declared in method <T1#13,T2#12,T3#11,T4#10,T5#9,T6#8,T7#7,T8#6,T9#5,T10#4,T11#3,T12#2,T13#1>group(App<F,T1#13>,App<F,T2#12>,App<F,T3#11>,App<F,T4#10>,App<F,T5#9>,App<F,T6#8>,App<F,T7#7>,App<F,T8#6>,App<F,T9#5>,App<F,T10#4>,App<F,T11#3>,App<F,T12#2>,App<F,T13#1>)
    T9#5 extends Object declared in method <T1#13,T2#12,T3#11,T4#10,T5#9,T6#8,T7#7,T8#6,T9#5,T10#4,T11#3,T12#2,T13#1>group(App<F,T1#13>,App<F,T2#12>,App<F,T3#11>,App<F,T4#10>,App<F,T5#9>,App<F,T6#8>,App<F,T7#7>,App<F,T8#6>,App<F,T9#5>,App<F,T10#4>,App<F,T11#3>,App<F,T12#2>,App<F,T13#1>)
    T10#4 extends Object declared in method <T1#13,T2#12,T3#11,T4#10,T5#9,T6#8,T7#7,T8#6,T9#5,T10#4,T11#3,T12#2,T13#1>group(App<F,T1#13>,App<F,T2#12>,App<F,T3#11>,App<F,T4#10>,App<F,T5#9>,App<F,T6#8>,App<F,T7#7>,App<F,T8#6>,App<F,T9#5>,App<F,T10#4>,App<F,T11#3>,App<F,T12#2>,App<F,T13#1>)
    T11#3 extends Object declared in method <T1#13,T2#12,T3#11,T4#10,T5#9,T6#8,T7#7,T8#6,T9#5,T10#4,T11#3,T12#2,T13#1>group(App<F,T1#13>,App<F,T2#12>,App<F,T3#11>,App<F,T4#10>,App<F,T5#9>,App<F,T6#8>,App<F,T7#7>,App<F,T8#6>,App<F,T9#5>,App<F,T10#4>,App<F,T11#3>,App<F,T12#2>,App<F,T13#1>)
    T12#2 extends Object declared in method <T1#13,T2#12,T3#11,T4#10,T5#9,T6#8,T7#7,T8#6,T9#5,T10#4,T11#3,T12#2,T13#1>group(App<F,T1#13>,App<F,T2#12>,App<F,T3#11>,App<F,T4#10>,App<F,T5#9>,App<F,T6#8>,App<F,T7#7>,App<F,T8#6>,App<F,T9#5>,App<F,T10#4>,App<F,T11#3>,App<F,T12#2>,App<F,T13#1>)
    T13#1 extends Object declared in method <T1#13,T2#12,T3#11,T4#10,T5#9,T6#8,T7#7,T8#6,T9#5,T10#4,T11#3,T12#2,T13#1>group(App<F,T1#13>,App<F,T2#12>,App<F,T3#11>,App<F,T4#10>,App<F,T5#9>,App<F,T6#8>,App<F,T7#7>,App<F,T8#6>,App<F,T9#5>,App<F,T10#4>,App<F,T11#3>,App<F,T12#2>,App<F,T13#1>)
    T1#14 extends Object declared in method <T1#14,T2#13,T3#12,T4#11,T5#10,T6#9,T7#8,T8#7,T9#6,T10#5,T11#4,T12#3,T13#2,T14#1>group(App<F,T1#14>,App<F,T2#13>,App<F,T3#12>,App<F,T4#11>,App<F,T5#10>,App<F,T6#9>,App<F,T7#8>,App<F,T8#7>,App<F,T9#6>,App<F,T10#5>,App<F,T11#4>,App<F,T12#3>,App<F,T13#2>,App<F,T14#1>)
    T2#13 extends Object declared in method <T1#14,T2#13,T3#12,T4#11,T5#10,T6#9,T7#8,T8#7,T9#6,T10#5,T11#4,T12#3,T13#2,T14#1>group(App<F,T1#14>,App<F,T2#13>,App<F,T3#12>,App<F,T4#11>,App<F,T5#10>,App<F,T6#9>,App<F,T7#8>,App<F,T8#7>,App<F,T9#6>,App<F,T10#5>,App<F,T11#4>,App<F,T12#3>,App<F,T13#2>,App<F,T14#1>)
    T3#12 extends Object declared in method <T1#14,T2#13,T3#12,T4#11,T5#10,T6#9,T7#8,T8#7,T9#6,T10#5,T11#4,T12#3,T13#2,T14#1>group(App<F,T1#14>,App<F,T2#13>,App<F,T3#12>,App<F,T4#11>,App<F,T5#10>,App<F,T6#9>,App<F,T7#8>,App<F,T8#7>,App<F,T9#6>,App<F,T10#5>,App<F,T11#4>,App<F,T12#3>,App<F,T13#2>,App<F,T14#1>)
    T4#11 extends Object declared in method <T1#14,T2#13,T3#12,T4#11,T5#10,T6#9,T7#8,T8#7,T9#6,T10#5,T11#4,T12#3,T13#2,T14#1>group(App<F,T1#14>,App<F,T2#13>,App<F,T3#12>,App<F,T4#11>,App<F,T5#10>,App<F,T6#9>,App<F,T7#8>,App<F,T8#7>,App<F,T9#6>,App<F,T10#5>,App<F,T11#4>,App<F,T12#3>,App<F,T13#2>,App<F,T14#1>)
    T5#10 extends Object declared in method <T1#14,T2#13,T3#12,T4#11,T5#10,T6#9,T7#8,T8#7,T9#6,T10#5,T11#4,T12#3,T13#2,T14#1>group(App<F,T1#14>,App<F,T2#13>,App<F,T3#12>,App<F,T4#11>,App<F,T5#10>,App<F,T6#9>,App<F,T7#8>,App<F,T8#7>,App<F,T9#6>,App<F,T10#5>,App<F,T11#4>,App<F,T12#3>,App<F,T13#2>,App<F,T14#1>)
    T6#9 extends Object declared in method <T1#14,T2#13,T3#12,T4#11,T5#10,T6#9,T7#8,T8#7,T9#6,T10#5,T11#4,T12#3,T13#2,T14#1>group(App<F,T1#14>,App<F,T2#13>,App<F,T3#12>,App<F,T4#11>,App<F,T5#10>,App<F,T6#9>,App<F,T7#8>,App<F,T8#7>,App<F,T9#6>,App<F,T10#5>,App<F,T11#4>,App<F,T12#3>,App<F,T13#2>,App<F,T14#1>)
    T7#8 extends Object declared in method <T1#14,T2#13,T3#12,T4#11,T5#10,T6#9,T7#8,T8#7,T9#6,T10#5,T11#4,T12#3,T13#2,T14#1>group(App<F,T1#14>,App<F,T2#13>,App<F,T3#12>,App<F,T4#11>,App<F,T5#10>,App<F,T6#9>,App<F,T7#8>,App<F,T8#7>,App<F,T9#6>,App<F,T10#5>,App<F,T11#4>,App<F,T12#3>,App<F,T13#2>,App<F,T14#1>)
    T8#7 extends Object declared in method <T1#14,T2#13,T3#12,T4#11,T5#10,T6#9,T7#8,T8#7,T9#6,T10#5,T11#4,T12#3,T13#2,T14#1>group(App<F,T1#14>,App<F,T2#13>,App<F,T3#12>,App<F,T4#11>,App<F,T5#10>,App<F,T6#9>,App<F,T7#8>,App<F,T8#7>,App<F,T9#6>,App<F,T10#5>,App<F,T11#4>,App<F,T12#3>,App<F,T13#2>,App<F,T14#1>)
    T9#6 extends Object declared in method <T1#14,T2#13,T3#12,T4#11,T5#10,T6#9,T7#8,T8#7,T9#6,T10#5,T11#4,T12#3,T13#2,T14#1>group(App<F,T1#14>,App<F,T2#13>,App<F,T3#12>,App<F,T4#11>,App<F,T5#10>,App<F,T6#9>,App<F,T7#8>,App<F,T8#7>,App<F,T9#6>,App<F,T10#5>,App<F,T11#4>,App<F,T12#3>,App<F,T13#2>,App<F,T14#1>)
    T10#5 extends Object declared in method <T1#14,T2#13,T3#12,T4#11,T5#10,T6#9,T7#8,T8#7,T9#6,T10#5,T11#4,T12#3,T13#2,T14#1>group(App<F,T1#14>,App<F,T2#13>,App<F,T3#12>,App<F,T4#11>,App<F,T5#10>,App<F,T6#9>,App<F,T7#8>,App<F,T8#7>,App<F,T9#6>,App<F,T10#5>,App<F,T11#4>,App<F,T12#3>,App<F,T13#2>,App<F,T14#1>)
    T11#4 extends Object declared in method <T1#14,T2#13,T3#12,T4#11,T5#10,T6#9,T7#8,T8#7,T9#6,T10#5,T11#4,T12#3,T13#2,T14#1>group(App<F,T1#14>,App<F,T2#13>,App<F,T3#12>,App<F,T4#11>,App<F,T5#10>,App<F,T6#9>,App<F,T7#8>,App<F,T8#7>,App<F,T9#6>,App<F,T10#5>,App<F,T11#4>,App<F,T12#3>,App<F,T13#2>,App<F,T14#1>)
    T12#3 extends Object declared in method <T1#14,T2#13,T3#12,T4#11,T5#10,T6#9,T7#8,T8#7,T9#6,T10#5,T11#4,T12#3,T13#2,T14#1>group(App<F,T1#14>,App<F,T2#13>,App<F,T3#12>,App<F,T4#11>,App<F,T5#10>,App<F,T6#9>,App<F,T7#8>,App<F,T8#7>,App<F,T9#6>,App<F,T10#5>,App<F,T11#4>,App<F,T12#3>,App<F,T13#2>,App<F,T14#1>)
    T13#2 extends Object declared in method <T1#14,T2#13,T3#12,T4#11,T5#10,T6#9,T7#8,T8#7,T9#6,T10#5,T11#4,T12#3,T13#2,T14#1>group(App<F,T1#14>,App<F,T2#13>,App<F,T3#12>,App<F,T4#11>,App<F,T5#10>,App<F,T6#9>,App<F,T7#8>,App<F,T8#7>,App<F,T9#6>,App<F,T10#5>,App<F,T11#4>,App<F,T12#3>,App<F,T13#2>,App<F,T14#1>)
    T14#1 extends Object declared in method <T1#14,T2#13,T3#12,T4#11,T5#10,T6#9,T7#8,T8#7,T9#6,T10#5,T11#4,T12#3,T13#2,T14#1>group(App<F,T1#14>,App<F,T2#13>,App<F,T3#12>,App<F,T4#11>,App<F,T5#10>,App<F,T6#9>,App<F,T7#8>,App<F,T8#7>,App<F,T9#6>,App<F,T10#5>,App<F,T11#4>,App<F,T12#3>,App<F,T13#2>,App<F,T14#1>)
    T1#15 extends Object declared in method <T1#15,T2#14,T3#13,T4#12,T5#11,T6#10,T7#9,T8#8,T9#7,T10#6,T11#5,T12#4,T13#3,T14#2,T15#1>group(App<F,T1#15>,App<F,T2#14>,App<F,T3#13>,App<F,T4#12>,App<F,T5#11>,App<F,T6#10>,App<F,T7#9>,App<F,T8#8>,App<F,T9#7>,App<F,T10#6>,App<F,T11#5>,App<F,T12#4>,App<F,T13#3>,App<F,T14#2>,App<F,T15#1>)
    T2#14 extends Object declared in method <T1#15,T2#14,T3#13,T4#12,T5#11,T6#10,T7#9,T8#8,T9#7,T10#6,T11#5,T12#4,T13#3,T14#2,T15#1>group(App<F,T1#15>,App<F,T2#14>,App<F,T3#13>,App<F,T4#12>,App<F,T5#11>,App<F,T6#10>,App<F,T7#9>,App<F,T8#8>,App<F,T9#7>,App<F,T10#6>,App<F,T11#5>,App<F,T12#4>,App<F,T13#3>,App<F,T14#2>,App<F,T15#1>)
    T3#13 extends Object declared in method <T1#15,T2#14,T3#13,T4#12,T5#11,T6#10,T7#9,T8#8,T9#7,T10#6,T11#5,T12#4,T13#3,T14#2,T15#1>group(App<F,T1#15>,App<F,T2#14>,App<F,T3#13>,App<F,T4#12>,App<F,T5#11>,App<F,T6#10>,App<F,T7#9>,App<F,T8#8>,App<F,T9#7>,App<F,T10#6>,App<F,T11#5>,App<F,T12#4>,App<F,T13#3>,App<F,T14#2>,App<F,T15#1>)
    T4#12 extends Object declared in method <T1#15,T2#14,T3#13,T4#12,T5#11,T6#10,T7#9,T8#8,T9#7,T10#6,T11#5,T12#4,T13#3,T14#2,T15#1>group(App<F,T1#15>,App<F,T2#14>,App<F,T3#13>,App<F,T4#12>,App<F,T5#11>,App<F,T6#10>,App<F,T7#9>,App<F,T8#8>,App<F,T9#7>,App<F,T10#6>,App<F,T11#5>,App<F,T12#4>,App<F,T13#3>,App<F,T14#2>,App<F,T15#1>)
    T5#11 extends Object declared in method <T1#15,T2#14,T3#13,T4#12,T5#11,T6#10,T7#9,T8#8,T9#7,T10#6,T11#5,T12#4,T13#3,T14#2,T15#1>group(App<F,T1#15>,App<F,T2#14>,App<F,T3#13>,App<F,T4#12>,App<F,T5#11>,App<F,T6#10>,App<F,T7#9>,App<F,T8#8>,App<F,T9#7>,App<F,T10#6>,App<F,T11#5>,App<F,T12#4>,App<F,T13#3>,App<F,T14#2>,App<F,T15#1>)
    T6#10 extends Object declared in method <T1#15,T2#14,T3#13,T4#12,T5#11,T6#10,T7#9,T8#8,T9#7,T10#6,T11#5,T12#4,T13#3,T14#2,T15#1>group(App<F,T1#15>,App<F,T2#14>,App<F,T3#13>,App<F,T4#12>,App<F,T5#11>,App<F,T6#10>,App<F,T7#9>,App<F,T8#8>,App<F,T9#7>,App<F,T10#6>,App<F,T11#5>,App<F,T12#4>,App<F,T13#3>,App<F,T14#2>,App<F,T15#1>)
    T7#9 extends Object declared in method <T1#15,T2#14,T3#13,T4#12,T5#11,T6#10,T7#9,T8#8,T9#7,T10#6,T11#5,T12#4,T13#3,T14#2,T15#1>group(App<F,T1#15>,App<F,T2#14>,App<F,T3#13>,App<F,T4#12>,App<F,T5#11>,App<F,T6#10>,App<F,T7#9>,App<F,T8#8>,App<F,T9#7>,App<F,T10#6>,App<F,T11#5>,App<F,T12#4>,App<F,T13#3>,App<F,T14#2>,App<F,T15#1>)
    T8#8 extends Object declared in method <T1#15,T2#14,T3#13,T4#12,T5#11,T6#10,T7#9,T8#8,T9#7,T10#6,T11#5,T12#4,T13#3,T14#2,T15#1>group(App<F,T1#15>,App<F,T2#14>,App<F,T3#13>,App<F,T4#12>,App<F,T5#11>,App<F,T6#10>,App<F,T7#9>,App<F,T8#8>,App<F,T9#7>,App<F,T10#6>,App<F,T11#5>,App<F,T12#4>,App<F,T13#3>,App<F,T14#2>,App<F,T15#1>)
    T9#7 extends Object declared in method <T1#15,T2#14,T3#13,T4#12,T5#11,T6#10,T7#9,T8#8,T9#7,T10#6,T11#5,T12#4,T13#3,T14#2,T15#1>group(App<F,T1#15>,App<F,T2#14>,App<F,T3#13>,App<F,T4#12>,App<F,T5#11>,App<F,T6#10>,App<F,T7#9>,App<F,T8#8>,App<F,T9#7>,App<F,T10#6>,App<F,T11#5>,App<F,T12#4>,App<F,T13#3>,App<F,T14#2>,App<F,T15#1>)
    T10#6 extends Object declared in method <T1#15,T2#14,T3#13,T4#12,T5#11,T6#10,T7#9,T8#8,T9#7,T10#6,T11#5,T12#4,T13#3,T14#2,T15#1>group(App<F,T1#15>,App<F,T2#14>,App<F,T3#13>,App<F,T4#12>,App<F,T5#11>,App<F,T6#10>,App<F,T7#9>,App<F,T8#8>,App<F,T9#7>,App<F,T10#6>,App<F,T11#5>,App<F,T12#4>,App<F,T13#3>,App<F,T14#2>,App<F,T15#1>)
    T11#5 extends Object declared in method <T1#15,T2#14,T3#13,T4#12,T5#11,T6#10,T7#9,T8#8,T9#7,T10#6,T11#5,T12#4,T13#3,T14#2,T15#1>group(App<F,T1#15>,App<F,T2#14>,App<F,T3#13>,App<F,T4#12>,App<F,T5#11>,App<F,T6#10>,App<F,T7#9>,App<F,T8#8>,App<F,T9#7>,App<F,T10#6>,App<F,T11#5>,App<F,T12#4>,App<F,T13#3>,App<F,T14#2>,App<F,T15#1>)
    T12#4 extends Object declared in method <T1#15,T2#14,T3#13,T4#12,T5#11,T6#10,T7#9,T8#8,T9#7,T10#6,T11#5,T12#4,T13#3,T14#2,T15#1>group(App<F,T1#15>,App<F,T2#14>,App<F,T3#13>,App<F,T4#12>,App<F,T5#11>,App<F,T6#10>,App<F,T7#9>,App<F,T8#8>,App<F,T9#7>,App<F,T10#6>,App<F,T11#5>,App<F,T12#4>,App<F,T13#3>,App<F,T14#2>,App<F,T15#1>)
    T13#3 extends Object declared in method <T1#15,T2#14,T3#13,T4#12,T5#11,T6#10,T7#9,T8#8,T9#7,T10#6,T11#5,T12#4,T13#3,T14#2,T15#1>group(App<F,T1#15>,App<F,T2#14>,App<F,T3#13>,App<F,T4#12>,App<F,T5#11>,App<F,T6#10>,App<F,T7#9>,App<F,T8#8>,App<F,T9#7>,App<F,T10#6>,App<F,T11#5>,App<F,T12#4>,App<F,T13#3>,App<F,T14#2>,App<F,T15#1>)
    T14#2 extends Object declared in method <T1#15,T2#14,T3#13,T4#12,T5#11,T6#10,T7#9,T8#8,T9#7,T10#6,T11#5,T12#4,T13#3,T14#2,T15#1>group(App<F,T1#15>,App<F,T2#14>,App<F,T3#13>,App<F,T4#12>,App<F,T5#11>,App<F,T6#10>,App<F,T7#9>,App<F,T8#8>,App<F,T9#7>,App<F,T10#6>,App<F,T11#5>,App<F,T12#4>,App<F,T13#3>,App<F,T14#2>,App<F,T15#1>)
    T15#1 extends Object declared in method <T1#15,T2#14,T3#13,T4#12,T5#11,T6#10,T7#9,T8#8,T9#7,T10#6,T11#5,T12#4,T13#3,T14#2,T15#1>group(App<F,T1#15>,App<F,T2#14>,App<F,T3#13>,App<F,T4#12>,App<F,T5#11>,App<F,T6#10>,App<F,T7#9>,App<F,T8#8>,App<F,T9#7>,App<F,T10#6>,App<F,T11#5>,App<F,T12#4>,App<F,T13#3>,App<F,T14#2>,App<F,T15#1>)
    T1#16 extends Object declared in method <T1#16,T2#15,T3#14,T4#13,T5#12,T6#11,T7#10,T8#9,T9#8,T10#7,T11#6,T12#5,T13#4,T14#3,T15#2,T16>group(App<F,T1#16>,App<F,T2#15>,App<F,T3#14>,App<F,T4#13>,App<F,T5#12>,App<F,T6#11>,App<F,T7#10>,App<F,T8#9>,App<F,T9#8>,App<F,T10#7>,App<F,T11#6>,App<F,T12#5>,App<F,T13#4>,App<F,T14#3>,App<F,T15#2>,App<F,T16>)
    T2#15 extends Object declared in method <T1#16,T2#15,T3#14,T4#13,T5#12,T6#11,T7#10,T8#9,T9#8,T10#7,T11#6,T12#5,T13#4,T14#3,T15#2,T16>group(App<F,T1#16>,App<F,T2#15>,App<F,T3#14>,App<F,T4#13>,App<F,T5#12>,App<F,T6#11>,App<F,T7#10>,App<F,T8#9>,App<F,T9#8>,App<F,T10#7>,App<F,T11#6>,App<F,T12#5>,App<F,T13#4>,App<F,T14#3>,App<F,T15#2>,App<F,T16>)
    T3#14 extends Object declared in method <T1#16,T2#15,T3#14,T4#13,T5#12,T6#11,T7#10,T8#9,T9#8,T10#7,T11#6,T12#5,T13#4,T14#3,T15#2,T16>group(App<F,T1#16>,App<F,T2#15>,App<F,T3#14>,App<F,T4#13>,App<F,T5#12>,App<F,T6#11>,App<F,T7#10>,App<F,T8#9>,App<F,T9#8>,App<F,T10#7>,App<F,T11#6>,App<F,T12#5>,App<F,T13#4>,App<F,T14#3>,App<F,T15#2>,App<F,T16>)
    T4#13 extends Object declared in method <T1#16,T2#15,T3#14,T4#13,T5#12,T6#11,T7#10,T8#9,T9#8,T10#7,T11#6,T12#5,T13#4,T14#3,T15#2,T16>group(App<F,T1#16>,App<F,T2#15>,App<F,T3#14>,App<F,T4#13>,App<F,T5#12>,App<F,T6#11>,App<F,T7#10>,App<F,T8#9>,App<F,T9#8>,App<F,T10#7>,App<F,T11#6>,App<F,T12#5>,App<F,T13#4>,App<F,T14#3>,App<F,T15#2>,App<F,T16>)
    T5#12 extends Object declared in method <T1#16,T2#15,T3#14,T4#13,T5#12,T6#11,T7#10,T8#9,T9#8,T10#7,T11#6,T12#5,T13#4,T14#3,T15#2,T16>group(App<F,T1#16>,App<F,T2#15>,App<F,T3#14>,App<F,T4#13>,App<F,T5#12>,App<F,T6#11>,App<F,T7#10>,App<F,T8#9>,App<F,T9#8>,App<F,T10#7>,App<F,T11#6>,App<F,T12#5>,App<F,T13#4>,App<F,T14#3>,App<F,T15#2>,App<F,T16>)
    T6#11 extends Object declared in method <T1#16,T2#15,T3#14,T4#13,T5#12,T6#11,T7#10,T8#9,T9#8,T10#7,T11#6,T12#5,T13#4,T14#3,T15#2,T16>group(App<F,T1#16>,App<F,T2#15>,App<F,T3#14>,App<F,T4#13>,App<F,T5#12>,App<F,T6#11>,App<F,T7#10>,App<F,T8#9>,App<F,T9#8>,App<F,T10#7>,App<F,T11#6>,App<F,T12#5>,App<F,T13#4>,App<F,T14#3>,App<F,T15#2>,App<F,T16>)
    T7#10 extends Object declared in method <T1#16,T2#15,T3#14,T4#13,T5#12,T6#11,T7#10,T8#9,T9#8,T10#7,T11#6,T12#5,T13#4,T14#3,T15#2,T16>group(App<F,T1#16>,App<F,T2#15>,App<F,T3#14>,App<F,T4#13>,App<F,T5#12>,App<F,T6#11>,App<F,T7#10>,App<F,T8#9>,App<F,T9#8>,App<F,T10#7>,App<F,T11#6>,App<F,T12#5>,App<F,T13#4>,App<F,T14#3>,App<F,T15#2>,App<F,T16>)
    T8#9 extends Object declared in method <T1#16,T2#15,T3#14,T4#13,T5#12,T6#11,T7#10,T8#9,T9#8,T10#7,T11#6,T12#5,T13#4,T14#3,T15#2,T16>group(App<F,T1#16>,App<F,T2#15>,App<F,T3#14>,App<F,T4#13>,App<F,T5#12>,App<F,T6#11>,App<F,T7#10>,App<F,T8#9>,App<F,T9#8>,App<F,T10#7>,App<F,T11#6>,App<F,T12#5>,App<F,T13#4>,App<F,T14#3>,App<F,T15#2>,App<F,T16>)
    T9#8 extends Object declared in method <T1#16,T2#15,T3#14,T4#13,T5#12,T6#11,T7#10,T8#9,T9#8,T10#7,T11#6,T12#5,T13#4,T14#3,T15#2,T16>group(App<F,T1#16>,App<F,T2#15>,App<F,T3#14>,App<F,T4#13>,App<F,T5#12>,App<F,T6#11>,App<F,T7#10>,App<F,T8#9>,App<F,T9#8>,App<F,T10#7>,App<F,T11#6>,App<F,T12#5>,App<F,T13#4>,App<F,T14#3>,App<F,T15#2>,App<F,T16>)
    T10#7 extends Object declared in method <T1#16,T2#15,T3#14,T4#13,T5#12,T6#11,T7#10,T8#9,T9#8,T10#7,T11#6,T12#5,T13#4,T14#3,T15#2,T16>group(App<F,T1#16>,App<F,T2#15>,App<F,T3#14>,App<F,T4#13>,App<F,T5#12>,App<F,T6#11>,App<F,T7#10>,App<F,T8#9>,App<F,T9#8>,App<F,T10#7>,App<F,T11#6>,App<F,T12#5>,App<F,T13#4>,App<F,T14#3>,App<F,T15#2>,App<F,T16>)
    T11#6 extends Object declared in method <T1#16,T2#15,T3#14,T4#13,T5#12,T6#11,T7#10,T8#9,T9#8,T10#7,T11#6,T12#5,T13#4,T14#3,T15#2,T16>group(App<F,T1#16>,App<F,T2#15>,App<F,T3#14>,App<F,T4#13>,App<F,T5#12>,App<F,T6#11>,App<F,T7#10>,App<F,T8#9>,App<F,T9#8>,App<F,T10#7>,App<F,T11#6>,App<F,T12#5>,App<F,T13#4>,App<F,T14#3>,App<F,T15#2>,App<F,T16>)
    T12#5 extends Object declared in method <T1#16,T2#15,T3#14,T4#13,T5#12,T6#11,T7#10,T8#9,T9#8,T10#7,T11#6,T12#5,T13#4,T14#3,T15#2,T16>group(App<F,T1#16>,App<F,T2#15>,App<F,T3#14>,App<F,T4#13>,App<F,T5#12>,App<F,T6#11>,App<F,T7#10>,App<F,T8#9>,App<F,T9#8>,App<F,T10#7>,App<F,T11#6>,App<F,T12#5>,App<F,T13#4>,App<F,T14#3>,App<F,T15#2>,App<F,T16>)
    T13#4 extends Object declared in method <T1#16,T2#15,T3#14,T4#13,T5#12,T6#11,T7#10,T8#9,T9#8,T10#7,T11#6,T12#5,T13#4,T14#3,T15#2,T16>group(App<F,T1#16>,App<F,T2#15>,App<F,T3#14>,App<F,T4#13>,App<F,T5#12>,App<F,T6#11>,App<F,T7#10>,App<F,T8#9>,App<F,T9#8>,App<F,T10#7>,App<F,T11#6>,App<F,T12#5>,App<F,T13#4>,App<F,T14#3>,App<F,T15#2>,App<F,T16>)
    T14#3 extends Object declared in method <T1#16,T2#15,T3#14,T4#13,T5#12,T6#11,T7#10,T8#9,T9#8,T10#7,T11#6,T12#5,T13#4,T14#3,T15#2,T16>group(App<F,T1#16>,App<F,T2#15>,App<F,T3#14>,App<F,T4#13>,App<F,T5#12>,App<F,T6#11>,App<F,T7#10>,App<F,T8#9>,App<F,T9#8>,App<F,T10#7>,App<F,T11#6>,App<F,T12#5>,App<F,T13#4>,App<F,T14#3>,App<F,T15#2>,App<F,T16>)
    T15#2 extends Object declared in method <T1#16,T2#15,T3#14,T4#13,T5#12,T6#11,T7#10,T8#9,T9#8,T10#7,T11#6,T12#5,T13#4,T14#3,T15#2,T16>group(App<F,T1#16>,App<F,T2#15>,App<F,T3#14>,App<F,T4#13>,App<F,T5#12>,App<F,T6#11>,App<F,T7#10>,App<F,T8#9>,App<F,T9#8>,App<F,T10#7>,App<F,T11#6>,App<F,T12#5>,App<F,T13#4>,App<F,T14#3>,App<F,T15#2>,App<F,T16>)
    T16 extends Object declared in method <T1#16,T2#15,T3#14,T4#13,T5#12,T6#11,T7#10,T8#9,T9#8,T10#7,T11#6,T12#5,T13#4,T14#3,T15#2,T16>group(App<F,T1#16>,App<F,T2#15>,App<F,T3#14>,App<F,T4#13>,App<F,T5#12>,App<F,T6#11>,App<F,T7#10>,App<F,T8#9>,App<F,T9#8>,App<F,T10#7>,App<F,T11#6>,App<F,T12#5>,App<F,T13#4>,App<F,T14#3>,App<F,T15#2>,App<F,T16>)
/home/runner/work/TaCZ_Refabricated_Unofficial/TaCZ_Refabricated_Unofficial/src/main/java/cn/sh1rocu/tacz/industry/api/feed/BeltData.java:64: error: incompatible types: invalid method reference
    ).validate(BeltData::validateShape);
               ^
    incompatible types: Object cannot be converted to BeltData
/home/runner/work/TaCZ_Refabricated_Unofficial/TaCZ_Refabricated_Unofficial/src/main/java/cn/sh1rocu/tacz/industry/api/feed/BoxMagazineData.java:40: error: no suitable method found for group(RecordCodecBuilder<BoxMagazineData,Identifier>,RecordCodecBuilder<BoxMagazineData,Integer>,RecordCodecBuilder<BoxMagazineData,List<LoadedRound>>,RecordCodecBuilder<BoxMagazineData,Float>,RecordCodecBuilder<BoxMagazineData,Float>)
            instance -> instance.group(
                                ^
    method Kind1.<T1#1>group(App<Mu<Object>,T1#1>) is not applicable
      (cannot infer type-variable(s) T1#1
        (actual and formal argument lists differ in length))
    method Kind1.<T1#2,T2#1>group(App<Mu<Object>,T1#2>,App<Mu<Object>,T2#1>) is not applicable
      (cannot infer type-variable(s) T1#2,T2#1
        (actual and formal argument lists differ in length))
    method Kind1.<T1#3,T2#2,T3#1>group(App<Mu<Object>,T1#3>,App<Mu<Object>,T2#2>,App<Mu<Object>,T3#1>) is not applicable
      (cannot infer type-variable(s) T1#3,T2#2,T3#1
        (actual and formal argument lists differ in length))
    method Kind1.<T1#4,T2#3,T3#2,T4#1>group(App<Mu<Object>,T1#4>,App<Mu<Object>,T2#3>,App<Mu<Object>,T3#2>,App<Mu<Object>,T4#1>) is not applicable
      (cannot infer type-variable(s) T1#4,T2#3,T3#2,T4#1
        (actual and formal argument lists differ in length))
    method Kind1.<T1#5,T2#4,T3#3,T4#2,T5#1>group(App<Mu<Object>,T1#5>,App<Mu<Object>,T2#4>,App<Mu<Object>,T3#3>,App<Mu<Object>,T4#2>,App<Mu<Object>,T5#1>) is not applicable
      (inference variable O has incompatible bounds
        equality constraints: Object
        upper bounds: Object,BoxMagazineData)
    method Kind1.<T1#6,T2#5,T3#4,T4#3,T5#2,T6#1>group(App<Mu<Object>,T1#6>,App<Mu<Object>,T2#5>,App<Mu<Object>,T3#4>,App<Mu<Object>,T4#3>,App<Mu<Object>,T5#2>,App<Mu<Object>,T6#1>) is not applicable
      (cannot infer type-variable(s) T1#6,T2#5,T3#4,T4#3,T5#2,T6#1
        (actual and formal argument lists differ in length))
    method Kind1.<T1#7,T2#6,T3#5,T4#4,T5#3,T6#2,T7#1>group(App<Mu<Object>,T1#7>,App<Mu<Object>,T2#6>,App<Mu<Object>,T3#5>,App<Mu<Object>,T4#4>,App<Mu<Object>,T5#3>,App<Mu<Object>,T6#2>,App<Mu<Object>,T7#1>) is not applicable
      (cannot infer type-variable(s) T1#7,T2#6,T3#5,T4#4,T5#3,T6#2,T7#1
        (actual and formal argument lists differ in length))
    method Kind1.<T1#8,T2#7,T3#6,T4#5,T5#4,T6#3,T7#2,T8#1>group(App<Mu<Object>,T1#8>,App<Mu<Object>,T2#7>,App<Mu<Object>,T3#6>,App<Mu<Object>,T4#5>,App<Mu<Object>,T5#4>,App<Mu<Object>,T6#3>,App<Mu<Object>,T7#2>,App<Mu<Object>,T8#1>) is not applicable
      (cannot infer type-variable(s) T1#8,T2#7,T3#6,T4#5,T5#4,T6#3,T7#2,T8#1
        (actual and formal argument lists differ in length))
    method Kind1.<T1#9,T2#8,T3#7,T4#6,T5#5,T6#4,T7#3,T8#2,T9#1>group(App<Mu<Object>,T1#9>,App<Mu<Object>,T2#8>,App<Mu<Object>,T3#7>,App<Mu<Object>,T4#6>,App<Mu<Object>,T5#5>,App<Mu<Object>,T6#4>,App<Mu<Object>,T7#3>,App<Mu<Object>,T8#2>,App<Mu<Object>,T9#1>) is not applicable
      (cannot infer type-variable(s) T1#9,T2#8,T3#7,T4#6,T5#5,T6#4,T7#3,T8#2,T9#1
        (actual and formal argument lists differ in length))
    method Kind1.<T1#10,T2#9,T3#8,T4#7,T5#6,T6#5,T7#4,T8#3,T9#2,T10#1>group(App<Mu<Object>,T1#10>,App<Mu<Object>,T2#9>,App<Mu<Object>,T3#8>,App<Mu<Object>,T4#7>,App<Mu<Object>,T5#6>,App<Mu<Object>,T6#5>,App<Mu<Object>,T7#4>,App<Mu<Object>,T8#3>,App<Mu<Object>,T9#2>,App<Mu<Object>,T10#1>) is not applicable
      (cannot infer type-variable(s) T1#10,T2#9,T3#8,T4#7,T5#6,T6#5,T7#4,T8#3,T9#2,T10#1
        (actual and formal argument lists differ in length))
    method Kind1.<T1#11,T2#10,T3#9,T4#8,T5#7,T6#6,T7#5,T8#4,T9#3,T10#2,T11#1>group(App<Mu<Object>,T1#11>,App<Mu<Object>,T2#10>,App<Mu<Object>,T3#9>,App<Mu<Object>,T4#8>,App<Mu<Object>,T5#7>,App<Mu<Object>,T6#6>,App<Mu<Object>,T7#5>,App<Mu<Object>,T8#4>,App<Mu<Object>,T9#3>,App<Mu<Object>,T10#2>,App<Mu<Object>,T11#1>) is not applicable
      (cannot infer type-variable(s) T1#11,T2#10,T3#9,T4#8,T5#7,T6#6,T7#5,T8#4,T9#3,T10#2,T11#1
        (actual and formal argument lists differ in length))
    method Kind1.<T1#12,T2#11,T3#10,T4#9,T5#8,T6#7,T7#6,T8#5,T9#4,T10#3,T11#2,T12#1>group(App<Mu<Object>,T1#12>,App<Mu<Object>,T2#11>,App<Mu<Object>,T3#10>,App<Mu<Object>,T4#9>,App<Mu<Object>,T5#8>,App<Mu<Object>,T6#7>,App<Mu<Object>,T7#6>,App<Mu<Object>,T8#5>,App<Mu<Object>,T9#4>,App<Mu<Object>,T10#3>,App<Mu<Object>,T11#2>,App<Mu<Object>,T12#1>) is not applicable
      (cannot infer type-variable(s) T1#12,T2#11,T3#10,T4#9,T5#8,T6#7,T7#6,T8#5,T9#4,T10#3,T11#2,T12#1
        (actual and formal argument lists differ in length))
    method Kind1.<T1#13,T2#12,T3#11,T4#10,T5#9,T6#8,T7#7,T8#6,T9#5,T10#4,T11#3,T12#2,T13#1>group(App<Mu<Object>,T1#13>,App<Mu<Object>,T2#12>,App<Mu<Object>,T3#11>,App<Mu<Object>,T4#10>,App<Mu<Object>,T5#9>,App<Mu<Object>,T6#8>,App<Mu<Object>,T7#7>,App<Mu<Object>,T8#6>,App<Mu<Object>,T9#5>,App<Mu<Object>,T10#4>,App<Mu<Object>,T11#3>,App<Mu<Object>,T12#2>,App<Mu<Object>,T13#1>) is not applicable
      (cannot infer type-variable(s) T1#13,T2#12,T3#11,T4#10,T5#9,T6#8,T7#7,T8#6,T9#5,T10#4,T11#3,T12#2,T13#1
        (actual and formal argument lists differ in length))
    method Kind1.<T1#14,T2#13,T3#12,T4#11,T5#10,T6#9,T7#8,T8#7,T9#6,T10#5,T11#4,T12#3,T13#2,T14#1>group(App<Mu<Object>,T1#14>,App<Mu<Object>,T2#13>,App<Mu<Object>,T3#12>,App<Mu<Object>,T4#11>,App<Mu<Object>,T5#10>,App<Mu<Object>,T6#9>,App<Mu<Object>,T7#8>,App<Mu<Object>,T8#7>,App<Mu<Object>,T9#6>,App<Mu<Object>,T10#5>,App<Mu<Object>,T11#4>,App<Mu<Object>,T12#3>,App<Mu<Object>,T13#2>,App<Mu<Object>,T14#1>) is not applicable
      (cannot infer type-variable(s) T1#14,T2#13,T3#12,T4#11,T5#10,T6#9,T7#8,T8#7,T9#6,T10#5,T11#4,T12#3,T13#2,T14#1
        (actual and formal argument lists differ in length))
    method Kind1.<T1#15,T2#14,T3#13,T4#12,T5#11,T6#10,T7#9,T8#8,T9#7,T10#6,T11#5,T12#4,T13#3,T14#2,T15#1>group(App<Mu<Object>,T1#15>,App<Mu<Object>,T2#14>,App<Mu<Object>,T3#13>,App<Mu<Object>,T4#12>,App<Mu<Object>,T5#11>,App<Mu<Object>,T6#10>,App<Mu<Object>,T7#9>,App<Mu<Object>,T8#8>,App<Mu<Object>,T9#7>,App<Mu<Object>,T10#6>,App<Mu<Object>,T11#5>,App<Mu<Object>,T12#4>,App<Mu<Object>,T13#3>,App<Mu<Object>,T14#2>,App<Mu<Object>,T15#1>) is not applicable
      (cannot infer type-variable(s) T1#15,T2#14,T3#13,T4#12,T5#11,T6#10,T7#9,T8#8,T9#7,T10#6,T11#5,T12#4,T13#3,T14#2,T15#1
        (actual and formal argument lists differ in length))
    method Kind1.<T1#16,T2#15,T3#14,T4#13,T5#12,T6#11,T7#10,T8#9,T9#8,T10#7,T11#6,T12#5,T13#4,T14#3,T15#2,T16>group(App<Mu<Object>,T1#16>,App<Mu<Object>,T2#15>,App<Mu<Object>,T3#14>,App<Mu<Object>,T4#13>,App<Mu<Object>,T5#12>,App<Mu<Object>,T6#11>,App<Mu<Object>,T7#10>,App<Mu<Object>,T8#9>,App<Mu<Object>,T9#8>,App<Mu<Object>,T10#7>,App<Mu<Object>,T11#6>,App<Mu<Object>,T12#5>,App<Mu<Object>,T13#4>,App<Mu<Object>,T14#3>,App<Mu<Object>,T15#2>,App<Mu<Object>,T16>) is not applicable
      (cannot infer type-variable(s) T1#16,T2#15,T3#14,T4#13,T5#12,T6#11,T7#10,T8#9,T9#8,T10#7,T11#6,T12#5,T13#4,T14#3,T15#2,T16
        (actual and formal argument lists differ in length))
  where T1#1,F,T1#2,T2#1,T1#3,T2#2,T3#1,T1#4,T2#3,T3#2,T4#1,T1#5,T2#4,T3#3,T4#2,T5#1,O,A,T1#6,T2#5,T3#4,T4#3,T5#2,T6#1,T1#7,T2#6,T3#5,T4#4,T5#3,T6#2,T7#1,T1#8,T2#7,T3#6,T4#5,T5#4,T6#3,T7#2,T8#1,T1#9,T2#8,T3#7,T4#6,T5#5,T6#4,T7#3,T8#2,T9#1,T1#10,T2#9,T3#8,T4#7,T5#6,T6#5,T7#4,T8#3,T9#2,T10#1,T1#11,T2#10,T3#9,T4#8,T5#7,T6#6,T7#5,T8#4,T9#3,T10#2,T11#1,T1#12,T2#11,T3#10,T4#9,T5#8,T6#7,T7#6,T8#5,T9#4,T10#3,T11#2,T12#1,T1#13,T2#12,T3#11,T4#10,T5#9,T6#8,T7#7,T8#6,T9#5,T10#4,T11#3,T12#2,T13#1,T1#14,T2#13,T3#12,T4#11,T5#10,T6#9,T7#8,T8#7,T9#6,T10#5,T11#4,T12#3,T13#2,T14#1,T1#15,T2#14,T3#13,T4#12,T5#11,T6#10,T7#9,T8#8,T9#7,T10#6,T11#5,T12#4,T13#3,T14#2,T15#1,T1#16,T2#15,T3#14,T4#13,T5#12,T6#11,T7#10,T8#9,T9#8,T10#7,T11#6,T12#5,T13#4,T14#3,T15#2,T16 are type-variables:
    T1#1 extends Object declared in method <T1#1>group(App<F,T1#1>)
    F extends K1 declared in interface Kind1
    T1#2 extends Object declared in method <T1#2,T2#1>group(App<F,T1#2>,App<F,T2#1>)
    T2#1 extends Object declared in method <T1#2,T2#1>group(App<F,T1#2>,App<F,T2#1>)
    T1#3 extends Object declared in method <T1#3,T2#2,T3#1>group(App<F,T1#3>,App<F,T2#2>,App<F,T3#1>)
    T2#2 extends Object declared in method <T1#3,T2#2,T3#1>group(App<F,T1#3>,App<F,T2#2>,App<F,T3#1>)
    T3#1 extends Object declared in method <T1#3,T2#2,T3#1>group(App<F,T1#3>,App<F,T2#2>,App<F,T3#1>)
    T1#4 extends Object declared in method <T1#4,T2#3,T3#2,T4#1>group(App<F,T1#4>,App<F,T2#3>,App<F,T3#2>,App<F,T4#1>)
    T2#3 extends Object declared in method <T1#4,T2#3,T3#2,T4#1>group(App<F,T1#4>,App<F,T2#3>,App<F,T3#2>,App<F,T4#1>)
    T3#2 extends Object declared in method <T1#4,T2#3,T3#2,T4#1>group(App<F,T1#4>,App<F,T2#3>,App<F,T3#2>,App<F,T4#1>)
    T4#1 extends Object declared in method <T1#4,T2#3,T3#2,T4#1>group(App<F,T1#4>,App<F,T2#3>,App<F,T3#2>,App<F,T4#1>)
    T1#5 extends Object declared in method <T1#5,T2#4,T3#3,T4#2,T5#1>group(App<F,T1#5>,App<F,T2#4>,App<F,T3#3>,App<F,T4#2>,App<F,T5#1>)
    T2#4 extends Object declared in method <T1#5,T2#4,T3#3,T4#2,T5#1>group(App<F,T1#5>,App<F,T2#4>,App<F,T3#3>,App<F,T4#2>,App<F,T5#1>)
    T3#3 extends Object declared in method <T1#5,T2#4,T3#3,T4#2,T5#1>group(App<F,T1#5>,App<F,T2#4>,App<F,T3#3>,App<F,T4#2>,App<F,T5#1>)
    T4#2 extends Object declared in method <T1#5,T2#4,T3#3,T4#2,T5#1>group(App<F,T1#5>,App<F,T2#4>,App<F,T3#3>,App<F,T4#2>,App<F,T5#1>)
    T5#1 extends Object declared in method <T1#5,T2#4,T3#3,T4#2,T5#1>group(App<F,T1#5>,App<F,T2#4>,App<F,T3#3>,App<F,T4#2>,App<F,T5#1>)
    O extends Object declared in method <O>forGetter(Function<O,A>)
    A extends Object declared in class MapCodec
    T1#6 extends Object declared in method <T1#6,T2#5,T3#4,T4#3,T5#2,T6#1>group(App<F,T1#6>,App<F,T2#5>,App<F,T3#4>,App<F,T4#3>,App<F,T5#2>,App<F,T6#1>)
    T2#5 extends Object declared in method <T1#6,T2#5,T3#4,T4#3,T5#2,T6#1>group(App<F,T1#6>,App<F,T2#5>,App<F,T3#4>,App<F,T4#3>,App<F,T5#2>,App<F,T6#1>)
    T3#4 extends Object declared in method <T1#6,T2#5,T3#4,T4#3,T5#2,T6#1>group(App<F,T1#6>,App<F,T2#5>,App<F,T3#4>,App<F,T4#3>,App<F,T5#2>,App<F,T6#1>)
    T4#3 extends Object declared in method <T1#6,T2#5,T3#4,T4#3,T5#2,T6#1>group(App<F,T1#6>,App<F,T2#5>,App<F,T3#4>,App<F,T4#3>,App<F,T5#2>,App<F,T6#1>)
    T5#2 extends Object declared in method <T1#6,T2#5,T3#4,T4#3,T5#2,T6#1>group(App<F,T1#6>,App<F,T2#5>,App<F,T3#4>,App<F,T4#3>,App<F,T5#2>,App<F,T6#1>)
    T6#1 extends Object declared in method <T1#6,T2#5,T3#4,T4#3,T5#2,T6#1>group(App<F,T1#6>,App<F,T2#5>,App<F,T3#4>,App<F,T4#3>,App<F,T5#2>,App<F,T6#1>)
    T1#7 extends Object declared in method <T1#7,T2#6,T3#5,T4#4,T5#3,T6#2,T7#1>group(App<F,T1#7>,App<F,T2#6>,App<F,T3#5>,App<F,T4#4>,App<F,T5#3>,App<F,T6#2>,App<F,T7#1>)
    T2#6 extends Object declared in method <T1#7,T2#6,T3#5,T4#4,T5#3,T6#2,T7#1>group(App<F,T1#7>,App<F,T2#6>,App<F,T3#5>,App<F,T4#4>,App<F,T5#3>,App<F,T6#2>,App<F,T7#1>)
    T3#5 extends Object declared in method <T1#7,T2#6,T3#5,T4#4,T5#3,T6#2,T7#1>group(App<F,T1#7>,App<F,T2#6>,App<F,T3#5>,App<F,T4#4>,App<F,T5#3>,App<F,T6#2>,App<F,T7#1>)
    T4#4 extends Object declared in method <T1#7,T2#6,T3#5,T4#4,T5#3,T6#2,T7#1>group(App<F,T1#7>,App<F,T2#6>,App<F,T3#5>,App<F,T4#4>,App<F,T5#3>,App<F,T6#2>,App<F,T7#1>)
    T5#3 extends Object declared in method <T1#7,T2#6,T3#5,T4#4,T5#3,T6#2,T7#1>group(App<F,T1#7>,App<F,T2#6>,App<F,T3#5>,App<F,T4#4>,App<F,T5#3>,App<F,T6#2>,App<F,T7#1>)
    T6#2 extends Object declared in method <T1#7,T2#6,T3#5,T4#4,T5#3,T6#2,T7#1>group(App<F,T1#7>,App<F,T2#6>,App<F,T3#5>,App<F,T4#4>,App<F,T5#3>,App<F,T6#2>,App<F,T7#1>)
    T7#1 extends Object declared in method <T1#7,T2#6,T3#5,T4#4,T5#3,T6#2,T7#1>group(App<F,T1#7>,App<F,T2#6>,App<F,T3#5>,App<F,T4#4>,App<F,T5#3>,App<F,T6#2>,App<F,T7#1>)
    T1#8 extends Object declared in method <T1#8,T2#7,T3#6,T4#5,T5#4,T6#3,T7#2,T8#1>group(App<F,T1#8>,App<F,T2#7>,App<F,T3#6>,App<F,T4#5>,App<F,T5#4>,App<F,T6#3>,App<F,T7#2>,App<F,T8#1>)
    T2#7 extends Object declared in method <T1#8,T2#7,T3#6,T4#5,T5#4,T6#3,T7#2,T8#1>group(App<F,T1#8>,App<F,T2#7>,App<F,T3#6>,App<F,T4#5>,App<F,T5#4>,App<F,T6#3>,App<F,T7#2>,App<F,T8#1>)
    T3#6 extends Object declared in method <T1#8,T2#7,T3#6,T4#5,T5#4,T6#3,T7#2,T8#1>group(App<F,T1#8>,App<F,T2#7>,App<F,T3#6>,App<F,T4#5>,App<F,T5#4>,App<F,T6#3>,App<F,T7#2>,App<F,T8#1>)
    T4#5 extends Object declared in method <T1#8,T2#7,T3#6,T4#5,T5#4,T6#3,T7#2,T8#1>group(App<F,T1#8>,App<F,T2#7>,App<F,T3#6>,App<F,T4#5>,App<F,T5#4>,App<F,T6#3>,App<F,T7#2>,App<F,T8#1>)
    T5#4 extends Object declared in method <T1#8,T2#7,T3#6,T4#5,T5#4,T6#3,T7#2,T8#1>group(App<F,T1#8>,App<F,T2#7>,App<F,T3#6>,App<F,T4#5>,App<F,T5#4>,App<F,T6#3>,App<F,T7#2>,App<F,T8#1>)
    T6#3 extends Object declared in method <T1#8,T2#7,T3#6,T4#5,T5#4,T6#3,T7#2,T8#1>group(App<F,T1#8>,App<F,T2#7>,App<F,T3#6>,App<F,T4#5>,App<F,T5#4>,App<F,T6#3>,App<F,T7#2>,App<F,T8#1>)
    T7#2 extends Object declared in method <T1#8,T2#7,T3#6,T4#5,T5#4,T6#3,T7#2,T8#1>group(App<F,T1#8>,App<F,T2#7>,App<F,T3#6>,App<F,T4#5>,App<F,T5#4>,App<F,T6#3>,App<F,T7#2>,App<F,T8#1>)
    T8#1 extends Object declared in method <T1#8,T2#7,T3#6,T4#5,T5#4,T6#3,T7#2,T8#1>group(App<F,T1#8>,App<F,T2#7>,App<F,T3#6>,App<F,T4#5>,App<F,T5#4>,App<F,T6#3>,App<F,T7#2>,App<F,T8#1>)
    T1#9 extends Object declared in method <T1#9,T2#8,T3#7,T4#6,T5#5,T6#4,T7#3,T8#2,T9#1>group(App<F,T1#9>,App<F,T2#8>,App<F,T3#7>,App<F,T4#6>,App<F,T5#5>,App<F,T6#4>,App<F,T7#3>,App<F,T8#2>,App<F,T9#1>)
    T2#8 extends Object declared in method <T1#9,T2#8,T3#7,T4#6,T5#5,T6#4,T7#3,T8#2,T9#1>group(App<F,T1#9>,App<F,T2#8>,App<F,T3#7>,App<F,T4#6>,App<F,T5#5>,App<F,T6#4>,App<F,T7#3>,App<F,T8#2>,App<F,T9#1>)
    T3#7 extends Object declared in method <T1#9,T2#8,T3#7,T4#6,T5#5,T6#4,T7#3,T8#2,T9#1>group(App<F,T1#9>,App<F,T2#8>,App<F,T3#7>,App<F,T4#6>,App<F,T5#5>,App<F,T6#4>,App<F,T7#3>,App<F,T8#2>,App<F,T9#1>)
    T4#6 extends Object declared in method <T1#9,T2#8,T3#7,T4#6,T5#5,T6#4,T7#3,T8#2,T9#1>group(App<F,T1#9>,App<F,T2#8>,App<F,T3#7>,App<F,T4#6>,App<F,T5#5>,App<F,T6#4>,App<F,T7#3>,App<F,T8#2>,App<F,T9#1>)
    T5#5 extends Object declared in method <T1#9,T2#8,T3#7,T4#6,T5#5,T6#4,T7#3,T8#2,T9#1>group(App<F,T1#9>,App<F,T2#8>,App<F,T3#7>,App<F,T4#6>,App<F,T5#5>,App<F,T6#4>,App<F,T7#3>,App<F,T8#2>,App<F,T9#1>)
    T6#4 extends Object declared in method <T1#9,T2#8,T3#7,T4#6,T5#5,T6#4,T7#3,T8#2,T9#1>group(App<F,T1#9>,App<F,T2#8>,App<F,T3#7>,App<F,T4#6>,App<F,T5#5>,App<F,T6#4>,App<F,T7#3>,App<F,T8#2>,App<F,T9#1>)
    T7#3 extends Object declared in method <T1#9,T2#8,T3#7,T4#6,T5#5,T6#4,T7#3,T8#2,T9#1>group(App<F,T1#9>,App<F,T2#8>,App<F,T3#7>,App<F,T4#6>,App<F,T5#5>,App<F,T6#4>,App<F,T7#3>,App<F,T8#2>,App<F,T9#1>)
    T8#2 extends Object declared in method <T1#9,T2#8,T3#7,T4#6,T5#5,T6#4,T7#3,T8#2,T9#1>group(App<F,T1#9>,App<F,T2#8>,App<F,T3#7>,App<F,T4#6>,App<F,T5#5>,App<F,T6#4>,App<F,T7#3>,App<F,T8#2>,App<F,T9#1>)
    T9#1 extends Object declared in method <T1#9,T2#8,T3#7,T4#6,T5#5,T6#4,T7#3,T8#2,T9#1>group(App<F,T1#9>,App<F,T2#8>,App<F,T3#7>,App<F,T4#6>,App<F,T5#5>,App<F,T6#4>,App<F,T7#3>,App<F,T8#2>,App<F,T9#1>)
    T1#10 extends Object declared in method <T1#10,T2#9,T3#8,T4#7,T5#6,T6#5,T7#4,T8#3,T9#2,T10#1>group(App<F,T1#10>,App<F,T2#9>,App<F,T3#8>,App<F,T4#7>,App<F,T5#6>,App<F,T6#5>,App<F,T7#4>,App<F,T8#3>,App<F,T9#2>,App<F,T10#1>)
    T2#9 extends Object declared in method <T1#10,T2#9,T3#8,T4#7,T5#6,T6#5,T7#4,T8#3,T9#2,T10#1>group(App<F,T1#10>,App<F,T2#9>,App<F,T3#8>,App<F,T4#7>,App<F,T5#6>,App<F,T6#5>,App<F,T7#4>,App<F,T8#3>,App<F,T9#2>,App<F,T10#1>)
    T3#8 extends Object declared in method <T1#10,T2#9,T3#8,T4#7,T5#6,T6#5,T7#4,T8#3,T9#2,T10#1>group(App<F,T1#10>,App<F,T2#9>,App<F,T3#8>,App<F,T4#7>,App<F,T5#6>,App<F,T6#5>,App<F,T7#4>,App<F,T8#3>,App<F,T9#2>,App<F,T10#1>)
    T4#7 extends Object declared in method <T1#10,T2#9,T3#8,T4#7,T5#6,T6#5,T7#4,T8#3,T9#2,T10#1>group(App<F,T1#10>,App<F,T2#9>,App<F,T3#8>,App<F,T4#7>,App<F,T5#6>,App<F,T6#5>,App<F,T7#4>,App<F,T8#3>,App<F,T9#2>,App<F,T10#1>)
    T5#6 extends Object declared in method <T1#10,T2#9,T3#8,T4#7,T5#6,T6#5,T7#4,T8#3,T9#2,T10#1>group(App<F,T1#10>,App<F,T2#9>,App<F,T3#8>,App<F,T4#7>,App<F,T5#6>,App<F,T6#5>,App<F,T7#4>,App<F,T8#3>,App<F,T9#2>,App<F,T10#1>)
    T6#5 extends Object declared in method <T1#10,T2#9,T3#8,T4#7,T5#6,T6#5,T7#4,T8#3,T9#2,T10#1>group(App<F,T1#10>,App<F,T2#9>,App<F,T3#8>,App<F,T4#7>,App<F,T5#6>,App<F,T6#5>,App<F,T7#4>,App<F,T8#3>,App<F,T9#2>,App<F,T10#1>)
    T7#4 extends Object declared in method <T1#10,T2#9,T3#8,T4#7,T5#6,T6#5,T7#4,T8#3,T9#2,T10#1>group(App<F,T1#10>,App<F,T2#9>,App<F,T3#8>,App<F,T4#7>,App<F,T5#6>,App<F,T6#5>,App<F,T7#4>,App<F,T8#3>,App<F,T9#2>,App<F,T10#1>)
    T8#3 extends Object declared in method <T1#10,T2#9,T3#8,T4#7,T5#6,T6#5,T7#4,T8#3,T9#2,T10#1>group(App<F,T1#10>,App<F,T2#9>,App<F,T3#8>,App<F,T4#7>,App<F,T5#6>,App<F,T6#5>,App<F,T7#4>,App<F,T8#3>,App<F,T9#2>,App<F,T10#1>)
    T9#2 extends Object declared in method <T1#10,T2#9,T3#8,T4#7,T5#6,T6#5,T7#4,T8#3,T9#2,T10#1>group(App<F,T1#10>,App<F,T2#9>,App<F,T3#8>,App<F,T4#7>,App<F,T5#6>,App<F,T6#5>,App<F,T7#4>,App<F,T8#3>,App<F,T9#2>,App<F,T10#1>)
    T10#1 extends Object declared in method <T1#10,T2#9,T3#8,T4#7,T5#6,T6#5,T7#4,T8#3,T9#2,T10#1>group(App<F,T1#10>,App<F,T2#9>,App<F,T3#8>,App<F,T4#7>,App<F,T5#6>,App<F,T6#5>,App<F,T7#4>,App<F,T8#3>,App<F,T9#2>,App<F,T10#1>)
    T1#11 extends Object declared in method <T1#11,T2#10,T3#9,T4#8,T5#7,T6#6,T7#5,T8#4,T9#3,T10#2,T11#1>group(App<F,T1#11>,App<F,T2#10>,App<F,T3#9>,App<F,T4#8>,App<F,T5#7>,App<F,T6#6>,App<F,T7#5>,App<F,T8#4>,App<F,T9#3>,App<F,T10#2>,App<F,T11#1>)
    T2#10 extends Object declared in method <T1#11,T2#10,T3#9,T4#8,T5#7,T6#6,T7#5,T8#4,T9#3,T10#2,T11#1>group(App<F,T1#11>,App<F,T2#10>,App<F,T3#9>,App<F,T4#8>,App<F,T5#7>,App<F,T6#6>,App<F,T7#5>,App<F,T8#4>,App<F,T9#3>,App<F,T10#2>,App<F,T11#1>)
    T3#9 extends Object declared in method <T1#11,T2#10,T3#9,T4#8,T5#7,T6#6,T7#5,T8#4,T9#3,T10#2,T11#1>group(App<F,T1#11>,App<F,T2#10>,App<F,T3#9>,App<F,T4#8>,App<F,T5#7>,App<F,T6#6>,App<F,T7#5>,App<F,T8#4>,App<F,T9#3>,App<F,T10#2>,App<F,T11#1>)
    T4#8 extends Object declared in method <T1#11,T2#10,T3#9,T4#8,T5#7,T6#6,T7#5,T8#4,T9#3,T10#2,T11#1>group(App<F,T1#11>,App<F,T2#10>,App<F,T3#9>,App<F,T4#8>,App<F,T5#7>,App<F,T6#6>,App<F,T7#5>,App<F,T8#4>,App<F,T9#3>,App<F,T10#2>,App<F,T11#1>)
    T5#7 extends Object declared in method <T1#11,T2#10,T3#9,T4#8,T5#7,T6#6,T7#5,T8#4,T9#3,T10#2,T11#1>group(App<F,T1#11>,App<F,T2#10>,App<F,T3#9>,App<F,T4#8>,App<F,T5#7>,App<F,T6#6>,App<F,T7#5>,App<F,T8#4>,App<F,T9#3>,App<F,T10#2>,App<F,T11#1>)
    T6#6 extends Object declared in method <T1#11,T2#10,T3#9,T4#8,T5#7,T6#6,T7#5,T8#4,T9#3,T10#2,T11#1>group(App<F,T1#11>,App<F,T2#10>,App<F,T3#9>,App<F,T4#8>,App<F,T5#7>,App<F,T6#6>,App<F,T7#5>,App<F,T8#4>,App<F,T9#3>,App<F,T10#2>,App<F,T11#1>)
    T7#5 extends Object declared in method <T1#11,T2#10,T3#9,T4#8,T5#7,T6#6,T7#5,T8#4,T9#3,T10#2,T11#1>group(App<F,T1#11>,App<F,T2#10>,App<F,T3#9>,App<F,T4#8>,App<F,T5#7>,App<F,T6#6>,App<F,T7#5>,App<F,T8#4>,App<F,T9#3>,App<F,T10#2>,App<F,T11#1>)
    T8#4 extends Object declared in method <T1#11,T2#10,T3#9,T4#8,T5#7,T6#6,T7#5,T8#4,T9#3,T10#2,T11#1>group(App<F,T1#11>,App<F,T2#10>,App<F,T3#9>,App<F,T4#8>,App<F,T5#7>,App<F,T6#6>,App<F,T7#5>,App<F,T8#4>,App<F,T9#3>,App<F,T10#2>,App<F,T11#1>)
    T9#3 extends Object declared in method <T1#11,T2#10,T3#9,T4#8,T5#7,T6#6,T7#5,T8#4,T9#3,T10#2,T11#1>group(App<F,T1#11>,App<F,T2#10>,App<F,T3#9>,App<F,T4#8>,App<F,T5#7>,App<F,T6#6>,App<F,T7#5>,App<F,T8#4>,App<F,T9#3>,App<F,T10#2>,App<F,T11#1>)
    T10#2 extends Object declared in method <T1#11,T2#10,T3#9,T4#8,T5#7,T6#6,T7#5,T8#4,T9#3,T10#2,T11#1>group(App<F,T1#11>,App<F,T2#10>,App<F,T3#9>,App<F,T4#8>,App<F,T5#7>,App<F,T6#6>,App<F,T7#5>,App<F,T8#4>,App<F,T9#3>,App<F,T10#2>,App<F,T11#1>)
    T11#1 extends Object declared in method <T1#11,T2#10,T3#9,T4#8,T5#7,T6#6,T7#5,T8#4,T9#3,T10#2,T11#1>group(App<F,T1#11>,App<F,T2#10>,App<F,T3#9>,App<F,T4#8>,App<F,T5#7>,App<F,T6#6>,App<F,T7#5>,App<F,T8#4>,App<F,T9#3>,App<F,T10#2>,App<F,T11#1>)
    T1#12 extends Object declared in method <T1#12,T2#11,T3#10,T4#9,T5#8,T6#7,T7#6,T8#5,T9#4,T10#3,T11#2,T12#1>group(App<F,T1#12>,App<F,T2#11>,App<F,T3#10>,App<F,T4#9>,App<F,T5#8>,App<F,T6#7>,App<F,T7#6>,App<F,T8#5>,App<F,T9#4>,App<F,T10#3>,App<F,T11#2>,App<F,T12#1>)
    T2#11 extends Object declared in method <T1#12,T2#11,T3#10,T4#9,T5#8,T6#7,T7#6,T8#5,T9#4,T10#3,T11#2,T12#1>group(App<F,T1#12>,App<F,T2#11>,App<F,T3#10>,App<F,T4#9>,App<F,T5#8>,App<F,T6#7>,App<F,T7#6>,App<F,T8#5>,App<F,T9#4>,App<F,T10#3>,App<F,T11#2>,App<F,T12#1>)
    T3#10 extends Object declared in method <T1#12,T2#11,T3#10,T4#9,T5#8,T6#7,T7#6,T8#5,T9#4,T10#3,T11#2,T12#1>group(App<F,T1#12>,App<F,T2#11>,App<F,T3#10>,App<F,T4#9>,App<F,T5#8>,App<F,T6#7>,App<F,T7#6>,App<F,T8#5>,App<F,T9#4>,App<F,T10#3>,App<F,T11#2>,App<F,T12#1>)
    T4#9 extends Object declared in method <T1#12,T2#11,T3#10,T4#9,T5#8,T6#7,T7#6,T8#5,T9#4,T10#3,T11#2,T12#1>group(App<F,T1#12>,App<F,T2#11>,App<F,T3#10>,App<F,T4#9>,App<F,T5#8>,App<F,T6#7>,App<F,T7#6>,App<F,T8#5>,App<F,T9#4>,App<F,T10#3>,App<F,T11#2>,App<F,T12#1>)
    T5#8 extends Object declared in method <T1#12,T2#11,T3#10,T4#9,T5#8,T6#7,T7#6,T8#5,T9#4,T10#3,T11#2,T12#1>group(App<F,T1#12>,App<F,T2#11>,App<F,T3#10>,App<F,T4#9>,App<F,T5#8>,App<F,T6#7>,App<F,T7#6>,App<F,T8#5>,App<F,T9#4>,App<F,T10#3>,App<F,T11#2>,App<F,T12#1>)
    T6#7 extends Object declared in method <T1#12,T2#11,T3#10,T4#9,T5#8,T6#7,T7#6,T8#5,T9#4,T10#3,T11#2,T12#1>group(App<F,T1#12>,App<F,T2#11>,App<F,T3#10>,App<F,T4#9>,App<F,T5#8>,App<F,T6#7>,App<F,T7#6>,App<F,T8#5>,App<F,T9#4>,App<F,T10#3>,App<F,T11#2>,App<F,T12#1>)
    T7#6 extends Object declared in method <T1#12,T2#11,T3#10,T4#9,T5#8,T6#7,T7#6,T8#5,T9#4,T10#3,T11#2,T12#1>group(App<F,T1#12>,App<F,T2#11>,App<F,T3#10>,App<F,T4#9>,App<F,T5#8>,App<F,T6#7>,App<F,T7#6>,App<F,T8#5>,App<F,T9#4>,App<F,T10#3>,App<F,T11#2>,App<F,T12#1>)
    T8#5 extends Object declared in method <T1#12,T2#11,T3#10,T4#9,T5#8,T6#7,T7#6,T8#5,T9#4,T10#3,T11#2,T12#1>group(App<F,T1#12>,App<F,T2#11>,App<F,T3#10>,App<F,T4#9>,App<F,T5#8>,App<F,T6#7>,App<F,T7#6>,App<F,T8#5>,App<F,T9#4>,App<F,T10#3>,App<F,T11#2>,App<F,T12#1>)
    T9#4 extends Object declared in method <T1#12,T2#11,T3#10,T4#9,T5#8,T6#7,T7#6,T8#5,T9#4,T10#3,T11#2,T12#1>group(App<F,T1#12>,App<F,T2#11>,App<F,T3#10>,App<F,T4#9>,App<F,T5#8>,App<F,T6#7>,App<F,T7#6>,App<F,T8#5>,App<F,T9#4>,App<F,T10#3>,App<F,T11#2>,App<F,T12#1>)
    T10#3 extends Object declared in method <T1#12,T2#11,T3#10,T4#9,T5#8,T6#7,T7#6,T8#5,T9#4,T10#3,T11#2,T12#1>group(App<F,T1#12>,App<F,T2#11>,App<F,T3#10>,App<F,T4#9>,App<F,T5#8>,App<F,T6#7>,App<F,T7#6>,App<F,T8#5>,App<F,T9#4>,App<F,T10#3>,App<F,T11#2>,App<F,T12#1>)
    T11#2 extends Object declared in method <T1#12,T2#11,T3#10,T4#9,T5#8,T6#7,T7#6,T8#5,T9#4,T10#3,T11#2,T12#1>group(App<F,T1#12>,App<F,T2#11>,App<F,T3#10>,App<F,T4#9>,App<F,T5#8>,App<F,T6#7>,App<F,T7#6>,App<F,T8#5>,App<F,T9#4>,App<F,T10#3>,App<F,T11#2>,App<F,T12#1>)
    T12#1 extends Object declared in method <T1#12,T2#11,T3#10,T4#9,T5#8,T6#7,T7#6,T8#5,T9#4,T10#3,T11#2,T12#1>group(App<F,T1#12>,App<F,T2#11>,App<F,T3#10>,App<F,T4#9>,App<F,T5#8>,App<F,T6#7>,App<F,T7#6>,App<F,T8#5>,App<F,T9#4>,App<F,T10#3>,App<F,T11#2>,App<F,T12#1>)
    T1#13 extends Object declared in method <T1#13,T2#12,T3#11,T4#10,T5#9,T6#8,T7#7,T8#6,T9#5,T10#4,T11#3,T12#2,T13#1>group(App<F,T1#13>,App<F,T2#12>,App<F,T3#11>,App<F,T4#10>,App<F,T5#9>,App<F,T6#8>,App<F,T7#7>,App<F,T8#6>,App<F,T9#5>,App<F,T10#4>,App<F,T11#3>,App<F,T12#2>,App<F,T13#1>)
    T2#12 extends Object declared in method <T1#13,T2#12,T3#11,T4#10,T5#9,T6#8,T7#7,T8#6,T9#5,T10#4,T11#3,T12#2,T13#1>group(App<F,T1#13>,App<F,T2#12>,App<F,T3#11>,App<F,T4#10>,App<F,T5#9>,App<F,T6#8>,App<F,T7#7>,App<F,T8#6>,App<F,T9#5>,App<F,T10#4>,App<F,T11#3>,App<F,T12#2>,App<F,T13#1>)
    T3#11 extends Object declared in method <T1#13,T2#12,T3#11,T4#10,T5#9,T6#8,T7#7,T8#6,T9#5,T10#4,T11#3,T12#2,T13#1>group(App<F,T1#13>,App<F,T2#12>,App<F,T3#11>,App<F,T4#10>,App<F,T5#9>,App<F,T6#8>,App<F,T7#7>,App<F,T8#6>,App<F,T9#5>,App<F,T10#4>,App<F,T11#3>,App<F,T12#2>,App<F,T13#1>)
    T4#10 extends Object declared in method <T1#13,T2#12,T3#11,T4#10,T5#9,T6#8,T7#7,T8#6,T9#5,T10#4,T11#3,T12#2,T13#1>group(App<F,T1#13>,App<F,T2#12>,App<F,T3#11>,App<F,T4#10>,App<F,T5#9>,App<F,T6#8>,App<F,T7#7>,App<F,T8#6>,App<F,T9#5>,App<F,T10#4>,App<F,T11#3>,App<F,T12#2>,App<F,T13#1>)
    T5#9 extends Object declared in method <T1#13,T2#12,T3#11,T4#10,T5#9,T6#8,T7#7,T8#6,T9#5,T10#4,T11#3,T12#2,T13#1>group(App<F,T1#13>,App<F,T2#12>,App<F,T3#11>,App<F,T4#10>,App<F,T5#9>,App<F,T6#8>,App<F,T7#7>,App<F,T8#6>,App<F,T9#5>,App<F,T10#4>,App<F,T11#3>,App<F,T12#2>,App<F,T13#1>)
    T6#8 extends Object declared in method <T1#13,T2#12,T3#11,T4#10,T5#9,T6#8,T7#7,T8#6,T9#5,T10#4,T11#3,T12#2,T13#1>group(App<F,T1#13>,App<F,T2#12>,App<F,T3#11>,App<F,T4#10>,App<F,T5#9>,App<F,T6#8>,App<F,T7#7>,App<F,T8#6>,App<F,T9#5>,App<F,T10#4>,App<F,T11#3>,App<F,T12#2>,App<F,T13#1>)
    T7#7 extends Object declared in method <T1#13,T2#12,T3#11,T4#10,T5#9,T6#8,T7#7,T8#6,T9#5,T10#4,T11#3,T12#2,T13#1>group(App<F,T1#13>,App<F,T2#12>,App<F,T3#11>,App<F,T4#10>,App<F,T5#9>,App<F,T6#8>,App<F,T7#7>,App<F,T8#6>,App<F,T9#5>,App<F,T10#4>,App<F,T11#3>,App<F,T12#2>,App<F,T13#1>)
    T8#6 extends Object declared in method <T1#13,T2#12,T3#11,T4#10,T5#9,T6#8,T7#7,T8#6,T9#5,T10#4,T11#3,T12#2,T13#1>group(App<F,T1#13>,App<F,T2#12>,App<F,T3#11>,App<F,T4#10>,App<F,T5#9>,App<F,T6#8>,App<F,T7#7>,App<F,T8#6>,App<F,T9#5>,App<F,T10#4>,App<F,T11#3>,App<F,T12#2>,App<F,T13#1>)
    T9#5 extends Object declared in method <T1#13,T2#12,T3#11,T4#10,T5#9,T6#8,T7#7,T8#6,T9#5,T10#4,T11#3,T12#2,T13#1>group(App<F,T1#13>,App<F,T2#12>,App<F,T3#11>,App<F,T4#10>,App<F,T5#9>,App<F,T6#8>,App<F,T7#7>,App<F,T8#6>,App<F,T9#5>,App<F,T10#4>,App<F,T11#3>,App<F,T12#2>,App<F,T13#1>)
    T10#4 extends Object declared in method <T1#13,T2#12,T3#11,T4#10,T5#9,T6#8,T7#7,T8#6,T9#5,T10#4,T11#3,T12#2,T13#1>group(App<F,T1#13>,App<F,T2#12>,App<F,T3#11>,App<F,T4#10>,App<F,T5#9>,App<F,T6#8>,App<F,T7#7>,App<F,T8#6>,App<F,T9#5>,App<F,T10#4>,App<F,T11#3>,App<F,T12#2>,App<F,T13#1>)
    T11#3 extends Object declared in method <T1#13,T2#12,T3#11,T4#10,T5#9,T6#8,T7#7,T8#6,T9#5,T10#4,T11#3,T12#2,T13#1>group(App<F,T1#13>,App<F,T2#12>,App<F,T3#11>,App<F,T4#10>,App<F,T5#9>,App<F,T6#8>,App<F,T7#7>,App<F,T8#6>,App<F,T9#5>,App<F,T10#4>,App<F,T11#3>,App<F,T12#2>,App<F,T13#1>)
    T12#2 extends Object declared in method <T1#13,T2#12,T3#11,T4#10,T5#9,T6#8,T7#7,T8#6,T9#5,T10#4,T11#3,T12#2,T13#1>group(App<F,T1#13>,App<F,T2#12>,App<F,T3#11>,App<F,T4#10>,App<F,T5#9>,App<F,T6#8>,App<F,T7#7>,App<F,T8#6>,App<F,T9#5>,App<F,T10#4>,App<F,T11#3>,App<F,T12#2>,App<F,T13#1>)
    T13#1 extends Object declared in method <T1#13,T2#12,T3#11,T4#10,T5#9,T6#8,T7#7,T8#6,T9#5,T10#4,T11#3,T12#2,T13#1>group(App<F,T1#13>,App<F,T2#12>,App<F,T3#11>,App<F,T4#10>,App<F,T5#9>,App<F,T6#8>,App<F,T7#7>,App<F,T8#6>,App<F,T9#5>,App<F,T10#4>,App<F,T11#3>,App<F,T12#2>,App<F,T13#1>)
    T1#14 extends Object declared in method <T1#14,T2#13,T3#12,T4#11,T5#10,T6#9,T7#8,T8#7,T9#6,T10#5,T11#4,T12#3,T13#2,T14#1>group(App<F,T1#14>,App<F,T2#13>,App<F,T3#12>,App<F,T4#11>,App<F,T5#10>,App<F,T6#9>,App<F,T7#8>,App<F,T8#7>,App<F,T9#6>,App<F,T10#5>,App<F,T11#4>,App<F,T12#3>,App<F,T13#2>,App<F,T14#1>)
    T2#13 extends Object declared in method <T1#14,T2#13,T3#12,T4#11,T5#10,T6#9,T7#8,T8#7,T9#6,T10#5,T11#4,T12#3,T13#2,T14#1>group(App<F,T1#14>,App<F,T2#13>,App<F,T3#12>,App<F,T4#11>,App<F,T5#10>,App<F,T6#9>,App<F,T7#8>,App<F,T8#7>,App<F,T9#6>,App<F,T10#5>,App<F,T11#4>,App<F,T12#3>,App<F,T13#2>,App<F,T14#1>)
    T3#12 extends Object declared in method <T1#14,T2#13,T3#12,T4#11,T5#10,T6#9,T7#8,T8#7,T9#6,T10#5,T11#4,T12#3,T13#2,T14#1>group(App<F,T1#14>,App<F,T2#13>,App<F,T3#12>,App<F,T4#11>,App<F,T5#10>,App<F,T6#9>,App<F,T7#8>,App<F,T8#7>,App<F,T9#6>,App<F,T10#5>,App<F,T11#4>,App<F,T12#3>,App<F,T13#2>,App<F,T14#1>)
    T4#11 extends Object declared in method <T1#14,T2#13,T3#12,T4#11,T5#10,T6#9,T7#8,T8#7,T9#6,T10#5,T11#4,T12#3,T13#2,T14#1>group(App<F,T1#14>,App<F,T2#13>,App<F,T3#12>,App<F,T4#11>,App<F,T5#10>,App<F,T6#9>,App<F,T7#8>,App<F,T8#7>,App<F,T9#6>,App<F,T10#5>,App<F,T11#4>,App<F,T12#3>,App<F,T13#2>,App<F,T14#1>)
    T5#10 extends Object declared in method <T1#14,T2#13,T3#12,T4#11,T5#10,T6#9,T7#8,T8#7,T9#6,T10#5,T11#4,T12#3,T13#2,T14#1>group(App<F,T1#14>,App<F,T2#13>,App<F,T3#12>,App<F,T4#11>,App<F,T5#10>,App<F,T6#9>,App<F,T7#8>,App<F,T8#7>,App<F,T9#6>,App<F,T10#5>,App<F,T11#4>,App<F,T12#3>,App<F,T13#2>,App<F,T14#1>)
    T6#9 extends Object declared in method <T1#14,T2#13,T3#12,T4#11,T5#10,T6#9,T7#8,T8#7,T9#6,T10#5,T11#4,T12#3,T13#2,T14#1>group(App<F,T1#14>,App<F,T2#13>,App<F,T3#12>,App<F,T4#11>,App<F,T5#10>,App<F,T6#9>,App<F,T7#8>,App<F,T8#7>,App<F,T9#6>,App<F,T10#5>,App<F,T11#4>,App<F,T12#3>,App<F,T13#2>,App<F,T14#1>)
    T7#8 extends Object declared in method <T1#14,T2#13,T3#12,T4#11,T5#10,T6#9,T7#8,T8#7,T9#6,T10#5,T11#4,T12#3,T13#2,T14#1>group(App<F,T1#14>,App<F,T2#13>,App<F,T3#12>,App<F,T4#11>,App<F,T5#10>,App<F,T6#9>,App<F,T7#8>,App<F,T8#7>,App<F,T9#6>,App<F,T10#5>,App<F,T11#4>,App<F,T12#3>,App<F,T13#2>,App<F,T14#1>)
    T8#7 extends Object declared in method <T1#14,T2#13,T3#12,T4#11,T5#10,T6#9,T7#8,T8#7,T9#6,T10#5,T11#4,T12#3,T13#2,T14#1>group(App<F,T1#14>,App<F,T2#13>,App<F,T3#12>,App<F,T4#11>,App<F,T5#10>,App<F,T6#9>,App<F,T7#8>,App<F,T8#7>,App<F,T9#6>,App<F,T10#5>,App<F,T11#4>,App<F,T12#3>,App<F,T13#2>,App<F,T14#1>)
    T9#6 extends Object declared in method <T1#14,T2#13,T3#12,T4#11,T5#10,T6#9,T7#8,T8#7,T9#6,T10#5,T11#4,T12#3,T13#2,T14#1>group(App<F,T1#14>,App<F,T2#13>,App<F,T3#12>,App<F,T4#11>,App<F,T5#10>,App<F,T6#9>,App<F,T7#8>,App<F,T8#7>,App<F,T9#6>,App<F,T10#5>,App<F,T11#4>,App<F,T12#3>,App<F,T13#2>,App<F,T14#1>)
    T10#5 extends Object declared in method <T1#14,T2#13,T3#12,T4#11,T5#10,T6#9,T7#8,T8#7,T9#6,T10#5,T11#4,T12#3,T13#2,T14#1>group(App<F,T1#14>,App<F,T2#13>,App<F,T3#12>,App<F,T4#11>,App<F,T5#10>,App<F,T6#9>,App<F,T7#8>,App<F,T8#7>,App<F,T9#6>,App<F,T10#5>,App<F,T11#4>,App<F,T12#3>,App<F,T13#2>,App<F,T14#1>)
    T11#4 extends Object declared in method <T1#14,T2#13,T3#12,T4#11,T5#10,T6#9,T7#8,T8#7,T9#6,T10#5,T11#4,T12#3,T13#2,T14#1>group(App<F,T1#14>,App<F,T2#13>,App<F,T3#12>,App<F,T4#11>,App<F,T5#10>,App<F,T6#9>,App<F,T7#8>,App<F,T8#7>,App<F,T9#6>,App<F,T10#5>,App<F,T11#4>,App<F,T12#3>,App<F,T13#2>,App<F,T14#1>)
    T12#3 extends Object declared in method <T1#14,T2#13,T3#12,T4#11,T5#10,T6#9,T7#8,T8#7,T9#6,T10#5,T11#4,T12#3,T13#2,T14#1>group(App<F,T1#14>,App<F,T2#13>,App<F,T3#12>,App<F,T4#11>,App<F,T5#10>,App<F,T6#9>,App<F,T7#8>,App<F,T8#7>,App<F,T9#6>,App<F,T10#5>,App<F,T11#4>,App<F,T12#3>,App<F,T13#2>,App<F,T14#1>)
    T13#2 extends Object declared in method <T1#14,T2#13,T3#12,T4#11,T5#10,T6#9,T7#8,T8#7,T9#6,T10#5,T11#4,T12#3,T13#2,T14#1>group(App<F,T1#14>,App<F,T2#13>,App<F,T3#12>,App<F,T4#11>,App<F,T5#10>,App<F,T6#9>,App<F,T7#8>,App<F,T8#7>,App<F,T9#6>,App<F,T10#5>,App<F,T11#4>,App<F,T12#3>,App<F,T13#2>,App<F,T14#1>)
    T14#1 extends Object declared in method <T1#14,T2#13,T3#12,T4#11,T5#10,T6#9,T7#8,T8#7,T9#6,T10#5,T11#4,T12#3,T13#2,T14#1>group(App<F,T1#14>,App<F,T2#13>,App<F,T3#12>,App<F,T4#11>,App<F,T5#10>,App<F,T6#9>,App<F,T7#8>,App<F,T8#7>,App<F,T9#6>,App<F,T10#5>,App<F,T11#4>,App<F,T12#3>,App<F,T13#2>,App<F,T14#1>)
    T1#15 extends Object declared in method <T1#15,T2#14,T3#13,T4#12,T5#11,T6#10,T7#9,T8#8,T9#7,T10#6,T11#5,T12#4,T13#3,T14#2,T15#1>group(App<F,T1#15>,App<F,T2#14>,App<F,T3#13>,App<F,T4#12>,App<F,T5#11>,App<F,T6#10>,App<F,T7#9>,App<F,T8#8>,App<F,T9#7>,App<F,T10#6>,App<F,T11#5>,App<F,T12#4>,App<F,T13#3>,App<F,T14#2>,App<F,T15#1>)
    T2#14 extends Object declared in method <T1#15,T2#14,T3#13,T4#12,T5#11,T6#10,T7#9,T8#8,T9#7,T10#6,T11#5,T12#4,T13#3,T14#2,T15#1>group(App<F,T1#15>,App<F,T2#14>,App<F,T3#13>,App<F,T4#12>,App<F,T5#11>,App<F,T6#10>,App<F,T7#9>,App<F,T8#8>,App<F,T9#7>,App<F,T10#6>,App<F,T11#5>,App<F,T12#4>,App<F,T13#3>,App<F,T14#2>,App<F,T15#1>)
    T3#13 extends Object declared in method <T1#15,T2#14,T3#13,T4#12,T5#11,T6#10,T7#9,T8#8,T9#7,T10#6,T11#5,T12#4,T13#3,T14#2,T15#1>group(App<F,T1#15>,App<F,T2#14>,App<F,T3#13>,App<F,T4#12>,App<F,T5#11>,App<F,T6#10>,App<F,T7#9>,App<F,T8#8>,App<F,T9#7>,App<F,T10#6>,App<F,T11#5>,App<F,T12#4>,App<F,T13#3>,App<F,T14#2>,App<F,T15#1>)
    T4#12 extends Object declared in method <T1#15,T2#14,T3#13,T4#12,T5#11,T6#10,T7#9,T8#8,T9#7,T10#6,T11#5,T12#4,T13#3,T14#2,T15#1>group(App<F,T1#15>,App<F,T2#14>,App<F,T3#13>,App<F,T4#12>,App<F,T5#11>,App<F,T6#10>,App<F,T7#9>,App<F,T8#8>,App<F,T9#7>,App<F,T10#6>,App<F,T11#5>,App<F,T12#4>,App<F,T13#3>,App<F,T14#2>,App<F,T15#1>)
    T5#11 extends Object declared in method <T1#15,T2#14,T3#13,T4#12,T5#11,T6#10,T7#9,T8#8,T9#7,T10#6,T11#5,T12#4,T13#3,T14#2,T15#1>group(App<F,T1#15>,App<F,T2#14>,App<F,T3#13>,App<F,T4#12>,App<F,T5#11>,App<F,T6#10>,App<F,T7#9>,App<F,T8#8>,App<F,T9#7>,App<F,T10#6>,App<F,T11#5>,App<F,T12#4>,App<F,T13#3>,App<F,T14#2>,App<F,T15#1>)
    T6#10 extends Object declared in method <T1#15,T2#14,T3#13,T4#12,T5#11,T6#10,T7#9,T8#8,T9#7,T10#6,T11#5,T12#4,T13#3,T14#2,T15#1>group(App<F,T1#15>,App<F,T2#14>,App<F,T3#13>,App<F,T4#12>,App<F,T5#11>,App<F,T6#10>,App<F,T7#9>,App<F,T8#8>,App<F,T9#7>,App<F,T10#6>,App<F,T11#5>,App<F,T12#4>,App<F,T13#3>,App<F,T14#2>,App<F,T15#1>)
    T7#9 extends Object declared in method <T1#15,T2#14,T3#13,T4#12,T5#11,T6#10,T7#9,T8#8,T9#7,T10#6,T11#5,T12#4,T13#3,T14#2,T15#1>group(App<F,T1#15>,App<F,T2#14>,App<F,T3#13>,App<F,T4#12>,App<F,T5#11>,App<F,T6#10>,App<F,T7#9>,App<F,T8#8>,App<F,T9#7>,App<F,T10#6>,App<F,T11#5>,App<F,T12#4>,App<F,T13#3>,App<F,T14#2>,App<F,T15#1>)
    T8#8 extends Object declared in method <T1#15,T2#14,T3#13,T4#12,T5#11,T6#10,T7#9,T8#8,T9#7,T10#6,T11#5,T12#4,T13#3,T14#2,T15#1>group(App<F,T1#15>,App<F,T2#14>,App<F,T3#13>,App<F,T4#12>,App<F,T5#11>,App<F,T6#10>,App<F,T7#9>,App<F,T8#8>,App<F,T9#7>,App<F,T10#6>,App<F,T11#5>,App<F,T12#4>,App<F,T13#3>,App<F,T14#2>,App<F,T15#1>)
    T9#7 extends Object declared in method <T1#15,T2#14,T3#13,T4#12,T5#11,T6#10,T7#9,T8#8,T9#7,T10#6,T11#5,T12#4,T13#3,T14#2,T15#1>group(App<F,T1#15>,App<F,T2#14>,App<F,T3#13>,App<F,T4#12>,App<F,T5#11>,App<F,T6#10>,App<F,T7#9>,App<F,T8#8>,App<F,T9#7>,App<F,T10#6>,App<F,T11#5>,App<F,T12#4>,App<F,T13#3>,App<F,T14#2>,App<F,T15#1>)
    T10#6 extends Object declared in method <T1#15,T2#14,T3#13,T4#12,T5#11,T6#10,T7#9,T8#8,T9#7,T10#6,T11#5,T12#4,T13#3,T14#2,T15#1>group(App<F,T1#15>,App<F,T2#14>,App<F,T3#13>,App<F,T4#12>,App<F,T5#11>,App<F,T6#10>,App<F,T7#9>,App<F,T8#8>,App<F,T9#7>,App<F,T10#6>,App<F,T11#5>,App<F,T12#4>,App<F,T13#3>,App<F,T14#2>,App<F,T15#1>)
    T11#5 extends Object declared in method <T1#15,T2#14,T3#13,T4#12,T5#11,T6#10,T7#9,T8#8,T9#7,T10#6,T11#5,T12#4,T13#3,T14#2,T15#1>group(App<F,T1#15>,App<F,T2#14>,App<F,T3#13>,App<F,T4#12>,App<F,T5#11>,App<F,T6#10>,App<F,T7#9>,App<F,T8#8>,App<F,T9#7>,App<F,T10#6>,App<F,T11#5>,App<F,T12#4>,App<F,T13#3>,App<F,T14#2>,App<F,T15#1>)
    T12#4 extends Object declared in method <T1#15,T2#14,T3#13,T4#12,T5#11,T6#10,T7#9,T8#8,T9#7,T10#6,T11#5,T12#4,T13#3,T14#2,T15#1>group(App<F,T1#15>,App<F,T2#14>,App<F,T3#13>,App<F,T4#12>,App<F,T5#11>,App<F,T6#10>,App<F,T7#9>,App<F,T8#8>,App<F,T9#7>,App<F,T10#6>,App<F,T11#5>,App<F,T12#4>,App<F,T13#3>,App<F,T14#2>,App<F,T15#1>)
    T13#3 extends Object declared in method <T1#15,T2#14,T3#13,T4#12,T5#11,T6#10,T7#9,T8#8,T9#7,T10#6,T11#5,T12#4,T13#3,T14#2,T15#1>group(App<F,T1#15>,App<F,T2#14>,App<F,T3#13>,App<F,T4#12>,App<F,T5#11>,App<F,T6#10>,App<F,T7#9>,App<F,T8#8>,App<F,T9#7>,App<F,T10#6>,App<F,T11#5>,App<F,T12#4>,App<F,T13#3>,App<F,T14#2>,App<F,T15#1>)
    T14#2 extends Object declared in method <T1#15,T2#14,T3#13,T4#12,T5#11,T6#10,T7#9,T8#8,T9#7,T10#6,T11#5,T12#4,T13#3,T14#2,T15#1>group(App<F,T1#15>,App<F,T2#14>,App<F,T3#13>,App<F,T4#12>,App<F,T5#11>,App<F,T6#10>,App<F,T7#9>,App<F,T8#8>,App<F,T9#7>,App<F,T10#6>,App<F,T11#5>,App<F,T12#4>,App<F,T13#3>,App<F,T14#2>,App<F,T15#1>)
    T15#1 extends Object declared in method <T1#15,T2#14,T3#13,T4#12,T5#11,T6#10,T7#9,T8#8,T9#7,T10#6,T11#5,T12#4,T13#3,T14#2,T15#1>group(App<F,T1#15>,App<F,T2#14>,App<F,T3#13>,App<F,T4#12>,App<F,T5#11>,App<F,T6#10>,App<F,T7#9>,App<F,T8#8>,App<F,T9#7>,App<F,T10#6>,App<F,T11#5>,App<F,T12#4>,App<F,T13#3>,App<F,T14#2>,App<F,T15#1>)
    T1#16 extends Object declared in method <T1#16,T2#15,T3#14,T4#13,T5#12,T6#11,T7#10,T8#9,T9#8,T10#7,T11#6,T12#5,T13#4,T14#3,T15#2,T16>group(App<F,T1#16>,App<F,T2#15>,App<F,T3#14>,App<F,T4#13>,App<F,T5#12>,App<F,T6#11>,App<F,T7#10>,App<F,T8#9>,App<F,T9#8>,App<F,T10#7>,App<F,T11#6>,App<F,T12#5>,App<F,T13#4>,App<F,T14#3>,App<F,T15#2>,App<F,T16>)
    T2#15 extends Object declared in method <T1#16,T2#15,T3#14,T4#13,T5#12,T6#11,T7#10,T8#9,T9#8,T10#7,T11#6,T12#5,T13#4,T14#3,T15#2,T16>group(App<F,T1#16>,App<F,T2#15>,App<F,T3#14>,App<F,T4#13>,App<F,T5#12>,App<F,T6#11>,App<F,T7#10>,App<F,T8#9>,App<F,T9#8>,App<F,T10#7>,App<F,T11#6>,App<F,T12#5>,App<F,T13#4>,App<F,T14#3>,App<F,T15#2>,App<F,T16>)
    T3#14 extends Object declared in method <T1#16,T2#15,T3#14,T4#13,T5#12,T6#11,T7#10,T8#9,T9#8,T10#7,T11#6,T12#5,T13#4,T14#3,T15#2,T16>group(App<F,T1#16>,App<F,T2#15>,App<F,T3#14>,App<F,T4#13>,App<F,T5#12>,App<F,T6#11>,App<F,T7#10>,App<F,T8#9>,App<F,T9#8>,App<F,T10#7>,App<F,T11#6>,App<F,T12#5>,App<F,T13#4>,App<F,T14#3>,App<F,T15#2>,App<F,T16>)
    T4#13 extends Object declared in method <T1#16,T2#15,T3#14,T4#13,T5#12,T6#11,T7#10,T8#9,T9#8,T10#7,T11#6,T12#5,T13#4,T14#3,T15#2,T16>group(App<F,T1#16>,App<F,T2#15>,App<F,T3#14>,App<F,T4#13>,App<F,T5#12>,App<F,T6#11>,App<F,T7#10>,App<F,T8#9>,App<F,T9#8>,App<F,T10#7>,App<F,T11#6>,App<F,T12#5>,App<F,T13#4>,App<F,T14#3>,App<F,T15#2>,App<F,T16>)
    T5#12 extends Object declared in method <T1#16,T2#15,T3#14,T4#13,T5#12,T6#11,T7#10,T8#9,T9#8,T10#7,T11#6,T12#5,T13#4,T14#3,T15#2,T16>group(App<F,T1#16>,App<F,T2#15>,App<F,T3#14>,App<F,T4#13>,App<F,T5#12>,App<F,T6#11>,App<F,T7#10>,App<F,T8#9>,App<F,T9#8>,App<F,T10#7>,App<F,T11#6>,App<F,T12#5>,App<F,T13#4>,App<F,T14#3>,App<F,T15#2>,App<F,T16>)
    T6#11 extends Object declared in method <T1#16,T2#15,T3#14,T4#13,T5#12,T6#11,T7#10,T8#9,T9#8,T10#7,T11#6,T12#5,T13#4,T14#3,T15#2,T16>group(App<F,T1#16>,App<F,T2#15>,App<F,T3#14>,App<F,T4#13>,App<F,T5#12>,App<F,T6#11>,App<F,T7#10>,App<F,T8#9>,App<F,T9#8>,App<F,T10#7>,App<F,T11#6>,App<F,T12#5>,App<F,T13#4>,App<F,T14#3>,App<F,T15#2>,App<F,T16>)
    T7#10 extends Object declared in method <T1#16,T2#15,T3#14,T4#13,T5#12,T6#11,T7#10,T8#9,T9#8,T10#7,T11#6,T12#5,T13#4,T14#3,T15#2,T16>group(App<F,T1#16>,App<F,T2#15>,App<F,T3#14>,App<F,T4#13>,App<F,T5#12>,App<F,T6#11>,App<F,T7#10>,App<F,T8#9>,App<F,T9#8>,App<F,T10#7>,App<F,T11#6>,App<F,T12#5>,App<F,T13#4>,App<F,T14#3>,App<F,T15#2>,App<F,T16>)
    T8#9 extends Object declared in method <T1#16,T2#15,T3#14,T4#13,T5#12,T6#11,T7#10,T8#9,T9#8,T10#7,T11#6,T12#5,T13#4,T14#3,T15#2,T16>group(App<F,T1#16>,App<F,T2#15>,App<F,T3#14>,App<F,T4#13>,App<F,T5#12>,App<F,T6#11>,App<F,T7#10>,App<F,T8#9>,App<F,T9#8>,App<F,T10#7>,App<F,T11#6>,App<F,T12#5>,App<F,T13#4>,App<F,T14#3>,App<F,T15#2>,App<F,T16>)
    T9#8 extends Object declared in method <T1#16,T2#15,T3#14,T4#13,T5#12,T6#11,T7#10,T8#9,T9#8,T10#7,T11#6,T12#5,T13#4,T14#3,T15#2,T16>group(App<F,T1#16>,App<F,T2#15>,App<F,T3#14>,App<F,T4#13>,App<F,T5#12>,App<F,T6#11>,App<F,T7#10>,App<F,T8#9>,App<F,T9#8>,App<F,T10#7>,App<F,T11#6>,App<F,T12#5>,App<F,T13#4>,App<F,T14#3>,App<F,T15#2>,App<F,T16>)
    T10#7 extends Object declared in method <T1#16,T2#15,T3#14,T4#13,T5#12,T6#11,T7#10,T8#9,T9#8,T10#7,T11#6,T12#5,T13#4,T14#3,T15#2,T16>group(App<F,T1#16>,App<F,T2#15>,App<F,T3#14>,App<F,T4#13>,App<F,T5#12>,App<F,T6#11>,App<F,T7#10>,App<F,T8#9>,App<F,T9#8>,App<F,T10#7>,App<F,T11#6>,App<F,T12#5>,App<F,T13#4>,App<F,T14#3>,App<F,T15#2>,App<F,T16>)
    T11#6 extends Object declared in method <T1#16,T2#15,T3#14,T4#13,T5#12,T6#11,T7#10,T8#9,T9#8,T10#7,T11#6,T12#5,T13#4,T14#3,T15#2,T16>group(App<F,T1#16>,App<F,T2#15>,App<F,T3#14>,App<F,T4#13>,App<F,T5#12>,App<F,T6#11>,App<F,T7#10>,App<F,T8#9>,App<F,T9#8>,App<F,T10#7>,App<F,T11#6>,App<F,T12#5>,App<F,T13#4>,App<F,T14#3>,App<F,T15#2>,App<F,T16>)
    T12#5 extends Object declared in method <T1#16,T2#15,T3#14,T4#13,T5#12,T6#11,T7#10,T8#9,T9#8,T10#7,T11#6,T12#5,T13#4,T14#3,T15#2,T16>group(App<F,T1#16>,App<F,T2#15>,App<F,T3#14>,App<F,T4#13>,App<F,T5#12>,App<F,T6#11>,App<F,T7#10>,App<F,T8#9>,App<F,T9#8>,App<F,T10#7>,App<F,T11#6>,App<F,T12#5>,App<F,T13#4>,App<F,T14#3>,App<F,T15#2>,App<F,T16>)
    T13#4 extends Object declared in method <T1#16,T2#15,T3#14,T4#13,T5#12,T6#11,T7#10,T8#9,T9#8,T10#7,T11#6,T12#5,T13#4,T14#3,T15#2,T16>group(App<F,T1#16>,App<F,T2#15>,App<F,T3#14>,App<F,T4#13>,App<F,T5#12>,App<F,T6#11>,App<F,T7#10>,App<F,T8#9>,App<F,T9#8>,App<F,T10#7>,App<F,T11#6>,App<F,T12#5>,App<F,T13#4>,App<F,T14#3>,App<F,T15#2>,App<F,T16>)
    T14#3 extends Object declared in method <T1#16,T2#15,T3#14,T4#13,T5#12,T6#11,T7#10,T8#9,T9#8,T10#7,T11#6,T12#5,T13#4,T14#3,T15#2,T16>group(App<F,T1#16>,App<F,T2#15>,App<F,T3#14>,App<F,T4#13>,App<F,T5#12>,App<F,T6#11>,App<F,T7#10>,App<F,T8#9>,App<F,T9#8>,App<F,T10#7>,App<F,T11#6>,App<F,T12#5>,App<F,T13#4>,App<F,T14#3>,App<F,T15#2>,App<F,T16>)
    T15#2 extends Object declared in method <T1#16,T2#15,T3#14,T4#13,T5#12,T6#11,T7#10,T8#9,T9#8,T10#7,T11#6,T12#5,T13#4,T14#3,T15#2,T16>group(App<F,T1#16>,App<F,T2#15>,App<F,T3#14>,App<F,T4#13>,App<F,T5#12>,App<F,T6#11>,App<F,T7#10>,App<F,T8#9>,App<F,T9#8>,App<F,T10#7>,App<F,T11#6>,App<F,T12#5>,App<F,T13#4>,App<F,T14#3>,App<F,T15#2>,App<F,T16>)
    T16 extends Object declared in method <T1#16,T2#15,T3#14,T4#13,T5#12,T6#11,T7#10,T8#9,T9#8,T10#7,T11#6,T12#5,T13#4,T14#3,T15#2,T16>group(App<F,T1#16>,App<F,T2#15>,App<F,T3#14>,App<F,T4#13>,App<F,T5#12>,App<F,T6#11>,App<F,T7#10>,App<F,T8#9>,App<F,T9#8>,App<F,T10#7>,App<F,T11#6>,App<F,T12#5>,App<F,T13#4>,App<F,T14#3>,App<F,T15#2>,App<F,T16>)
/home/runner/work/TaCZ_Refabricated_Unofficial/TaCZ_Refabricated_Unofficial/src/main/java/cn/sh1rocu/tacz/industry/api/feed/BoxMagazineData.java:47: error: incompatible types: invalid method reference
    ).validate(BoxMagazineData::validateShape);
               ^
    incompatible types: Object cannot be converted to BoxMagazineData
/home/runner/work/TaCZ_Refabricated_Unofficial/TaCZ_Refabricated_Unofficial/src/main/java/cn/sh1rocu/tacz/industry/api/feed/TubularMagazineData.java:37: error: no suitable method found for group(RecordCodecBuilder<TubularMagazineData,Identifier>,RecordCodecBuilder<TubularMagazineData,Integer>,RecordCodecBuilder<TubularMagazineData,List<LoadedRound>>,RecordCodecBuilder<TubularMagazineData,Float>)
            instance -> instance.group(
                                ^
    method Kind1.<T1#1>group(App<Mu<Object>,T1#1>) is not applicable
      (cannot infer type-variable(s) T1#1
        (actual and formal argument lists differ in length))
    method Kind1.<T1#2,T2#1>group(App<Mu<Object>,T1#2>,App<Mu<Object>,T2#1>) is not applicable
      (cannot infer type-variable(s) T1#2,T2#1
        (actual and formal argument lists differ in length))
    method Kind1.<T1#3,T2#2,T3#1>group(App<Mu<Object>,T1#3>,App<Mu<Object>,T2#2>,App<Mu<Object>,T3#1>) is not applicable
      (cannot infer type-variable(s) T1#3,T2#2,T3#1
        (actual and formal argument lists differ in length))
    method Kind1.<T1#4,T2#3,T3#2,T4#1>group(App<Mu<Object>,T1#4>,App<Mu<Object>,T2#3>,App<Mu<Object>,T3#2>,App<Mu<Object>,T4#1>) is not applicable
      (inference variable O has incompatible bounds
        equality constraints: Object
        upper bounds: Object,TubularMagazineData)
    method Kind1.<T1#5,T2#4,T3#3,T4#2,T5#1>group(App<Mu<Object>,T1#5>,App<Mu<Object>,T2#4>,App<Mu<Object>,T3#3>,App<Mu<Object>,T4#2>,App<Mu<Object>,T5#1>) is not applicable
      (cannot infer type-variable(s) T1#5,T2#4,T3#3,T4#2,T5#1
        (actual and formal argument lists differ in length))
    method Kind1.<T1#6,T2#5,T3#4,T4#3,T5#2,T6#1>group(App<Mu<Object>,T1#6>,App<Mu<Object>,T2#5>,App<Mu<Object>,T3#4>,App<Mu<Object>,T4#3>,App<Mu<Object>,T5#2>,App<Mu<Object>,T6#1>) is not applicable
      (cannot infer type-variable(s) T1#6,T2#5,T3#4,T4#3,T5#2,T6#1
        (actual and formal argument lists differ in length))
    method Kind1.<T1#7,T2#6,T3#5,T4#4,T5#3,T6#2,T7#1>group(App<Mu<Object>,T1#7>,App<Mu<Object>,T2#6>,App<Mu<Object>,T3#5>,App<Mu<Object>,T4#4>,App<Mu<Object>,T5#3>,App<Mu<Object>,T6#2>,App<Mu<Object>,T7#1>) is not applicable
      (cannot infer type-variable(s) T1#7,T2#6,T3#5,T4#4,T5#3,T6#2,T7#1
        (actual and formal argument lists differ in length))
    method Kind1.<T1#8,T2#7,T3#6,T4#5,T5#4,T6#3,T7#2,T8#1>group(App<Mu<Object>,T1#8>,App<Mu<Object>,T2#7>,App<Mu<Object>,T3#6>,App<Mu<Object>,T4#5>,App<Mu<Object>,T5#4>,App<Mu<Object>,T6#3>,App<Mu<Object>,T7#2>,App<Mu<Object>,T8#1>) is not applicable
      (cannot infer type-variable(s) T1#8,T2#7,T3#6,T4#5,T5#4,T6#3,T7#2,T8#1
        (actual and formal argument lists differ in length))
    method Kind1.<T1#9,T2#8,T3#7,T4#6,T5#5,T6#4,T7#3,T8#2,T9#1>group(App<Mu<Object>,T1#9>,App<Mu<Object>,T2#8>,App<Mu<Object>,T3#7>,App<Mu<Object>,T4#6>,App<Mu<Object>,T5#5>,App<Mu<Object>,T6#4>,App<Mu<Object>,T7#3>,App<Mu<Object>,T8#2>,App<Mu<Object>,T9#1>) is not applicable
      (cannot infer type-variable(s) T1#9,T2#8,T3#7,T4#6,T5#5,T6#4,T7#3,T8#2,T9#1
        (actual and formal argument lists differ in length))
    method Kind1.<T1#10,T2#9,T3#8,T4#7,T5#6,T6#5,T7#4,T8#3,T9#2,T10#1>group(App<Mu<Object>,T1#10>,App<Mu<Object>,T2#9>,App<Mu<Object>,T3#8>,App<Mu<Object>,T4#7>,App<Mu<Object>,T5#6>,App<Mu<Object>,T6#5>,App<Mu<Object>,T7#4>,App<Mu<Object>,T8#3>,App<Mu<Object>,T9#2>,App<Mu<Object>,T10#1>) is not applicable
      (cannot infer type-variable(s) T1#10,T2#9,T3#8,T4#7,T5#6,T6#5,T7#4,T8#3,T9#2,T10#1
        (actual and formal argument lists differ in length))
    method Kind1.<T1#11,T2#10,T3#9,T4#8,T5#7,T6#6,T7#5,T8#4,T9#3,T10#2,T11#1>group(App<Mu<Object>,T1#11>,App<Mu<Object>,T2#10>,App<Mu<Object>,T3#9>,App<Mu<Object>,T4#8>,App<Mu<Object>,T5#7>,App<Mu<Object>,T6#6>,App<Mu<Object>,T7#5>,App<Mu<Object>,T8#4>,App<Mu<Object>,T9#3>,App<Mu<Object>,T10#2>,App<Mu<Object>,T11#1>) is not applicable
      (cannot infer type-variable(s) T1#11,T2#10,T3#9,T4#8,T5#7,T6#6,T7#5,T8#4,T9#3,T10#2,T11#1
        (actual and formal argument lists differ in length))
    method Kind1.<T1#12,T2#11,T3#10,T4#9,T5#8,T6#7,T7#6,T8#5,T9#4,T10#3,T11#2,T12#1>group(App<Mu<Object>,T1#12>,App<Mu<Object>,T2#11>,App<Mu<Object>,T3#10>,App<Mu<Object>,T4#9>,App<Mu<Object>,T5#8>,App<Mu<Object>,T6#7>,App<Mu<Object>,T7#6>,App<Mu<Object>,T8#5>,App<Mu<Object>,T9#4>,App<Mu<Object>,T10#3>,App<Mu<Object>,T11#2>,App<Mu<Object>,T12#1>) is not applicable
      (cannot infer type-variable(s) T1#12,T2#11,T3#10,T4#9,T5#8,T6#7,T7#6,T8#5,T9#4,T10#3,T11#2,T12#1
        (actual and formal argument lists differ in length))
    method Kind1.<T1#13,T2#12,T3#11,T4#10,T5#9,T6#8,T7#7,T8#6,T9#5,T10#4,T11#3,T12#2,T13#1>group(App<Mu<Object>,T1#13>,App<Mu<Object>,T2#12>,App<Mu<Object>,T3#11>,App<Mu<Object>,T4#10>,App<Mu<Object>,T5#9>,App<Mu<Object>,T6#8>,App<Mu<Object>,T7#7>,App<Mu<Object>,T8#6>,App<Mu<Object>,T9#5>,App<Mu<Object>,T10#4>,App<Mu<Object>,T11#3>,App<Mu<Object>,T12#2>,App<Mu<Object>,T13#1>) is not applicable
      (cannot infer type-variable(s) T1#13,T2#12,T3#11,T4#10,T5#9,T6#8,T7#7,T8#6,T9#5,T10#4,T11#3,T12#2,T13#1
        (actual and formal argument lists differ in length))
    method Kind1.<T1#14,T2#13,T3#12,T4#11,T5#10,T6#9,T7#8,T8#7,T9#6,T10#5,T11#4,T12#3,T13#2,T14#1>group(App<Mu<Object>,T1#14>,App<Mu<Object>,T2#13>,App<Mu<Object>,T3#12>,App<Mu<Object>,T4#11>,App<Mu<Object>,T5#10>,App<Mu<Object>,T6#9>,App<Mu<Object>,T7#8>,App<Mu<Object>,T8#7>,App<Mu<Object>,T9#6>,App<Mu<Object>,T10#5>,App<Mu<Object>,T11#4>,App<Mu<Object>,T12#3>,App<Mu<Object>,T13#2>,App<Mu<Object>,T14#1>) is not applicable
      (cannot infer type-variable(s) T1#14,T2#13,T3#12,T4#11,T5#10,T6#9,T7#8,T8#7,T9#6,T10#5,T11#4,T12#3,T13#2,T14#1
        (actual and formal argument lists differ in length))
    method Kind1.<T1#15,T2#14,T3#13,T4#12,T5#11,T6#10,T7#9,T8#8,T9#7,T10#6,T11#5,T12#4,T13#3,T14#2,T15#1>group(App<Mu<Object>,T1#15>,App<Mu<Object>,T2#14>,App<Mu<Object>,T3#13>,App<Mu<Object>,T4#12>,App<Mu<Object>,T5#11>,App<Mu<Object>,T6#10>,App<Mu<Object>,T7#9>,App<Mu<Object>,T8#8>,App<Mu<Object>,T9#7>,App<Mu<Object>,T10#6>,App<Mu<Object>,T11#5>,App<Mu<Object>,T12#4>,App<Mu<Object>,T13#3>,App<Mu<Object>,T14#2>,App<Mu<Object>,T15#1>) is not applicable
      (cannot infer type-variable(s) T1#15,T2#14,T3#13,T4#12,T5#11,T6#10,T7#9,T8#8,T9#7,T10#6,T11#5,T12#4,T13#3,T14#2,T15#1
        (actual and formal argument lists differ in length))
    method Kind1.<T1#16,T2#15,T3#14,T4#13,T5#12,T6#11,T7#10,T8#9,T9#8,T10#7,T11#6,T12#5,T13#4,T14#3,T15#2,T16>group(App<Mu<Object>,T1#16>,App<Mu<Object>,T2#15>,App<Mu<Object>,T3#14>,App<Mu<Object>,T4#13>,App<Mu<Object>,T5#12>,App<Mu<Object>,T6#11>,App<Mu<Object>,T7#10>,App<Mu<Object>,T8#9>,App<Mu<Object>,T9#8>,App<Mu<Object>,T10#7>,App<Mu<Object>,T11#6>,App<Mu<Object>,T12#5>,App<Mu<Object>,T13#4>,App<Mu<Object>,T14#3>,App<Mu<Object>,T15#2>,App<Mu<Object>,T16>) is not applicable
      (cannot infer type-variable(s) T1#16,T2#15,T3#14,T4#13,T5#12,T6#11,T7#10,T8#9,T9#8,T10#7,T11#6,T12#5,T13#4,T14#3,T15#2,T16
        (actual and formal argument lists differ in length))
  where T1#1,F,T1#2,T2#1,T1#3,T2#2,T3#1,T1#4,T2#3,T3#2,T4#1,O,A,T1#5,T2#4,T3#3,T4#2,T5#1,T1#6,T2#5,T3#4,T4#3,T5#2,T6#1,T1#7,T2#6,T3#5,T4#4,T5#3,T6#2,T7#1,T1#8,T2#7,T3#6,T4#5,T5#4,T6#3,T7#2,T8#1,T1#9,T2#8,T3#7,T4#6,T5#5,T6#4,T7#3,T8#2,T9#1,T1#10,T2#9,T3#8,T4#7,T5#6,T6#5,T7#4,T8#3,T9#2,T10#1,T1#11,T2#10,T3#9,T4#8,T5#7,T6#6,T7#5,T8#4,T9#3,T10#2,T11#1,T1#12,T2#11,T3#10,T4#9,T5#8,T6#7,T7#6,T8#5,T9#4,T10#3,T11#2,T12#1,T1#13,T2#12,T3#11,T4#10,T5#9,T6#8,T7#7,T8#6,T9#5,T10#4,T11#3,T12#2,T13#1,T1#14,T2#13,T3#12,T4#11,T5#10,T6#9,T7#8,T8#7,T9#6,T10#5,T11#4,T12#3,T13#2,T14#1,T1#15,T2#14,T3#13,T4#12,T5#11,T6#10,T7#9,T8#8,T9#7,T10#6,T11#5,T12#4,T13#3,T14#2,T15#1,T1#16,T2#15,T3#14,T4#13,T5#12,T6#11,T7#10,T8#9,T9#8,T10#7,T11#6,T12#5,T13#4,T14#3,T15#2,T16 are type-variables:
    T1#1 extends Object declared in method <T1#1>group(App<F,T1#1>)
    F extends K1 declared in interface Kind1
    T1#2 extends Object declared in method <T1#2,T2#1>group(App<F,T1#2>,App<F,T2#1>)
    T2#1 extends Object declared in method <T1#2,T2#1>group(App<F,T1#2>,App<F,T2#1>)
    T1#3 extends Object declared in method <T1#3,T2#2,T3#1>group(App<F,T1#3>,App<F,T2#2>,App<F,T3#1>)
    T2#2 extends Object declared in method <T1#3,T2#2,T3#1>group(App<F,T1#3>,App<F,T2#2>,App<F,T3#1>)
    T3#1 extends Object declared in method <T1#3,T2#2,T3#1>group(App<F,T1#3>,App<F,T2#2>,App<F,T3#1>)
    T1#4 extends Object declared in method <T1#4,T2#3,T3#2,T4#1>group(App<F,T1#4>,App<F,T2#3>,App<F,T3#2>,App<F,T4#1>)
    T2#3 extends Object declared in method <T1#4,T2#3,T3#2,T4#1>group(App<F,T1#4>,App<F,T2#3>,App<F,T3#2>,App<F,T4#1>)
    T3#2 extends Object declared in method <T1#4,T2#3,T3#2,T4#1>group(App<F,T1#4>,App<F,T2#3>,App<F,T3#2>,App<F,T4#1>)
    T4#1 extends Object declared in method <T1#4,T2#3,T3#2,T4#1>group(App<F,T1#4>,App<F,T2#3>,App<F,T3#2>,App<F,T4#1>)
    O extends Object declared in method <O>forGetter(Function<O,A>)
    A extends Object declared in class MapCodec
    T1#5 extends Object declared in method <T1#5,T2#4,T3#3,T4#2,T5#1>group(App<F,T1#5>,App<F,T2#4>,App<F,T3#3>,App<F,T4#2>,App<F,T5#1>)
    T2#4 extends Object declared in method <T1#5,T2#4,T3#3,T4#2,T5#1>group(App<F,T1#5>,App<F,T2#4>,App<F,T3#3>,App<F,T4#2>,App<F,T5#1>)
    T3#3 extends Object declared in method <T1#5,T2#4,T3#3,T4#2,T5#1>group(App<F,T1#5>,App<F,T2#4>,App<F,T3#3>,App<F,T4#2>,App<F,T5#1>)
    T4#2 extends Object declared in method <T1#5,T2#4,T3#3,T4#2,T5#1>group(App<F,T1#5>,App<F,T2#4>,App<F,T3#3>,App<F,T4#2>,App<F,T5#1>)
    T5#1 extends Object declared in method <T1#5,T2#4,T3#3,T4#2,T5#1>group(App<F,T1#5>,App<F,T2#4>,App<F,T3#3>,App<F,T4#2>,App<F,T5#1>)
    T1#6 extends Object declared in method <T1#6,T2#5,T3#4,T4#3,T5#2,T6#1>group(App<F,T1#6>,App<F,T2#5>,App<F,T3#4>,App<F,T4#3>,App<F,T5#2>,App<F,T6#1>)
    T2#5 extends Object declared in method <T1#6,T2#5,T3#4,T4#3,T5#2,T6#1>group(App<F,T1#6>,App<F,T2#5>,App<F,T3#4>,App<F,T4#3>,App<F,T5#2>,App<F,T6#1>)
    T3#4 extends Object declared in method <T1#6,T2#5,T3#4,T4#3,T5#2,T6#1>group(App<F,T1#6>,App<F,T2#5>,App<F,T3#4>,App<F,T4#3>,App<F,T5#2>,App<F,T6#1>)
    T4#3 extends Object declared in method <T1#6,T2#5,T3#4,T4#3,T5#2,T6#1>group(App<F,T1#6>,App<F,T2#5>,App<F,T3#4>,App<F,T4#3>,App<F,T5#2>,App<F,T6#1>)
    T5#2 extends Object declared in method <T1#6,T2#5,T3#4,T4#3,T5#2,T6#1>group(App<F,T1#6>,App<F,T2#5>,App<F,T3#4>,App<F,T4#3>,App<F,T5#2>,App<F,T6#1>)
    T6#1 extends Object declared in method <T1#6,T2#5,T3#4,T4#3,T5#2,T6#1>group(App<F,T1#6>,App<F,T2#5>,App<F,T3#4>,App<F,T4#3>,App<F,T5#2>,App<F,T6#1>)
    T1#7 extends Object declared in method <T1#7,T2#6,T3#5,T4#4,T5#3,T6#2,T7#1>group(App<F,T1#7>,App<F,T2#6>,App<F,T3#5>,App<F,T4#4>,App<F,T5#3>,App<F,T6#2>,App<F,T7#1>)
    T2#6 extends Object declared in method <T1#7,T2#6,T3#5,T4#4,T5#3,T6#2,T7#1>group(App<F,T1#7>,App<F,T2#6>,App<F,T3#5>,App<F,T4#4>,App<F,T5#3>,App<F,T6#2>,App<F,T7#1>)
    T3#5 extends Object declared in method <T1#7,T2#6,T3#5,T4#4,T5#3,T6#2,T7#1>group(App<F,T1#7>,App<F,T2#6>,App<F,T3#5>,App<F,T4#4>,App<F,T5#3>,App<F,T6#2>,App<F,T7#1>)
    T4#4 extends Object declared in method <T1#7,T2#6,T3#5,T4#4,T5#3,T6#2,T7#1>group(App<F,T1#7>,App<F,T2#6>,App<F,T3#5>,App<F,T4#4>,App<F,T5#3>,App<F,T6#2>,App<F,T7#1>)
    T5#3 extends Object declared in method <T1#7,T2#6,T3#5,T4#4,T5#3,T6#2,T7#1>group(App<F,T1#7>,App<F,T2#6>,App<F,T3#5>,App<F,T4#4>,App<F,T5#3>,App<F,T6#2>,App<F,T7#1>)
    T6#2 extends Object declared in method <T1#7,T2#6,T3#5,T4#4,T5#3,T6#2,T7#1>group(App<F,T1#7>,App<F,T2#6>,App<F,T3#5>,App<F,T4#4>,App<F,T5#3>,App<F,T6#2>,App<F,T7#1>)
    T7#1 extends Object declared in method <T1#7,T2#6,T3#5,T4#4,T5#3,T6#2,T7#1>group(App<F,T1#7>,App<F,T2#6>,App<F,T3#5>,App<F,T4#4>,App<F,T5#3>,App<F,T6#2>,App<F,T7#1>)
    T1#8 extends Object declared in method <T1#8,T2#7,T3#6,T4#5,T5#4,T6#3,T7#2,T8#1>group(App<F,T1#8>,App<F,T2#7>,App<F,T3#6>,App<F,T4#5>,App<F,T5#4>,App<F,T6#3>,App<F,T7#2>,App<F,T8#1>)
    T2#7 extends Object declared in method <T1#8,T2#7,T3#6,T4#5,T5#4,T6#3,T7#2,T8#1>group(App<F,T1#8>,App<F,T2#7>,App<F,T3#6>,App<F,T4#5>,App<F,T5#4>,App<F,T6#3>,App<F,T7#2>,App<F,T8#1>)
    T3#6 extends Object declared in method <T1#8,T2#7,T3#6,T4#5,T5#4,T6#3,T7#2,T8#1>group(App<F,T1#8>,App<F,T2#7>,App<F,T3#6>,App<F,T4#5>,App<F,T5#4>,App<F,T6#3>,App<F,T7#2>,App<F,T8#1>)
    T4#5 extends Object declared in method <T1#8,T2#7,T3#6,T4#5,T5#4,T6#3,T7#2,T8#1>group(App<F,T1#8>,App<F,T2#7>,App<F,T3#6>,App<F,T4#5>,App<F,T5#4>,App<F,T6#3>,App<F,T7#2>,App<F,T8#1>)
    T5#4 extends Object declared in method <T1#8,T2#7,T3#6,T4#5,T5#4,T6#3,T7#2,T8#1>group(App<F,T1#8>,App<F,T2#7>,App<F,T3#6>,App<F,T4#5>,App<F,T5#4>,App<F,T6#3>,App<F,T7#2>,App<F,T8#1>)
    T6#3 extends Object declared in method <T1#8,T2#7,T3#6,T4#5,T5#4,T6#3,T7#2,T8#1>group(App<F,T1#8>,App<F,T2#7>,App<F,T3#6>,App<F,T4#5>,App<F,T5#4>,App<F,T6#3>,App<F,T7#2>,App<F,T8#1>)
    T7#2 extends Object declared in method <T1#8,T2#7,T3#6,T4#5,T5#4,T6#3,T7#2,T8#1>group(App<F,T1#8>,App<F,T2#7>,App<F,T3#6>,App<F,T4#5>,App<F,T5#4>,App<F,T6#3>,App<F,T7#2>,App<F,T8#1>)
    T8#1 extends Object declared in method <T1#8,T2#7,T3#6,T4#5,T5#4,T6#3,T7#2,T8#1>group(App<F,T1#8>,App<F,T2#7>,App<F,T3#6>,App<F,T4#5>,App<F,T5#4>,App<F,T6#3>,App<F,T7#2>,App<F,T8#1>)
    T1#9 extends Object declared in method <T1#9,T2#8,T3#7,T4#6,T5#5,T6#4,T7#3,T8#2,T9#1>group(App<F,T1#9>,App<F,T2#8>,App<F,T3#7>,App<F,T4#6>,App<F,T5#5>,App<F,T6#4>,App<F,T7#3>,App<F,T8#2>,App<F,T9#1>)
    T2#8 extends Object declared in method <T1#9,T2#8,T3#7,T4#6,T5#5,T6#4,T7#3,T8#2,T9#1>group(App<F,T1#9>,App<F,T2#8>,App<F,T3#7>,App<F,T4#6>,App<F,T5#5>,App<F,T6#4>,App<F,T7#3>,App<F,T8#2>,App<F,T9#1>)
    T3#7 extends Object declared in method <T1#9,T2#8,T3#7,T4#6,T5#5,T6#4,T7#3,T8#2,T9#1>group(App<F,T1#9>,App<F,T2#8>,App<F,T3#7>,App<F,T4#6>,App<F,T5#5>,App<F,T6#4>,App<F,T7#3>,App<F,T8#2>,App<F,T9#1>)
    T4#6 extends Object declared in method <T1#9,T2#8,T3#7,T4#6,T5#5,T6#4,T7#3,T8#2,T9#1>group(App<F,T1#9>,App<F,T2#8>,App<F,T3#7>,App<F,T4#6>,App<F,T5#5>,App<F,T6#4>,App<F,T7#3>,App<F,T8#2>,App<F,T9#1>)
    T5#5 extends Object declared in method <T1#9,T2#8,T3#7,T4#6,T5#5,T6#4,T7#3,T8#2,T9#1>group(App<F,T1#9>,App<F,T2#8>,App<F,T3#7>,App<F,T4#6>,App<F,T5#5>,App<F,T6#4>,App<F,T7#3>,App<F,T8#2>,App<F,T9#1>)
    T6#4 extends Object declared in method <T1#9,T2#8,T3#7,T4#6,T5#5,T6#4,T7#3,T8#2,T9#1>group(App<F,T1#9>,App<F,T2#8>,App<F,T3#7>,App<F,T4#6>,App<F,T5#5>,App<F,T6#4>,App<F,T7#3>,App<F,T8#2>,App<F,T9#1>)
    T7#3 extends Object declared in method <T1#9,T2#8,T3#7,T4#6,T5#5,T6#4,T7#3,T8#2,T9#1>group(App<F,T1#9>,App<F,T2#8>,App<F,T3#7>,App<F,T4#6>,App<F,T5#5>,App<F,T6#4>,App<F,T7#3>,App<F,T8#2>,App<F,T9#1>)
    T8#2 extends Object declared in method <T1#9,T2#8,T3#7,T4#6,T5#5,T6#4,T7#3,T8#2,T9#1>group(App<F,T1#9>,App<F,T2#8>,App<F,T3#7>,App<F,T4#6>,App<F,T5#5>,App<F,T6#4>,App<F,T7#3>,App<F,T8#2>,App<F,T9#1>)
    T9#1 extends Object declared in method <T1#9,T2#8,T3#7,T4#6,T5#5,T6#4,T7#3,T8#2,T9#1>group(App<F,T1#9>,App<F,T2#8>,App<F,T3#7>,App<F,T4#6>,App<F,T5#5>,App<F,T6#4>,App<F,T7#3>,App<F,T8#2>,App<F,T9#1>)
    T1#10 extends Object declared in method <T1#10,T2#9,T3#8,T4#7,T5#6,T6#5,T7#4,T8#3,T9#2,T10#1>group(App<F,T1#10>,App<F,T2#9>,App<F,T3#8>,App<F,T4#7>,App<F,T5#6>,App<F,T6#5>,App<F,T7#4>,App<F,T8#3>,App<F,T9#2>,App<F,T10#1>)
    T2#9 extends Object declared in method <T1#10,T2#9,T3#8,T4#7,T5#6,T6#5,T7#4,T8#3,T9#2,T10#1>group(App<F,T1#10>,App<F,T2#9>,App<F,T3#8>,App<F,T4#7>,App<F,T5#6>,App<F,T6#5>,App<F,T7#4>,App<F,T8#3>,App<F,T9#2>,App<F,T10#1>)
    T3#8 extends Object declared in method <T1#10,T2#9,T3#8,T4#7,T5#6,T6#5,T7#4,T8#3,T9#2,T10#1>group(App<F,T1#10>,App<F,T2#9>,App<F,T3#8>,App<F,T4#7>,App<F,T5#6>,App<F,T6#5>,App<F,T7#4>,App<F,T8#3>,App<F,T9#2>,App<F,T10#1>)
    T4#7 extends Object declared in method <T1#10,T2#9,T3#8,T4#7,T5#6,T6#5,T7#4,T8#3,T9#2,T10#1>group(App<F,T1#10>,App<F,T2#9>,App<F,T3#8>,App<F,T4#7>,App<F,T5#6>,App<F,T6#5>,App<F,T7#4>,App<F,T8#3>,App<F,T9#2>,App<F,T10#1>)
    T5#6 extends Object declared in method <T1#10,T2#9,T3#8,T4#7,T5#6,T6#5,T7#4,T8#3,T9#2,T10#1>group(App<F,T1#10>,App<F,T2#9>,App<F,T3#8>,App<F,T4#7>,App<F,T5#6>,App<F,T6#5>,App<F,T7#4>,App<F,T8#3>,App<F,T9#2>,App<F,T10#1>)
    T6#5 extends Object declared in method <T1#10,T2#9,T3#8,T4#7,T5#6,T6#5,T7#4,T8#3,T9#2,T10#1>group(App<F,T1#10>,App<F,T2#9>,App<F,T3#8>,App<F,T4#7>,App<F,T5#6>,App<F,T6#5>,App<F,T7#4>,App<F,T8#3>,App<F,T9#2>,App<F,T10#1>)
    T7#4 extends Object declared in method <T1#10,T2#9,T3#8,T4#7,T5#6,T6#5,T7#4,T8#3,T9#2,T10#1>group(App<F,T1#10>,App<F,T2#9>,App<F,T3#8>,App<F,T4#7>,App<F,T5#6>,App<F,T6#5>,App<F,T7#4>,App<F,T8#3>,App<F,T9#2>,App<F,T10#1>)
    T8#3 extends Object declared in method <T1#10,T2#9,T3#8,T4#7,T5#6,T6#5,T7#4,T8#3,T9#2,T10#1>group(App<F,T1#10>,App<F,T2#9>,App<F,T3#8>,App<F,T4#7>,App<F,T5#6>,App<F,T6#5>,App<F,T7#4>,App<F,T8#3>,App<F,T9#2>,App<F,T10#1>)
    T9#2 extends Object declared in method <T1#10,T2#9,T3#8,T4#7,T5#6,T6#5,T7#4,T8#3,T9#2,T10#1>group(App<F,T1#10>,App<F,T2#9>,App<F,T3#8>,App<F,T4#7>,App<F,T5#6>,App<F,T6#5>,App<F,T7#4>,App<F,T8#3>,App<F,T9#2>,App<F,T10#1>)
    T10#1 extends Object declared in method <T1#10,T2#9,T3#8,T4#7,T5#6,T6#5,T7#4,T8#3,T9#2,T10#1>group(App<F,T1#10>,App<F,T2#9>,App<F,T3#8>,App<F,T4#7>,App<F,T5#6>,App<F,T6#5>,App<F,T7#4>,App<F,T8#3>,App<F,T9#2>,App<F,T10#1>)
    T1#11 extends Object declared in method <T1#11,T2#10,T3#9,T4#8,T5#7,T6#6,T7#5,T8#4,T9#3,T10#2,T11#1>group(App<F,T1#11>,App<F,T2#10>,App<F,T3#9>,App<F,T4#8>,App<F,T5#7>,App<F,T6#6>,App<F,T7#5>,App<F,T8#4>,App<F,T9#3>,App<F,T10#2>,App<F,T11#1>)
    T2#10 extends Object declared in method <T1#11,T2#10,T3#9,T4#8,T5#7,T6#6,T7#5,T8#4,T9#3,T10#2,T11#1>group(App<F,T1#11>,App<F,T2#10>,App<F,T3#9>,App<F,T4#8>,App<F,T5#7>,App<F,T6#6>,App<F,T7#5>,App<F,T8#4>,App<F,T9#3>,App<F,T10#2>,App<F,T11#1>)
    T3#9 extends Object declared in method <T1#11,T2#10,T3#9,T4#8,T5#7,T6#6,T7#5,T8#4,T9#3,T10#2,T11#1>group(App<F,T1#11>,App<F,T2#10>,App<F,T3#9>,App<F,T4#8>,App<F,T5#7>,App<F,T6#6>,App<F,T7#5>,App<F,T8#4>,App<F,T9#3>,App<F,T10#2>,App<F,T11#1>)
    T4#8 extends Object declared in method <T1#11,T2#10,T3#9,T4#8,T5#7,T6#6,T7#5,T8#4,T9#3,T10#2,T11#1>group(App<F,T1#11>,App<F,T2#10>,App<F,T3#9>,App<F,T4#8>,App<F,T5#7>,App<F,T6#6>,App<F,T7#5>,App<F,T8#4>,App<F,T9#3>,App<F,T10#2>,App<F,T11#1>)
    T5#7 extends Object declared in method <T1#11,T2#10,T3#9,T4#8,T5#7,T6#6,T7#5,T8#4,T9#3,T10#2,T11#1>group(App<F,T1#11>,App<F,T2#10>,App<F,T3#9>,App<F,T4#8>,App<F,T5#7>,App<F,T6#6>,App<F,T7#5>,App<F,T8#4>,App<F,T9#3>,App<F,T10#2>,App<F,T11#1>)
    T6#6 extends Object declared in method <T1#11,T2#10,T3#9,T4#8,T5#7,T6#6,T7#5,T8#4,T9#3,T10#2,T11#1>group(App<F,T1#11>,App<F,T2#10>,App<F,T3#9>,App<F,T4#8>,App<F,T5#7>,App<F,T6#6>,App<F,T7#5>,App<F,T8#4>,App<F,T9#3>,App<F,T10#2>,App<F,T11#1>)
    T7#5 extends Object declared in method <T1#11,T2#10,T3#9,T4#8,T5#7,T6#6,T7#5,T8#4,T9#3,T10#2,T11#1>group(App<F,T1#11>,App<F,T2#10>,App<F,T3#9>,App<F,T4#8>,App<F,T5#7>,App<F,T6#6>,App<F,T7#5>,App<F,T8#4>,App<F,T9#3>,App<F,T10#2>,App<F,T11#1>)
    T8#4 extends Object declared in method <T1#11,T2#10,T3#9,T4#8,T5#7,T6#6,T7#5,T8#4,T9#3,T10#2,T11#1>group(App<F,T1#11>,App<F,T2#10>,App<F,T3#9>,App<F,T4#8>,App<F,T5#7>,App<F,T6#6>,App<F,T7#5>,App<F,T8#4>,App<F,T9#3>,App<F,T10#2>,App<F,T11#1>)
    T9#3 extends Object declared in method <T1#11,T2#10,T3#9,T4#8,T5#7,T6#6,T7#5,T8#4,T9#3,T10#2,T11#1>group(App<F,T1#11>,App<F,T2#10>,App<F,T3#9>,App<F,T4#8>,App<F,T5#7>,App<F,T6#6>,App<F,T7#5>,App<F,T8#4>,App<F,T9#3>,App<F,T10#2>,App<F,T11#1>)
    T10#2 extends Object declared in method <T1#11,T2#10,T3#9,T4#8,T5#7,T6#6,T7#5,T8#4,T9#3,T10#2,T11#1>group(App<F,T1#11>,App<F,T2#10>,App<F,T3#9>,App<F,T4#8>,App<F,T5#7>,App<F,T6#6>,App<F,T7#5>,App<F,T8#4>,App<F,T9#3>,App<F,T10#2>,App<F,T11#1>)
    T11#1 extends Object declared in method <T1#11,T2#10,T3#9,T4#8,T5#7,T6#6,T7#5,T8#4,T9#3,T10#2,T11#1>group(App<F,T1#11>,App<F,T2#10>,App<F,T3#9>,App<F,T4#8>,App<F,T5#7>,App<F,T6#6>,App<F,T7#5>,App<F,T8#4>,App<F,T9#3>,App<F,T10#2>,App<F,T11#1>)
    T1#12 extends Object declared in method <T1#12,T2#11,T3#10,T4#9,T5#8,T6#7,T7#6,T8#5,T9#4,T10#3,T11#2,T12#1>group(App<F,T1#12>,App<F,T2#11>,App<F,T3#10>,App<F,T4#9>,App<F,T5#8>,App<F,T6#7>,App<F,T7#6>,App<F,T8#5>,App<F,T9#4>,App<F,T10#3>,App<F,T11#2>,App<F,T12#1>)
    T2#11 extends Object declared in method <T1#12,T2#11,T3#10,T4#9,T5#8,T6#7,T7#6,T8#5,T9#4,T10#3,T11#2,T12#1>group(App<F,T1#12>,App<F,T2#11>,App<F,T3#10>,App<F,T4#9>,App<F,T5#8>,App<F,T6#7>,App<F,T7#6>,App<F,T8#5>,App<F,T9#4>,App<F,T10#3>,App<F,T11#2>,App<F,T12#1>)
    T3#10 extends Object declared in method <T1#12,T2#11,T3#10,T4#9,T5#8,T6#7,T7#6,T8#5,T9#4,T10#3,T11#2,T12#1>group(App<F,T1#12>,App<F,T2#11>,App<F,T3#10>,App<F,T4#9>,App<F,T5#8>,App<F,T6#7>,App<F,T7#6>,App<F,T8#5>,App<F,T9#4>,App<F,T10#3>,App<F,T11#2>,App<F,T12#1>)
    T4#9 extends Object declared in method <T1#12,T2#11,T3#10,T4#9,T5#8,T6#7,T7#6,T8#5,T9#4,T10#3,T11#2,T12#1>group(App<F,T1#12>,App<F,T2#11>,App<F,T3#10>,App<F,T4#9>,App<F,T5#8>,App<F,T6#7>,App<F,T7#6>,App<F,T8#5>,App<F,T9#4>,App<F,T10#3>,App<F,T11#2>,App<F,T12#1>)
    T5#8 extends Object declared in method <T1#12,T2#11,T3#10,T4#9,T5#8,T6#7,T7#6,T8#5,T9#4,T10#3,T11#2,T12#1>group(App<F,T1#12>,App<F,T2#11>,App<F,T3#10>,App<F,T4#9>,App<F,T5#8>,App<F,T6#7>,App<F,T7#6>,App<F,T8#5>,App<F,T9#4>,App<F,T10#3>,App<F,T11#2>,App<F,T12#1>)
    T6#7 extends Object declared in method <T1#12,T2#11,T3#10,T4#9,T5#8,T6#7,T7#6,T8#5,T9#4,T10#3,T11#2,T12#1>group(App<F,T1#12>,App<F,T2#11>,App<F,T3#10>,App<F,T4#9>,App<F,T5#8>,App<F,T6#7>,App<F,T7#6>,App<F,T8#5>,App<F,T9#4>,App<F,T10#3>,App<F,T11#2>,App<F,T12#1>)
    T7#6 extends Object declared in method <T1#12,T2#11,T3#10,T4#9,T5#8,T6#7,T7#6,T8#5,T9#4,T10#3,T11#2,T12#1>group(App<F,T1#12>,App<F,T2#11>,App<F,T3#10>,App<F,T4#9>,App<F,T5#8>,App<F,T6#7>,App<F,T7#6>,App<F,T8#5>,App<F,T9#4>,App<F,T10#3>,App<F,T11#2>,App<F,T12#1>)
    T8#5 extends Object declared in method <T1#12,T2#11,T3#10,T4#9,T5#8,T6#7,T7#6,T8#5,T9#4,T10#3,T11#2,T12#1>group(App<F,T1#12>,App<F,T2#11>,App<F,T3#10>,App<F,T4#9>,App<F,T5#8>,App<F,T6#7>,App<F,T7#6>,App<F,T8#5>,App<F,T9#4>,App<F,T10#3>,App<F,T11#2>,App<F,T12#1>)
    T9#4 extends Object declared in method <T1#12,T2#11,T3#10,T4#9,T5#8,T6#7,T7#6,T8#5,T9#4,T10#3,T11#2,T12#1>group(App<F,T1#12>,App<F,T2#11>,App<F,T3#10>,App<F,T4#9>,App<F,T5#8>,App<F,T6#7>,App<F,T7#6>,App<F,T8#5>,App<F,T9#4>,App<F,T10#3>,App<F,T11#2>,App<F,T12#1>)
    T10#3 extends Object declared in method <T1#12,T2#11,T3#10,T4#9,T5#8,T6#7,T7#6,T8#5,T9#4,T10#3,T11#2,T12#1>group(App<F,T1#12>,App<F,T2#11>,App<F,T3#10>,App<F,T4#9>,App<F,T5#8>,App<F,T6#7>,App<F,T7#6>,App<F,T8#5>,App<F,T9#4>,App<F,T10#3>,App<F,T11#2>,App<F,T12#1>)
    T11#2 extends Object declared in method <T1#12,T2#11,T3#10,T4#9,T5#8,T6#7,T7#6,T8#5,T9#4,T10#3,T11#2,T12#1>group(App<F,T1#12>,App<F,T2#11>,App<F,T3#10>,App<F,T4#9>,App<F,T5#8>,App<F,T6#7>,App<F,T7#6>,App<F,T8#5>,App<F,T9#4>,App<F,T10#3>,App<F,T11#2>,App<F,T12#1>)
    T12#1 extends Object declared in method <T1#12,T2#11,T3#10,T4#9,T5#8,T6#7,T7#6,T8#5,T9#4,T10#3,T11#2,T12#1>group(App<F,T1#12>,App<F,T2#11>,App<F,T3#10>,App<F,T4#9>,App<F,T5#8>,App<F,T6#7>,App<F,T7#6>,App<F,T8#5>,App<F,T9#4>,App<F,T10#3>,App<F,T11#2>,App<F,T12#1>)
    T1#13 extends Object declared in method <T1#13,T2#12,T3#11,T4#10,T5#9,T6#8,T7#7,T8#6,T9#5,T10#4,T11#3,T12#2,T13#1>group(App<F,T1#13>,App<F,T2#12>,App<F,T3#11>,App<F,T4#10>,App<F,T5#9>,App<F,T6#8>,App<F,T7#7>,App<F,T8#6>,App<F,T9#5>,App<F,T10#4>,App<F,T11#3>,App<F,T12#2>,App<F,T13#1>)
    T2#12 extends Object declared in method <T1#13,T2#12,T3#11,T4#10,T5#9,T6#8,T7#7,T8#6,T9#5,T10#4,T11#3,T12#2,T13#1>group(App<F,T1#13>,App<F,T2#12>,App<F,T3#11>,App<F,T4#10>,App<F,T5#9>,App<F,T6#8>,App<F,T7#7>,App<F,T8#6>,App<F,T9#5>,App<F,T10#4>,App<F,T11#3>,App<F,T12#2>,App<F,T13#1>)
    T3#11 extends Object declared in method <T1#13,T2#12,T3#11,T4#10,T5#9,T6#8,T7#7,T8#6,T9#5,T10#4,T11#3,T12#2,T13#1>group(App<F,T1#13>,App<F,T2#12>,App<F,T3#11>,App<F,T4#10>,App<F,T5#9>,App<F,T6#8>,App<F,T7#7>,App<F,T8#6>,App<F,T9#5>,App<F,T10#4>,App<F,T11#3>,App<F,T12#2>,App<F,T13#1>)
    T4#10 extends Object declared in method <T1#13,T2#12,T3#11,T4#10,T5#9,T6#8,T7#7,T8#6,T9#5,T10#4,T11#3,T12#2,T13#1>group(App<F,T1#13>,App<F,T2#12>,App<F,T3#11>,App<F,T4#10>,App<F,T5#9>,App<F,T6#8>,App<F,T7#7>,App<F,T8#6>,App<F,T9#5>,App<F,T10#4>,App<F,T11#3>,App<F,T12#2>,App<F,T13#1>)
    T5#9 extends Object declared in method <T1#13,T2#12,T3#11,T4#10,T5#9,T6#8,T7#7,T8#6,T9#5,T10#4,T11#3,T12#2,T13#1>group(App<F,T1#13>,App<F,T2#12>,App<F,T3#11>,App<F,T4#10>,App<F,T5#9>,App<F,T6#8>,App<F,T7#7>,App<F,T8#6>,App<F,T9#5>,App<F,T10#4>,App<F,T11#3>,App<F,T12#2>,App<F,T13#1>)
    T6#8 extends Object declared in method <T1#13,T2#12,T3#11,T4#10,T5#9,T6#8,T7#7,T8#6,T9#5,T10#4,T11#3,T12#2,T13#1>group(App<F,T1#13>,App<F,T2#12>,App<F,T3#11>,App<F,T4#10>,App<F,T5#9>,App<F,T6#8>,App<F,T7#7>,App<F,T8#6>,App<F,T9#5>,App<F,T10#4>,App<F,T11#3>,App<F,T12#2>,App<F,T13#1>)
    T7#7 extends Object declared in method <T1#13,T2#12,T3#11,T4#10,T5#9,T6#8,T7#7,T8#6,T9#5,T10#4,T11#3,T12#2,T13#1>group(App<F,T1#13>,App<F,T2#12>,App<F,T3#11>,App<F,T4#10>,App<F,T5#9>,App<F,T6#8>,App<F,T7#7>,App<F,T8#6>,App<F,T9#5>,App<F,T10#4>,App<F,T11#3>,App<F,T12#2>,App<F,T13#1>)
    T8#6 extends Object declared in method <T1#13,T2#12,T3#11,T4#10,T5#9,T6#8,T7#7,T8#6,T9#5,T10#4,T11#3,T12#2,T13#1>group(App<F,T1#13>,App<F,T2#12>,App<F,T3#11>,App<F,T4#10>,App<F,T5#9>,App<F,T6#8>,App<F,T7#7>,App<F,T8#6>,App<F,T9#5>,App<F,T10#4>,App<F,T11#3>,App<F,T12#2>,App<F,T13#1>)
    T9#5 extends Object declared in method <T1#13,T2#12,T3#11,T4#10,T5#9,T6#8,T7#7,T8#6,T9#5,T10#4,T11#3,T12#2,T13#1>group(App<F,T1#13>,App<F,T2#12>,App<F,T3#11>,App<F,T4#10>,App<F,T5#9>,App<F,T6#8>,App<F,T7#7>,App<F,T8#6>,App<F,T9#5>,App<F,T10#4>,App<F,T11#3>,App<F,T12#2>,App<F,T13#1>)
    T10#4 extends Object declared in method <T1#13,T2#12,T3#11,T4#10,T5#9,T6#8,T7#7,T8#6,T9#5,T10#4,T11#3,T12#2,T13#1>group(App<F,T1#13>,App<F,T2#12>,App<F,T3#11>,App<F,T4#10>,App<F,T5#9>,App<F,T6#8>,App<F,T7#7>,App<F,T8#6>,App<F,T9#5>,App<F,T10#4>,App<F,T11#3>,App<F,T12#2>,App<F,T13#1>)
    T11#3 extends Object declared in method <T1#13,T2#12,T3#11,T4#10,T5#9,T6#8,T7#7,T8#6,T9#5,T10#4,T11#3,T12#2,T13#1>group(App<F,T1#13>,App<F,T2#12>,App<F,T3#11>,App<F,T4#10>,App<F,T5#9>,App<F,T6#8>,App<F,T7#7>,App<F,T8#6>,App<F,T9#5>,App<F,T10#4>,App<F,T11#3>,App<F,T12#2>,App<F,T13#1>)
    T12#2 extends Object declared in method <T1#13,T2#12,T3#11,T4#10,T5#9,T6#8,T7#7,T8#6,T9#5,T10#4,T11#3,T12#2,T13#1>group(App<F,T1#13>,App<F,T2#12>,App<F,T3#11>,App<F,T4#10>,App<F,T5#9>,App<F,T6#8>,App<F,T7#7>,App<F,T8#6>,App<F,T9#5>,App<F,T10#4>,App<F,T11#3>,App<F,T12#2>,App<F,T13#1>)
    T13#1 extends Object declared in method <T1#13,T2#12,T3#11,T4#10,T5#9,T6#8,T7#7,T8#6,T9#5,T10#4,T11#3,T12#2,T13#1>group(App<F,T1#13>,App<F,T2#12>,App<F,T3#11>,App<F,T4#10>,App<F,T5#9>,App<F,T6#8>,App<F,T7#7>,App<F,T8#6>,App<F,T9#5>,App<F,T10#4>,App<F,T11#3>,App<F,T12#2>,App<F,T13#1>)
    T1#14 extends Object declared in method <T1#14,T2#13,T3#12,T4#11,T5#10,T6#9,T7#8,T8#7,T9#6,T10#5,T11#4,T12#3,T13#2,T14#1>group(App<F,T1#14>,App<F,T2#13>,App<F,T3#12>,App<F,T4#11>,App<F,T5#10>,App<F,T6#9>,App<F,T7#8>,App<F,T8#7>,App<F,T9#6>,App<F,T10#5>,App<F,T11#4>,App<F,T12#3>,App<F,T13#2>,App<F,T14#1>)
    T2#13 extends Object declared in method <T1#14,T2#13,T3#12,T4#11,T5#10,T6#9,T7#8,T8#7,T9#6,T10#5,T11#4,T12#3,T13#2,T14#1>group(App<F,T1#14>,App<F,T2#13>,App<F,T3#12>,App<F,T4#11>,App<F,T5#10>,App<F,T6#9>,App<F,T7#8>,App<F,T8#7>,App<F,T9#6>,App<F,T10#5>,App<F,T11#4>,App<F,T12#3>,App<F,T13#2>,App<F,T14#1>)
    T3#12 extends Object declared in method <T1#14,T2#13,T3#12,T4#11,T5#10,T6#9,T7#8,T8#7,T9#6,T10#5,T11#4,T12#3,T13#2,T14#1>group(App<F,T1#14>,App<F,T2#13>,App<F,T3#12>,App<F,T4#11>,App<F,T5#10>,App<F,T6#9>,App<F,T7#8>,App<F,T8#7>,App<F,T9#6>,App<F,T10#5>,App<F,T11#4>,App<F,T12#3>,App<F,T13#2>,App<F,T14#1>)
    T4#11 extends Object declared in method <T1#14,T2#13,T3#12,T4#11,T5#10,T6#9,T7#8,T8#7,T9#6,T10#5,T11#4,T12#3,T13#2,T14#1>group(App<F,T1#14>,App<F,T2#13>,App<F,T3#12>,App<F,T4#11>,App<F,T5#10>,App<F,T6#9>,App<F,T7#8>,App<F,T8#7>,App<F,T9#6>,App<F,T10#5>,App<F,T11#4>,App<F,T12#3>,App<F,T13#2>,App<F,T14#1>)
    T5#10 extends Object declared in method <T1#14,T2#13,T3#12,T4#11,T5#10,T6#9,T7#8,T8#7,T9#6,T10#5,T11#4,T12#3,T13#2,T14#1>group(App<F,T1#14>,App<F,T2#13>,App<F,T3#12>,App<F,T4#11>,App<F,T5#10>,App<F,T6#9>,App<F,T7#8>,App<F,T8#7>,App<F,T9#6>,App<F,T10#5>,App<F,T11#4>,App<F,T12#3>,App<F,T13#2>,App<F,T14#1>)
    T6#9 extends Object declared in method <T1#14,T2#13,T3#12,T4#11,T5#10,T6#9,T7#8,T8#7,T9#6,T10#5,T11#4,T12#3,T13#2,T14#1>group(App<F,T1#14>,App<F,T2#13>,App<F,T3#12>,App<F,T4#11>,App<F,T5#10>,App<F,T6#9>,App<F,T7#8>,App<F,T8#7>,App<F,T9#6>,App<F,T10#5>,App<F,T11#4>,App<F,T12#3>,App<F,T13#2>,App<F,T14#1>)
    T7#8 extends Object declared in method <T1#14,T2#13,T3#12,T4#11,T5#10,T6#9,T7#8,T8#7,T9#6,T10#5,T11#4,T12#3,T13#2,T14#1>group(App<F,T1#14>,App<F,T2#13>,App<F,T3#12>,App<F,T4#11>,App<F,T5#10>,App<F,T6#9>,App<F,T7#8>,App<F,T8#7>,App<F,T9#6>,App<F,T10#5>,App<F,T11#4>,App<F,T12#3>,App<F,T13#2>,App<F,T14#1>)
    T8#7 extends Object declared in method <T1#14,T2#13,T3#12,T4#11,T5#10,T6#9,T7#8,T8#7,T9#6,T10#5,T11#4,T12#3,T13#2,T14#1>group(App<F,T1#14>,App<F,T2#13>,App<F,T3#12>,App<F,T4#11>,App<F,T5#10>,App<F,T6#9>,App<F,T7#8>,App<F,T8#7>,App<F,T9#6>,App<F,T10#5>,App<F,T11#4>,App<F,T12#3>,App<F,T13#2>,App<F,T14#1>)
    T9#6 extends Object declared in method <T1#14,T2#13,T3#12,T4#11,T5#10,T6#9,T7#8,T8#7,T9#6,T10#5,T11#4,T12#3,T13#2,T14#1>group(App<F,T1#14>,App<F,T2#13>,App<F,T3#12>,App<F,T4#11>,App<F,T5#10>,App<F,T6#9>,App<F,T7#8>,App<F,T8#7>,App<F,T9#6>,App<F,T10#5>,App<F,T11#4>,App<F,T12#3>,App<F,T13#2>,App<F,T14#1>)
    T10#5 extends Object declared in method <T1#14,T2#13,T3#12,T4#11,T5#10,T6#9,T7#8,T8#7,T9#6,T10#5,T11#4,T12#3,T13#2,T14#1>group(App<F,T1#14>,App<F,T2#13>,App<F,T3#12>,App<F,T4#11>,App<F,T5#10>,App<F,T6#9>,App<F,T7#8>,App<F,T8#7>,App<F,T9#6>,App<F,T10#5>,App<F,T11#4>,App<F,T12#3>,App<F,T13#2>,App<F,T14#1>)
    T11#4 extends Object declared in method <T1#14,T2#13,T3#12,T4#11,T5#10,T6#9,T7#8,T8#7,T9#6,T10#5,T11#4,T12#3,T13#2,T14#1>group(App<F,T1#14>,App<F,T2#13>,App<F,T3#12>,App<F,T4#11>,App<F,T5#10>,App<F,T6#9>,App<F,T7#8>,App<F,T8#7>,App<F,T9#6>,App<F,T10#5>,App<F,T11#4>,App<F,T12#3>,App<F,T13#2>,App<F,T14#1>)
    T12#3 extends Object declared in method <T1#14,T2#13,T3#12,T4#11,T5#10,T6#9,T7#8,T8#7,T9#6,T10#5,T11#4,T12#3,T13#2,T14#1>group(App<F,T1#14>,App<F,T2#13>,App<F,T3#12>,App<F,T4#11>,App<F,T5#10>,App<F,T6#9>,App<F,T7#8>,App<F,T8#7>,App<F,T9#6>,App<F,T10#5>,App<F,T11#4>,App<F,T12#3>,App<F,T13#2>,App<F,T14#1>)
    T13#2 extends Object declared in method <T1#14,T2#13,T3#12,T4#11,T5#10,T6#9,T7#8,T8#7,T9#6,T10#5,T11#4,T12#3,T13#2,T14#1>group(App<F,T1#14>,App<F,T2#13>,App<F,T3#12>,App<F,T4#11>,App<F,T5#10>,App<F,T6#9>,App<F,T7#8>,App<F,T8#7>,App<F,T9#6>,App<F,T10#5>,App<F,T11#4>,App<F,T12#3>,App<F,T13#2>,App<F,T14#1>)
    T14#1 extends Object declared in method <T1#14,T2#13,T3#12,T4#11,T5#10,T6#9,T7#8,T8#7,T9#6,T10#5,T11#4,T12#3,T13#2,T14#1>group(App<F,T1#14>,App<F,T2#13>,App<F,T3#12>,App<F,T4#11>,App<F,T5#10>,App<F,T6#9>,App<F,T7#8>,App<F,T8#7>,App<F,T9#6>,App<F,T10#5>,App<F,T11#4>,App<F,T12#3>,App<F,T13#2>,App<F,T14#1>)
    T1#15 extends Object declared in method <T1#15,T2#14,T3#13,T4#12,T5#11,T6#10,T7#9,T8#8,T9#7,T10#6,T11#5,T12#4,T13#3,T14#2,T15#1>group(App<F,T1#15>,App<F,T2#14>,App<F,T3#13>,App<F,T4#12>,App<F,T5#11>,App<F,T6#10>,App<F,T7#9>,App<F,T8#8>,App<F,T9#7>,App<F,T10#6>,App<F,T11#5>,App<F,T12#4>,App<F,T13#3>,App<F,T14#2>,App<F,T15#1>)
    T2#14 extends Object declared in method <T1#15,T2#14,T3#13,T4#12,T5#11,T6#10,T7#9,T8#8,T9#7,T10#6,T11#5,T12#4,T13#3,T14#2,T15#1>group(App<F,T1#15>,App<F,T2#14>,App<F,T3#13>,App<F,T4#12>,App<F,T5#11>,App<F,T6#10>,App<F,T7#9>,App<F,T8#8>,App<F,T9#7>,App<F,T10#6>,App<F,T11#5>,App<F,T12#4>,App<F,T13#3>,App<F,T14#2>,App<F,T15#1>)
    T3#13 extends Object declared in method <T1#15,T2#14,T3#13,T4#12,T5#11,T6#10,T7#9,T8#8,T9#7,T10#6,T11#5,T12#4,T13#3,T14#2,T15#1>group(App<F,T1#15>,App<F,T2#14>,App<F,T3#13>,App<F,T4#12>,App<F,T5#11>,App<F,T6#10>,App<F,T7#9>,App<F,T8#8>,App<F,T9#7>,App<F,T10#6>,App<F,T11#5>,App<F,T12#4>,App<F,T13#3>,App<F,T14#2>,App<F,T15#1>)
    T4#12 extends Object declared in method <T1#15,T2#14,T3#13,T4#12,T5#11,T6#10,T7#9,T8#8,T9#7,T10#6,T11#5,T12#4,T13#3,T14#2,T15#1>group(App<F,T1#15>,App<F,T2#14>,App<F,T3#13>,App<F,T4#12>,App<F,T5#11>,App<F,T6#10>,App<F,T7#9>,App<F,T8#8>,App<F,T9#7>,App<F,T10#6>,App<F,T11#5>,App<F,T12#4>,App<F,T13#3>,App<F,T14#2>,App<F,T15#1>)
    T5#11 extends Object declared in method <T1#15,T2#14,T3#13,T4#12,T5#11,T6#10,T7#9,T8#8,T9#7,T10#6,T11#5,T12#4,T13#3,T14#2,T15#1>group(App<F,T1#15>,App<F,T2#14>,App<F,T3#13>,App<F,T4#12>,App<F,T5#11>,App<F,T6#10>,App<F,T7#9>,App<F,T8#8>,App<F,T9#7>,App<F,T10#6>,App<F,T11#5>,App<F,T12#4>,App<F,T13#3>,App<F,T14#2>,App<F,T15#1>)
    T6#10 extends Object declared in method <T1#15,T2#14,T3#13,T4#12,T5#11,T6#10,T7#9,T8#8,T9#7,T10#6,T11#5,T12#4,T13#3,T14#2,T15#1>group(App<F,T1#15>,App<F,T2#14>,App<F,T3#13>,App<F,T4#12>,App<F,T5#11>,App<F,T6#10>,App<F,T7#9>,App<F,T8#8>,App<F,T9#7>,App<F,T10#6>,App<F,T11#5>,App<F,T12#4>,App<F,T13#3>,App<F,T14#2>,App<F,T15#1>)
    T7#9 extends Object declared in method <T1#15,T2#14,T3#13,T4#12,T5#11,T6#10,T7#9,T8#8,T9#7,T10#6,T11#5,T12#4,T13#3,T14#2,T15#1>group(App<F,T1#15>,App<F,T2#14>,App<F,T3#13>,App<F,T4#12>,App<F,T5#11>,App<F,T6#10>,App<F,T7#9>,App<F,T8#8>,App<F,T9#7>,App<F,T10#6>,App<F,T11#5>,App<F,T12#4>,App<F,T13#3>,App<F,T14#2>,App<F,T15#1>)
    T8#8 extends Object declared in method <T1#15,T2#14,T3#13,T4#12,T5#11,T6#10,T7#9,T8#8,T9#7,T10#6,T11#5,T12#4,T13#3,T14#2,T15#1>group(App<F,T1#15>,App<F,T2#14>,App<F,T3#13>,App<F,T4#12>,App<F,T5#11>,App<F,T6#10>,App<F,T7#9>,App<F,T8#8>,App<F,T9#7>,App<F,T10#6>,App<F,T11#5>,App<F,T12#4>,App<F,T13#3>,App<F,T14#2>,App<F,T15#1>)
    T9#7 extends Object declared in method <T1#15,T2#14,T3#13,T4#12,T5#11,T6#10,T7#9,T8#8,T9#7,T10#6,T11#5,T12#4,T13#3,T14#2,T15#1>group(App<F,T1#15>,App<F,T2#14>,App<F,T3#13>,App<F,T4#12>,App<F,T5#11>,App<F,T6#10>,App<F,T7#9>,App<F,T8#8>,App<F,T9#7>,App<F,T10#6>,App<F,T11#5>,App<F,T12#4>,App<F,T13#3>,App<F,T14#2>,App<F,T15#1>)
    T10#6 extends Object declared in method <T1#15,T2#14,T3#13,T4#12,T5#11,T6#10,T7#9,T8#8,T9#7,T10#6,T11#5,T12#4,T13#3,T14#2,T15#1>group(App<F,T1#15>,App<F,T2#14>,App<F,T3#13>,App<F,T4#12>,App<F,T5#11>,App<F,T6#10>,App<F,T7#9>,App<F,T8#8>,App<F,T9#7>,App<F,T10#6>,App<F,T11#5>,App<F,T12#4>,App<F,T13#3>,App<F,T14#2>,App<F,T15#1>)
    T11#5 extends Object declared in method <T1#15,T2#14,T3#13,T4#12,T5#11,T6#10,T7#9,T8#8,T9#7,T10#6,T11#5,T12#4,T13#3,T14#2,T15#1>group(App<F,T1#15>,App<F,T2#14>,App<F,T3#13>,App<F,T4#12>,App<F,T5#11>,App<F,T6#10>,App<F,T7#9>,App<F,T8#8>,App<F,T9#7>,App<F,T10#6>,App<F,T11#5>,App<F,T12#4>,App<F,T13#3>,App<F,T14#2>,App<F,T15#1>)
    T12#4 extends Object declared in method <T1#15,T2#14,T3#13,T4#12,T5#11,T6#10,T7#9,T8#8,T9#7,T10#6,T11#5,T12#4,T13#3,T14#2,T15#1>group(App<F,T1#15>,App<F,T2#14>,App<F,T3#13>,App<F,T4#12>,App<F,T5#11>,App<F,T6#10>,App<F,T7#9>,App<F,T8#8>,App<F,T9#7>,App<F,T10#6>,App<F,T11#5>,App<F,T12#4>,App<F,T13#3>,App<F,T14#2>,App<F,T15#1>)
    T13#3 extends Object declared in method <T1#15,T2#14,T3#13,T4#12,T5#11,T6#10,T7#9,T8#8,T9#7,T10#6,T11#5,T12#4,T13#3,T14#2,T15#1>group(App<F,T1#15>,App<F,T2#14>,App<F,T3#13>,App<F,T4#12>,App<F,T5#11>,App<F,T6#10>,App<F,T7#9>,App<F,T8#8>,App<F,T9#7>,App<F,T10#6>,App<F,T11#5>,App<F,T12#4>,App<F,T13#3>,App<F,T14#2>,App<F,T15#1>)
    T14#2 extends Object declared in method <T1#15,T2#14,T3#13,T4#12,T5#11,T6#10,T7#9,T8#8,T9#7,T10#6,T11#5,T12#4,T13#3,T14#2,T15#1>group(App<F,T1#15>,App<F,T2#14>,App<F,T3#13>,App<F,T4#12>,App<F,T5#11>,App<F,T6#10>,App<F,T7#9>,App<F,T8#8>,App<F,T9#7>,App<F,T10#6>,App<F,T11#5>,App<F,T12#4>,App<F,T13#3>,App<F,T14#2>,App<F,T15#1>)
    T15#1 extends Object declared in method <T1#15,T2#14,T3#13,T4#12,T5#11,T6#10,T7#9,T8#8,T9#7,T10#6,T11#5,T12#4,T13#3,T14#2,T15#1>group(App<F,T1#15>,App<F,T2#14>,App<F,T3#13>,App<F,T4#12>,App<F,T5#11>,App<F,T6#10>,App<F,T7#9>,App<F,T8#8>,App<F,T9#7>,App<F,T10#6>,App<F,T11#5>,App<F,T12#4>,App<F,T13#3>,App<F,T14#2>,App<F,T15#1>)
    T1#16 extends Object declared in method <T1#16,T2#15,T3#14,T4#13,T5#12,T6#11,T7#10,T8#9,T9#8,T10#7,T11#6,T12#5,T13#4,T14#3,T15#2,T16>group(App<F,T1#16>,App<F,T2#15>,App<F,T3#14>,App<F,T4#13>,App<F,T5#12>,App<F,T6#11>,App<F,T7#10>,App<F,T8#9>,App<F,T9#8>,App<F,T10#7>,App<F,T11#6>,App<F,T12#5>,App<F,T13#4>,App<F,T14#3>,App<F,T15#2>,App<F,T16>)
    T2#15 extends Object declared in method <T1#16,T2#15,T3#14,T4#13,T5#12,T6#11,T7#10,T8#9,T9#8,T10#7,T11#6,T12#5,T13#4,T14#3,T15#2,T16>group(App<F,T1#16>,App<F,T2#15>,App<F,T3#14>,App<F,T4#13>,App<F,T5#12>,App<F,T6#11>,App<F,T7#10>,App<F,T8#9>,App<F,T9#8>,App<F,T10#7>,App<F,T11#6>,App<F,T12#5>,App<F,T13#4>,App<F,T14#3>,App<F,T15#2>,App<F,T16>)
    T3#14 extends Object declared in method <T1#16,T2#15,T3#14,T4#13,T5#12,T6#11,T7#10,T8#9,T9#8,T10#7,T11#6,T12#5,T13#4,T14#3,T15#2,T16>group(App<F,T1#16>,App<F,T2#15>,App<F,T3#14>,App<F,T4#13>,App<F,T5#12>,App<F,T6#11>,App<F,T7#10>,App<F,T8#9>,App<F,T9#8>,App<F,T10#7>,App<F,T11#6>,App<F,T12#5>,App<F,T13#4>,App<F,T14#3>,App<F,T15#2>,App<F,T16>)
    T4#13 extends Object declared in method <T1#16,T2#15,T3#14,T4#13,T5#12,T6#11,T7#10,T8#9,T9#8,T10#7,T11#6,T12#5,T13#4,T14#3,T15#2,T16>group(App<F,T1#16>,App<F,T2#15>,App<F,T3#14>,App<F,T4#13>,App<F,T5#12>,App<F,T6#11>,App<F,T7#10>,App<F,T8#9>,App<F,T9#8>,App<F,T10#7>,App<F,T11#6>,App<F,T12#5>,App<F,T13#4>,App<F,T14#3>,App<F,T15#2>,App<F,T16>)
    T5#12 extends Object declared in method <T1#16,T2#15,T3#14,T4#13,T5#12,T6#11,T7#10,T8#9,T9#8,T10#7,T11#6,T12#5,T13#4,T14#3,T15#2,T16>group(App<F,T1#16>,App<F,T2#15>,App<F,T3#14>,App<F,T4#13>,App<F,T5#12>,App<F,T6#11>,App<F,T7#10>,App<F,T8#9>,App<F,T9#8>,App<F,T10#7>,App<F,T11#6>,App<F,T12#5>,App<F,T13#4>,App<F,T14#3>,App<F,T15#2>,App<F,T16>)
    T6#11 extends Object declared in method <T1#16,T2#15,T3#14,T4#13,T5#12,T6#11,T7#10,T8#9,T9#8,T10#7,T11#6,T12#5,T13#4,T14#3,T15#2,T16>group(App<F,T1#16>,App<F,T2#15>,App<F,T3#14>,App<F,T4#13>,App<F,T5#12>,App<F,T6#11>,App<F,T7#10>,App<F,T8#9>,App<F,T9#8>,App<F,T10#7>,App<F,T11#6>,App<F,T12#5>,App<F,T13#4>,App<F,T14#3>,App<F,T15#2>,App<F,T16>)
    T7#10 extends Object declared in method <T1#16,T2#15,T3#14,T4#13,T5#12,T6#11,T7#10,T8#9,T9#8,T10#7,T11#6,T12#5,T13#4,T14#3,T15#2,T16>group(App<F,T1#16>,App<F,T2#15>,App<F,T3#14>,App<F,T4#13>,App<F,T5#12>,App<F,T6#11>,App<F,T7#10>,App<F,T8#9>,App<F,T9#8>,App<F,T10#7>,App<F,T11#6>,App<F,T12#5>,App<F,T13#4>,App<F,T14#3>,App<F,T15#2>,App<F,T16>)
    T8#9 extends Object declared in method <T1#16,T2#15,T3#14,T4#13,T5#12,T6#11,T7#10,T8#9,T9#8,T10#7,T11#6,T12#5,T13#4,T14#3,T15#2,T16>group(App<F,T1#16>,App<F,T2#15>,App<F,T3#14>,App<F,T4#13>,App<F,T5#12>,App<F,T6#11>,App<F,T7#10>,App<F,T8#9>,App<F,T9#8>,App<F,T10#7>,App<F,T11#6>,App<F,T12#5>,App<F,T13#4>,App<F,T14#3>,App<F,T15#2>,App<F,T16>)
    T9#8 extends Object declared in method <T1#16,T2#15,T3#14,T4#13,T5#12,T6#11,T7#10,T8#9,T9#8,T10#7,T11#6,T12#5,T13#4,T14#3,T15#2,T16>group(App<F,T1#16>,App<F,T2#15>,App<F,T3#14>,App<F,T4#13>,App<F,T5#12>,App<F,T6#11>,App<F,T7#10>,App<F,T8#9>,App<F,T9#8>,App<F,T10#7>,App<F,T11#6>,App<F,T12#5>,App<F,T13#4>,App<F,T14#3>,App<F,T15#2>,App<F,T16>)
    T10#7 extends Object declared in method <T1#16,T2#15,T3#14,T4#13,T5#12,T6#11,T7#10,T8#9,T9#8,T10#7,T11#6,T12#5,T13#4,T14#3,T15#2,T16>group(App<F,T1#16>,App<F,T2#15>,App<F,T3#14>,App<F,T4#13>,App<F,T5#12>,App<F,T6#11>,App<F,T7#10>,App<F,T8#9>,App<F,T9#8>,App<F,T10#7>,App<F,T11#6>,App<F,T12#5>,App<F,T13#4>,App<F,T14#3>,App<F,T15#2>,App<F,T16>)
    T11#6 extends Object declared in method <T1#16,T2#15,T3#14,T4#13,T5#12,T6#11,T7#10,T8#9,T9#8,T10#7,T11#6,T12#5,T13#4,T14#3,T15#2,T16>group(App<F,T1#16>,App<F,T2#15>,App<F,T3#14>,App<F,T4#13>,App<F,T5#12>,App<F,T6#11>,App<F,T7#10>,App<F,T8#9>,App<F,T9#8>,App<F,T10#7>,App<F,T11#6>,App<F,T12#5>,App<F,T13#4>,App<F,T14#3>,App<F,T15#2>,App<F,T16>)
    T12#5 extends Object declared in method <T1#16,T2#15,T3#14,T4#13,T5#12,T6#11,T7#10,T8#9,T9#8,T10#7,T11#6,T12#5,T13#4,T14#3,T15#2,T16>group(App<F,T1#16>,App<F,T2#15>,App<F,T3#14>,App<F,T4#13>,App<F,T5#12>,App<F,T6#11>,App<F,T7#10>,App<F,T8#9>,App<F,T9#8>,App<F,T10#7>,App<F,T11#6>,App<F,T12#5>,App<F,T13#4>,App<F,T14#3>,App<F,T15#2>,App<F,T16>)
    T13#4 extends Object declared in method <T1#16,T2#15,T3#14,T4#13,T5#12,T6#11,T7#10,T8#9,T9#8,T10#7,T11#6,T12#5,T13#4,T14#3,T15#2,T16>group(App<F,T1#16>,App<F,T2#15>,App<F,T3#14>,App<F,T4#13>,App<F,T5#12>,App<F,T6#11>,App<F,T7#10>,App<F,T8#9>,App<F,T9#8>,App<F,T10#7>,App<F,T11#6>,App<F,T12#5>,App<F,T13#4>,App<F,T14#3>,App<F,T15#2>,App<F,T16>)
    T14#3 extends Object declared in method <T1#16,T2#15,T3#14,T4#13,T5#12,T6#11,T7#10,T8#9,T9#8,T10#7,T11#6,T12#5,T13#4,T14#3,T15#2,T16>group(App<F,T1#16>,App<F,T2#15>,App<F,T3#14>,App<F,T4#13>,App<F,T5#12>,App<F,T6#11>,App<F,T7#10>,App<F,T8#9>,App<F,T9#8>,App<F,T10#7>,App<F,T11#6>,App<F,T12#5>,App<F,T13#4>,App<F,T14#3>,App<F,T15#2>,App<F,T16>)
    T15#2 extends Object declared in method <T1#16,T2#15,T3#14,T4#13,T5#12,T6#11,T7#10,T8#9,T9#8,T10#7,T11#6,T12#5,T13#4,T14#3,T15#2,T16>group(App<F,T1#16>,App<F,T2#15>,App<F,T3#14>,App<F,T4#13>,App<F,T5#12>,App<F,T6#11>,App<F,T7#10>,App<F,T8#9>,App<F,T9#8>,App<F,T10#7>,App<F,T11#6>,App<F,T12#5>,App<F,T13#4>,App<F,T14#3>,App<F,T15#2>,App<F,T16>)
    T16 extends Object declared in method <T1#16,T2#15,T3#14,T4#13,T5#12,T6#11,T7#10,T8#9,T9#8,T10#7,T11#6,T12#5,T13#4,T14#3,T15#2,T16>group(App<F,T1#16>,App<F,T2#15>,App<F,T3#14>,App<F,T4#13>,App<F,T5#12>,App<F,T6#11>,App<F,T7#10>,App<F,T8#9>,App<F,T9#8>,App<F,T10#7>,App<F,T11#6>,App<F,T12#5>,App<F,T13#4>,App<F,T14#3>,App<F,T15#2>,App<F,T16>)
/home/runner/work/TaCZ_Refabricated_Unofficial/TaCZ_Refabricated_Unofficial/src/main/java/cn/sh1rocu/tacz/industry/api/feed/TubularMagazineData.java:43: error: incompatible types: invalid method reference
    ).validate(TubularMagazineData::validateShape);
               ^
    incompatible types: Object cannot be converted to TubularMagazineData
/home/runner/work/TaCZ_Refabricated_Unofficial/TaCZ_Refabricated_Unofficial/src/main/java/cn/sh1rocu/tacz/industry/api/feed/CylinderData.java:84: error: no suitable method found for group(RecordCodecBuilder<CylinderData,Identifier>,RecordCodecBuilder<CylinderData,List<CylinderSlot>>,RecordCodecBuilder<CylinderData,Integer>)
            instance -> instance.group(
                                ^
    method Kind1.<T1#1>group(App<Mu<Object>,T1#1>) is not applicable
      (cannot infer type-variable(s) T1#1
        (actual and formal argument lists differ in length))
    method Kind1.<T1#2,T2#1>group(App<Mu<Object>,T1#2>,App<Mu<Object>,T2#1>) is not applicable
      (cannot infer type-variable(s) T1#2,T2#1
        (actual and formal argument lists differ in length))
    method Kind1.<T1#3,T2#2,T3#1>group(App<Mu<Object>,T1#3>,App<Mu<Object>,T2#2>,App<Mu<Object>,T3#1>) is not applicable
      (inference variable O has incompatible bounds
        equality constraints: Object
        upper bounds: Object,CylinderData)
    method Kind1.<T1#4,T2#3,T3#2,T4#1>group(App<Mu<Object>,T1#4>,App<Mu<Object>,T2#3>,App<Mu<Object>,T3#2>,App<Mu<Object>,T4#1>) is not applicable
      (cannot infer type-variable(s) T1#4,T2#3,T3#2,T4#1
        (actual and formal argument lists differ in length))
    method Kind1.<T1#5,T2#4,T3#3,T4#2,T5#1>group(App<Mu<Object>,T1#5>,App<Mu<Object>,T2#4>,App<Mu<Object>,T3#3>,App<Mu<Object>,T4#2>,App<Mu<Object>,T5#1>) is not applicable
      (cannot infer type-variable(s) T1#5,T2#4,T3#3,T4#2,T5#1
        (actual and formal argument lists differ in length))
    method Kind1.<T1#6,T2#5,T3#4,T4#3,T5#2,T6#1>group(App<Mu<Object>,T1#6>,App<Mu<Object>,T2#5>,App<Mu<Object>,T3#4>,App<Mu<Object>,T4#3>,App<Mu<Object>,T5#2>,App<Mu<Object>,T6#1>) is not applicable
      (cannot infer type-variable(s) T1#6,T2#5,T3#4,T4#3,T5#2,T6#1
        (actual and formal argument lists differ in length))
    method Kind1.<T1#7,T2#6,T3#5,T4#4,T5#3,T6#2,T7#1>group(App<Mu<Object>,T1#7>,App<Mu<Object>,T2#6>,App<Mu<Object>,T3#5>,App<Mu<Object>,T4#4>,App<Mu<Object>,T5#3>,App<Mu<Object>,T6#2>,App<Mu<Object>,T7#1>) is not applicable
      (cannot infer type-variable(s) T1#7,T2#6,T3#5,T4#4,T5#3,T6#2,T7#1
        (actual and formal argument lists differ in length))
    method Kind1.<T1#8,T2#7,T3#6,T4#5,T5#4,T6#3,T7#2,T8#1>group(App<Mu<Object>,T1#8>,App<Mu<Object>,T2#7>,App<Mu<Object>,T3#6>,App<Mu<Object>,T4#5>,App<Mu<Object>,T5#4>,App<Mu<Object>,T6#3>,App<Mu<Object>,T7#2>,App<Mu<Object>,T8#1>) is not applicable
      (cannot infer type-variable(s) T1#8,T2#7,T3#6,T4#5,T5#4,T6#3,T7#2,T8#1
        (actual and formal argument lists differ in length))
    method Kind1.<T1#9,T2#8,T3#7,T4#6,T5#5,T6#4,T7#3,T8#2,T9#1>group(App<Mu<Object>,T1#9>,App<Mu<Object>,T2#8>,App<Mu<Object>,T3#7>,App<Mu<Object>,T4#6>,App<Mu<Object>,T5#5>,App<Mu<Object>,T6#4>,App<Mu<Object>,T7#3>,App<Mu<Object>,T8#2>,App<Mu<Object>,T9#1>) is not applicable
      (cannot infer type-variable(s) T1#9,T2#8,T3#7,T4#6,T5#5,T6#4,T7#3,T8#2,T9#1
        (actual and formal argument lists differ in length))
    method Kind1.<T1#10,T2#9,T3#8,T4#7,T5#6,T6#5,T7#4,T8#3,T9#2,T10#1>group(App<Mu<Object>,T1#10>,App<Mu<Object>,T2#9>,App<Mu<Object>,T3#8>,App<Mu<Object>,T4#7>,App<Mu<Object>,T5#6>,App<Mu<Object>,T6#5>,App<Mu<Object>,T7#4>,App<Mu<Object>,T8#3>,App<Mu<Object>,T9#2>,App<Mu<Object>,T10#1>) is not applicable
      (cannot infer type-variable(s) T1#10,T2#9,T3#8,T4#7,T5#6,T6#5,T7#4,T8#3,T9#2,T10#1
        (actual and formal argument lists differ in length))
    method Kind1.<T1#11,T2#10,T3#9,T4#8,T5#7,T6#6,T7#5,T8#4,T9#3,T10#2,T11#1>group(App<Mu<Object>,T1#11>,App<Mu<Object>,T2#10>,App<Mu<Object>,T3#9>,App<Mu<Object>,T4#8>,App<Mu<Object>,T5#7>,App<Mu<Object>,T6#6>,App<Mu<Object>,T7#5>,App<Mu<Object>,T8#4>,App<Mu<Object>,T9#3>,App<Mu<Object>,T10#2>,App<Mu<Object>,T11#1>) is not applicable
      (cannot infer type-variable(s) T1#11,T2#10,T3#9,T4#8,T5#7,T6#6,T7#5,T8#4,T9#3,T10#2,T11#1
        (actual and formal argument lists differ in length))
    method Kind1.<T1#12,T2#11,T3#10,T4#9,T5#8,T6#7,T7#6,T8#5,T9#4,T10#3,T11#2,T12#1>group(App<Mu<Object>,T1#12>,App<Mu<Object>,T2#11>,App<Mu<Object>,T3#10>,App<Mu<Object>,T4#9>,App<Mu<Object>,T5#8>,App<Mu<Object>,T6#7>,App<Mu<Object>,T7#6>,App<Mu<Object>,T8#5>,App<Mu<Object>,T9#4>,App<Mu<Object>,T10#3>,App<Mu<Object>,T11#2>,App<Mu<Object>,T12#1>) is not applicable
      (cannot infer type-variable(s) T1#12,T2#11,T3#10,T4#9,T5#8,T6#7,T7#6,T8#5,T9#4,T10#3,T11#2,T12#1
        (actual and formal argument lists differ in length))
    method Kind1.<T1#13,T2#12,T3#11,T4#10,T5#9,T6#8,T7#7,T8#6,T9#5,T10#4,T11#3,T12#2,T13#1>group(App<Mu<Object>,T1#13>,App<Mu<Object>,T2#12>,App<Mu<Object>,T3#11>,App<Mu<Object>,T4#10>,App<Mu<Object>,T5#9>,App<Mu<Object>,T6#8>,App<Mu<Object>,T7#7>,App<Mu<Object>,T8#6>,App<Mu<Object>,T9#5>,App<Mu<Object>,T10#4>,App<Mu<Object>,T11#3>,App<Mu<Object>,T12#2>,App<Mu<Object>,T13#1>) is not applicable
      (cannot infer type-variable(s) T1#13,T2#12,T3#11,T4#10,T5#9,T6#8,T7#7,T8#6,T9#5,T10#4,T11#3,T12#2,T13#1
        (actual and formal argument lists differ in length))
    method Kind1.<T1#14,T2#13,T3#12,T4#11,T5#10,T6#9,T7#8,T8#7,T9#6,T10#5,T11#4,T12#3,T13#2,T14#1>group(App<Mu<Object>,T1#14>,App<Mu<Object>,T2#13>,App<Mu<Object>,T3#12>,App<Mu<Object>,T4#11>,App<Mu<Object>,T5#10>,App<Mu<Object>,T6#9>,App<Mu<Object>,T7#8>,App<Mu<Object>,T8#7>,App<Mu<Object>,T9#6>,App<Mu<Object>,T10#5>,App<Mu<Object>,T11#4>,App<Mu<Object>,T12#3>,App<Mu<Object>,T13#2>,App<Mu<Object>,T14#1>) is not applicable
      (cannot infer type-variable(s) T1#14,T2#13,T3#12,T4#11,T5#10,T6#9,T7#8,T8#7,T9#6,T10#5,T11#4,T12#3,T13#2,T14#1
        (actual and formal argument lists differ in length))
    method Kind1.<T1#15,T2#14,T3#13,T4#12,T5#11,T6#10,T7#9,T8#8,T9#7,T10#6,T11#5,T12#4,T13#3,T14#2,T15#1>group(App<Mu<Object>,T1#15>,App<Mu<Object>,T2#14>,App<Mu<Object>,T3#13>,App<Mu<Object>,T4#12>,App<Mu<Object>,T5#11>,App<Mu<Object>,T6#10>,App<Mu<Object>,T7#9>,App<Mu<Object>,T8#8>,App<Mu<Object>,T9#7>,App<Mu<Object>,T10#6>,App<Mu<Object>,T11#5>,App<Mu<Object>,T12#4>,App<Mu<Object>,T13#3>,App<Mu<Object>,T14#2>,App<Mu<Object>,T15#1>) is not applicable
      (cannot infer type-variable(s) T1#15,T2#14,T3#13,T4#12,T5#11,T6#10,T7#9,T8#8,T9#7,T10#6,T11#5,T12#4,T13#3,T14#2,T15#1
        (actual and formal argument lists differ in length))
    method Kind1.<T1#16,T2#15,T3#14,T4#13,T5#12,T6#11,T7#10,T8#9,T9#8,T10#7,T11#6,T12#5,T13#4,T14#3,T15#2,T16>group(App<Mu<Object>,T1#16>,App<Mu<Object>,T2#15>,App<Mu<Object>,T3#14>,App<Mu<Object>,T4#13>,App<Mu<Object>,T5#12>,App<Mu<Object>,T6#11>,App<Mu<Object>,T7#10>,App<Mu<Object>,T8#9>,App<Mu<Object>,T9#8>,App<Mu<Object>,T10#7>,App<Mu<Object>,T11#6>,App<Mu<Object>,T12#5>,App<Mu<Object>,T13#4>,App<Mu<Object>,T14#3>,App<Mu<Object>,T15#2>,App<Mu<Object>,T16>) is not applicable
      (cannot infer type-variable(s) T1#16,T2#15,T3#14,T4#13,T5#12,T6#11,T7#10,T8#9,T9#8,T10#7,T11#6,T12#5,T13#4,T14#3,T15#2,T16
        (actual and formal argument lists differ in length))
  where T1#1,F,T1#2,T2#1,T1#3,T2#2,T3#1,O,A,T1#4,T2#3,T3#2,T4#1,T1#5,T2#4,T3#3,T4#2,T5#1,T1#6,T2#5,T3#4,T4#3,T5#2,T6#1,T1#7,T2#6,T3#5,T4#4,T5#3,T6#2,T7#1,T1#8,T2#7,T3#6,T4#5,T5#4,T6#3,T7#2,T8#1,T1#9,T2#8,T3#7,T4#6,T5#5,T6#4,T7#3,T8#2,T9#1,T1#10,T2#9,T3#8,T4#7,T5#6,T6#5,T7#4,T8#3,T9#2,T10#1,T1#11,T2#10,T3#9,T4#8,T5#7,T6#6,T7#5,T8#4,T9#3,T10#2,T11#1,T1#12,T2#11,T3#10,T4#9,T5#8,T6#7,T7#6,T8#5,T9#4,T10#3,T11#2,T12#1,T1#13,T2#12,T3#11,T4#10,T5#9,T6#8,T7#7,T8#6,T9#5,T10#4,T11#3,T12#2,T13#1,T1#14,T2#13,T3#12,T4#11,T5#10,T6#9,T7#8,T8#7,T9#6,T10#5,T11#4,T12#3,T13#2,T14#1,T1#15,T2#14,T3#13,T4#12,T5#11,T6#10,T7#9,T8#8,T9#7,T10#6,T11#5,T12#4,T13#3,T14#2,T15#1,T1#16,T2#15,T3#14,T4#13,T5#12,T6#11,T7#10,T8#9,T9#8,T10#7,T11#6,T12#5,T13#4,T14#3,T15#2,T16 are type-variables:
    T1#1 extends Object declared in method <T1#1>group(App<F,T1#1>)
    F extends K1 declared in interface Kind1
    T1#2 extends Object declared in method <T1#2,T2#1>group(App<F,T1#2>,App<F,T2#1>)
    T2#1 extends Object declared in method <T1#2,T2#1>group(App<F,T1#2>,App<F,T2#1>)
    T1#3 extends Object declared in method <T1#3,T2#2,T3#1>group(App<F,T1#3>,App<F,T2#2>,App<F,T3#1>)
    T2#2 extends Object declared in method <T1#3,T2#2,T3#1>group(App<F,T1#3>,App<F,T2#2>,App<F,T3#1>)
    T3#1 extends Object declared in method <T1#3,T2#2,T3#1>group(App<F,T1#3>,App<F,T2#2>,App<F,T3#1>)
    O extends Object declared in method <O>forGetter(Function<O,A>)
    A extends Object declared in class MapCodec
    T1#4 extends Object declared in method <T1#4,T2#3,T3#2,T4#1>group(App<F,T1#4>,App<F,T2#3>,App<F,T3#2>,App<F,T4#1>)
    T2#3 extends Object declared in method <T1#4,T2#3,T3#2,T4#1>group(App<F,T1#4>,App<F,T2#3>,App<F,T3#2>,App<F,T4#1>)
    T3#2 extends Object declared in method <T1#4,T2#3,T3#2,T4#1>group(App<F,T1#4>,App<F,T2#3>,App<F,T3#2>,App<F,T4#1>)
    T4#1 extends Object declared in method <T1#4,T2#3,T3#2,T4#1>group(App<F,T1#4>,App<F,T2#3>,App<F,T3#2>,App<F,T4#1>)
    T1#5 extends Object declared in method <T1#5,T2#4,T3#3,T4#2,T5#1>group(App<F,T1#5>,App<F,T2#4>,App<F,T3#3>,App<F,T4#2>,App<F,T5#1>)
    T2#4 extends Object declared in method <T1#5,T2#4,T3#3,T4#2,T5#1>group(App<F,T1#5>,App<F,T2#4>,App<F,T3#3>,App<F,T4#2>,App<F,T5#1>)
    T3#3 extends Object declared in method <T1#5,T2#4,T3#3,T4#2,T5#1>group(App<F,T1#5>,App<F,T2#4>,App<F,T3#3>,App<F,T4#2>,App<F,T5#1>)
    T4#2 extends Object declared in method <T1#5,T2#4,T3#3,T4#2,T5#1>group(App<F,T1#5>,App<F,T2#4>,App<F,T3#3>,App<F,T4#2>,App<F,T5#1>)
    T5#1 extends Object declared in method <T1#5,T2#4,T3#3,T4#2,T5#1>group(App<F,T1#5>,App<F,T2#4>,App<F,T3#3>,App<F,T4#2>,App<F,T5#1>)
    T1#6 extends Object declared in method <T1#6,T2#5,T3#4,T4#3,T5#2,T6#1>group(App<F,T1#6>,App<F,T2#5>,App<F,T3#4>,App<F,T4#3>,App<F,T5#2>,App<F,T6#1>)
    T2#5 extends Object declared in method <T1#6,T2#5,T3#4,T4#3,T5#2,T6#1>group(App<F,T1#6>,App<F,T2#5>,App<F,T3#4>,App<F,T4#3>,App<F,T5#2>,App<F,T6#1>)
    T3#4 extends Object declared in method <T1#6,T2#5,T3#4,T4#3,T5#2,T6#1>group(App<F,T1#6>,App<F,T2#5>,App<F,T3#4>,App<F,T4#3>,App<F,T5#2>,App<F,T6#1>)
    T4#3 extends Object declared in method <T1#6,T2#5,T3#4,T4#3,T5#2,T6#1>group(App<F,T1#6>,App<F,T2#5>,App<F,T3#4>,App<F,T4#3>,App<F,T5#2>,App<F,T6#1>)
    T5#2 extends Object declared in method <T1#6,T2#5,T3#4,T4#3,T5#2,T6#1>group(App<F,T1#6>,App<F,T2#5>,App<F,T3#4>,App<F,T4#3>,App<F,T5#2>,App<F,T6#1>)
    T6#1 extends Object declared in method <T1#6,T2#5,T3#4,T4#3,T5#2,T6#1>group(App<F,T1#6>,App<F,T2#5>,App<F,T3#4>,App<F,T4#3>,App<F,T5#2>,App<F,T6#1>)
    T1#7 extends Object declared in method <T1#7,T2#6,T3#5,T4#4,T5#3,T6#2,T7#1>group(App<F,T1#7>,App<F,T2#6>,App<F,T3#5>,App<F,T4#4>,App<F,T5#3>,App<F,T6#2>,App<F,T7#1>)
    T2#6 extends Object declared in method <T1#7,T2#6,T3#5,T4#4,T5#3,T6#2,T7#1>group(App<F,T1#7>,App<F,T2#6>,App<F,T3#5>,App<F,T4#4>,App<F,T5#3>,App<F,T6#2>,App<F,T7#1>)
    T3#5 extends Object declared in method <T1#7,T2#6,T3#5,T4#4,T5#3,T6#2,T7#1>group(App<F,T1#7>,App<F,T2#6>,App<F,T3#5>,App<F,T4#4>,App<F,T5#3>,App<F,T6#2>,App<F,T7#1>)
    T4#4 extends Object declared in method <T1#7,T2#6,T3#5,T4#4,T5#3,T6#2,T7#1>group(App<F,T1#7>,App<F,T2#6>,App<F,T3#5>,App<F,T4#4>,App<F,T5#3>,App<F,T6#2>,App<F,T7#1>)
    T5#3 extends Object declared in method <T1#7,T2#6,T3#5,T4#4,T5#3,T6#2,T7#1>group(App<F,T1#7>,App<F,T2#6>,App<F,T3#5>,App<F,T4#4>,App<F,T5#3>,App<F,T6#2>,App<F,T7#1>)
    T6#2 extends Object declared in method <T1#7,T2#6,T3#5,T4#4,T5#3,T6#2,T7#1>group(App<F,T1#7>,App<F,T2#6>,App<F,T3#5>,App<F,T4#4>,App<F,T5#3>,App<F,T6#2>,App<F,T7#1>)
    T7#1 extends Object declared in method <T1#7,T2#6,T3#5,T4#4,T5#3,T6#2,T7#1>group(App<F,T1#7>,App<F,T2#6>,App<F,T3#5>,App<F,T4#4>,App<F,T5#3>,App<F,T6#2>,App<F,T7#1>)
    T1#8 extends Object declared in method <T1#8,T2#7,T3#6,T4#5,T5#4,T6#3,T7#2,T8#1>group(App<F,T1#8>,App<F,T2#7>,App<F,T3#6>,App<F,T4#5>,App<F,T5#4>,App<F,T6#3>,App<F,T7#2>,App<F,T8#1>)
    T2#7 extends Object declared in method <T1#8,T2#7,T3#6,T4#5,T5#4,T6#3,T7#2,T8#1>group(App<F,T1#8>,App<F,T2#7>,App<F,T3#6>,App<F,T4#5>,App<F,T5#4>,App<F,T6#3>,App<F,T7#2>,App<F,T8#1>)
    T3#6 extends Object declared in method <T1#8,T2#7,T3#6,T4#5,T5#4,T6#3,T7#2,T8#1>group(App<F,T1#8>,App<F,T2#7>,App<F,T3#6>,App<F,T4#5>,App<F,T5#4>,App<F,T6#3>,App<F,T7#2>,App<F,T8#1>)
    T4#5 extends Object declared in method <T1#8,T2#7,T3#6,T4#5,T5#4,T6#3,T7#2,T8#1>group(App<F,T1#8>,App<F,T2#7>,App<F,T3#6>,App<F,T4#5>,App<F,T5#4>,App<F,T6#3>,App<F,T7#2>,App<F,T8#1>)
    T5#4 extends Object declared in method <T1#8,T2#7,T3#6,T4#5,T5#4,T6#3,T7#2,T8#1>group(App<F,T1#8>,App<F,T2#7>,App<F,T3#6>,App<F,T4#5>,App<F,T5#4>,App<F,T6#3>,App<F,T7#2>,App<F,T8#1>)
    T6#3 extends Object declared in method <T1#8,T2#7,T3#6,T4#5,T5#4,T6#3,T7#2,T8#1>group(App<F,T1#8>,App<F,T2#7>,App<F,T3#6>,App<F,T4#5>,App<F,T5#4>,App<F,T6#3>,App<F,T7#2>,App<F,T8#1>)
    T7#2 extends Object declared in method <T1#8,T2#7,T3#6,T4#5,T5#4,T6#3,T7#2,T8#1>group(App<F,T1#8>,App<F,T2#7>,App<F,T3#6>,App<F,T4#5>,App<F,T5#4>,App<F,T6#3>,App<F,T7#2>,App<F,T8#1>)
    T8#1 extends Object declared in method <T1#8,T2#7,T3#6,T4#5,T5#4,T6#3,T7#2,T8#1>group(App<F,T1#8>,App<F,T2#7>,App<F,T3#6>,App<F,T4#5>,App<F,T5#4>,App<F,T6#3>,App<F,T7#2>,App<F,T8#1>)
    T1#9 extends Object declared in method <T1#9,T2#8,T3#7,T4#6,T5#5,T6#4,T7#3,T8#2,T9#1>group(App<F,T1#9>,App<F,T2#8>,App<F,T3#7>,App<F,T4#6>,App<F,T5#5>,App<F,T6#4>,App<F,T7#3>,App<F,T8#2>,App<F,T9#1>)
    T2#8 extends Object declared in method <T1#9,T2#8,T3#7,T4#6,T5#5,T6#4,T7#3,T8#2,T9#1>group(App<F,T1#9>,App<F,T2#8>,App<F,T3#7>,App<F,T4#6>,App<F,T5#5>,App<F,T6#4>,App<F,T7#3>,App<F,T8#2>,App<F,T9#1>)
    T3#7 extends Object declared in method <T1#9,T2#8,T3#7,T4#6,T5#5,T6#4,T7#3,T8#2,T9#1>group(App<F,T1#9>,App<F,T2#8>,App<F,T3#7>,App<F,T4#6>,App<F,T5#5>,App<F,T6#4>,App<F,T7#3>,App<F,T8#2>,App<F,T9#1>)
    T4#6 extends Object declared in method <T1#9,T2#8,T3#7,T4#6,T5#5,T6#4,T7#3,T8#2,T9#1>group(App<F,T1#9>,App<F,T2#8>,App<F,T3#7>,App<F,T4#6>,App<F,T5#5>,App<F,T6#4>,App<F,T7#3>,App<F,T8#2>,App<F,T9#1>)
    T5#5 extends Object declared in method <T1#9,T2#8,T3#7,T4#6,T5#5,T6#4,T7#3,T8#2,T9#1>group(App<F,T1#9>,App<F,T2#8>,App<F,T3#7>,App<F,T4#6>,App<F,T5#5>,App<F,T6#4>,App<F,T7#3>,App<F,T8#2>,App<F,T9#1>)
    T6#4 extends Object declared in method <T1#9,T2#8,T3#7,T4#6,T5#5,T6#4,T7#3,T8#2,T9#1>group(App<F,T1#9>,App<F,T2#8>,App<F,T3#7>,App<F,T4#6>,App<F,T5#5>,App<F,T6#4>,App<F,T7#3>,App<F,T8#2>,App<F,T9#1>)
    T7#3 extends Object declared in method <T1#9,T2#8,T3#7,T4#6,T5#5,T6#4,T7#3,T8#2,T9#1>group(App<F,T1#9>,App<F,T2#8>,App<F,T3#7>,App<F,T4#6>,App<F,T5#5>,App<F,T6#4>,App<F,T7#3>,App<F,T8#2>,App<F,T9#1>)
    T8#2 extends Object declared in method <T1#9,T2#8,T3#7,T4#6,T5#5,T6#4,T7#3,T8#2,T9#1>group(App<F,T1#9>,App<F,T2#8>,App<F,T3#7>,App<F,T4#6>,App<F,T5#5>,App<F,T6#4>,App<F,T7#3>,App<F,T8#2>,App<F,T9#1>)
    T9#1 extends Object declared in method <T1#9,T2#8,T3#7,T4#6,T5#5,T6#4,T7#3,T8#2,T9#1>group(App<F,T1#9>,App<F,T2#8>,App<F,T3#7>,App<F,T4#6>,App<F,T5#5>,App<F,T6#4>,App<F,T7#3>,App<F,T8#2>,App<F,T9#1>)
    T1#10 extends Object declared in method <T1#10,T2#9,T3#8,T4#7,T5#6,T6#5,T7#4,T8#3,T9#2,T10#1>group(App<F,T1#10>,App<F,T2#9>,App<F,T3#8>,App<F,T4#7>,App<F,T5#6>,App<F,T6#5>,App<F,T7#4>,App<F,T8#3>,App<F,T9#2>,App<F,T10#1>)
    T2#9 extends Object declared in method <T1#10,T2#9,T3#8,T4#7,T5#6,T6#5,T7#4,T8#3,T9#2,T10#1>group(App<F,T1#10>,App<F,T2#9>,App<F,T3#8>,App<F,T4#7>,App<F,T5#6>,App<F,T6#5>,App<F,T7#4>,App<F,T8#3>,App<F,T9#2>,App<F,T10#1>)
    T3#8 extends Object declared in method <T1#10,T2#9,T3#8,T4#7,T5#6,T6#5,T7#4,T8#3,T9#2,T10#1>group(App<F,T1#10>,App<F,T2#9>,App<F,T3#8>,App<F,T4#7>,App<F,T5#6>,App<F,T6#5>,App<F,T7#4>,App<F,T8#3>,App<F,T9#2>,App<F,T10#1>)
    T4#7 extends Object declared in method <T1#10,T2#9,T3#8,T4#7,T5#6,T6#5,T7#4,T8#3,T9#2,T10#1>group(App<F,T1#10>,App<F,T2#9>,App<F,T3#8>,App<F,T4#7>,App<F,T5#6>,App<F,T6#5>,App<F,T7#4>,App<F,T8#3>,App<F,T9#2>,App<F,T10#1>)
    T5#6 extends Object declared in method <T1#10,T2#9,T3#8,T4#7,T5#6,T6#5,T7#4,T8#3,T9#2,T10#1>group(App<F,T1#10>,App<F,T2#9>,App<F,T3#8>,App<F,T4#7>,App<F,T5#6>,App<F,T6#5>,App<F,T7#4>,App<F,T8#3>,App<F,T9#2>,App<F,T10#1>)
    T6#5 extends Object declared in method <T1#10,T2#9,T3#8,T4#7,T5#6,T6#5,T7#4,T8#3,T9#2,T10#1>group(App<F,T1#10>,App<F,T2#9>,App<F,T3#8>,App<F,T4#7>,App<F,T5#6>,App<F,T6#5>,App<F,T7#4>,App<F,T8#3>,App<F,T9#2>,App<F,T10#1>)
    T7#4 extends Object declared in method <T1#10,T2#9,T3#8,T4#7,T5#6,T6#5,T7#4,T8#3,T9#2,T10#1>group(App<F,T1#10>,App<F,T2#9>,App<F,T3#8>,App<F,T4#7>,App<F,T5#6>,App<F,T6#5>,App<F,T7#4>,App<F,T8#3>,App<F,T9#2>,App<F,T10#1>)
    T8#3 extends Object declared in method <T1#10,T2#9,T3#8,T4#7,T5#6,T6#5,T7#4,T8#3,T9#2,T10#1>group(App<F,T1#10>,App<F,T2#9>,App<F,T3#8>,App<F,T4#7>,App<F,T5#6>,App<F,T6#5>,App<F,T7#4>,App<F,T8#3>,App<F,T9#2>,App<F,T10#1>)
    T9#2 extends Object declared in method <T1#10,T2#9,T3#8,T4#7,T5#6,T6#5,T7#4,T8#3,T9#2,T10#1>group(App<F,T1#10>,App<F,T2#9>,App<F,T3#8>,App<F,T4#7>,App<F,T5#6>,App<F,T6#5>,App<F,T7#4>,App<F,T8#3>,App<F,T9#2>,App<F,T10#1>)
    T10#1 extends Object declared in method <T1#10,T2#9,T3#8,T4#7,T5#6,T6#5,T7#4,T8#3,T9#2,T10#1>group(App<F,T1#10>,App<F,T2#9>,App<F,T3#8>,App<F,T4#7>,App<F,T5#6>,App<F,T6#5>,App<F,T7#4>,App<F,T8#3>,App<F,T9#2>,App<F,T10#1>)
    T1#11 extends Object declared in method <T1#11,T2#10,T3#9,T4#8,T5#7,T6#6,T7#5,T8#4,T9#3,T10#2,T11#1>group(App<F,T1#11>,App<F,T2#10>,App<F,T3#9>,App<F,T4#8>,App<F,T5#7>,App<F,T6#6>,App<F,T7#5>,App<F,T8#4>,App<F,T9#3>,App<F,T10#2>,App<F,T11#1>)
    T2#10 extends Object declared in method <T1#11,T2#10,T3#9,T4#8,T5#7,T6#6,T7#5,T8#4,T9#3,T10#2,T11#1>group(App<F,T1#11>,App<F,T2#10>,App<F,T3#9>,App<F,T4#8>,App<F,T5#7>,App<F,T6#6>,App<F,T7#5>,App<F,T8#4>,App<F,T9#3>,App<F,T10#2>,App<F,T11#1>)
    T3#9 extends Object declared in method <T1#11,T2#10,T3#9,T4#8,T5#7,T6#6,T7#5,T8#4,T9#3,T10#2,T11#1>group(App<F,T1#11>,App<F,T2#10>,App<F,T3#9>,App<F,T4#8>,App<F,T5#7>,App<F,T6#6>,App<F,T7#5>,App<F,T8#4>,App<F,T9#3>,App<F,T10#2>,App<F,T11#1>)
    T4#8 extends Object declared in method <T1#11,T2#10,T3#9,T4#8,T5#7,T6#6,T7#5,T8#4,T9#3,T10#2,T11#1>group(App<F,T1#11>,App<F,T2#10>,App<F,T3#9>,App<F,T4#8>,App<F,T5#7>,App<F,T6#6>,App<F,T7#5>,App<F,T8#4>,App<F,T9#3>,App<F,T10#2>,App<F,T11#1>)
    T5#7 extends Object declared in method <T1#11,T2#10,T3#9,T4#8,T5#7,T6#6,T7#5,T8#4,T9#3,T10#2,T11#1>group(App<F,T1#11>,App<F,T2#10>,App<F,T3#9>,App<F,T4#8>,App<F,T5#7>,App<F,T6#6>,App<F,T7#5>,App<F,T8#4>,App<F,T9#3>,App<F,T10#2>,App<F,T11#1>)
    T6#6 extends Object declared in method <T1#11,T2#10,T3#9,T4#8,T5#7,T6#6,T7#5,T8#4,T9#3,T10#2,T11#1>group(App<F,T1#11>,App<F,T2#10>,App<F,T3#9>,App<F,T4#8>,App<F,T5#7>,App<F,T6#6>,App<F,T7#5>,App<F,T8#4>,App<F,T9#3>,App<F,T10#2>,App<F,T11#1>)
    T7#5 extends Object declared in method <T1#11,T2#10,T3#9,T4#8,T5#7,T6#6,T7#5,T8#4,T9#3,T10#2,T11#1>group(App<F,T1#11>,App<F,T2#10>,App<F,T3#9>,App<F,T4#8>,App<F,T5#7>,App<F,T6#6>,App<F,T7#5>,App<F,T8#4>,App<F,T9#3>,App<F,T10#2>,App<F,T11#1>)
    T8#4 extends Object declared in method <T1#11,T2#10,T3#9,T4#8,T5#7,T6#6,T7#5,T8#4,T9#3,T10#2,T11#1>group(App<F,T1#11>,App<F,T2#10>,App<F,T3#9>,App<F,T4#8>,App<F,T5#7>,App<F,T6#6>,App<F,T7#5>,App<F,T8#4>,App<F,T9#3>,App<F,T10#2>,App<F,T11#1>)
    T9#3 extends Object declared in method <T1#11,T2#10,T3#9,T4#8,T5#7,T6#6,T7#5,T8#4,T9#3,T10#2,T11#1>group(App<F,T1#11>,App<F,T2#10>,App<F,T3#9>,App<F,T4#8>,App<F,T5#7>,App<F,T6#6>,App<F,T7#5>,App<F,T8#4>,App<F,T9#3>,App<F,T10#2>,App<F,T11#1>)
    T10#2 extends Object declared in method <T1#11,T2#10,T3#9,T4#8,T5#7,T6#6,T7#5,T8#4,T9#3,T10#2,T11#1>group(App<F,T1#11>,App<F,T2#10>,App<F,T3#9>,App<F,T4#8>,App<F,T5#7>,App<F,T6#6>,App<F,T7#5>,App<F,T8#4>,App<F,T9#3>,App<F,T10#2>,App<F,T11#1>)
    T11#1 extends Object declared in method <T1#11,T2#10,T3#9,T4#8,T5#7,T6#6,T7#5,T8#4,T9#3,T10#2,T11#1>group(App<F,T1#11>,App<F,T2#10>,App<F,T3#9>,App<F,T4#8>,App<F,T5#7>,App<F,T6#6>,App<F,T7#5>,App<F,T8#4>,App<F,T9#3>,App<F,T10#2>,App<F,T11#1>)
    T1#12 extends Object declared in method <T1#12,T2#11,T3#10,T4#9,T5#8,T6#7,T7#6,T8#5,T9#4,T10#3,T11#2,T12#1>group(App<F,T1#12>,App<F,T2#11>,App<F,T3#10>,App<F,T4#9>,App<F,T5#8>,App<F,T6#7>,App<F,T7#6>,App<F,T8#5>,App<F,T9#4>,App<F,T10#3>,App<F,T11#2>,App<F,T12#1>)
    T2#11 extends Object declared in method <T1#12,T2#11,T3#10,T4#9,T5#8,T6#7,T7#6,T8#5,T9#4,T10#3,T11#2,T12#1>group(App<F,T1#12>,App<F,T2#11>,App<F,T3#10>,App<F,T4#9>,App<F,T5#8>,App<F,T6#7>,App<F,T7#6>,App<F,T8#5>,App<F,T9#4>,App<F,T10#3>,App<F,T11#2>,App<F,T12#1>)
    T3#10 extends Object declared in method <T1#12,T2#11,T3#10,T4#9,T5#8,T6#7,T7#6,T8#5,T9#4,T10#3,T11#2,T12#1>group(App<F,T1#12>,App<F,T2#11>,App<F,T3#10>,App<F,T4#9>,App<F,T5#8>,App<F,T6#7>,App<F,T7#6>,App<F,T8#5>,App<F,T9#4>,App<F,T10#3>,App<F,T11#2>,App<F,T12#1>)
    T4#9 extends Object declared in method <T1#12,T2#11,T3#10,T4#9,T5#8,T6#7,T7#6,T8#5,T9#4,T10#3,T11#2,T12#1>group(App<F,T1#12>,App<F,T2#11>,App<F,T3#10>,App<F,T4#9>,App<F,T5#8>,App<F,T6#7>,App<F,T7#6>,App<F,T8#5>,App<F,T9#4>,App<F,T10#3>,App<F,T11#2>,App<F,T12#1>)
    T5#8 extends Object declared in method <T1#12,T2#11,T3#10,T4#9,T5#8,T6#7,T7#6,T8#5,T9#4,T10#3,T11#2,T12#1>group(App<F,T1#12>,App<F,T2#11>,App<F,T3#10>,App<F,T4#9>,App<F,T5#8>,App<F,T6#7>,App<F,T7#6>,App<F,T8#5>,App<F,T9#4>,App<F,T10#3>,App<F,T11#2>,App<F,T12#1>)
    T6#7 extends Object declared in method <T1#12,T2#11,T3#10,T4#9,T5#8,T6#7,T7#6,T8#5,T9#4,T10#3,T11#2,T12#1>group(App<F,T1#12>,App<F,T2#11>,App<F,T3#10>,App<F,T4#9>,App<F,T5#8>,App<F,T6#7>,App<F,T7#6>,App<F,T8#5>,App<F,T9#4>,App<F,T10#3>,App<F,T11#2>,App<F,T12#1>)
    T7#6 extends Object declared in method <T1#12,T2#11,T3#10,T4#9,T5#8,T6#7,T7#6,T8#5,T9#4,T10#3,T11#2,T12#1>group(App<F,T1#12>,App<F,T2#11>,App<F,T3#10>,App<F,T4#9>,App<F,T5#8>,App<F,T6#7>,App<F,T7#6>,App<F,T8#5>,App<F,T9#4>,App<F,T10#3>,App<F,T11#2>,App<F,T12#1>)
    T8#5 extends Object declared in method <T1#12,T2#11,T3#10,T4#9,T5#8,T6#7,T7#6,T8#5,T9#4,T10#3,T11#2,T12#1>group(App<F,T1#12>,App<F,T2#11>,App<F,T3#10>,App<F,T4#9>,App<F,T5#8>,App<F,T6#7>,App<F,T7#6>,App<F,T8#5>,App<F,T9#4>,App<F,T10#3>,App<F,T11#2>,App<F,T12#1>)
    T9#4 extends Object declared in method <T1#12,T2#11,T3#10,T4#9,T5#8,T6#7,T7#6,T8#5,T9#4,T10#3,T11#2,T12#1>group(App<F,T1#12>,App<F,T2#11>,App<F,T3#10>,App<F,T4#9>,App<F,T5#8>,App<F,T6#7>,App<F,T7#6>,App<F,T8#5>,App<F,T9#4>,App<F,T10#3>,App<F,T11#2>,App<F,T12#1>)
    T10#3 extends Object declared in method <T1#12,T2#11,T3#10,T4#9,T5#8,T6#7,T7#6,T8#5,T9#4,T10#3,T11#2,T12#1>group(App<F,T1#12>,App<F,T2#11>,App<F,T3#10>,App<F,T4#9>,App<F,T5#8>,App<F,T6#7>,App<F,T7#6>,App<F,T8#5>,App<F,T9#4>,App<F,T10#3>,App<F,T11#2>,App<F,T12#1>)
    T11#2 extends Object declared in method <T1#12,T2#11,T3#10,T4#9,T5#8,T6#7,T7#6,T8#5,T9#4,T10#3,T11#2,T12#1>group(App<F,T1#12>,App<F,T2#11>,App<F,T3#10>,App<F,T4#9>,App<F,T5#8>,App<F,T6#7>,App<F,T7#6>,App<F,T8#5>,App<F,T9#4>,App<F,T10#3>,App<F,T11#2>,App<F,T12#1>)
    T12#1 extends Object declared in method <T1#12,T2#11,T3#10,T4#9,T5#8,T6#7,T7#6,T8#5,T9#4,T10#3,T11#2,T12#1>group(App<F,T1#12>,App<F,T2#11>,App<F,T3#10>,App<F,T4#9>,App<F,T5#8>,App<F,T6#7>,App<F,T7#6>,App<F,T8#5>,App<F,T9#4>,App<F,T10#3>,App<F,T11#2>,App<F,T12#1>)
    T1#13 extends Object declared in method <T1#13,T2#12,T3#11,T4#10,T5#9,T6#8,T7#7,T8#6,T9#5,T10#4,T11#3,T12#2,T13#1>group(App<F,T1#13>,App<F,T2#12>,App<F,T3#11>,App<F,T4#10>,App<F,T5#9>,App<F,T6#8>,App<F,T7#7>,App<F,T8#6>,App<F,T9#5>,App<F,T10#4>,App<F,T11#3>,App<F,T12#2>,App<F,T13#1>)
    T2#12 extends Object declared in method <T1#13,T2#12,T3#11,T4#10,T5#9,T6#8,T7#7,T8#6,T9#5,T10#4,T11#3,T12#2,T13#1>group(App<F,T1#13>,App<F,T2#12>,App<F,T3#11>,App<F,T4#10>,App<F,T5#9>,App<F,T6#8>,App<F,T7#7>,App<F,T8#6>,App<F,T9#5>,App<F,T10#4>,App<F,T11#3>,App<F,T12#2>,App<F,T13#1>)
    T3#11 extends Object declared in method <T1#13,T2#12,T3#11,T4#10,T5#9,T6#8,T7#7,T8#6,T9#5,T10#4,T11#3,T12#2,T13#1>group(App<F,T1#13>,App<F,T2#12>,App<F,T3#11>,App<F,T4#10>,App<F,T5#9>,App<F,T6#8>,App<F,T7#7>,App<F,T8#6>,App<F,T9#5>,App<F,T10#4>,App<F,T11#3>,App<F,T12#2>,App<F,T13#1>)
    T4#10 extends Object declared in method <T1#13,T2#12,T3#11,T4#10,T5#9,T6#8,T7#7,T8#6,T9#5,T10#4,T11#3,T12#2,T13#1>group(App<F,T1#13>,App<F,T2#12>,App<F,T3#11>,App<F,T4#10>,App<F,T5#9>,App<F,T6#8>,App<F,T7#7>,App<F,T8#6>,App<F,T9#5>,App<F,T10#4>,App<F,T11#3>,App<F,T12#2>,App<F,T13#1>)
    T5#9 extends Object declared in method <T1#13,T2#12,T3#11,T4#10,T5#9,T6#8,T7#7,T8#6,T9#5,T10#4,T11#3,T12#2,T13#1>group(App<F,T1#13>,App<F,T2#12>,App<F,T3#11>,App<F,T4#10>,App<F,T5#9>,App<F,T6#8>,App<F,T7#7>,App<F,T8#6>,App<F,T9#5>,App<F,T10#4>,App<F,T11#3>,App<F,T12#2>,App<F,T13#1>)
    T6#8 extends Object declared in method <T1#13,T2#12,T3#11,T4#10,T5#9,T6#8,T7#7,T8#6,T9#5,T10#4,T11#3,T12#2,T13#1>group(App<F,T1#13>,App<F,T2#12>,App<F,T3#11>,App<F,T4#10>,App<F,T5#9>,App<F,T6#8>,App<F,T7#7>,App<F,T8#6>,App<F,T9#5>,App<F,T10#4>,App<F,T11#3>,App<F,T12#2>,App<F,T13#1>)
    T7#7 extends Object declared in method <T1#13,T2#12,T3#11,T4#10,T5#9,T6#8,T7#7,T8#6,T9#5,T10#4,T11#3,T12#2,T13#1>group(App<F,T1#13>,App<F,T2#12>,App<F,T3#11>,App<F,T4#10>,App<F,T5#9>,App<F,T6#8>,App<F,T7#7>,App<F,T8#6>,App<F,T9#5>,App<F,T10#4>,App<F,T11#3>,App<F,T12#2>,App<F,T13#1>)
    T8#6 extends Object declared in method <T1#13,T2#12,T3#11,T4#10,T5#9,T6#8,T7#7,T8#6,T9#5,T10#4,T11#3,T12#2,T13#1>group(App<F,T1#13>,App<F,T2#12>,App<F,T3#11>,App<F,T4#10>,App<F,T5#9>,App<F,T6#8>,App<F,T7#7>,App<F,T8#6>,App<F,T9#5>,App<F,T10#4>,App<F,T11#3>,App<F,T12#2>,App<F,T13#1>)
    T9#5 extends Object declared in method <T1#13,T2#12,T3#11,T4#10,T5#9,T6#8,T7#7,T8#6,T9#5,T10#4,T11#3,T12#2,T13#1>group(App<F,T1#13>,App<F,T2#12>,App<F,T3#11>,App<F,T4#10>,App<F,T5#9>,App<F,T6#8>,App<F,T7#7>,App<F,T8#6>,App<F,T9#5>,App<F,T10#4>,App<F,T11#3>,App<F,T12#2>,App<F,T13#1>)
    T10#4 extends Object declared in method <T1#13,T2#12,T3#11,T4#10,T5#9,T6#8,T7#7,T8#6,T9#5,T10#4,T11#3,T12#2,T13#1>group(App<F,T1#13>,App<F,T2#12>,App<F,T3#11>,App<F,T4#10>,App<F,T5#9>,App<F,T6#8>,App<F,T7#7>,App<F,T8#6>,App<F,T9#5>,App<F,T10#4>,App<F,T11#3>,App<F,T12#2>,App<F,T13#1>)
    T11#3 extends Object declared in method <T1#13,T2#12,T3#11,T4#10,T5#9,T6#8,T7#7,T8#6,T9#5,T10#4,T11#3,T12#2,T13#1>group(App<F,T1#13>,App<F,T2#12>,App<F,T3#11>,App<F,T4#10>,App<F,T5#9>,App<F,T6#8>,App<F,T7#7>,App<F,T8#6>,App<F,T9#5>,App<F,T10#4>,App<F,T11#3>,App<F,T12#2>,App<F,T13#1>)
    T12#2 extends Object declared in method <T1#13,T2#12,T3#11,T4#10,T5#9,T6#8,T7#7,T8#6,T9#5,T10#4,T11#3,T12#2,T13#1>group(App<F,T1#13>,App<F,T2#12>,App<F,T3#11>,App<F,T4#10>,App<F,T5#9>,App<F,T6#8>,App<F,T7#7>,App<F,T8#6>,App<F,T9#5>,App<F,T10#4>,App<F,T11#3>,App<F,T12#2>,App<F,T13#1>)
    T13#1 extends Object declared in method <T1#13,T2#12,T3#11,T4#10,T5#9,T6#8,T7#7,T8#6,T9#5,T10#4,T11#3,T12#2,T13#1>group(App<F,T1#13>,App<F,T2#12>,App<F,T3#11>,App<F,T4#10>,App<F,T5#9>,App<F,T6#8>,App<F,T7#7>,App<F,T8#6>,App<F,T9#5>,App<F,T10#4>,App<F,T11#3>,App<F,T12#2>,App<F,T13#1>)
    T1#14 extends Object declared in method <T1#14,T2#13,T3#12,T4#11,T5#10,T6#9,T7#8,T8#7,T9#6,T10#5,T11#4,T12#3,T13#2,T14#1>group(App<F,T1#14>,App<F,T2#13>,App<F,T3#12>,App<F,T4#11>,App<F,T5#10>,App<F,T6#9>,App<F,T7#8>,App<F,T8#7>,App<F,T9#6>,App<F,T10#5>,App<F,T11#4>,App<F,T12#3>,App<F,T13#2>,App<F,T14#1>)
    T2#13 extends Object declared in method <T1#14,T2#13,T3#12,T4#11,T5#10,T6#9,T7#8,T8#7,T9#6,T10#5,T11#4,T12#3,T13#2,T14#1>group(App<F,T1#14>,App<F,T2#13>,App<F,T3#12>,App<F,T4#11>,App<F,T5#10>,App<F,T6#9>,App<F,T7#8>,App<F,T8#7>,App<F,T9#6>,App<F,T10#5>,App<F,T11#4>,App<F,T12#3>,App<F,T13#2>,App<F,T14#1>)
    T3#12 extends Object declared in method <T1#14,T2#13,T3#12,T4#11,T5#10,T6#9,T7#8,T8#7,T9#6,T10#5,T11#4,T12#3,T13#2,T14#1>group(App<F,T1#14>,App<F,T2#13>,App<F,T3#12>,App<F,T4#11>,App<F,T5#10>,App<F,T6#9>,App<F,T7#8>,App<F,T8#7>,App<F,T9#6>,App<F,T10#5>,App<F,T11#4>,App<F,T12#3>,App<F,T13#2>,App<F,T14#1>)
    T4#11 extends Object declared in method <T1#14,T2#13,T3#12,T4#11,T5#10,T6#9,T7#8,T8#7,T9#6,T10#5,T11#4,T12#3,T13#2,T14#1>group(App<F,T1#14>,App<F,T2#13>,App<F,T3#12>,App<F,T4#11>,App<F,T5#10>,App<F,T6#9>,App<F,T7#8>,App<F,T8#7>,App<F,T9#6>,App<F,T10#5>,App<F,T11#4>,App<F,T12#3>,App<F,T13#2>,App<F,T14#1>)
    T5#10 extends Object declared in method <T1#14,T2#13,T3#12,T4#11,T5#10,T6#9,T7#8,T8#7,T9#6,T10#5,T11#4,T12#3,T13#2,T14#1>group(App<F,T1#14>,App<F,T2#13>,App<F,T3#12>,App<F,T4#11>,App<F,T5#10>,App<F,T6#9>,App<F,T7#8>,App<F,T8#7>,App<F,T9#6>,App<F,T10#5>,App<F,T11#4>,App<F,T12#3>,App<F,T13#2>,App<F,T14#1>)
    T6#9 extends Object declared in method <T1#14,T2#13,T3#12,T4#11,T5#10,T6#9,T7#8,T8#7,T9#6,T10#5,T11#4,T12#3,T13#2,T14#1>group(App<F,T1#14>,App<F,T2#13>,App<F,T3#12>,App<F,T4#11>,App<F,T5#10>,App<F,T6#9>,App<F,T7#8>,App<F,T8#7>,App<F,T9#6>,App<F,T10#5>,App<F,T11#4>,App<F,T12#3>,App<F,T13#2>,App<F,T14#1>)
    T7#8 extends Object declared in method <T1#14,T2#13,T3#12,T4#11,T5#10,T6#9,T7#8,T8#7,T9#6,T10#5,T11#4,T12#3,T13#2,T14#1>group(App<F,T1#14>,App<F,T2#13>,App<F,T3#12>,App<F,T4#11>,App<F,T5#10>,App<F,T6#9>,App<F,T7#8>,App<F,T8#7>,App<F,T9#6>,App<F,T10#5>,App<F,T11#4>,App<F,T12#3>,App<F,T13#2>,App<F,T14#1>)
    T8#7 extends Object declared in method <T1#14,T2#13,T3#12,T4#11,T5#10,T6#9,T7#8,T8#7,T9#6,T10#5,T11#4,T12#3,T13#2,T14#1>group(App<F,T1#14>,App<F,T2#13>,App<F,T3#12>,App<F,T4#11>,App<F,T5#10>,App<F,T6#9>,App<F,T7#8>,App<F,T8#7>,App<F,T9#6>,App<F,T10#5>,App<F,T11#4>,App<F,T12#3>,App<F,T13#2>,App<F,T14#1>)
    T9#6 extends Object declared in method <T1#14,T2#13,T3#12,T4#11,T5#10,T6#9,T7#8,T8#7,T9#6,T10#5,T11#4,T12#3,T13#2,T14#1>group(App<F,T1#14>,App<F,T2#13>,App<F,T3#12>,App<F,T4#11>,App<F,T5#10>,App<F,T6#9>,App<F,T7#8>,App<F,T8#7>,App<F,T9#6>,App<F,T10#5>,App<F,T11#4>,App<F,T12#3>,App<F,T13#2>,App<F,T14#1>)
    T10#5 extends Object declared in method <T1#14,T2#13,T3#12,T4#11,T5#10,T6#9,T7#8,T8#7,T9#6,T10#5,T11#4,T12#3,T13#2,T14#1>group(App<F,T1#14>,App<F,T2#13>,App<F,T3#12>,App<F,T4#11>,App<F,T5#10>,App<F,T6#9>,App<F,T7#8>,App<F,T8#7>,App<F,T9#6>,App<F,T10#5>,App<F,T11#4>,App<F,T12#3>,App<F,T13#2>,App<F,T14#1>)
    T11#4 extends Object declared in method <T1#14,T2#13,T3#12,T4#11,T5#10,T6#9,T7#8,T8#7,T9#6,T10#5,T11#4,T12#3,T13#2,T14#1>group(App<F,T1#14>,App<F,T2#13>,App<F,T3#12>,App<F,T4#11>,App<F,T5#10>,App<F,T6#9>,App<F,T7#8>,App<F,T8#7>,App<F,T9#6>,App<F,T10#5>,App<F,T11#4>,App<F,T12#3>,App<F,T13#2>,App<F,T14#1>)
    T12#3 extends Object declared in method <T1#14,T2#13,T3#12,T4#11,T5#10,T6#9,T7#8,T8#7,T9#6,T10#5,T11#4,T12#3,T13#2,T14#1>group(App<F,T1#14>,App<F,T2#13>,App<F,T3#12>,App<F,T4#11>,App<F,T5#10>,App<F,T6#9>,App<F,T7#8>,App<F,T8#7>,App<F,T9#6>,App<F,T10#5>,App<F,T11#4>,App<F,T12#3>,App<F,T13#2>,App<F,T14#1>)
    T13#2 extends Object declared in method <T1#14,T2#13,T3#12,T4#11,T5#10,T6#9,T7#8,T8#7,T9#6,T10#5,T11#4,T12#3,T13#2,T14#1>group(App<F,T1#14>,App<F,T2#13>,App<F,T3#12>,App<F,T4#11>,App<F,T5#10>,App<F,T6#9>,App<F,T7#8>,App<F,T8#7>,App<F,T9#6>,App<F,T10#5>,App<F,T11#4>,App<F,T12#3>,App<F,T13#2>,App<F,T14#1>)
    T14#1 extends Object declared in method <T1#14,T2#13,T3#12,T4#11,T5#10,T6#9,T7#8,T8#7,T9#6,T10#5,T11#4,T12#3,T13#2,T14#1>group(App<F,T1#14>,App<F,T2#13>,App<F,T3#12>,App<F,T4#11>,App<F,T5#10>,App<F,T6#9>,App<F,T7#8>,App<F,T8#7>,App<F,T9#6>,App<F,T10#5>,App<F,T11#4>,App<F,T12#3>,App<F,T13#2>,App<F,T14#1>)
    T1#15 extends Object declared in method <T1#15,T2#14,T3#13,T4#12,T5#11,T6#10,T7#9,T8#8,T9#7,T10#6,T11#5,T12#4,T13#3,T14#2,T15#1>group(App<F,T1#15>,App<F,T2#14>,App<F,T3#13>,App<F,T4#12>,App<F,T5#11>,App<F,T6#10>,App<F,T7#9>,App<F,T8#8>,App<F,T9#7>,App<F,T10#6>,App<F,T11#5>,App<F,T12#4>,App<F,T13#3>,App<F,T14#2>,App<F,T15#1>)
    T2#14 extends Object declared in method <T1#15,T2#14,T3#13,T4#12,T5#11,T6#10,T7#9,T8#8,T9#7,T10#6,T11#5,T12#4,T13#3,T14#2,T15#1>group(App<F,T1#15>,App<F,T2#14>,App<F,T3#13>,App<F,T4#12>,App<F,T5#11>,App<F,T6#10>,App<F,T7#9>,App<F,T8#8>,App<F,T9#7>,App<F,T10#6>,App<F,T11#5>,App<F,T12#4>,App<F,T13#3>,App<F,T14#2>,App<F,T15#1>)
    T3#13 extends Object declared in method <T1#15,T2#14,T3#13,T4#12,T5#11,T6#10,T7#9,T8#8,T9#7,T10#6,T11#5,T12#4,T13#3,T14#2,T15#1>group(App<F,T1#15>,App<F,T2#14>,App<F,T3#13>,App<F,T4#12>,App<F,T5#11>,App<F,T6#10>,App<F,T7#9>,App<F,T8#8>,App<F,T9#7>,App<F,T10#6>,App<F,T11#5>,App<F,T12#4>,App<F,T13#3>,App<F,T14#2>,App<F,T15#1>)
    T4#12 extends Object declared in method <T1#15,T2#14,T3#13,T4#12,T5#11,T6#10,T7#9,T8#8,T9#7,T10#6,T11#5,T12#4,T13#3,T14#2,T15#1>group(App<F,T1#15>,App<F,T2#14>,App<F,T3#13>,App<F,T4#12>,App<F,T5#11>,App<F,T6#10>,App<F,T7#9>,App<F,T8#8>,App<F,T9#7>,App<F,T10#6>,App<F,T11#5>,App<F,T12#4>,App<F,T13#3>,App<F,T14#2>,App<F,T15#1>)
    T5#11 extends Object declared in method <T1#15,T2#14,T3#13,T4#12,T5#11,T6#10,T7#9,T8#8,T9#7,T10#6,T11#5,T12#4,T13#3,T14#2,T15#1>group(App<F,T1#15>,App<F,T2#14>,App<F,T3#13>,App<F,T4#12>,App<F,T5#11>,App<F,T6#10>,App<F,T7#9>,App<F,T8#8>,App<F,T9#7>,App<F,T10#6>,App<F,T11#5>,App<F,T12#4>,App<F,T13#3>,App<F,T14#2>,App<F,T15#1>)
    T6#10 extends Object declared in method <T1#15,T2#14,T3#13,T4#12,T5#11,T6#10,T7#9,T8#8,T9#7,T10#6,T11#5,T12#4,T13#3,T14#2,T15#1>group(App<F,T1#15>,App<F,T2#14>,App<F,T3#13>,App<F,T4#12>,App<F,T5#11>,App<F,T6#10>,App<F,T7#9>,App<F,T8#8>,App<F,T9#7>,App<F,T10#6>,App<F,T11#5>,App<F,T12#4>,App<F,T13#3>,App<F,T14#2>,App<F,T15#1>)
    T7#9 extends Object declared in method <T1#15,T2#14,T3#13,T4#12,T5#11,T6#10,T7#9,T8#8,T9#7,T10#6,T11#5,T12#4,T13#3,T14#2,T15#1>group(App<F,T1#15>,App<F,T2#14>,App<F,T3#13>,App<F,T4#12>,App<F,T5#11>,App<F,T6#10>,App<F,T7#9>,App<F,T8#8>,App<F,T9#7>,App<F,T10#6>,App<F,T11#5>,App<F,T12#4>,App<F,T13#3>,App<F,T14#2>,App<F,T15#1>)
    T8#8 extends Object declared in method <T1#15,T2#14,T3#13,T4#12,T5#11,T6#10,T7#9,T8#8,T9#7,T10#6,T11#5,T12#4,T13#3,T14#2,T15#1>group(App<F,T1#15>,App<F,T2#14>,App<F,T3#13>,App<F,T4#12>,App<F,T5#11>,App<F,T6#10>,App<F,T7#9>,App<F,T8#8>,App<F,T9#7>,App<F,T10#6>,App<F,T11#5>,App<F,T12#4>,App<F,T13#3>,App<F,T14#2>,App<F,T15#1>)
    T9#7 extends Object declared in method <T1#15,T2#14,T3#13,T4#12,T5#11,T6#10,T7#9,T8#8,T9#7,T10#6,T11#5,T12#4,T13#3,T14#2,T15#1>group(App<F,T1#15>,App<F,T2#14>,App<F,T3#13>,App<F,T4#12>,App<F,T5#11>,App<F,T6#10>,App<F,T7#9>,App<F,T8#8>,App<F,T9#7>,App<F,T10#6>,App<F,T11#5>,App<F,T12#4>,App<F,T13#3>,App<F,T14#2>,App<F,T15#1>)
    T10#6 extends Object declared in method <T1#15,T2#14,T3#13,T4#12,T5#11,T6#10,T7#9,T8#8,T9#7,T10#6,T11#5,T12#4,T13#3,T14#2,T15#1>group(App<F,T1#15>,App<F,T2#14>,App<F,T3#13>,App<F,T4#12>,App<F,T5#11>,App<F,T6#10>,App<F,T7#9>,App<F,T8#8>,App<F,T9#7>,App<F,T10#6>,App<F,T11#5>,App<F,T12#4>,App<F,T13#3>,App<F,T14#2>,App<F,T15#1>)
    T11#5 extends Object declared in method <T1#15,T2#14,T3#13,T4#12,T5#11,T6#10,T7#9,T8#8,T9#7,T10#6,T11#5,T12#4,T13#3,T14#2,T15#1>group(App<F,T1#15>,App<F,T2#14>,App<F,T3#13>,App<F,T4#12>,App<F,T5#11>,App<F,T6#10>,App<F,T7#9>,App<F,T8#8>,App<F,T9#7>,App<F,T10#6>,App<F,T11#5>,App<F,T12#4>,App<F,T13#3>,App<F,T14#2>,App<F,T15#1>)
    T12#4 extends Object declared in method <T1#15,T2#14,T3#13,T4#12,T5#11,T6#10,T7#9,T8#8,T9#7,T10#6,T11#5,T12#4,T13#3,T14#2,T15#1>group(App<F,T1#15>,App<F,T2#14>,App<F,T3#13>,App<F,T4#12>,App<F,T5#11>,App<F,T6#10>,App<F,T7#9>,App<F,T8#8>,App<F,T9#7>,App<F,T10#6>,App<F,T11#5>,App<F,T12#4>,App<F,T13#3>,App<F,T14#2>,App<F,T15#1>)
    T13#3 extends Object declared in method <T1#15,T2#14,T3#13,T4#12,T5#11,T6#10,T7#9,T8#8,T9#7,T10#6,T11#5,T12#4,T13#3,T14#2,T15#1>group(App<F,T1#15>,App<F,T2#14>,App<F,T3#13>,App<F,T4#12>,App<F,T5#11>,App<F,T6#10>,App<F,T7#9>,App<F,T8#8>,App<F,T9#7>,App<F,T10#6>,App<F,T11#5>,App<F,T12#4>,App<F,T13#3>,App<F,T14#2>,App<F,T15#1>)
    T14#2 extends Object declared in method <T1#15,T2#14,T3#13,T4#12,T5#11,T6#10,T7#9,T8#8,T9#7,T10#6,T11#5,T12#4,T13#3,T14#2,T15#1>group(App<F,T1#15>,App<F,T2#14>,App<F,T3#13>,App<F,T4#12>,App<F,T5#11>,App<F,T6#10>,App<F,T7#9>,App<F,T8#8>,App<F,T9#7>,App<F,T10#6>,App<F,T11#5>,App<F,T12#4>,App<F,T13#3>,App<F,T14#2>,App<F,T15#1>)
    T15#1 extends Object declared in method <T1#15,T2#14,T3#13,T4#12,T5#11,T6#10,T7#9,T8#8,T9#7,T10#6,T11#5,T12#4,T13#3,T14#2,T15#1>group(App<F,T1#15>,App<F,T2#14>,App<F,T3#13>,App<F,T4#12>,App<F,T5#11>,App<F,T6#10>,App<F,T7#9>,App<F,T8#8>,App<F,T9#7>,App<F,T10#6>,App<F,T11#5>,App<F,T12#4>,App<F,T13#3>,App<F,T14#2>,App<F,T15#1>)
    T1#16 extends Object declared in method <T1#16,T2#15,T3#14,T4#13,T5#12,T6#11,T7#10,T8#9,T9#8,T10#7,T11#6,T12#5,T13#4,T14#3,T15#2,T16>group(App<F,T1#16>,App<F,T2#15>,App<F,T3#14>,App<F,T4#13>,App<F,T5#12>,App<F,T6#11>,App<F,T7#10>,App<F,T8#9>,App<F,T9#8>,App<F,T10#7>,App<F,T11#6>,App<F,T12#5>,App<F,T13#4>,App<F,T14#3>,App<F,T15#2>,App<F,T16>)
    T2#15 extends Object declared in method <T1#16,T2#15,T3#14,T4#13,T5#12,T6#11,T7#10,T8#9,T9#8,T10#7,T11#6,T12#5,T13#4,T14#3,T15#2,T16>group(App<F,T1#16>,App<F,T2#15>,App<F,T3#14>,App<F,T4#13>,App<F,T5#12>,App<F,T6#11>,App<F,T7#10>,App<F,T8#9>,App<F,T9#8>,App<F,T10#7>,App<F,T11#6>,App<F,T12#5>,App<F,T13#4>,App<F,T14#3>,App<F,T15#2>,App<F,T16>)
    T3#14 extends Object declared in method <T1#16,T2#15,T3#14,T4#13,T5#12,T6#11,T7#10,T8#9,T9#8,T10#7,T11#6,T12#5,T13#4,T14#3,T15#2,T16>group(App<F,T1#16>,App<F,T2#15>,App<F,T3#14>,App<F,T4#13>,App<F,T5#12>,App<F,T6#11>,App<F,T7#10>,App<F,T8#9>,App<F,T9#8>,App<F,T10#7>,App<F,T11#6>,App<F,T12#5>,App<F,T13#4>,App<F,T14#3>,App<F,T15#2>,App<F,T16>)
    T4#13 extends Object declared in method <T1#16,T2#15,T3#14,T4#13,T5#12,T6#11,T7#10,T8#9,T9#8,T10#7,T11#6,T12#5,T13#4,T14#3,T15#2,T16>group(App<F,T1#16>,App<F,T2#15>,App<F,T3#14>,App<F,T4#13>,App<F,T5#12>,App<F,T6#11>,App<F,T7#10>,App<F,T8#9>,App<F,T9#8>,App<F,T10#7>,App<F,T11#6>,App<F,T12#5>,App<F,T13#4>,App<F,T14#3>,App<F,T15#2>,App<F,T16>)
    T5#12 extends Object declared in method <T1#16,T2#15,T3#14,T4#13,T5#12,T6#11,T7#10,T8#9,T9#8,T10#7,T11#6,T12#5,T13#4,T14#3,T15#2,T16>group(App<F,T1#16>,App<F,T2#15>,App<F,T3#14>,App<F,T4#13>,App<F,T5#12>,App<F,T6#11>,App<F,T7#10>,App<F,T8#9>,App<F,T9#8>,App<F,T10#7>,App<F,T11#6>,App<F,T12#5>,App<F,T13#4>,App<F,T14#3>,App<F,T15#2>,App<F,T16>)
    T6#11 extends Object declared in method <T1#16,T2#15,T3#14,T4#13,T5#12,T6#11,T7#10,T8#9,T9#8,T10#7,T11#6,T12#5,T13#4,T14#3,T15#2,T16>group(App<F,T1#16>,App<F,T2#15>,App<F,T3#14>,App<F,T4#13>,App<F,T5#12>,App<F,T6#11>,App<F,T7#10>,App<F,T8#9>,App<F,T9#8>,App<F,T10#7>,App<F,T11#6>,App<F,T12#5>,App<F,T13#4>,App<F,T14#3>,App<F,T15#2>,App<F,T16>)
    T7#10 extends Object declared in method <T1#16,T2#15,T3#14,T4#13,T5#12,T6#11,T7#10,T8#9,T9#8,T10#7,T11#6,T12#5,T13#4,T14#3,T15#2,T16>group(App<F,T1#16>,App<F,T2#15>,App<F,T3#14>,App<F,T4#13>,App<F,T5#12>,App<F,T6#11>,App<F,T7#10>,App<F,T8#9>,App<F,T9#8>,App<F,T10#7>,App<F,T11#6>,App<F,T12#5>,App<F,T13#4>,App<F,T14#3>,App<F,T15#2>,App<F,T16>)
    T8#9 extends Object declared in method <T1#16,T2#15,T3#14,T4#13,T5#12,T6#11,T7#10,T8#9,T9#8,T10#7,T11#6,T12#5,T13#4,T14#3,T15#2,T16>group(App<F,T1#16>,App<F,T2#15>,App<F,T3#14>,App<F,T4#13>,App<F,T5#12>,App<F,T6#11>,App<F,T7#10>,App<F,T8#9>,App<F,T9#8>,App<F,T10#7>,App<F,T11#6>,App<F,T12#5>,App<F,T13#4>,App<F,T14#3>,App<F,T15#2>,App<F,T16>)
    T9#8 extends Object declared in method <T1#16,T2#15,T3#14,T4#13,T5#12,T6#11,T7#10,T8#9,T9#8,T10#7,T11#6,T12#5,T13#4,T14#3,T15#2,T16>group(App<F,T1#16>,App<F,T2#15>,App<F,T3#14>,App<F,T4#13>,App<F,T5#12>,App<F,T6#11>,App<F,T7#10>,App<F,T8#9>,App<F,T9#8>,App<F,T10#7>,App<F,T11#6>,App<F,T12#5>,App<F,T13#4>,App<F,T14#3>,App<F,T15#2>,App<F,T16>)
    T10#7 extends Object declared in method <T1#16,T2#15,T3#14,T4#13,T5#12,T6#11,T7#10,T8#9,T9#8,T10#7,T11#6,T12#5,T13#4,T14#3,T15#2,T16>group(App<F,T1#16>,App<F,T2#15>,App<F,T3#14>,App<F,T4#13>,App<F,T5#12>,App<F,T6#11>,App<F,T7#10>,App<F,T8#9>,App<F,T9#8>,App<F,T10#7>,App<F,T11#6>,App<F,T12#5>,App<F,T13#4>,App<F,T14#3>,App<F,T15#2>,App<F,T16>)
    T11#6 extends Object declared in method <T1#16,T2#15,T3#14,T4#13,T5#12,T6#11,T7#10,T8#9,T9#8,T10#7,T11#6,T12#5,T13#4,T14#3,T15#2,T16>group(App<F,T1#16>,App<F,T2#15>,App<F,T3#14>,App<F,T4#13>,App<F,T5#12>,App<F,T6#11>,App<F,T7#10>,App<F,T8#9>,App<F,T9#8>,App<F,T10#7>,App<F,T11#6>,App<F,T12#5>,App<F,T13#4>,App<F,T14#3>,App<F,T15#2>,App<F,T16>)
    T12#5 extends Object declared in method <T1#16,T2#15,T3#14,T4#13,T5#12,T6#11,T7#10,T8#9,T9#8,T10#7,T11#6,T12#5,T13#4,T14#3,T15#2,T16>group(App<F,T1#16>,App<F,T2#15>,App<F,T3#14>,App<F,T4#13>,App<F,T5#12>,App<F,T6#11>,App<F,T7#10>,App<F,T8#9>,App<F,T9#8>,App<F,T10#7>,App<F,T11#6>,App<F,T12#5>,App<F,T13#4>,App<F,T14#3>,App<F,T15#2>,App<F,T16>)
    T13#4 extends Object declared in method <T1#16,T2#15,T3#14,T4#13,T5#12,T6#11,T7#10,T8#9,T9#8,T10#7,T11#6,T12#5,T13#4,T14#3,T15#2,T16>group(App<F,T1#16>,App<F,T2#15>,App<F,T3#14>,App<F,T4#13>,App<F,T5#12>,App<F,T6#11>,App<F,T7#10>,App<F,T8#9>,App<F,T9#8>,App<F,T10#7>,App<F,T11#6>,App<F,T12#5>,App<F,T13#4>,App<F,T14#3>,App<F,T15#2>,App<F,T16>)
    T14#3 extends Object declared in method <T1#16,T2#15,T3#14,T4#13,T5#12,T6#11,T7#10,T8#9,T9#8,T10#7,T11#6,T12#5,T13#4,T14#3,T15#2,T16>group(App<F,T1#16>,App<F,T2#15>,App<F,T3#14>,App<F,T4#13>,App<F,T5#12>,App<F,T6#11>,App<F,T7#10>,App<F,T8#9>,App<F,T9#8>,App<F,T10#7>,App<F,T11#6>,App<F,T12#5>,App<F,T13#4>,App<F,T14#3>,App<F,T15#2>,App<F,T16>)
    T15#2 extends Object declared in method <T1#16,T2#15,T3#14,T4#13,T5#12,T6#11,T7#10,T8#9,T9#8,T10#7,T11#6,T12#5,T13#4,T14#3,T15#2,T16>group(App<F,T1#16>,App<F,T2#15>,App<F,T3#14>,App<F,T4#13>,App<F,T5#12>,App<F,T6#11>,App<F,T7#10>,App<F,T8#9>,App<F,T9#8>,App<F,T10#7>,App<F,T11#6>,App<F,T12#5>,App<F,T13#4>,App<F,T14#3>,App<F,T15#2>,App<F,T16>)
    T16 extends Object declared in method <T1#16,T2#15,T3#14,T4#13,T5#12,T6#11,T7#10,T8#9,T9#8,T10#7,T11#6,T12#5,T13#4,T14#3,T15#2,T16>group(App<F,T1#16>,App<F,T2#15>,App<F,T3#14>,App<F,T4#13>,App<F,T5#12>,App<F,T6#11>,App<F,T7#10>,App<F,T8#9>,App<F,T9#8>,App<F,T10#7>,App<F,T11#6>,App<F,T12#5>,App<F,T13#4>,App<F,T14#3>,App<F,T15#2>,App<F,T16>)
/home/runner/work/TaCZ_Refabricated_Unofficial/TaCZ_Refabricated_Unofficial/src/main/java/cn/sh1rocu/tacz/industry/api/feed/CylinderData.java:89: error: incompatible types: invalid method reference
    ).validate(CylinderData::validateShape);
               ^
    incompatible types: Object cannot be converted to CylinderData
/home/runner/work/TaCZ_Refabricated_Unofficial/TaCZ_Refabricated_Unofficial/src/main/java/cn/sh1rocu/tacz/industry/api/feed/StripperClipData.java:35: error: no suitable method found for group(RecordCodecBuilder<StripperClipData,Identifier>,RecordCodecBuilder<StripperClipData,Integer>,RecordCodecBuilder<StripperClipData,List<LoadedRound>>,RecordCodecBuilder<StripperClipData,Boolean>)
            instance -> instance.group(
                                ^
    method Kind1.<T1#1>group(App<Mu<Object>,T1#1>) is not applicable
      (cannot infer type-variable(s) T1#1
        (actual and formal argument lists differ in length))
    method Kind1.<T1#2,T2#1>group(App<Mu<Object>,T1#2>,App<Mu<Object>,T2#1>) is not applicable
      (cannot infer type-variable(s) T1#2,T2#1
        (actual and formal argument lists differ in length))
    method Kind1.<T1#3,T2#2,T3#1>group(App<Mu<Object>,T1#3>,App<Mu<Object>,T2#2>,App<Mu<Object>,T3#1>) is not applicable
      (cannot infer type-variable(s) T1#3,T2#2,T3#1
        (actual and formal argument lists differ in length))
    method Kind1.<T1#4,T2#3,T3#2,T4#1>group(App<Mu<Object>,T1#4>,App<Mu<Object>,T2#3>,App<Mu<Object>,T3#2>,App<Mu<Object>,T4#1>) is not applicable
      (inference variable O has incompatible bounds
        equality constraints: Object
        upper bounds: Object,StripperClipData)
    method Kind1.<T1#5,T2#4,T3#3,T4#2,T5#1>group(App<Mu<Object>,T1#5>,App<Mu<Object>,T2#4>,App<Mu<Object>,T3#3>,App<Mu<Object>,T4#2>,App<Mu<Object>,T5#1>) is not applicable
      (cannot infer type-variable(s) T1#5,T2#4,T3#3,T4#2,T5#1
        (actual and formal argument lists differ in length))
    method Kind1.<T1#6,T2#5,T3#4,T4#3,T5#2,T6#1>group(App<Mu<Object>,T1#6>,App<Mu<Object>,T2#5>,App<Mu<Object>,T3#4>,App<Mu<Object>,T4#3>,App<Mu<Object>,T5#2>,App<Mu<Object>,T6#1>) is not applicable
      (cannot infer type-variable(s) T1#6,T2#5,T3#4,T4#3,T5#2,T6#1
        (actual and formal argument lists differ in length))
    method Kind1.<T1#7,T2#6,T3#5,T4#4,T5#3,T6#2,T7#1>group(App<Mu<Object>,T1#7>,App<Mu<Object>,T2#6>,App<Mu<Object>,T3#5>,App<Mu<Object>,T4#4>,App<Mu<Object>,T5#3>,App<Mu<Object>,T6#2>,App<Mu<Object>,T7#1>) is not applicable
      (cannot infer type-variable(s) T1#7,T2#6,T3#5,T4#4,T5#3,T6#2,T7#1
        (actual and formal argument lists differ in length))
    method Kind1.<T1#8,T2#7,T3#6,T4#5,T5#4,T6#3,T7#2,T8#1>group(App<Mu<Object>,T1#8>,App<Mu<Object>,T2#7>,App<Mu<Object>,T3#6>,App<Mu<Object>,T4#5>,App<Mu<Object>,T5#4>,App<Mu<Object>,T6#3>,App<Mu<Object>,T7#2>,App<Mu<Object>,T8#1>) is not applicable
      (cannot infer type-variable(s) T1#8,T2#7,T3#6,T4#5,T5#4,T6#3,T7#2,T8#1
        (actual and formal argument lists differ in length))
    method Kind1.<T1#9,T2#8,T3#7,T4#6,T5#5,T6#4,T7#3,T8#2,T9#1>group(App<Mu<Object>,T1#9>,App<Mu<Object>,T2#8>,App<Mu<Object>,T3#7>,App<Mu<Object>,T4#6>,App<Mu<Object>,T5#5>,App<Mu<Object>,T6#4>,App<Mu<Object>,T7#3>,App<Mu<Object>,T8#2>,App<Mu<Object>,T9#1>) is not applicable
      (cannot infer type-variable(s) T1#9,T2#8,T3#7,T4#6,T5#5,T6#4,T7#3,T8#2,T9#1
        (actual and formal argument lists differ in length))
    method Kind1.<T1#10,T2#9,T3#8,T4#7,T5#6,T6#5,T7#4,T8#3,T9#2,T10#1>group(App<Mu<Object>,T1#10>,App<Mu<Object>,T2#9>,App<Mu<Object>,T3#8>,App<Mu<Object>,T4#7>,App<Mu<Object>,T5#6>,App<Mu<Object>,T6#5>,App<Mu<Object>,T7#4>,App<Mu<Object>,T8#3>,App<Mu<Object>,T9#2>,App<Mu<Object>,T10#1>) is not applicable
      (cannot infer type-variable(s) T1#10,T2#9,T3#8,T4#7,T5#6,T6#5,T7#4,T8#3,T9#2,T10#1
        (actual and formal argument lists differ in length))
    method Kind1.<T1#11,T2#10,T3#9,T4#8,T5#7,T6#6,T7#5,T8#4,T9#3,T10#2,T11#1>group(App<Mu<Object>,T1#11>,App<Mu<Object>,T2#10>,App<Mu<Object>,T3#9>,App<Mu<Object>,T4#8>,App<Mu<Object>,T5#7>,App<Mu<Object>,T6#6>,App<Mu<Object>,T7#5>,App<Mu<Object>,T8#4>,App<Mu<Object>,T9#3>,App<Mu<Object>,T10#2>,App<Mu<Object>,T11#1>) is not applicable
      (cannot infer type-variable(s) T1#11,T2#10,T3#9,T4#8,T5#7,T6#6,T7#5,T8#4,T9#3,T10#2,T11#1
        (actual and formal argument lists differ in length))
    method Kind1.<T1#12,T2#11,T3#10,T4#9,T5#8,T6#7,T7#6,T8#5,T9#4,T10#3,T11#2,T12#1>group(App<Mu<Object>,T1#12>,App<Mu<Object>,T2#11>,App<Mu<Object>,T3#10>,App<Mu<Object>,T4#9>,App<Mu<Object>,T5#8>,App<Mu<Object>,T6#7>,App<Mu<Object>,T7#6>,App<Mu<Object>,T8#5>,App<Mu<Object>,T9#4>,App<Mu<Object>,T10#3>,App<Mu<Object>,T11#2>,App<Mu<Object>,T12#1>) is not applicable
      (cannot infer type-variable(s) T1#12,T2#11,T3#10,T4#9,T5#8,T6#7,T7#6,T8#5,T9#4,T10#3,T11#2,T12#1
        (actual and formal argument lists differ in length))
    method Kind1.<T1#13,T2#12,T3#11,T4#10,T5#9,T6#8,T7#7,T8#6,T9#5,T10#4,T11#3,T12#2,T13#1>group(App<Mu<Object>,T1#13>,App<Mu<Object>,T2#12>,App<Mu<Object>,T3#11>,App<Mu<Object>,T4#10>,App<Mu<Object>,T5#9>,App<Mu<Object>,T6#8>,App<Mu<Object>,T7#7>,App<Mu<Object>,T8#6>,App<Mu<Object>,T9#5>,App<Mu<Object>,T10#4>,App<Mu<Object>,T11#3>,App<Mu<Object>,T12#2>,App<Mu<Object>,T13#1>) is not applicable
      (cannot infer type-variable(s) T1#13,T2#12,T3#11,T4#10,T5#9,T6#8,T7#7,T8#6,T9#5,T10#4,T11#3,T12#2,T13#1
        (actual and formal argument lists differ in length))
    method Kind1.<T1#14,T2#13,T3#12,T4#11,T5#10,T6#9,T7#8,T8#7,T9#6,T10#5,T11#4,T12#3,T13#2,T14#1>group(App<Mu<Object>,T1#14>,App<Mu<Object>,T2#13>,App<Mu<Object>,T3#12>,App<Mu<Object>,T4#11>,App<Mu<Object>,T5#10>,App<Mu<Object>,T6#9>,App<Mu<Object>,T7#8>,App<Mu<Object>,T8#7>,App<Mu<Object>,T9#6>,App<Mu<Object>,T10#5>,App<Mu<Object>,T11#4>,App<Mu<Object>,T12#3>,App<Mu<Object>,T13#2>,App<Mu<Object>,T14#1>) is not applicable
      (cannot infer type-variable(s) T1#14,T2#13,T3#12,T4#11,T5#10,T6#9,T7#8,T8#7,T9#6,T10#5,T11#4,T12#3,T13#2,T14#1
        (actual and formal argument lists differ in length))
    method Kind1.<T1#15,T2#14,T3#13,T4#12,T5#11,T6#10,T7#9,T8#8,T9#7,T10#6,T11#5,T12#4,T13#3,T14#2,T15#1>group(App<Mu<Object>,T1#15>,App<Mu<Object>,T2#14>,App<Mu<Object>,T3#13>,App<Mu<Object>,T4#12>,App<Mu<Object>,T5#11>,App<Mu<Object>,T6#10>,App<Mu<Object>,T7#9>,App<Mu<Object>,T8#8>,App<Mu<Object>,T9#7>,App<Mu<Object>,T10#6>,App<Mu<Object>,T11#5>,App<Mu<Object>,T12#4>,App<Mu<Object>,T13#3>,App<Mu<Object>,T14#2>,App<Mu<Object>,T15#1>) is not applicable
      (cannot infer type-variable(s) T1#15,T2#14,T3#13,T4#12,T5#11,T6#10,T7#9,T8#8,T9#7,T10#6,T11#5,T12#4,T13#3,T14#2,T15#1
        (actual and formal argument lists differ in length))
    method Kind1.<T1#16,T2#15,T3#14,T4#13,T5#12,T6#11,T7#10,T8#9,T9#8,T10#7,T11#6,T12#5,T13#4,T14#3,T15#2,T16>group(App<Mu<Object>,T1#16>,App<Mu<Object>,T2#15>,App<Mu<Object>,T3#14>,App<Mu<Object>,T4#13>,App<Mu<Object>,T5#12>,App<Mu<Object>,T6#11>,App<Mu<Object>,T7#10>,App<Mu<Object>,T8#9>,App<Mu<Object>,T9#8>,App<Mu<Object>,T10#7>,App<Mu<Object>,T11#6>,App<Mu<Object>,T12#5>,App<Mu<Object>,T13#4>,App<Mu<Object>,T14#3>,App<Mu<Object>,T15#2>,App<Mu<Object>,T16>) is not applicable
      (cannot infer type-variable(s) T1#16,T2#15,T3#14,T4#13,T5#12,T6#11,T7#10,T8#9,T9#8,T10#7,T11#6,T12#5,T13#4,T14#3,T15#2,T16
        (actual and formal argument lists differ in length))
  where T1#1,F,T1#2,T2#1,T1#3,T2#2,T3#1,T1#4,T2#3,T3#2,T4#1,O,A,T1#5,T2#4,T3#3,T4#2,T5#1,T1#6,T2#5,T3#4,T4#3,T5#2,T6#1,T1#7,T2#6,T3#5,T4#4,T5#3,T6#2,T7#1,T1#8,T2#7,T3#6,T4#5,T5#4,T6#3,T7#2,T8#1,T1#9,T2#8,T3#7,T4#6,T5#5,T6#4,T7#3,T8#2,T9#1,T1#10,T2#9,T3#8,T4#7,T5#6,T6#5,T7#4,T8#3,T9#2,T10#1,T1#11,T2#10,T3#9,T4#8,T5#7,T6#6,T7#5,T8#4,T9#3,T10#2,T11#1,T1#12,T2#11,T3#10,T4#9,T5#8,T6#7,T7#6,T8#5,T9#4,T10#3,T11#2,T12#1,T1#13,T2#12,T3#11,T4#10,T5#9,T6#8,T7#7,T8#6,T9#5,T10#4,T11#3,T12#2,T13#1,T1#14,T2#13,T3#12,T4#11,T5#10,T6#9,T7#8,T8#7,T9#6,T10#5,T11#4,T12#3,T13#2,T14#1,T1#15,T2#14,T3#13,T4#12,T5#11,T6#10,T7#9,T8#8,T9#7,T10#6,T11#5,T12#4,T13#3,T14#2,T15#1,T1#16,T2#15,T3#14,T4#13,T5#12,T6#11,T7#10,T8#9,T9#8,T10#7,T11#6,T12#5,T13#4,T14#3,T15#2,T16 are type-variables:
    T1#1 extends Object declared in method <T1#1>group(App<F,T1#1>)
    F extends K1 declared in interface Kind1
    T1#2 extends Object declared in method <T1#2,T2#1>group(App<F,T1#2>,App<F,T2#1>)
    T2#1 extends Object declared in method <T1#2,T2#1>group(App<F,T1#2>,App<F,T2#1>)
    T1#3 extends Object declared in method <T1#3,T2#2,T3#1>group(App<F,T1#3>,App<F,T2#2>,App<F,T3#1>)
    T2#2 extends Object declared in method <T1#3,T2#2,T3#1>group(App<F,T1#3>,App<F,T2#2>,App<F,T3#1>)
    T3#1 extends Object declared in method <T1#3,T2#2,T3#1>group(App<F,T1#3>,App<F,T2#2>,App<F,T3#1>)
    T1#4 extends Object declared in method <T1#4,T2#3,T3#2,T4#1>group(App<F,T1#4>,App<F,T2#3>,App<F,T3#2>,App<F,T4#1>)
    T2#3 extends Object declared in method <T1#4,T2#3,T3#2,T4#1>group(App<F,T1#4>,App<F,T2#3>,App<F,T3#2>,App<F,T4#1>)
    T3#2 extends Object declared in method <T1#4,T2#3,T3#2,T4#1>group(App<F,T1#4>,App<F,T2#3>,App<F,T3#2>,App<F,T4#1>)
    T4#1 extends Object declared in method <T1#4,T2#3,T3#2,T4#1>group(App<F,T1#4>,App<F,T2#3>,App<F,T3#2>,App<F,T4#1>)
    O extends Object declared in method <O>forGetter(Function<O,A>)
    A extends Object declared in class MapCodec
    T1#5 extends Object declared in method <T1#5,T2#4,T3#3,T4#2,T5#1>group(App<F,T1#5>,App<F,T2#4>,App<F,T3#3>,App<F,T4#2>,App<F,T5#1>)
    T2#4 extends Object declared in method <T1#5,T2#4,T3#3,T4#2,T5#1>group(App<F,T1#5>,App<F,T2#4>,App<F,T3#3>,App<F,T4#2>,App<F,T5#1>)
    T3#3 extends Object declared in method <T1#5,T2#4,T3#3,T4#2,T5#1>group(App<F,T1#5>,App<F,T2#4>,App<F,T3#3>,App<F,T4#2>,App<F,T5#1>)
    T4#2 extends Object declared in method <T1#5,T2#4,T3#3,T4#2,T5#1>group(App<F,T1#5>,App<F,T2#4>,App<F,T3#3>,App<F,T4#2>,App<F,T5#1>)
    T5#1 extends Object declared in method <T1#5,T2#4,T3#3,T4#2,T5#1>group(App<F,T1#5>,App<F,T2#4>,App<F,T3#3>,App<F,T4#2>,App<F,T5#1>)
    T1#6 extends Object declared in method <T1#6,T2#5,T3#4,T4#3,T5#2,T6#1>group(App<F,T1#6>,App<F,T2#5>,App<F,T3#4>,App<F,T4#3>,App<F,T5#2>,App<F,T6#1>)
    T2#5 extends Object declared in method <T1#6,T2#5,T3#4,T4#3,T5#2,T6#1>group(App<F,T1#6>,App<F,T2#5>,App<F,T3#4>,App<F,T4#3>,App<F,T5#2>,App<F,T6#1>)
    T3#4 extends Object declared in method <T1#6,T2#5,T3#4,T4#3,T5#2,T6#1>group(App<F,T1#6>,App<F,T2#5>,App<F,T3#4>,App<F,T4#3>,App<F,T5#2>,App<F,T6#1>)
    T4#3 extends Object declared in method <T1#6,T2#5,T3#4,T4#3,T5#2,T6#1>group(App<F,T1#6>,App<F,T2#5>,App<F,T3#4>,App<F,T4#3>,App<F,T5#2>,App<F,T6#1>)
    T5#2 extends Object declared in method <T1#6,T2#5,T3#4,T4#3,T5#2,T6#1>group(App<F,T1#6>,App<F,T2#5>,App<F,T3#4>,App<F,T4#3>,App<F,T5#2>,App<F,T6#1>)
    T6#1 extends Object declared in method <T1#6,T2#5,T3#4,T4#3,T5#2,T6#1>group(App<F,T1#6>,App<F,T2#5>,App<F,T3#4>,App<F,T4#3>,App<F,T5#2>,App<F,T6#1>)
    T1#7 extends Object declared in method <T1#7,T2#6,T3#5,T4#4,T5#3,T6#2,T7#1>group(App<F,T1#7>,App<F,T2#6>,App<F,T3#5>,App<F,T4#4>,App<F,T5#3>,App<F,T6#2>,App<F,T7#1>)
    T2#6 extends Object declared in method <T1#7,T2#6,T3#5,T4#4,T5#3,T6#2,T7#1>group(App<F,T1#7>,App<F,T2#6>,App<F,T3#5>,App<F,T4#4>,App<F,T5#3>,App<F,T6#2>,App<F,T7#1>)
    T3#5 extends Object declared in method <T1#7,T2#6,T3#5,T4#4,T5#3,T6#2,T7#1>group(App<F,T1#7>,App<F,T2#6>,App<F,T3#5>,App<F,T4#4>,App<F,T5#3>,App<F,T6#2>,App<F,T7#1>)
    T4#4 extends Object declared in method <T1#7,T2#6,T3#5,T4#4,T5#3,T6#2,T7#1>group(App<F,T1#7>,App<F,T2#6>,App<F,T3#5>,App<F,T4#4>,App<F,T5#3>,App<F,T6#2>,App<F,T7#1>)
    T5#3 extends Object declared in method <T1#7,T2#6,T3#5,T4#4,T5#3,T6#2,T7#1>group(App<F,T1#7>,App<F,T2#6>,App<F,T3#5>,App<F,T4#4>,App<F,T5#3>,App<F,T6#2>,App<F,T7#1>)
    T6#2 extends Object declared in method <T1#7,T2#6,T3#5,T4#4,T5#3,T6#2,T7#1>group(App<F,T1#7>,App<F,T2#6>,App<F,T3#5>,App<F,T4#4>,App<F,T5#3>,App<F,T6#2>,App<F,T7#1>)
    T7#1 extends Object declared in method <T1#7,T2#6,T3#5,T4#4,T5#3,T6#2,T7#1>group(App<F,T1#7>,App<F,T2#6>,App<F,T3#5>,App<F,T4#4>,App<F,T5#3>,App<F,T6#2>,App<F,T7#1>)
    T1#8 extends Object declared in method <T1#8,T2#7,T3#6,T4#5,T5#4,T6#3,T7#2,T8#1>group(App<F,T1#8>,App<F,T2#7>,App<F,T3#6>,App<F,T4#5>,App<F,T5#4>,App<F,T6#3>,App<F,T7#2>,App<F,T8#1>)
    T2#7 extends Object declared in method <T1#8,T2#7,T3#6,T4#5,T5#4,T6#3,T7#2,T8#1>group(App<F,T1#8>,App<F,T2#7>,App<F,T3#6>,App<F,T4#5>,App<F,T5#4>,App<F,T6#3>,App<F,T7#2>,App<F,T8#1>)
    T3#6 extends Object declared in method <T1#8,T2#7,T3#6,T4#5,T5#4,T6#3,T7#2,T8#1>group(App<F,T1#8>,App<F,T2#7>,App<F,T3#6>,App<F,T4#5>,App<F,T5#4>,App<F,T6#3>,App<F,T7#2>,App<F,T8#1>)
    T4#5 extends Object declared in method <T1#8,T2#7,T3#6,T4#5,T5#4,T6#3,T7#2,T8#1>group(App<F,T1#8>,App<F,T2#7>,App<F,T3#6>,App<F,T4#5>,App<F,T5#4>,App<F,T6#3>,App<F,T7#2>,App<F,T8#1>)
    T5#4 extends Object declared in method <T1#8,T2#7,T3#6,T4#5,T5#4,T6#3,T7#2,T8#1>group(App<F,T1#8>,App<F,T2#7>,App<F,T3#6>,App<F,T4#5>,App<F,T5#4>,App<F,T6#3>,App<F,T7#2>,App<F,T8#1>)
    T6#3 extends Object declared in method <T1#8,T2#7,T3#6,T4#5,T5#4,T6#3,T7#2,T8#1>group(App<F,T1#8>,App<F,T2#7>,App<F,T3#6>,App<F,T4#5>,App<F,T5#4>,App<F,T6#3>,App<F,T7#2>,App<F,T8#1>)
    T7#2 extends Object declared in method <T1#8,T2#7,T3#6,T4#5,T5#4,T6#3,T7#2,T8#1>group(App<F,T1#8>,App<F,T2#7>,App<F,T3#6>,App<F,T4#5>,App<F,T5#4>,App<F,T6#3>,App<F,T7#2>,App<F,T8#1>)
    T8#1 extends Object declared in method <T1#8,T2#7,T3#6,T4#5,T5#4,T6#3,T7#2,T8#1>group(App<F,T1#8>,App<F,T2#7>,App<F,T3#6>,App<F,T4#5>,App<F,T5#4>,App<F,T6#3>,App<F,T7#2>,App<F,T8#1>)
    T1#9 extends Object declared in method <T1#9,T2#8,T3#7,T4#6,T5#5,T6#4,T7#3,T8#2,T9#1>group(App<F,T1#9>,App<F,T2#8>,App<F,T3#7>,App<F,T4#6>,App<F,T5#5>,App<F,T6#4>,App<F,T7#3>,App<F,T8#2>,App<F,T9#1>)
    T2#8 extends Object declared in method <T1#9,T2#8,T3#7,T4#6,T5#5,T6#4,T7#3,T8#2,T9#1>group(App<F,T1#9>,App<F,T2#8>,App<F,T3#7>,App<F,T4#6>,App<F,T5#5>,App<F,T6#4>,App<F,T7#3>,App<F,T8#2>,App<F,T9#1>)
    T3#7 extends Object declared in method <T1#9,T2#8,T3#7,T4#6,T5#5,T6#4,T7#3,T8#2,T9#1>group(App<F,T1#9>,App<F,T2#8>,App<F,T3#7>,App<F,T4#6>,App<F,T5#5>,App<F,T6#4>,App<F,T7#3>,App<F,T8#2>,App<F,T9#1>)
    T4#6 extends Object declared in method <T1#9,T2#8,T3#7,T4#6,T5#5,T6#4,T7#3,T8#2,T9#1>group(App<F,T1#9>,App<F,T2#8>,App<F,T3#7>,App<F,T4#6>,App<F,T5#5>,App<F,T6#4>,App<F,T7#3>,App<F,T8#2>,App<F,T9#1>)
    T5#5 extends Object declared in method <T1#9,T2#8,T3#7,T4#6,T5#5,T6#4,T7#3,T8#2,T9#1>group(App<F,T1#9>,App<F,T2#8>,App<F,T3#7>,App<F,T4#6>,App<F,T5#5>,App<F,T6#4>,App<F,T7#3>,App<F,T8#2>,App<F,T9#1>)
    T6#4 extends Object declared in method <T1#9,T2#8,T3#7,T4#6,T5#5,T6#4,T7#3,T8#2,T9#1>group(App<F,T1#9>,App<F,T2#8>,App<F,T3#7>,App<F,T4#6>,App<F,T5#5>,App<F,T6#4>,App<F,T7#3>,App<F,T8#2>,App<F,T9#1>)
    T7#3 extends Object declared in method <T1#9,T2#8,T3#7,T4#6,T5#5,T6#4,T7#3,T8#2,T9#1>group(App<F,T1#9>,App<F,T2#8>,App<F,T3#7>,App<F,T4#6>,App<F,T5#5>,App<F,T6#4>,App<F,T7#3>,App<F,T8#2>,App<F,T9#1>)
    T8#2 extends Object declared in method <T1#9,T2#8,T3#7,T4#6,T5#5,T6#4,T7#3,T8#2,T9#1>group(App<F,T1#9>,App<F,T2#8>,App<F,T3#7>,App<F,T4#6>,App<F,T5#5>,App<F,T6#4>,App<F,T7#3>,App<F,T8#2>,App<F,T9#1>)
    T9#1 extends Object declared in method <T1#9,T2#8,T3#7,T4#6,T5#5,T6#4,T7#3,T8#2,T9#1>group(App<F,T1#9>,App<F,T2#8>,App<F,T3#7>,App<F,T4#6>,App<F,T5#5>,App<F,T6#4>,App<F,T7#3>,App<F,T8#2>,App<F,T9#1>)
    T1#10 extends Object declared in method <T1#10,T2#9,T3#8,T4#7,T5#6,T6#5,T7#4,T8#3,T9#2,T10#1>group(App<F,T1#10>,App<F,T2#9>,App<F,T3#8>,App<F,T4#7>,App<F,T5#6>,App<F,T6#5>,App<F,T7#4>,App<F,T8#3>,App<F,T9#2>,App<F,T10#1>)
    T2#9 extends Object declared in method <T1#10,T2#9,T3#8,T4#7,T5#6,T6#5,T7#4,T8#3,T9#2,T10#1>group(App<F,T1#10>,App<F,T2#9>,App<F,T3#8>,App<F,T4#7>,App<F,T5#6>,App<F,T6#5>,App<F,T7#4>,App<F,T8#3>,App<F,T9#2>,App<F,T10#1>)
    T3#8 extends Object declared in method <T1#10,T2#9,T3#8,T4#7,T5#6,T6#5,T7#4,T8#3,T9#2,T10#1>group(App<F,T1#10>,App<F,T2#9>,App<F,T3#8>,App<F,T4#7>,App<F,T5#6>,App<F,T6#5>,App<F,T7#4>,App<F,T8#3>,App<F,T9#2>,App<F,T10#1>)
    T4#7 extends Object declared in method <T1#10,T2#9,T3#8,T4#7,T5#6,T6#5,T7#4,T8#3,T9#2,T10#1>group(App<F,T1#10>,App<F,T2#9>,App<F,T3#8>,App<F,T4#7>,App<F,T5#6>,App<F,T6#5>,App<F,T7#4>,App<F,T8#3>,App<F,T9#2>,App<F,T10#1>)
    T5#6 extends Object declared in method <T1#10,T2#9,T3#8,T4#7,T5#6,T6#5,T7#4,T8#3,T9#2,T10#1>group(App<F,T1#10>,App<F,T2#9>,App<F,T3#8>,App<F,T4#7>,App<F,T5#6>,App<F,T6#5>,App<F,T7#4>,App<F,T8#3>,App<F,T9#2>,App<F,T10#1>)
    T6#5 extends Object declared in method <T1#10,T2#9,T3#8,T4#7,T5#6,T6#5,T7#4,T8#3,T9#2,T10#1>group(App<F,T1#10>,App<F,T2#9>,App<F,T3#8>,App<F,T4#7>,App<F,T5#6>,App<F,T6#5>,App<F,T7#4>,App<F,T8#3>,App<F,T9#2>,App<F,T10#1>)
    T7#4 extends Object declared in method <T1#10,T2#9,T3#8,T4#7,T5#6,T6#5,T7#4,T8#3,T9#2,T10#1>group(App<F,T1#10>,App<F,T2#9>,App<F,T3#8>,App<F,T4#7>,App<F,T5#6>,App<F,T6#5>,App<F,T7#4>,App<F,T8#3>,App<F,T9#2>,App<F,T10#1>)
    T8#3 extends Object declared in method <T1#10,T2#9,T3#8,T4#7,T5#6,T6#5,T7#4,T8#3,T9#2,T10#1>group(App<F,T1#10>,App<F,T2#9>,App<F,T3#8>,App<F,T4#7>,App<F,T5#6>,App<F,T6#5>,App<F,T7#4>,App<F,T8#3>,App<F,T9#2>,App<F,T10#1>)
    T9#2 extends Object declared in method <T1#10,T2#9,T3#8,T4#7,T5#6,T6#5,T7#4,T8#3,T9#2,T10#1>group(App<F,T1#10>,App<F,T2#9>,App<F,T3#8>,App<F,T4#7>,App<F,T5#6>,App<F,T6#5>,App<F,T7#4>,App<F,T8#3>,App<F,T9#2>,App<F,T10#1>)
    T10#1 extends Object declared in method <T1#10,T2#9,T3#8,T4#7,T5#6,T6#5,T7#4,T8#3,T9#2,T10#1>group(App<F,T1#10>,App<F,T2#9>,App<F,T3#8>,App<F,T4#7>,App<F,T5#6>,App<F,T6#5>,App<F,T7#4>,App<F,T8#3>,App<F,T9#2>,App<F,T10#1>)
    T1#11 extends Object declared in method <T1#11,T2#10,T3#9,T4#8,T5#7,T6#6,T7#5,T8#4,T9#3,T10#2,T11#1>group(App<F,T1#11>,App<F,T2#10>,App<F,T3#9>,App<F,T4#8>,App<F,T5#7>,App<F,T6#6>,App<F,T7#5>,App<F,T8#4>,App<F,T9#3>,App<F,T10#2>,App<F,T11#1>)
    T2#10 extends Object declared in method <T1#11,T2#10,T3#9,T4#8,T5#7,T6#6,T7#5,T8#4,T9#3,T10#2,T11#1>group(App<F,T1#11>,App<F,T2#10>,App<F,T3#9>,App<F,T4#8>,App<F,T5#7>,App<F,T6#6>,App<F,T7#5>,App<F,T8#4>,App<F,T9#3>,App<F,T10#2>,App<F,T11#1>)
    T3#9 extends Object declared in method <T1#11,T2#10,T3#9,T4#8,T5#7,T6#6,T7#5,T8#4,T9#3,T10#2,T11#1>group(App<F,T1#11>,App<F,T2#10>,App<F,T3#9>,App<F,T4#8>,App<F,T5#7>,App<F,T6#6>,App<F,T7#5>,App<F,T8#4>,App<F,T9#3>,App<F,T10#2>,App<F,T11#1>)
    T4#8 extends Object declared in method <T1#11,T2#10,T3#9,T4#8,T5#7,T6#6,T7#5,T8#4,T9#3,T10#2,T11#1>group(App<F,T1#11>,App<F,T2#10>,App<F,T3#9>,App<F,T4#8>,App<F,T5#7>,App<F,T6#6>,App<F,T7#5>,App<F,T8#4>,App<F,T9#3>,App<F,T10#2>,App<F,T11#1>)
    T5#7 extends Object declared in method <T1#11,T2#10,T3#9,T4#8,T5#7,T6#6,T7#5,T8#4,T9#3,T10#2,T11#1>group(App<F,T1#11>,App<F,T2#10>,App<F,T3#9>,App<F,T4#8>,App<F,T5#7>,App<F,T6#6>,App<F,T7#5>,App<F,T8#4>,App<F,T9#3>,App<F,T10#2>,App<F,T11#1>)
    T6#6 extends Object declared in method <T1#11,T2#10,T3#9,T4#8,T5#7,T6#6,T7#5,T8#4,T9#3,T10#2,T11#1>group(App<F,T1#11>,App<F,T2#10>,App<F,T3#9>,App<F,T4#8>,App<F,T5#7>,App<F,T6#6>,App<F,T7#5>,App<F,T8#4>,App<F,T9#3>,App<F,T10#2>,App<F,T11#1>)
    T7#5 extends Object declared in method <T1#11,T2#10,T3#9,T4#8,T5#7,T6#6,T7#5,T8#4,T9#3,T10#2,T11#1>group(App<F,T1#11>,App<F,T2#10>,App<F,T3#9>,App<F,T4#8>,App<F,T5#7>,App<F,T6#6>,App<F,T7#5>,App<F,T8#4>,App<F,T9#3>,App<F,T10#2>,App<F,T11#1>)
    T8#4 extends Object declared in method <T1#11,T2#10,T3#9,T4#8,T5#7,T6#6,T7#5,T8#4,T9#3,T10#2,T11#1>group(App<F,T1#11>,App<F,T2#10>,App<F,T3#9>,App<F,T4#8>,App<F,T5#7>,App<F,T6#6>,App<F,T7#5>,App<F,T8#4>,App<F,T9#3>,App<F,T10#2>,App<F,T11#1>)
    T9#3 extends Object declared in method <T1#11,T2#10,T3#9,T4#8,T5#7,T6#6,T7#5,T8#4,T9#3,T10#2,T11#1>group(App<F,T1#11>,App<F,T2#10>,App<F,T3#9>,App<F,T4#8>,App<F,T5#7>,App<F,T6#6>,App<F,T7#5>,App<F,T8#4>,App<F,T9#3>,App<F,T10#2>,App<F,T11#1>)
    T10#2 extends Object declared in method <T1#11,T2#10,T3#9,T4#8,T5#7,T6#6,T7#5,T8#4,T9#3,T10#2,T11#1>group(App<F,T1#11>,App<F,T2#10>,App<F,T3#9>,App<F,T4#8>,App<F,T5#7>,App<F,T6#6>,App<F,T7#5>,App<F,T8#4>,App<F,T9#3>,App<F,T10#2>,App<F,T11#1>)
    T11#1 extends Object declared in method <T1#11,T2#10,T3#9,T4#8,T5#7,T6#6,T7#5,T8#4,T9#3,T10#2,T11#1>group(App<F,T1#11>,App<F,T2#10>,App<F,T3#9>,App<F,T4#8>,App<F,T5#7>,App<F,T6#6>,App<F,T7#5>,App<F,T8#4>,App<F,T9#3>,App<F,T10#2>,App<F,T11#1>)
    T1#12 extends Object declared in method <T1#12,T2#11,T3#10,T4#9,T5#8,T6#7,T7#6,T8#5,T9#4,T10#3,T11#2,T12#1>group(App<F,T1#12>,App<F,T2#11>,App<F,T3#10>,App<F,T4#9>,App<F,T5#8>,App<F,T6#7>,App<F,T7#6>,App<F,T8#5>,App<F,T9#4>,App<F,T10#3>,App<F,T11#2>,App<F,T12#1>)
    T2#11 extends Object declared in method <T1#12,T2#11,T3#10,T4#9,T5#8,T6#7,T7#6,T8#5,T9#4,T10#3,T11#2,T12#1>group(App<F,T1#12>,App<F,T2#11>,App<F,T3#10>,App<F,T4#9>,App<F,T5#8>,App<F,T6#7>,App<F,T7#6>,App<F,T8#5>,App<F,T9#4>,App<F,T10#3>,App<F,T11#2>,App<F,T12#1>)
    T3#10 extends Object declared in method <T1#12,T2#11,T3#10,T4#9,T5#8,T6#7,T7#6,T8#5,T9#4,T10#3,T11#2,T12#1>group(App<F,T1#12>,App<F,T2#11>,App<F,T3#10>,App<F,T4#9>,App<F,T5#8>,App<F,T6#7>,App<F,T7#6>,App<F,T8#5>,App<F,T9#4>,App<F,T10#3>,App<F,T11#2>,App<F,T12#1>)
    T4#9 extends Object declared in method <T1#12,T2#11,T3#10,T4#9,T5#8,T6#7,T7#6,T8#5,T9#4,T10#3,T11#2,T12#1>group(App<F,T1#12>,App<F,T2#11>,App<F,T3#10>,App<F,T4#9>,App<F,T5#8>,App<F,T6#7>,App<F,T7#6>,App<F,T8#5>,App<F,T9#4>,App<F,T10#3>,App<F,T11#2>,App<F,T12#1>)
    T5#8 extends Object declared in method <T1#12,T2#11,T3#10,T4#9,T5#8,T6#7,T7#6,T8#5,T9#4,T10#3,T11#2,T12#1>group(App<F,T1#12>,App<F,T2#11>,App<F,T3#10>,App<F,T4#9>,App<F,T5#8>,App<F,T6#7>,App<F,T7#6>,App<F,T8#5>,App<F,T9#4>,App<F,T10#3>,App<F,T11#2>,App<F,T12#1>)
    T6#7 extends Object declared in method <T1#12,T2#11,T3#10,T4#9,T5#8,T6#7,T7#6,T8#5,T9#4,T10#3,T11#2,T12#1>group(App<F,T1#12>,App<F,T2#11>,App<F,T3#10>,App<F,T4#9>,App<F,T5#8>,App<F,T6#7>,App<F,T7#6>,App<F,T8#5>,App<F,T9#4>,App<F,T10#3>,App<F,T11#2>,App<F,T12#1>)
    T7#6 extends Object declared in method <T1#12,T2#11,T3#10,T4#9,T5#8,T6#7,T7#6,T8#5,T9#4,T10#3,T11#2,T12#1>group(App<F,T1#12>,App<F,T2#11>,App<F,T3#10>,App<F,T4#9>,App<F,T5#8>,App<F,T6#7>,App<F,T7#6>,App<F,T8#5>,App<F,T9#4>,App<F,T10#3>,App<F,T11#2>,App<F,T12#1>)
    T8#5 extends Object declared in method <T1#12,T2#11,T3#10,T4#9,T5#8,T6#7,T7#6,T8#5,T9#4,T10#3,T11#2,T12#1>group(App<F,T1#12>,App<F,T2#11>,App<F,T3#10>,App<F,T4#9>,App<F,T5#8>,App<F,T6#7>,App<F,T7#6>,App<F,T8#5>,App<F,T9#4>,App<F,T10#3>,App<F,T11#2>,App<F,T12#1>)
    T9#4 extends Object declared in method <T1#12,T2#11,T3#10,T4#9,T5#8,T6#7,T7#6,T8#5,T9#4,T10#3,T11#2,T12#1>group(App<F,T1#12>,App<F,T2#11>,App<F,T3#10>,App<F,T4#9>,App<F,T5#8>,App<F,T6#7>,App<F,T7#6>,App<F,T8#5>,App<F,T9#4>,App<F,T10#3>,App<F,T11#2>,App<F,T12#1>)
    T10#3 extends Object declared in method <T1#12,T2#11,T3#10,T4#9,T5#8,T6#7,T7#6,T8#5,T9#4,T10#3,T11#2,T12#1>group(App<F,T1#12>,App<F,T2#11>,App<F,T3#10>,App<F,T4#9>,App<F,T5#8>,App<F,T6#7>,App<F,T7#6>,App<F,T8#5>,App<F,T9#4>,App<F,T10#3>,App<F,T11#2>,App<F,T12#1>)
    T11#2 extends Object declared in method <T1#12,T2#11,T3#10,T4#9,T5#8,T6#7,T7#6,T8#5,T9#4,T10#3,T11#2,T12#1>group(App<F,T1#12>,App<F,T2#11>,App<F,T3#10>,App<F,T4#9>,App<F,T5#8>,App<F,T6#7>,App<F,T7#6>,App<F,T8#5>,App<F,T9#4>,App<F,T10#3>,App<F,T11#2>,App<F,T12#1>)
    T12#1 extends Object declared in method <T1#12,T2#11,T3#10,T4#9,T5#8,T6#7,T7#6,T8#5,T9#4,T10#3,T11#2,T12#1>group(App<F,T1#12>,App<F,T2#11>,App<F,T3#10>,App<F,T4#9>,App<F,T5#8>,App<F,T6#7>,App<F,T7#6>,App<F,T8#5>,App<F,T9#4>,App<F,T10#3>,App<F,T11#2>,App<F,T12#1>)
    T1#13 extends Object declared in method <T1#13,T2#12,T3#11,T4#10,T5#9,T6#8,T7#7,T8#6,T9#5,T10#4,T11#3,T12#2,T13#1>group(App<F,T1#13>,App<F,T2#12>,App<F,T3#11>,App<F,T4#10>,App<F,T5#9>,App<F,T6#8>,App<F,T7#7>,App<F,T8#6>,App<F,T9#5>,App<F,T10#4>,App<F,T11#3>,App<F,T12#2>,App<F,T13#1>)
    T2#12 extends Object declared in method <T1#13,T2#12,T3#11,T4#10,T5#9,T6#8,T7#7,T8#6,T9#5,T10#4,T11#3,T12#2,T13#1>group(App<F,T1#13>,App<F,T2#12>,App<F,T3#11>,App<F,T4#10>,App<F,T5#9>,App<F,T6#8>,App<F,T7#7>,App<F,T8#6>,App<F,T9#5>,App<F,T10#4>,App<F,T11#3>,App<F,T12#2>,App<F,T13#1>)
    T3#11 extends Object declared in method <T1#13,T2#12,T3#11,T4#10,T5#9,T6#8,T7#7,T8#6,T9#5,T10#4,T11#3,T12#2,T13#1>group(App<F,T1#13>,App<F,T2#12>,App<F,T3#11>,App<F,T4#10>,App<F,T5#9>,App<F,T6#8>,App<F,T7#7>,App<F,T8#6>,App<F,T9#5>,App<F,T10#4>,App<F,T11#3>,App<F,T12#2>,App<F,T13#1>)
    T4#10 extends Object declared in method <T1#13,T2#12,T3#11,T4#10,T5#9,T6#8,T7#7,T8#6,T9#5,T10#4,T11#3,T12#2,T13#1>group(App<F,T1#13>,App<F,T2#12>,App<F,T3#11>,App<F,T4#10>,App<F,T5#9>,App<F,T6#8>,App<F,T7#7>,App<F,T8#6>,App<F,T9#5>,App<F,T10#4>,App<F,T11#3>,App<F,T12#2>,App<F,T13#1>)
    T5#9 extends Object declared in method <T1#13,T2#12,T3#11,T4#10,T5#9,T6#8,T7#7,T8#6,T9#5,T10#4,T11#3,T12#2,T13#1>group(App<F,T1#13>,App<F,T2#12>,App<F,T3#11>,App<F,T4#10>,App<F,T5#9>,App<F,T6#8>,App<F,T7#7>,App<F,T8#6>,App<F,T9#5>,App<F,T10#4>,App<F,T11#3>,App<F,T12#2>,App<F,T13#1>)
    T6#8 extends Object declared in method <T1#13,T2#12,T3#11,T4#10,T5#9,T6#8,T7#7,T8#6,T9#5,T10#4,T11#3,T12#2,T13#1>group(App<F,T1#13>,App<F,T2#12>,App<F,T3#11>,App<F,T4#10>,App<F,T5#9>,App<F,T6#8>,App<F,T7#7>,App<F,T8#6>,App<F,T9#5>,App<F,T10#4>,App<F,T11#3>,App<F,T12#2>,App<F,T13#1>)
    T7#7 extends Object declared in method <T1#13,T2#12,T3#11,T4#10,T5#9,T6#8,T7#7,T8#6,T9#5,T10#4,T11#3,T12#2,T13#1>group(App<F,T1#13>,App<F,T2#12>,App<F,T3#11>,App<F,T4#10>,App<F,T5#9>,App<F,T6#8>,App<F,T7#7>,App<F,T8#6>,App<F,T9#5>,App<F,T10#4>,App<F,T11#3>,App<F,T12#2>,App<F,T13#1>)
    T8#6 extends Object declared in method <T1#13,T2#12,T3#11,T4#10,T5#9,T6#8,T7#7,T8#6,T9#5,T10#4,T11#3,T12#2,T13#1>group(App<F,T1#13>,App<F,T2#12>,App<F,T3#11>,App<F,T4#10>,App<F,T5#9>,App<F,T6#8>,App<F,T7#7>,App<F,T8#6>,App<F,T9#5>,App<F,T10#4>,App<F,T11#3>,App<F,T12#2>,App<F,T13#1>)
    T9#5 extends Object declared in method <T1#13,T2#12,T3#11,T4#10,T5#9,T6#8,T7#7,T8#6,T9#5,T10#4,T11#3,T12#2,T13#1>group(App<F,T1#13>,App<F,T2#12>,App<F,T3#11>,App<F,T4#10>,App<F,T5#9>,App<F,T6#8>,App<F,T7#7>,App<F,T8#6>,App<F,T9#5>,App<F,T10#4>,App<F,T11#3>,App<F,T12#2>,App<F,T13#1>)
    T10#4 extends Object declared in method <T1#13,T2#12,T3#11,T4#10,T5#9,T6#8,T7#7,T8#6,T9#5,T10#4,T11#3,T12#2,T13#1>group(App<F,T1#13>,App<F,T2#12>,App<F,T3#11>,App<F,T4#10>,App<F,T5#9>,App<F,T6#8>,App<F,T7#7>,App<F,T8#6>,App<F,T9#5>,App<F,T10#4>,App<F,T11#3>,App<F,T12#2>,App<F,T13#1>)
    T11#3 extends Object declared in method <T1#13,T2#12,T3#11,T4#10,T5#9,T6#8,T7#7,T8#6,T9#5,T10#4,T11#3,T12#2,T13#1>group(App<F,T1#13>,App<F,T2#12>,App<F,T3#11>,App<F,T4#10>,App<F,T5#9>,App<F,T6#8>,App<F,T7#7>,App<F,T8#6>,App<F,T9#5>,App<F,T10#4>,App<F,T11#3>,App<F,T12#2>,App<F,T13#1>)
    T12#2 extends Object declared in method <T1#13,T2#12,T3#11,T4#10,T5#9,T6#8,T7#7,T8#6,T9#5,T10#4,T11#3,T12#2,T13#1>group(App<F,T1#13>,App<F,T2#12>,App<F,T3#11>,App<F,T4#10>,App<F,T5#9>,App<F,T6#8>,App<F,T7#7>,App<F,T8#6>,App<F,T9#5>,App<F,T10#4>,App<F,T11#3>,App<F,T12#2>,App<F,T13#1>)
    T13#1 extends Object declared in method <T1#13,T2#12,T3#11,T4#10,T5#9,T6#8,T7#7,T8#6,T9#5,T10#4,T11#3,T12#2,T13#1>group(App<F,T1#13>,App<F,T2#12>,App<F,T3#11>,App<F,T4#10>,App<F,T5#9>,App<F,T6#8>,App<F,T7#7>,App<F,T8#6>,App<F,T9#5>,App<F,T10#4>,App<F,T11#3>,App<F,T12#2>,App<F,T13#1>)
    T1#14 extends Object declared in method <T1#14,T2#13,T3#12,T4#11,T5#10,T6#9,T7#8,T8#7,T9#6,T10#5,T11#4,T12#3,T13#2,T14#1>group(App<F,T1#14>,App<F,T2#13>,App<F,T3#12>,App<F,T4#11>,App<F,T5#10>,App<F,T6#9>,App<F,T7#8>,App<F,T8#7>,App<F,T9#6>,App<F,T10#5>,App<F,T11#4>,App<F,T12#3>,App<F,T13#2>,App<F,T14#1>)
    T2#13 extends Object declared in method <T1#14,T2#13,T3#12,T4#11,T5#10,T6#9,T7#8,T8#7,T9#6,T10#5,T11#4,T12#3,T13#2,T14#1>group(App<F,T1#14>,App<F,T2#13>,App<F,T3#12>,App<F,T4#11>,App<F,T5#10>,App<F,T6#9>,App<F,T7#8>,App<F,T8#7>,App<F,T9#6>,App<F,T10#5>,App<F,T11#4>,App<F,T12#3>,App<F,T13#2>,App<F,T14#1>)
    T3#12 extends Object declared in method <T1#14,T2#13,T3#12,T4#11,T5#10,T6#9,T7#8,T8#7,T9#6,T10#5,T11#4,T12#3,T13#2,T14#1>group(App<F,T1#14>,App<F,T2#13>,App<F,T3#12>,App<F,T4#11>,App<F,T5#10>,App<F,T6#9>,App<F,T7#8>,App<F,T8#7>,App<F,T9#6>,App<F,T10#5>,App<F,T11#4>,App<F,T12#3>,App<F,T13#2>,App<F,T14#1>)
    T4#11 extends Object declared in method <T1#14,T2#13,T3#12,T4#11,T5#10,T6#9,T7#8,T8#7,T9#6,T10#5,T11#4,T12#3,T13#2,T14#1>group(App<F,T1#14>,App<F,T2#13>,App<F,T3#12>,App<F,T4#11>,App<F,T5#10>,App<F,T6#9>,App<F,T7#8>,App<F,T8#7>,App<F,T9#6>,App<F,T10#5>,App<F,T11#4>,App<F,T12#3>,App<F,T13#2>,App<F,T14#1>)
    T5#10 extends Object declared in method <T1#14,T2#13,T3#12,T4#11,T5#10,T6#9,T7#8,T8#7,T9#6,T10#5,T11#4,T12#3,T13#2,T14#1>group(App<F,T1#14>,App<F,T2#13>,App<F,T3#12>,App<F,T4#11>,App<F,T5#10>,App<F,T6#9>,App<F,T7#8>,App<F,T8#7>,App<F,T9#6>,App<F,T10#5>,App<F,T11#4>,App<F,T12#3>,App<F,T13#2>,App<F,T14#1>)
    T6#9 extends Object declared in method <T1#14,T2#13,T3#12,T4#11,T5#10,T6#9,T7#8,T8#7,T9#6,T10#5,T11#4,T12#3,T13#2,T14#1>group(App<F,T1#14>,App<F,T2#13>,App<F,T3#12>,App<F,T4#11>,App<F,T5#10>,App<F,T6#9>,App<F,T7#8>,App<F,T8#7>,App<F,T9#6>,App<F,T10#5>,App<F,T11#4>,App<F,T12#3>,App<F,T13#2>,App<F,T14#1>)
    T7#8 extends Object declared in method <T1#14,T2#13,T3#12,T4#11,T5#10,T6#9,T7#8,T8#7,T9#6,T10#5,T11#4,T12#3,T13#2,T14#1>group(App<F,T1#14>,App<F,T2#13>,App<F,T3#12>,App<F,T4#11>,App<F,T5#10>,App<F,T6#9>,App<F,T7#8>,App<F,T8#7>,App<F,T9#6>,App<F,T10#5>,App<F,T11#4>,App<F,T12#3>,App<F,T13#2>,App<F,T14#1>)
    T8#7 extends Object declared in method <T1#14,T2#13,T3#12,T4#11,T5#10,T6#9,T7#8,T8#7,T9#6,T10#5,T11#4,T12#3,T13#2,T14#1>group(App<F,T1#14>,App<F,T2#13>,App<F,T3#12>,App<F,T4#11>,App<F,T5#10>,App<F,T6#9>,App<F,T7#8>,App<F,T8#7>,App<F,T9#6>,App<F,T10#5>,App<F,T11#4>,App<F,T12#3>,App<F,T13#2>,App<F,T14#1>)
    T9#6 extends Object declared in method <T1#14,T2#13,T3#12,T4#11,T5#10,T6#9,T7#8,T8#7,T9#6,T10#5,T11#4,T12#3,T13#2,T14#1>group(App<F,T1#14>,App<F,T2#13>,App<F,T3#12>,App<F,T4#11>,App<F,T5#10>,App<F,T6#9>,App<F,T7#8>,App<F,T8#7>,App<F,T9#6>,App<F,T10#5>,App<F,T11#4>,App<F,T12#3>,App<F,T13#2>,App<F,T14#1>)
    T10#5 extends Object declared in method <T1#14,T2#13,T3#12,T4#11,T5#10,T6#9,T7#8,T8#7,T9#6,T10#5,T11#4,T12#3,T13#2,T14#1>group(App<F,T1#14>,App<F,T2#13>,App<F,T3#12>,App<F,T4#11>,App<F,T5#10>,App<F,T6#9>,App<F,T7#8>,App<F,T8#7>,App<F,T9#6>,App<F,T10#5>,App<F,T11#4>,App<F,T12#3>,App<F,T13#2>,App<F,T14#1>)
    T11#4 extends Object declared in method <T1#14,T2#13,T3#12,T4#11,T5#10,T6#9,T7#8,T8#7,T9#6,T10#5,T11#4,T12#3,T13#2,T14#1>group(App<F,T1#14>,App<F,T2#13>,App<F,T3#12>,App<F,T4#11>,App<F,T5#10>,App<F,T6#9>,App<F,T7#8>,App<F,T8#7>,App<F,T9#6>,App<F,T10#5>,App<F,T11#4>,App<F,T12#3>,App<F,T13#2>,App<F,T14#1>)
    T12#3 extends Object declared in method <T1#14,T2#13,T3#12,T4#11,T5#10,T6#9,T7#8,T8#7,T9#6,T10#5,T11#4,T12#3,T13#2,T14#1>group(App<F,T1#14>,App<F,T2#13>,App<F,T3#12>,App<F,T4#11>,App<F,T5#10>,App<F,T6#9>,App<F,T7#8>,App<F,T8#7>,App<F,T9#6>,App<F,T10#5>,App<F,T11#4>,App<F,T12#3>,App<F,T13#2>,App<F,T14#1>)
    T13#2 extends Object declared in method <T1#14,T2#13,T3#12,T4#11,T5#10,T6#9,T7#8,T8#7,T9#6,T10#5,T11#4,T12#3,T13#2,T14#1>group(App<F,T1#14>,App<F,T2#13>,App<F,T3#12>,App<F,T4#11>,App<F,T5#10>,App<F,T6#9>,App<F,T7#8>,App<F,T8#7>,App<F,T9#6>,App<F,T10#5>,App<F,T11#4>,App<F,T12#3>,App<F,T13#2>,App<F,T14#1>)
    T14#1 extends Object declared in method <T1#14,T2#13,T3#12,T4#11,T5#10,T6#9,T7#8,T8#7,T9#6,T10#5,T11#4,T12#3,T13#2,T14#1>group(App<F,T1#14>,App<F,T2#13>,App<F,T3#12>,App<F,T4#11>,App<F,T5#10>,App<F,T6#9>,App<F,T7#8>,App<F,T8#7>,App<F,T9#6>,App<F,T10#5>,App<F,T11#4>,App<F,T12#3>,App<F,T13#2>,App<F,T14#1>)
    T1#15 extends Object declared in method <T1#15,T2#14,T3#13,T4#12,T5#11,T6#10,T7#9,T8#8,T9#7,T10#6,T11#5,T12#4,T13#3,T14#2,T15#1>group(App<F,T1#15>,App<F,T2#14>,App<F,T3#13>,App<F,T4#12>,App<F,T5#11>,App<F,T6#10>,App<F,T7#9>,App<F,T8#8>,App<F,T9#7>,App<F,T10#6>,App<F,T11#5>,App<F,T12#4>,App<F,T13#3>,App<F,T14#2>,App<F,T15#1>)
    T2#14 extends Object declared in method <T1#15,T2#14,T3#13,T4#12,T5#11,T6#10,T7#9,T8#8,T9#7,T10#6,T11#5,T12#4,T13#3,T14#2,T15#1>group(App<F,T1#15>,App<F,T2#14>,App<F,T3#13>,App<F,T4#12>,App<F,T5#11>,App<F,T6#10>,App<F,T7#9>,App<F,T8#8>,App<F,T9#7>,App<F,T10#6>,App<F,T11#5>,App<F,T12#4>,App<F,T13#3>,App<F,T14#2>,App<F,T15#1>)
    T3#13 extends Object declared in method <T1#15,T2#14,T3#13,T4#12,T5#11,T6#10,T7#9,T8#8,T9#7,T10#6,T11#5,T12#4,T13#3,T14#2,T15#1>group(App<F,T1#15>,App<F,T2#14>,App<F,T3#13>,App<F,T4#12>,App<F,T5#11>,App<F,T6#10>,App<F,T7#9>,App<F,T8#8>,App<F,T9#7>,App<F,T10#6>,App<F,T11#5>,App<F,T12#4>,App<F,T13#3>,App<F,T14#2>,App<F,T15#1>)
    T4#12 extends Object declared in method <T1#15,T2#14,T3#13,T4#12,T5#11,T6#10,T7#9,T8#8,T9#7,T10#6,T11#5,T12#4,T13#3,T14#2,T15#1>group(App<F,T1#15>,App<F,T2#14>,App<F,T3#13>,App<F,T4#12>,App<F,T5#11>,App<F,T6#10>,App<F,T7#9>,App<F,T8#8>,App<F,T9#7>,App<F,T10#6>,App<F,T11#5>,App<F,T12#4>,App<F,T13#3>,App<F,T14#2>,App<F,T15#1>)
    T5#11 extends Object declared in method <T1#15,T2#14,T3#13,T4#12,T5#11,T6#10,T7#9,T8#8,T9#7,T10#6,T11#5,T12#4,T13#3,T14#2,T15#1>group(App<F,T1#15>,App<F,T2#14>,App<F,T3#13>,App<F,T4#12>,App<F,T5#11>,App<F,T6#10>,App<F,T7#9>,App<F,T8#8>,App<F,T9#7>,App<F,T10#6>,App<F,T11#5>,App<F,T12#4>,App<F,T13#3>,App<F,T14#2>,App<F,T15#1>)
    T6#10 extends Object declared in method <T1#15,T2#14,T3#13,T4#12,T5#11,T6#10,T7#9,T8#8,T9#7,T10#6,T11#5,T12#4,T13#3,T14#2,T15#1>group(App<F,T1#15>,App<F,T2#14>,App<F,T3#13>,App<F,T4#12>,App<F,T5#11>,App<F,T6#10>,App<F,T7#9>,App<F,T8#8>,App<F,T9#7>,App<F,T10#6>,App<F,T11#5>,App<F,T12#4>,App<F,T13#3>,App<F,T14#2>,App<F,T15#1>)
    T7#9 extends Object declared in method <T1#15,T2#14,T3#13,T4#12,T5#11,T6#10,T7#9,T8#8,T9#7,T10#6,T11#5,T12#4,T13#3,T14#2,T15#1>group(App<F,T1#15>,App<F,T2#14>,App<F,T3#13>,App<F,T4#12>,App<F,T5#11>,App<F,T6#10>,App<F,T7#9>,App<F,T8#8>,App<F,T9#7>,App<F,T10#6>,App<F,T11#5>,App<F,T12#4>,App<F,T13#3>,App<F,T14#2>,App<F,T15#1>)
    T8#8 extends Object declared in method <T1#15,T2#14,T3#13,T4#12,T5#11,T6#10,T7#9,T8#8,T9#7,T10#6,T11#5,T12#4,T13#3,T14#2,T15#1>group(App<F,T1#15>,App<F,T2#14>,App<F,T3#13>,App<F,T4#12>,App<F,T5#11>,App<F,T6#10>,App<F,T7#9>,App<F,T8#8>,App<F,T9#7>,App<F,T10#6>,App<F,T11#5>,App<F,T12#4>,App<F,T13#3>,App<F,T14#2>,App<F,T15#1>)
    T9#7 extends Object declared in method <T1#15,T2#14,T3#13,T4#12,T5#11,T6#10,T7#9,T8#8,T9#7,T10#6,T11#5,T12#4,T13#3,T14#2,T15#1>group(App<F,T1#15>,App<F,T2#14>,App<F,T3#13>,App<F,T4#12>,App<F,T5#11>,App<F,T6#10>,App<F,T7#9>,App<F,T8#8>,App<F,T9#7>,App<F,T10#6>,App<F,T11#5>,App<F,T12#4>,App<F,T13#3>,App<F,T14#2>,App<F,T15#1>)
    T10#6 extends Object declared in method <T1#15,T2#14,T3#13,T4#12,T5#11,T6#10,T7#9,T8#8,T9#7,T10#6,T11#5,T12#4,T13#3,T14#2,T15#1>group(App<F,T1#15>,App<F,T2#14>,App<F,T3#13>,App<F,T4#12>,App<F,T5#11>,App<F,T6#10>,App<F,T7#9>,App<F,T8#8>,App<F,T9#7>,App<F,T10#6>,App<F,T11#5>,App<F,T12#4>,App<F,T13#3>,App<F,T14#2>,App<F,T15#1>)
    T11#5 extends Object declared in method <T1#15,T2#14,T3#13,T4#12,T5#11,T6#10,T7#9,T8#8,T9#7,T10#6,T11#5,T12#4,T13#3,T14#2,T15#1>group(App<F,T1#15>,App<F,T2#14>,App<F,T3#13>,App<F,T4#12>,App<F,T5#11>,App<F,T6#10>,App<F,T7#9>,App<F,T8#8>,App<F,T9#7>,App<F,T10#6>,App<F,T11#5>,App<F,T12#4>,App<F,T13#3>,App<F,T14#2>,App<F,T15#1>)
    T12#4 extends Object declared in method <T1#15,T2#14,T3#13,T4#12,T5#11,T6#10,T7#9,T8#8,T9#7,T10#6,T11#5,T12#4,T13#3,T14#2,T15#1>group(App<F,T1#15>,App<F,T2#14>,App<F,T3#13>,App<F,T4#12>,App<F,T5#11>,App<F,T6#10>,App<F,T7#9>,App<F,T8#8>,App<F,T9#7>,App<F,T10#6>,App<F,T11#5>,App<F,T12#4>,App<F,T13#3>,App<F,T14#2>,App<F,T15#1>)
    T13#3 extends Object declared in method <T1#15,T2#14,T3#13,T4#12,T5#11,T6#10,T7#9,T8#8,T9#7,T10#6,T11#5,T12#4,T13#3,T14#2,T15#1>group(App<F,T1#15>,App<F,T2#14>,App<F,T3#13>,App<F,T4#12>,App<F,T5#11>,App<F,T6#10>,App<F,T7#9>,App<F,T8#8>,App<F,T9#7>,App<F,T10#6>,App<F,T11#5>,App<F,T12#4>,App<F,T13#3>,App<F,T14#2>,App<F,T15#1>)
    T14#2 extends Object declared in method <T1#15,T2#14,T3#13,T4#12,T5#11,T6#10,T7#9,T8#8,T9#7,T10#6,T11#5,T12#4,T13#3,T14#2,T15#1>group(App<F,T1#15>,App<F,T2#14>,App<F,T3#13>,App<F,T4#12>,App<F,T5#11>,App<F,T6#10>,App<F,T7#9>,App<F,T8#8>,App<F,T9#7>,App<F,T10#6>,App<F,T11#5>,App<F,T12#4>,App<F,T13#3>,App<F,T14#2>,App<F,T15#1>)
    T15#1 extends Object declared in method <T1#15,T2#14,T3#13,T4#12,T5#11,T6#10,T7#9,T8#8,T9#7,T10#6,T11#5,T12#4,T13#3,T14#2,T15#1>group(App<F,T1#15>,App<F,T2#14>,App<F,T3#13>,App<F,T4#12>,App<F,T5#11>,App<F,T6#10>,App<F,T7#9>,App<F,T8#8>,App<F,T9#7>,App<F,T10#6>,App<F,T11#5>,App<F,T12#4>,App<F,T13#3>,App<F,T14#2>,App<F,T15#1>)
    T1#16 extends Object declared in method <T1#16,T2#15,T3#14,T4#13,T5#12,T6#11,T7#10,T8#9,T9#8,T10#7,T11#6,T12#5,T13#4,T14#3,T15#2,T16>group(App<F,T1#16>,App<F,T2#15>,App<F,T3#14>,App<F,T4#13>,App<F,T5#12>,App<F,T6#11>,App<F,T7#10>,App<F,T8#9>,App<F,T9#8>,App<F,T10#7>,App<F,T11#6>,App<F,T12#5>,App<F,T13#4>,App<F,T14#3>,App<F,T15#2>,App<F,T16>)
    T2#15 extends Object declared in method <T1#16,T2#15,T3#14,T4#13,T5#12,T6#11,T7#10,T8#9,T9#8,T10#7,T11#6,T12#5,T13#4,T14#3,T15#2,T16>group(App<F,T1#16>,App<F,T2#15>,App<F,T3#14>,App<F,T4#13>,App<F,T5#12>,App<F,T6#11>,App<F,T7#10>,App<F,T8#9>,App<F,T9#8>,App<F,T10#7>,App<F,T11#6>,App<F,T12#5>,App<F,T13#4>,App<F,T14#3>,App<F,T15#2>,App<F,T16>)
    T3#14 extends Object declared in method <T1#16,T2#15,T3#14,T4#13,T5#12,T6#11,T7#10,T8#9,T9#8,T10#7,T11#6,T12#5,T13#4,T14#3,T15#2,T16>group(App<F,T1#16>,App<F,T2#15>,App<F,T3#14>,App<F,T4#13>,App<F,T5#12>,App<F,T6#11>,App<F,T7#10>,App<F,T8#9>,App<F,T9#8>,App<F,T10#7>,App<F,T11#6>,App<F,T12#5>,App<F,T13#4>,App<F,T14#3>,App<F,T15#2>,App<F,T16>)
    T4#13 extends Object declared in method <T1#16,T2#15,T3#14,T4#13,T5#12,T6#11,T7#10,T8#9,T9#8,T10#7,T11#6,T12#5,T13#4,T14#3,T15#2,T16>group(App<F,T1#16>,App<F,T2#15>,App<F,T3#14>,App<F,T4#13>,App<F,T5#12>,App<F,T6#11>,App<F,T7#10>,App<F,T8#9>,App<F,T9#8>,App<F,T10#7>,App<F,T11#6>,App<F,T12#5>,App<F,T13#4>,App<F,T14#3>,App<F,T15#2>,App<F,T16>)
    T5#12 extends Object declared in method <T1#16,T2#15,T3#14,T4#13,T5#12,T6#11,T7#10,T8#9,T9#8,T10#7,T11#6,T12#5,T13#4,T14#3,T15#2,T16>group(App<F,T1#16>,App<F,T2#15>,App<F,T3#14>,App<F,T4#13>,App<F,T5#12>,App<F,T6#11>,App<F,T7#10>,App<F,T8#9>,App<F,T9#8>,App<F,T10#7>,App<F,T11#6>,App<F,T12#5>,App<F,T13#4>,App<F,T14#3>,App<F,T15#2>,App<F,T16>)
    T6#11 extends Object declared in method <T1#16,T2#15,T3#14,T4#13,T5#12,T6#11,T7#10,T8#9,T9#8,T10#7,T11#6,T12#5,T13#4,T14#3,T15#2,T16>group(App<F,T1#16>,App<F,T2#15>,App<F,T3#14>,App<F,T4#13>,App<F,T5#12>,App<F,T6#11>,App<F,T7#10>,App<F,T8#9>,App<F,T9#8>,App<F,T10#7>,App<F,T11#6>,App<F,T12#5>,App<F,T13#4>,App<F,T14#3>,App<F,T15#2>,App<F,T16>)
    T7#10 extends Object declared in method <T1#16,T2#15,T3#14,T4#13,T5#12,T6#11,T7#10,T8#9,T9#8,T10#7,T11#6,T12#5,T13#4,T14#3,T15#2,T16>group(App<F,T1#16>,App<F,T2#15>,App<F,T3#14>,App<F,T4#13>,App<F,T5#12>,App<F,T6#11>,App<F,T7#10>,App<F,T8#9>,App<F,T9#8>,App<F,T10#7>,App<F,T11#6>,App<F,T12#5>,App<F,T13#4>,App<F,T14#3>,App<F,T15#2>,App<F,T16>)
    T8#9 extends Object declared in method <T1#16,T2#15,T3#14,T4#13,T5#12,T6#11,T7#10,T8#9,T9#8,T10#7,T11#6,T12#5,T13#4,T14#3,T15#2,T16>group(App<F,T1#16>,App<F,T2#15>,App<F,T3#14>,App<F,T4#13>,App<F,T5#12>,App<F,T6#11>,App<F,T7#10>,App<F,T8#9>,App<F,T9#8>,App<F,T10#7>,App<F,T11#6>,App<F,T12#5>,App<F,T13#4>,App<F,T14#3>,App<F,T15#2>,App<F,T16>)
    T9#8 extends Object declared in method <T1#16,T2#15,T3#14,T4#13,T5#12,T6#11,T7#10,T8#9,T9#8,T10#7,T11#6,T12#5,T13#4,T14#3,T15#2,T16>group(App<F,T1#16>,App<F,T2#15>,App<F,T3#14>,App<F,T4#13>,App<F,T5#12>,App<F,T6#11>,App<F,T7#10>,App<F,T8#9>,App<F,T9#8>,App<F,T10#7>,App<F,T11#6>,App<F,T12#5>,App<F,T13#4>,App<F,T14#3>,App<F,T15#2>,App<F,T16>)
    T10#7 extends Object declared in method <T1#16,T2#15,T3#14,T4#13,T5#12,T6#11,T7#10,T8#9,T9#8,T10#7,T11#6,T12#5,T13#4,T14#3,T15#2,T16>group(App<F,T1#16>,App<F,T2#15>,App<F,T3#14>,App<F,T4#13>,App<F,T5#12>,App<F,T6#11>,App<F,T7#10>,App<F,T8#9>,App<F,T9#8>,App<F,T10#7>,App<F,T11#6>,App<F,T12#5>,App<F,T13#4>,App<F,T14#3>,App<F,T15#2>,App<F,T16>)
    T11#6 extends Object declared in method <T1#16,T2#15,T3#14,T4#13,T5#12,T6#11,T7#10,T8#9,T9#8,T10#7,T11#6,T12#5,T13#4,T14#3,T15#2,T16>group(App<F,T1#16>,App<F,T2#15>,App<F,T3#14>,App<F,T4#13>,App<F,T5#12>,App<F,T6#11>,App<F,T7#10>,App<F,T8#9>,App<F,T9#8>,App<F,T10#7>,App<F,T11#6>,App<F,T12#5>,App<F,T13#4>,App<F,T14#3>,App<F,T15#2>,App<F,T16>)
    T12#5 extends Object declared in method <T1#16,T2#15,T3#14,T4#13,T5#12,T6#11,T7#10,T8#9,T9#8,T10#7,T11#6,T12#5,T13#4,T14#3,T15#2,T16>group(App<F,T1#16>,App<F,T2#15>,App<F,T3#14>,App<F,T4#13>,App<F,T5#12>,App<F,T6#11>,App<F,T7#10>,App<F,T8#9>,App<F,T9#8>,App<F,T10#7>,App<F,T11#6>,App<F,T12#5>,App<F,T13#4>,App<F,T14#3>,App<F,T15#2>,App<F,T16>)
    T13#4 extends Object declared in method <T1#16,T2#15,T3#14,T4#13,T5#12,T6#11,T7#10,T8#9,T9#8,T10#7,T11#6,T12#5,T13#4,T14#3,T15#2,T16>group(App<F,T1#16>,App<F,T2#15>,App<F,T3#14>,App<F,T4#13>,App<F,T5#12>,App<F,T6#11>,App<F,T7#10>,App<F,T8#9>,App<F,T9#8>,App<F,T10#7>,App<F,T11#6>,App<F,T12#5>,App<F,T13#4>,App<F,T14#3>,App<F,T15#2>,App<F,T16>)
    T14#3 extends Object declared in method <T1#16,T2#15,T3#14,T4#13,T5#12,T6#11,T7#10,T8#9,T9#8,T10#7,T11#6,T12#5,T13#4,T14#3,T15#2,T16>group(App<F,T1#16>,App<F,T2#15>,App<F,T3#14>,App<F,T4#13>,App<F,T5#12>,App<F,T6#11>,App<F,T7#10>,App<F,T8#9>,App<F,T9#8>,App<F,T10#7>,App<F,T11#6>,App<F,T12#5>,App<F,T13#4>,App<F,T14#3>,App<F,T15#2>,App<F,T16>)
    T15#2 extends Object declared in method <T1#16,T2#15,T3#14,T4#13,T5#12,T6#11,T7#10,T8#9,T9#8,T10#7,T11#6,T12#5,T13#4,T14#3,T15#2,T16>group(App<F,T1#16>,App<F,T2#15>,App<F,T3#14>,App<F,T4#13>,App<F,T5#12>,App<F,T6#11>,App<F,T7#10>,App<F,T8#9>,App<F,T9#8>,App<F,T10#7>,App<F,T11#6>,App<F,T12#5>,App<F,T13#4>,App<F,T14#3>,App<F,T15#2>,App<F,T16>)
    T16 extends Object declared in method <T1#16,T2#15,T3#14,T4#13,T5#12,T6#11,T7#10,T8#9,T9#8,T10#7,T11#6,T12#5,T13#4,T14#3,T15#2,T16>group(App<F,T1#16>,App<F,T2#15>,App<F,T3#14>,App<F,T4#13>,App<F,T5#12>,App<F,T6#11>,App<F,T7#10>,App<F,T8#9>,App<F,T9#8>,App<F,T10#7>,App<F,T11#6>,App<F,T12#5>,App<F,T13#4>,App<F,T14#3>,App<F,T15#2>,App<F,T16>)
/home/runner/work/TaCZ_Refabricated_Unofficial/TaCZ_Refabricated_Unofficial/src/main/java/cn/sh1rocu/tacz/industry/api/feed/StripperClipData.java:41: error: incompatible types: invalid method reference
    ).validate(StripperClipData::validateShape);
               ^
    incompatible types: Object cannot be converted to StripperClipData
/home/runner/work/TaCZ_Refabricated_Unofficial/TaCZ_Refabricated_Unofficial/src/main/java/cn/sh1rocu/tacz/industry/api/feed/EnBlocClipData.java:38: error: no suitable method found for group(RecordCodecBuilder<EnBlocClipData,Identifier>,RecordCodecBuilder<EnBlocClipData,Integer>,RecordCodecBuilder<EnBlocClipData,List<LoadedRound>>,RecordCodecBuilder<EnBlocClipData,Boolean>)
            instance -> instance.group(
                                ^
    method Kind1.<T1#1>group(App<Mu<Object>,T1#1>) is not applicable
      (cannot infer type-variable(s) T1#1
        (actual and formal argument lists differ in length))
    method Kind1.<T1#2,T2#1>group(App<Mu<Object>,T1#2>,App<Mu<Object>,T2#1>) is not applicable
      (cannot infer type-variable(s) T1#2,T2#1
        (actual and formal argument lists differ in length))
    method Kind1.<T1#3,T2#2,T3#1>group(App<Mu<Object>,T1#3>,App<Mu<Object>,T2#2>,App<Mu<Object>,T3#1>) is not applicable
      (cannot infer type-variable(s) T1#3,T2#2,T3#1
        (actual and formal argument lists differ in length))
    method Kind1.<T1#4,T2#3,T3#2,T4#1>group(App<Mu<Object>,T1#4>,App<Mu<Object>,T2#3>,App<Mu<Object>,T3#2>,App<Mu<Object>,T4#1>) is not applicable
      (inference variable O has incompatible bounds
        equality constraints: Object
        upper bounds: Object,EnBlocClipData)
    method Kind1.<T1#5,T2#4,T3#3,T4#2,T5#1>group(App<Mu<Object>,T1#5>,App<Mu<Object>,T2#4>,App<Mu<Object>,T3#3>,App<Mu<Object>,T4#2>,App<Mu<Object>,T5#1>) is not applicable
      (cannot infer type-variable(s) T1#5,T2#4,T3#3,T4#2,T5#1
        (actual and formal argument lists differ in length))
    method Kind1.<T1#6,T2#5,T3#4,T4#3,T5#2,T6#1>group(App<Mu<Object>,T1#6>,App<Mu<Object>,T2#5>,App<Mu<Object>,T3#4>,App<Mu<Object>,T4#3>,App<Mu<Object>,T5#2>,App<Mu<Object>,T6#1>) is not applicable
      (cannot infer type-variable(s) T1#6,T2#5,T3#4,T4#3,T5#2,T6#1
        (actual and formal argument lists differ in length))
    method Kind1.<T1#7,T2#6,T3#5,T4#4,T5#3,T6#2,T7#1>group(App<Mu<Object>,T1#7>,App<Mu<Object>,T2#6>,App<Mu<Object>,T3#5>,App<Mu<Object>,T4#4>,App<Mu<Object>,T5#3>,App<Mu<Object>,T6#2>,App<Mu<Object>,T7#1>) is not applicable
      (cannot infer type-variable(s) T1#7,T2#6,T3#5,T4#4,T5#3,T6#2,T7#1
        (actual and formal argument lists differ in length))
    method Kind1.<T1#8,T2#7,T3#6,T4#5,T5#4,T6#3,T7#2,T8#1>group(App<Mu<Object>,T1#8>,App<Mu<Object>,T2#7>,App<Mu<Object>,T3#6>,App<Mu<Object>,T4#5>,App<Mu<Object>,T5#4>,App<Mu<Object>,T6#3>,App<Mu<Object>,T7#2>,App<Mu<Object>,T8#1>) is not applicable
      (cannot infer type-variable(s) T1#8,T2#7,T3#6,T4#5,T5#4,T6#3,T7#2,T8#1
        (actual and formal argument lists differ in length))
    method Kind1.<T1#9,T2#8,T3#7,T4#6,T5#5,T6#4,T7#3,T8#2,T9#1>group(App<Mu<Object>,T1#9>,App<Mu<Object>,T2#8>,App<Mu<Object>,T3#7>,App<Mu<Object>,T4#6>,App<Mu<Object>,T5#5>,App<Mu<Object>,T6#4>,App<Mu<Object>,T7#3>,App<Mu<Object>,T8#2>,App<Mu<Object>,T9#1>) is not applicable
      (cannot infer type-variable(s) T1#9,T2#8,T3#7,T4#6,T5#5,T6#4,T7#3,T8#2,T9#1
        (actual and formal argument lists differ in length))
    method Kind1.<T1#10,T2#9,T3#8,T4#7,T5#6,T6#5,T7#4,T8#3,T9#2,T10#1>group(App<Mu<Object>,T1#10>,App<Mu<Object>,T2#9>,App<Mu<Object>,T3#8>,App<Mu<Object>,T4#7>,App<Mu<Object>,T5#6>,App<Mu<Object>,T6#5>,App<Mu<Object>,T7#4>,App<Mu<Object>,T8#3>,App<Mu<Object>,T9#2>,App<Mu<Object>,T10#1>) is not applicable
      (cannot infer type-variable(s) T1#10,T2#9,T3#8,T4#7,T5#6,T6#5,T7#4,T8#3,T9#2,T10#1
        (actual and formal argument lists differ in length))
    method Kind1.<T1#11,T2#10,T3#9,T4#8,T5#7,T6#6,T7#5,T8#4,T9#3,T10#2,T11#1>group(App<Mu<Object>,T1#11>,App<Mu<Object>,T2#10>,App<Mu<Object>,T3#9>,App<Mu<Object>,T4#8>,App<Mu<Object>,T5#7>,App<Mu<Object>,T6#6>,App<Mu<Object>,T7#5>,App<Mu<Object>,T8#4>,App<Mu<Object>,T9#3>,App<Mu<Object>,T10#2>,App<Mu<Object>,T11#1>) is not applicable
      (cannot infer type-variable(s) T1#11,T2#10,T3#9,T4#8,T5#7,T6#6,T7#5,T8#4,T9#3,T10#2,T11#1
        (actual and formal argument lists differ in length))
    method Kind1.<T1#12,T2#11,T3#10,T4#9,T5#8,T6#7,T7#6,T8#5,T9#4,T10#3,T11#2,T12#1>group(App<Mu<Object>,T1#12>,App<Mu<Object>,T2#11>,App<Mu<Object>,T3#10>,App<Mu<Object>,T4#9>,App<Mu<Object>,T5#8>,App<Mu<Object>,T6#7>,App<Mu<Object>,T7#6>,App<Mu<Object>,T8#5>,App<Mu<Object>,T9#4>,App<Mu<Object>,T10#3>,App<Mu<Object>,T11#2>,App<Mu<Object>,T12#1>) is not applicable
      (cannot infer type-variable(s) T1#12,T2#11,T3#10,T4#9,T5#8,T6#7,T7#6,T8#5,T9#4,T10#3,T11#2,T12#1
        (actual and formal argument lists differ in length))
    method Kind1.<T1#13,T2#12,T3#11,T4#10,T5#9,T6#8,T7#7,T8#6,T9#5,T10#4,T11#3,T12#2,T13#1>group(App<Mu<Object>,T1#13>,App<Mu<Object>,T2#12>,App<Mu<Object>,T3#11>,App<Mu<Object>,T4#10>,App<Mu<Object>,T5#9>,App<Mu<Object>,T6#8>,App<Mu<Object>,T7#7>,App<Mu<Object>,T8#6>,App<Mu<Object>,T9#5>,App<Mu<Object>,T10#4>,App<Mu<Object>,T11#3>,App<Mu<Object>,T12#2>,App<Mu<Object>,T13#1>) is not applicable
      (cannot infer type-variable(s) T1#13,T2#12,T3#11,T4#10,T5#9,T6#8,T7#7,T8#6,T9#5,T10#4,T11#3,T12#2,T13#1
        (actual and formal argument lists differ in length))
    method Kind1.<T1#14,T2#13,T3#12,T4#11,T5#10,T6#9,T7#8,T8#7,T9#6,T10#5,T11#4,T12#3,T13#2,T14#1>group(App<Mu<Object>,T1#14>,App<Mu<Object>,T2#13>,App<Mu<Object>,T3#12>,App<Mu<Object>,T4#11>,App<Mu<Object>,T5#10>,App<Mu<Object>,T6#9>,App<Mu<Object>,T7#8>,App<Mu<Object>,T8#7>,App<Mu<Object>,T9#6>,App<Mu<Object>,T10#5>,App<Mu<Object>,T11#4>,App<Mu<Object>,T12#3>,App<Mu<Object>,T13#2>,App<Mu<Object>,T14#1>) is not applicable
      (cannot infer type-variable(s) T1#14,T2#13,T3#12,T4#11,T5#10,T6#9,T7#8,T8#7,T9#6,T10#5,T11#4,T12#3,T13#2,T14#1
        (actual and formal argument lists differ in length))
    method Kind1.<T1#15,T2#14,T3#13,T4#12,T5#11,T6#10,T7#9,T8#8,T9#7,T10#6,T11#5,T12#4,T13#3,T14#2,T15#1>group(App<Mu<Object>,T1#15>,App<Mu<Object>,T2#14>,App<Mu<Object>,T3#13>,App<Mu<Object>,T4#12>,App<Mu<Object>,T5#11>,App<Mu<Object>,T6#10>,App<Mu<Object>,T7#9>,App<Mu<Object>,T8#8>,App<Mu<Object>,T9#7>,App<Mu<Object>,T10#6>,App<Mu<Object>,T11#5>,App<Mu<Object>,T12#4>,App<Mu<Object>,T13#3>,App<Mu<Object>,T14#2>,App<Mu<Object>,T15#1>) is not applicable
      (cannot infer type-variable(s) T1#15,T2#14,T3#13,T4#12,T5#11,T6#10,T7#9,T8#8,T9#7,T10#6,T11#5,T12#4,T13#3,T14#2,T15#1
        (actual and formal argument lists differ in length))
    method Kind1.<T1#16,T2#15,T3#14,T4#13,T5#12,T6#11,T7#10,T8#9,T9#8,T10#7,T11#6,T12#5,T13#4,T14#3,T15#2,T16>group(App<Mu<Object>,T1#16>,App<Mu<Object>,T2#15>,App<Mu<Object>,T3#14>,App<Mu<Object>,T4#13>,App<Mu<Object>,T5#12>,App<Mu<Object>,T6#11>,App<Mu<Object>,T7#10>,App<Mu<Object>,T8#9>,App<Mu<Object>,T9#8>,App<Mu<Object>,T10#7>,App<Mu<Object>,T11#6>,App<Mu<Object>,T12#5>,App<Mu<Object>,T13#4>,App<Mu<Object>,T14#3>,App<Mu<Object>,T15#2>,App<Mu<Object>,T16>) is not applicable
      (cannot infer type-variable(s) T1#16,T2#15,T3#14,T4#13,T5#12,T6#11,T7#10,T8#9,T9#8,T10#7,T11#6,T12#5,T13#4,T14#3,T15#2,T16
        (actual and formal argument lists differ in length))
  where T1#1,F,T1#2,T2#1,T1#3,T2#2,T3#1,T1#4,T2#3,T3#2,T4#1,O,A,T1#5,T2#4,T3#3,T4#2,T5#1,T1#6,T2#5,T3#4,T4#3,T5#2,T6#1,T1#7,T2#6,T3#5,T4#4,T5#3,T6#2,T7#1,T1#8,T2#7,T3#6,T4#5,T5#4,T6#3,T7#2,T8#1,T1#9,T2#8,T3#7,T4#6,T5#5,T6#4,T7#3,T8#2,T9#1,T1#10,T2#9,T3#8,T4#7,T5#6,T6#5,T7#4,T8#3,T9#2,T10#1,T1#11,T2#10,T3#9,T4#8,T5#7,T6#6,T7#5,T8#4,T9#3,T10#2,T11#1,T1#12,T2#11,T3#10,T4#9,T5#8,T6#7,T7#6,T8#5,T9#4,T10#3,T11#2,T12#1,T1#13,T2#12,T3#11,T4#10,T5#9,T6#8,T7#7,T8#6,T9#5,T10#4,T11#3,T12#2,T13#1,T1#14,T2#13,T3#12,T4#11,T5#10,T6#9,T7#8,T8#7,T9#6,T10#5,T11#4,T12#3,T13#2,T14#1,T1#15,T2#14,T3#13,T4#12,T5#11,T6#10,T7#9,T8#8,T9#7,T10#6,T11#5,T12#4,T13#3,T14#2,T15#1,T1#16,T2#15,T3#14,T4#13,T5#12,T6#11,T7#10,T8#9,T9#8,T10#7,T11#6,T12#5,T13#4,T14#3,T15#2,T16 are type-variables:
    T1#1 extends Object declared in method <T1#1>group(App<F,T1#1>)
    F extends K1 declared in interface Kind1
    T1#2 extends Object declared in method <T1#2,T2#1>group(App<F,T1#2>,App<F,T2#1>)
    T2#1 extends Object declared in method <T1#2,T2#1>group(App<F,T1#2>,App<F,T2#1>)
    T1#3 extends Object declared in method <T1#3,T2#2,T3#1>group(App<F,T1#3>,App<F,T2#2>,App<F,T3#1>)
    T2#2 extends Object declared in method <T1#3,T2#2,T3#1>group(App<F,T1#3>,App<F,T2#2>,App<F,T3#1>)
    T3#1 extends Object declared in method <T1#3,T2#2,T3#1>group(App<F,T1#3>,App<F,T2#2>,App<F,T3#1>)
    T1#4 extends Object declared in method <T1#4,T2#3,T3#2,T4#1>group(App<F,T1#4>,App<F,T2#3>,App<F,T3#2>,App<F,T4#1>)
    T2#3 extends Object declared in method <T1#4,T2#3,T3#2,T4#1>group(App<F,T1#4>,App<F,T2#3>,App<F,T3#2>,App<F,T4#1>)
    T3#2 extends Object declared in method <T1#4,T2#3,T3#2,T4#1>group(App<F,T1#4>,App<F,T2#3>,App<F,T3#2>,App<F,T4#1>)
    T4#1 extends Object declared in method <T1#4,T2#3,T3#2,T4#1>group(App<F,T1#4>,App<F,T2#3>,App<F,T3#2>,App<F,T4#1>)
    O extends Object declared in method <O>forGetter(Function<O,A>)
    A extends Object declared in class MapCodec
    T1#5 extends Object declared in method <T1#5,T2#4,T3#3,T4#2,T5#1>group(App<F,T1#5>,App<F,T2#4>,App<F,T3#3>,App<F,T4#2>,App<F,T5#1>)
    T2#4 extends Object declared in method <T1#5,T2#4,T3#3,T4#2,T5#1>group(App<F,T1#5>,App<F,T2#4>,App<F,T3#3>,App<F,T4#2>,App<F,T5#1>)
    T3#3 extends Object declared in method <T1#5,T2#4,T3#3,T4#2,T5#1>group(App<F,T1#5>,App<F,T2#4>,App<F,T3#3>,App<F,T4#2>,App<F,T5#1>)
    T4#2 extends Object declared in method <T1#5,T2#4,T3#3,T4#2,T5#1>group(App<F,T1#5>,App<F,T2#4>,App<F,T3#3>,App<F,T4#2>,App<F,T5#1>)
    T5#1 extends Object declared in method <T1#5,T2#4,T3#3,T4#2,T5#1>group(App<F,T1#5>,App<F,T2#4>,App<F,T3#3>,App<F,T4#2>,App<F,T5#1>)
    T1#6 extends Object declared in method <T1#6,T2#5,T3#4,T4#3,T5#2,T6#1>group(App<F,T1#6>,App<F,T2#5>,App<F,T3#4>,App<F,T4#3>,App<F,T5#2>,App<F,T6#1>)
    T2#5 extends Object declared in method <T1#6,T2#5,T3#4,T4#3,T5#2,T6#1>group(App<F,T1#6>,App<F,T2#5>,App<F,T3#4>,App<F,T4#3>,App<F,T5#2>,App<F,T6#1>)
    T3#4 extends Object declared in method <T1#6,T2#5,T3#4,T4#3,T5#2,T6#1>group(App<F,T1#6>,App<F,T2#5>,App<F,T3#4>,App<F,T4#3>,App<F,T5#2>,App<F,T6#1>)
    T4#3 extends Object declared in method <T1#6,T2#5,T3#4,T4#3,T5#2,T6#1>group(App<F,T1#6>,App<F,T2#5>,App<F,T3#4>,App<F,T4#3>,App<F,T5#2>,App<F,T6#1>)
    T5#2 extends Object declared in method <T1#6,T2#5,T3#4,T4#3,T5#2,T6#1>group(App<F,T1#6>,App<F,T2#5>,App<F,T3#4>,App<F,T4#3>,App<F,T5#2>,App<F,T6#1>)
    T6#1 extends Object declared in method <T1#6,T2#5,T3#4,T4#3,T5#2,T6#1>group(App<F,T1#6>,App<F,T2#5>,App<F,T3#4>,App<F,T4#3>,App<F,T5#2>,App<F,T6#1>)
    T1#7 extends Object declared in method <T1#7,T2#6,T3#5,T4#4,T5#3,T6#2,T7#1>group(App<F,T1#7>,App<F,T2#6>,App<F,T3#5>,App<F,T4#4>,App<F,T5#3>,App<F,T6#2>,App<F,T7#1>)
    T2#6 extends Object declared in method <T1#7,T2#6,T3#5,T4#4,T5#3,T6#2,T7#1>group(App<F,T1#7>,App<F,T2#6>,App<F,T3#5>,App<F,T4#4>,App<F,T5#3>,App<F,T6#2>,App<F,T7#1>)
    T3#5 extends Object declared in method <T1#7,T2#6,T3#5,T4#4,T5#3,T6#2,T7#1>group(App<F,T1#7>,App<F,T2#6>,App<F,T3#5>,App<F,T4#4>,App<F,T5#3>,App<F,T6#2>,App<F,T7#1>)
    T4#4 extends Object declared in method <T1#7,T2#6,T3#5,T4#4,T5#3,T6#2,T7#1>group(App<F,T1#7>,App<F,T2#6>,App<F,T3#5>,App<F,T4#4>,App<F,T5#3>,App<F,T6#2>,App<F,T7#1>)
    T5#3 extends Object declared in method <T1#7,T2#6,T3#5,T4#4,T5#3,T6#2,T7#1>group(App<F,T1#7>,App<F,T2#6>,App<F,T3#5>,App<F,T4#4>,App<F,T5#3>,App<F,T6#2>,App<F,T7#1>)
    T6#2 extends Object declared in method <T1#7,T2#6,T3#5,T4#4,T5#3,T6#2,T7#1>group(App<F,T1#7>,App<F,T2#6>,App<F,T3#5>,App<F,T4#4>,App<F,T5#3>,App<F,T6#2>,App<F,T7#1>)
    T7#1 extends Object declared in method <T1#7,T2#6,T3#5,T4#4,T5#3,T6#2,T7#1>group(App<F,T1#7>,App<F,T2#6>,App<F,T3#5>,App<F,T4#4>,App<F,T5#3>,App<F,T6#2>,App<F,T7#1>)
    T1#8 extends Object declared in method <T1#8,T2#7,T3#6,T4#5,T5#4,T6#3,T7#2,T8#1>group(App<F,T1#8>,App<F,T2#7>,App<F,T3#6>,App<F,T4#5>,App<F,T5#4>,App<F,T6#3>,App<F,T7#2>,App<F,T8#1>)
    T2#7 extends Object declared in method <T1#8,T2#7,T3#6,T4#5,T5#4,T6#3,T7#2,T8#1>group(App<F,T1#8>,App<F,T2#7>,App<F,T3#6>,App<F,T4#5>,App<F,T5#4>,App<F,T6#3>,App<F,T7#2>,App<F,T8#1>)
    T3#6 extends Object declared in method <T1#8,T2#7,T3#6,T4#5,T5#4,T6#3,T7#2,T8#1>group(App<F,T1#8>,App<F,T2#7>,App<F,T3#6>,App<F,T4#5>,App<F,T5#4>,App<F,T6#3>,App<F,T7#2>,App<F,T8#1>)
    T4#5 extends Object declared in method <T1#8,T2#7,T3#6,T4#5,T5#4,T6#3,T7#2,T8#1>group(App<F,T1#8>,App<F,T2#7>,App<F,T3#6>,App<F,T4#5>,App<F,T5#4>,App<F,T6#3>,App<F,T7#2>,App<F,T8#1>)
    T5#4 extends Object declared in method <T1#8,T2#7,T3#6,T4#5,T5#4,T6#3,T7#2,T8#1>group(App<F,T1#8>,App<F,T2#7>,App<F,T3#6>,App<F,T4#5>,App<F,T5#4>,App<F,T6#3>,App<F,T7#2>,App<F,T8#1>)
    T6#3 extends Object declared in method <T1#8,T2#7,T3#6,T4#5,T5#4,T6#3,T7#2,T8#1>group(App<F,T1#8>,App<F,T2#7>,App<F,T3#6>,App<F,T4#5>,App<F,T5#4>,App<F,T6#3>,App<F,T7#2>,App<F,T8#1>)
    T7#2 extends Object declared in method <T1#8,T2#7,T3#6,T4#5,T5#4,T6#3,T7#2,T8#1>group(App<F,T1#8>,App<F,T2#7>,App<F,T3#6>,App<F,T4#5>,App<F,T5#4>,App<F,T6#3>,App<F,T7#2>,App<F,T8#1>)
    T8#1 extends Object declared in method <T1#8,T2#7,T3#6,T4#5,T5#4,T6#3,T7#2,T8#1>group(App<F,T1#8>,App<F,T2#7>,App<F,T3#6>,App<F,T4#5>,App<F,T5#4>,App<F,T6#3>,App<F,T7#2>,App<F,T8#1>)
    T1#9 extends Object declared in method <T1#9,T2#8,T3#7,T4#6,T5#5,T6#4,T7#3,T8#2,T9#1>group(App<F,T1#9>,App<F,T2#8>,App<F,T3#7>,App<F,T4#6>,App<F,T5#5>,App<F,T6#4>,App<F,T7#3>,App<F,T8#2>,App<F,T9#1>)
    T2#8 extends Object declared in method <T1#9,T2#8,T3#7,T4#6,T5#5,T6#4,T7#3,T8#2,T9#1>group(App<F,T1#9>,App<F,T2#8>,App<F,T3#7>,App<F,T4#6>,App<F,T5#5>,App<F,T6#4>,App<F,T7#3>,App<F,T8#2>,App<F,T9#1>)
    T3#7 extends Object declared in method <T1#9,T2#8,T3#7,T4#6,T5#5,T6#4,T7#3,T8#2,T9#1>group(App<F,T1#9>,App<F,T2#8>,App<F,T3#7>,App<F,T4#6>,App<F,T5#5>,App<F,T6#4>,App<F,T7#3>,App<F,T8#2>,App<F,T9#1>)
    T4#6 extends Object declared in method <T1#9,T2#8,T3#7,T4#6,T5#5,T6#4,T7#3,T8#2,T9#1>group(App<F,T1#9>,App<F,T2#8>,App<F,T3#7>,App<F,T4#6>,App<F,T5#5>,App<F,T6#4>,App<F,T7#3>,App<F,T8#2>,App<F,T9#1>)
    T5#5 extends Object declared in method <T1#9,T2#8,T3#7,T4#6,T5#5,T6#4,T7#3,T8#2,T9#1>group(App<F,T1#9>,App<F,T2#8>,App<F,T3#7>,App<F,T4#6>,App<F,T5#5>,App<F,T6#4>,App<F,T7#3>,App<F,T8#2>,App<F,T9#1>)
    T6#4 extends Object declared in method <T1#9,T2#8,T3#7,T4#6,T5#5,T6#4,T7#3,T8#2,T9#1>group(App<F,T1#9>,App<F,T2#8>,App<F,T3#7>,App<F,T4#6>,App<F,T5#5>,App<F,T6#4>,App<F,T7#3>,App<F,T8#2>,App<F,T9#1>)
    T7#3 extends Object declared in method <T1#9,T2#8,T3#7,T4#6,T5#5,T6#4,T7#3,T8#2,T9#1>group(App<F,T1#9>,App<F,T2#8>,App<F,T3#7>,App<F,T4#6>,App<F,T5#5>,App<F,T6#4>,App<F,T7#3>,App<F,T8#2>,App<F,T9#1>)
    T8#2 extends Object declared in method <T1#9,T2#8,T3#7,T4#6,T5#5,T6#4,T7#3,T8#2,T9#1>group(App<F,T1#9>,App<F,T2#8>,App<F,T3#7>,App<F,T4#6>,App<F,T5#5>,App<F,T6#4>,App<F,T7#3>,App<F,T8#2>,App<F,T9#1>)
    T9#1 extends Object declared in method <T1#9,T2#8,T3#7,T4#6,T5#5,T6#4,T7#3,T8#2,T9#1>group(App<F,T1#9>,App<F,T2#8>,App<F,T3#7>,App<F,T4#6>,App<F,T5#5>,App<F,T6#4>,App<F,T7#3>,App<F,T8#2>,App<F,T9#1>)
    T1#10 extends Object declared in method <T1#10,T2#9,T3#8,T4#7,T5#6,T6#5,T7#4,T8#3,T9#2,T10#1>group(App<F,T1#10>,App<F,T2#9>,App<F,T3#8>,App<F,T4#7>,App<F,T5#6>,App<F,T6#5>,App<F,T7#4>,App<F,T8#3>,App<F,T9#2>,App<F,T10#1>)
    T2#9 extends Object declared in method <T1#10,T2#9,T3#8,T4#7,T5#6,T6#5,T7#4,T8#3,T9#2,T10#1>group(App<F,T1#10>,App<F,T2#9>,App<F,T3#8>,App<F,T4#7>,App<F,T5#6>,App<F,T6#5>,App<F,T7#4>,App<F,T8#3>,App<F,T9#2>,App<F,T10#1>)
    T3#8 extends Object declared in method <T1#10,T2#9,T3#8,T4#7,T5#6,T6#5,T7#4,T8#3,T9#2,T10#1>group(App<F,T1#10>,App<F,T2#9>,App<F,T3#8>,App<F,T4#7>,App<F,T5#6>,App<F,T6#5>,App<F,T7#4>,App<F,T8#3>,App<F,T9#2>,App<F,T10#1>)
    T4#7 extends Object declared in method <T1#10,T2#9,T3#8,T4#7,T5#6,T6#5,T7#4,T8#3,T9#2,T10#1>group(App<F,T1#10>,App<F,T2#9>,App<F,T3#8>,App<F,T4#7>,App<F,T5#6>,App<F,T6#5>,App<F,T7#4>,App<F,T8#3>,App<F,T9#2>,App<F,T10#1>)
    T5#6 extends Object declared in method <T1#10,T2#9,T3#8,T4#7,T5#6,T6#5,T7#4,T8#3,T9#2,T10#1>group(App<F,T1#10>,App<F,T2#9>,App<F,T3#8>,App<F,T4#7>,App<F,T5#6>,App<F,T6#5>,App<F,T7#4>,App<F,T8#3>,App<F,T9#2>,App<F,T10#1>)
    T6#5 extends Object declared in method <T1#10,T2#9,T3#8,T4#7,T5#6,T6#5,T7#4,T8#3,T9#2,T10#1>group(App<F,T1#10>,App<F,T2#9>,App<F,T3#8>,App<F,T4#7>,App<F,T5#6>,App<F,T6#5>,App<F,T7#4>,App<F,T8#3>,App<F,T9#2>,App<F,T10#1>)
    T7#4 extends Object declared in method <T1#10,T2#9,T3#8,T4#7,T5#6,T6#5,T7#4,T8#3,T9#2,T10#1>group(App<F,T1#10>,App<F,T2#9>,App<F,T3#8>,App<F,T4#7>,App<F,T5#6>,App<F,T6#5>,App<F,T7#4>,App<F,T8#3>,App<F,T9#2>,App<F,T10#1>)
    T8#3 extends Object declared in method <T1#10,T2#9,T3#8,T4#7,T5#6,T6#5,T7#4,T8#3,T9#2,T10#1>group(App<F,T1#10>,App<F,T2#9>,App<F,T3#8>,App<F,T4#7>,App<F,T5#6>,App<F,T6#5>,App<F,T7#4>,App<F,T8#3>,App<F,T9#2>,App<F,T10#1>)
    T9#2 extends Object declared in method <T1#10,T2#9,T3#8,T4#7,T5#6,T6#5,T7#4,T8#3,T9#2,T10#1>group(App<F,T1#10>,App<F,T2#9>,App<F,T3#8>,App<F,T4#7>,App<F,T5#6>,App<F,T6#5>,App<F,T7#4>,App<F,T8#3>,App<F,T9#2>,App<F,T10#1>)
    T10#1 extends Object declared in method <T1#10,T2#9,T3#8,T4#7,T5#6,T6#5,T7#4,T8#3,T9#2,T10#1>group(App<F,T1#10>,App<F,T2#9>,App<F,T3#8>,App<F,T4#7>,App<F,T5#6>,App<F,T6#5>,App<F,T7#4>,App<F,T8#3>,App<F,T9#2>,App<F,T10#1>)
    T1#11 extends Object declared in method <T1#11,T2#10,T3#9,T4#8,T5#7,T6#6,T7#5,T8#4,T9#3,T10#2,T11#1>group(App<F,T1#11>,App<F,T2#10>,App<F,T3#9>,App<F,T4#8>,App<F,T5#7>,App<F,T6#6>,App<F,T7#5>,App<F,T8#4>,App<F,T9#3>,App<F,T10#2>,App<F,T11#1>)
    T2#10 extends Object declared in method <T1#11,T2#10,T3#9,T4#8,T5#7,T6#6,T7#5,T8#4,T9#3,T10#2,T11#1>group(App<F,T1#11>,App<F,T2#10>,App<F,T3#9>,App<F,T4#8>,App<F,T5#7>,App<F,T6#6>,App<F,T7#5>,App<F,T8#4>,App<F,T9#3>,App<F,T10#2>,App<F,T11#1>)
    T3#9 extends Object declared in method <T1#11,T2#10,T3#9,T4#8,T5#7,T6#6,T7#5,T8#4,T9#3,T10#2,T11#1>group(App<F,T1#11>,App<F,T2#10>,App<F,T3#9>,App<F,T4#8>,App<F,T5#7>,App<F,T6#6>,App<F,T7#5>,App<F,T8#4>,App<F,T9#3>,App<F,T10#2>,App<F,T11#1>)
    T4#8 extends Object declared in method <T1#11,T2#10,T3#9,T4#8,T5#7,T6#6,T7#5,T8#4,T9#3,T10#2,T11#1>group(App<F,T1#11>,App<F,T2#10>,App<F,T3#9>,App<F,T4#8>,App<F,T5#7>,App<F,T6#6>,App<F,T7#5>,App<F,T8#4>,App<F,T9#3>,App<F,T10#2>,App<F,T11#1>)
    T5#7 extends Object declared in method <T1#11,T2#10,T3#9,T4#8,T5#7,T6#6,T7#5,T8#4,T9#3,T10#2,T11#1>group(App<F,T1#11>,App<F,T2#10>,App<F,T3#9>,App<F,T4#8>,App<F,T5#7>,App<F,T6#6>,App<F,T7#5>,App<F,T8#4>,App<F,T9#3>,App<F,T10#2>,App<F,T11#1>)
    T6#6 extends Object declared in method <T1#11,T2#10,T3#9,T4#8,T5#7,T6#6,T7#5,T8#4,T9#3,T10#2,T11#1>group(App<F,T1#11>,App<F,T2#10>,App<F,T3#9>,App<F,T4#8>,App<F,T5#7>,App<F,T6#6>,App<F,T7#5>,App<F,T8#4>,App<F,T9#3>,App<F,T10#2>,App<F,T11#1>)
    T7#5 extends Object declared in method <T1#11,T2#10,T3#9,T4#8,T5#7,T6#6,T7#5,T8#4,T9#3,T10#2,T11#1>group(App<F,T1#11>,App<F,T2#10>,App<F,T3#9>,App<F,T4#8>,App<F,T5#7>,App<F,T6#6>,App<F,T7#5>,App<F,T8#4>,App<F,T9#3>,App<F,T10#2>,App<F,T11#1>)
    T8#4 extends Object declared in method <T1#11,T2#10,T3#9,T4#8,T5#7,T6#6,T7#5,T8#4,T9#3,T10#2,T11#1>group(App<F,T1#11>,App<F,T2#10>,App<F,T3#9>,App<F,T4#8>,App<F,T5#7>,App<F,T6#6>,App<F,T7#5>,App<F,T8#4>,App<F,T9#3>,App<F,T10#2>,App<F,T11#1>)
    T9#3 extends Object declared in method <T1#11,T2#10,T3#9,T4#8,T5#7,T6#6,T7#5,T8#4,T9#3,T10#2,T11#1>group(App<F,T1#11>,App<F,T2#10>,App<F,T3#9>,App<F,T4#8>,App<F,T5#7>,App<F,T6#6>,App<F,T7#5>,App<F,T8#4>,App<F,T9#3>,App<F,T10#2>,App<F,T11#1>)
    T10#2 extends Object declared in method <T1#11,T2#10,T3#9,T4#8,T5#7,T6#6,T7#5,T8#4,T9#3,T10#2,T11#1>group(App<F,T1#11>,App<F,T2#10>,App<F,T3#9>,App<F,T4#8>,App<F,T5#7>,App<F,T6#6>,App<F,T7#5>,App<F,T8#4>,App<F,T9#3>,App<F,T10#2>,App<F,T11#1>)
    T11#1 extends Object declared in method <T1#11,T2#10,T3#9,T4#8,T5#7,T6#6,T7#5,T8#4,T9#3,T10#2,T11#1>group(App<F,T1#11>,App<F,T2#10>,App<F,T3#9>,App<F,T4#8>,App<F,T5#7>,App<F,T6#6>,App<F,T7#5>,App<F,T8#4>,App<F,T9#3>,App<F,T10#2>,App<F,T11#1>)
    T1#12 extends Object declared in method <T1#12,T2#11,T3#10,T4#9,T5#8,T6#7,T7#6,T8#5,T9#4,T10#3,T11#2,T12#1>group(App<F,T1#12>,App<F,T2#11>,App<F,T3#10>,App<F,T4#9>,App<F,T5#8>,App<F,T6#7>,App<F,T7#6>,App<F,T8#5>,App<F,T9#4>,App<F,T10#3>,App<F,T11#2>,App<F,T12#1>)
    T2#11 extends Object declared in method <T1#12,T2#11,T3#10,T4#9,T5#8,T6#7,T7#6,T8#5,T9#4,T10#3,T11#2,T12#1>group(App<F,T1#12>,App<F,T2#11>,App<F,T3#10>,App<F,T4#9>,App<F,T5#8>,App<F,T6#7>,App<F,T7#6>,App<F,T8#5>,App<F,T9#4>,App<F,T10#3>,App<F,T11#2>,App<F,T12#1>)
    T3#10 extends Object declared in method <T1#12,T2#11,T3#10,T4#9,T5#8,T6#7,T7#6,T8#5,T9#4,T10#3,T11#2,T12#1>group(App<F,T1#12>,App<F,T2#11>,App<F,T3#10>,App<F,T4#9>,App<F,T5#8>,App<F,T6#7>,App<F,T7#6>,App<F,T8#5>,App<F,T9#4>,App<F,T10#3>,App<F,T11#2>,App<F,T12#1>)
    T4#9 extends Object declared in method <T1#12,T2#11,T3#10,T4#9,T5#8,T6#7,T7#6,T8#5,T9#4,T10#3,T11#2,T12#1>group(App<F,T1#12>,App<F,T2#11>,App<F,T3#10>,App<F,T4#9>,App<F,T5#8>,App<F,T6#7>,App<F,T7#6>,App<F,T8#5>,App<F,T9#4>,App<F,T10#3>,App<F,T11#2>,App<F,T12#1>)
    T5#8 extends Object declared in method <T1#12,T2#11,T3#10,T4#9,T5#8,T6#7,T7#6,T8#5,T9#4,T10#3,T11#2,T12#1>group(App<F,T1#12>,App<F,T2#11>,App<F,T3#10>,App<F,T4#9>,App<F,T5#8>,App<F,T6#7>,App<F,T7#6>,App<F,T8#5>,App<F,T9#4>,App<F,T10#3>,App<F,T11#2>,App<F,T12#1>)
    T6#7 extends Object declared in method <T1#12,T2#11,T3#10,T4#9,T5#8,T6#7,T7#6,T8#5,T9#4,T10#3,T11#2,T12#1>group(App<F,T1#12>,App<F,T2#11>,App<F,T3#10>,App<F,T4#9>,App<F,T5#8>,App<F,T6#7>,App<F,T7#6>,App<F,T8#5>,App<F,T9#4>,App<F,T10#3>,App<F,T11#2>,App<F,T12#1>)
    T7#6 extends Object declared in method <T1#12,T2#11,T3#10,T4#9,T5#8,T6#7,T7#6,T8#5,T9#4,T10#3,T11#2,T12#1>group(App<F,T1#12>,App<F,T2#11>,App<F,T3#10>,App<F,T4#9>,App<F,T5#8>,App<F,T6#7>,App<F,T7#6>,App<F,T8#5>,App<F,T9#4>,App<F,T10#3>,App<F,T11#2>,App<F,T12#1>)
    T8#5 extends Object declared in method <T1#12,T2#11,T3#10,T4#9,T5#8,T6#7,T7#6,T8#5,T9#4,T10#3,T11#2,T12#1>group(App<F,T1#12>,App<F,T2#11>,App<F,T3#10>,App<F,T4#9>,App<F,T5#8>,App<F,T6#7>,App<F,T7#6>,App<F,T8#5>,App<F,T9#4>,App<F,T10#3>,App<F,T11#2>,App<F,T12#1>)
    T9#4 extends Object declared in method <T1#12,T2#11,T3#10,T4#9,T5#8,T6#7,T7#6,T8#5,T9#4,T10#3,T11#2,T12#1>group(App<F,T1#12>,App<F,T2#11>,App<F,T3#10>,App<F,T4#9>,App<F,T5#8>,App<F,T6#7>,App<F,T7#6>,App<F,T8#5>,App<F,T9#4>,App<F,T10#3>,App<F,T11#2>,App<F,T12#1>)
    T10#3 extends Object declared in method <T1#12,T2#11,T3#10,T4#9,T5#8,T6#7,T7#6,T8#5,T9#4,T10#3,T11#2,T12#1>group(App<F,T1#12>,App<F,T2#11>,App<F,T3#10>,App<F,T4#9>,App<F,T5#8>,App<F,T6#7>,App<F,T7#6>,App<F,T8#5>,App<F,T9#4>,App<F,T10#3>,App<F,T11#2>,App<F,T12#1>)
    T11#2 extends Object declared in method <T1#12,T2#11,T3#10,T4#9,T5#8,T6#7,T7#6,T8#5,T9#4,T10#3,T11#2,T12#1>group(App<F,T1#12>,App<F,T2#11>,App<F,T3#10>,App<F,T4#9>,App<F,T5#8>,App<F,T6#7>,App<F,T7#6>,App<F,T8#5>,App<F,T9#4>,App<F,T10#3>,App<F,T11#2>,App<F,T12#1>)
    T12#1 extends Object declared in method <T1#12,T2#11,T3#10,T4#9,T5#8,T6#7,T7#6,T8#5,T9#4,T10#3,T11#2,T12#1>group(App<F,T1#12>,App<F,T2#11>,App<F,T3#10>,App<F,T4#9>,App<F,T5#8>,App<F,T6#7>,App<F,T7#6>,App<F,T8#5>,App<F,T9#4>,App<F,T10#3>,App<F,T11#2>,App<F,T12#1>)
    T1#13 extends Object declared in method <T1#13,T2#12,T3#11,T4#10,T5#9,T6#8,T7#7,T8#6,T9#5,T10#4,T11#3,T12#2,T13#1>group(App<F,T1#13>,App<F,T2#12>,App<F,T3#11>,App<F,T4#10>,App<F,T5#9>,App<F,T6#8>,App<F,T7#7>,App<F,T8#6>,App<F,T9#5>,App<F,T10#4>,App<F,T11#3>,App<F,T12#2>,App<F,T13#1>)
    T2#12 extends Object declared in method <T1#13,T2#12,T3#11,T4#10,T5#9,T6#8,T7#7,T8#6,T9#5,T10#4,T11#3,T12#2,T13#1>group(App<F,T1#13>,App<F,T2#12>,App<F,T3#11>,App<F,T4#10>,App<F,T5#9>,App<F,T6#8>,App<F,T7#7>,App<F,T8#6>,App<F,T9#5>,App<F,T10#4>,App<F,T11#3>,App<F,T12#2>,App<F,T13#1>)
    T3#11 extends Object declared in method <T1#13,T2#12,T3#11,T4#10,T5#9,T6#8,T7#7,T8#6,T9#5,T10#4,T11#3,T12#2,T13#1>group(App<F,T1#13>,App<F,T2#12>,App<F,T3#11>,App<F,T4#10>,App<F,T5#9>,App<F,T6#8>,App<F,T7#7>,App<F,T8#6>,App<F,T9#5>,App<F,T10#4>,App<F,T11#3>,App<F,T12#2>,App<F,T13#1>)
    T4#10 extends Object declared in method <T1#13,T2#12,T3#11,T4#10,T5#9,T6#8,T7#7,T8#6,T9#5,T10#4,T11#3,T12#2,T13#1>group(App<F,T1#13>,App<F,T2#12>,App<F,T3#11>,App<F,T4#10>,App<F,T5#9>,App<F,T6#8>,App<F,T7#7>,App<F,T8#6>,App<F,T9#5>,App<F,T10#4>,App<F,T11#3>,App<F,T12#2>,App<F,T13#1>)
    T5#9 extends Object declared in method <T1#13,T2#12,T3#11,T4#10,T5#9,T6#8,T7#7,T8#6,T9#5,T10#4,T11#3,T12#2,T13#1>group(App<F,T1#13>,App<F,T2#12>,App<F,T3#11>,App<F,T4#10>,App<F,T5#9>,App<F,T6#8>,App<F,T7#7>,App<F,T8#6>,App<F,T9#5>,App<F,T10#4>,App<F,T11#3>,App<F,T12#2>,App<F,T13#1>)
    T6#8 extends Object declared in method <T1#13,T2#12,T3#11,T4#10,T5#9,T6#8,T7#7,T8#6,T9#5,T10#4,T11#3,T12#2,T13#1>group(App<F,T1#13>,App<F,T2#12>,App<F,T3#11>,App<F,T4#10>,App<F,T5#9>,App<F,T6#8>,App<F,T7#7>,App<F,T8#6>,App<F,T9#5>,App<F,T10#4>,App<F,T11#3>,App<F,T12#2>,App<F,T13#1>)
    T7#7 extends Object declared in method <T1#13,T2#12,T3#11,T4#10,T5#9,T6#8,T7#7,T8#6,T9#5,T10#4,T11#3,T12#2,T13#1>group(App<F,T1#13>,App<F,T2#12>,App<F,T3#11>,App<F,T4#10>,App<F,T5#9>,App<F,T6#8>,App<F,T7#7>,App<F,T8#6>,App<F,T9#5>,App<F,T10#4>,App<F,T11#3>,App<F,T12#2>,App<F,T13#1>)
    T8#6 extends Object declared in method <T1#13,T2#12,T3#11,T4#10,T5#9,T6#8,T7#7,T8#6,T9#5,T10#4,T11#3,T12#2,T13#1>group(App<F,T1#13>,App<F,T2#12>,App<F,T3#11>,App<F,T4#10>,App<F,T5#9>,App<F,T6#8>,App<F,T7#7>,App<F,T8#6>,App<F,T9#5>,App<F,T10#4>,App<F,T11#3>,App<F,T12#2>,App<F,T13#1>)
    T9#5 extends Object declared in method <T1#13,T2#12,T3#11,T4#10,T5#9,T6#8,T7#7,T8#6,T9#5,T10#4,T11#3,T12#2,T13#1>group(App<F,T1#13>,App<F,T2#12>,App<F,T3#11>,App<F,T4#10>,App<F,T5#9>,App<F,T6#8>,App<F,T7#7>,App<F,T8#6>,App<F,T9#5>,App<F,T10#4>,App<F,T11#3>,App<F,T12#2>,App<F,T13#1>)
    T10#4 extends Object declared in method <T1#13,T2#12,T3#11,T4#10,T5#9,T6#8,T7#7,T8#6,T9#5,T10#4,T11#3,T12#2,T13#1>group(App<F,T1#13>,App<F,T2#12>,App<F,T3#11>,App<F,T4#10>,App<F,T5#9>,App<F,T6#8>,App<F,T7#7>,App<F,T8#6>,App<F,T9#5>,App<F,T10#4>,App<F,T11#3>,App<F,T12#2>,App<F,T13#1>)
    T11#3 extends Object declared in method <T1#13,T2#12,T3#11,T4#10,T5#9,T6#8,T7#7,T8#6,T9#5,T10#4,T11#3,T12#2,T13#1>group(App<F,T1#13>,App<F,T2#12>,App<F,T3#11>,App<F,T4#10>,App<F,T5#9>,App<F,T6#8>,App<F,T7#7>,App<F,T8#6>,App<F,T9#5>,App<F,T10#4>,App<F,T11#3>,App<F,T12#2>,App<F,T13#1>)
    T12#2 extends Object declared in method <T1#13,T2#12,T3#11,T4#10,T5#9,T6#8,T7#7,T8#6,T9#5,T10#4,T11#3,T12#2,T13#1>group(App<F,T1#13>,App<F,T2#12>,App<F,T3#11>,App<F,T4#10>,App<F,T5#9>,App<F,T6#8>,App<F,T7#7>,App<F,T8#6>,App<F,T9#5>,App<F,T10#4>,App<F,T11#3>,App<F,T12#2>,App<F,T13#1>)
    T13#1 extends Object declared in method <T1#13,T2#12,T3#11,T4#10,T5#9,T6#8,T7#7,T8#6,T9#5,T10#4,T11#3,T12#2,T13#1>group(App<F,T1#13>,App<F,T2#12>,App<F,T3#11>,App<F,T4#10>,App<F,T5#9>,App<F,T6#8>,App<F,T7#7>,App<F,T8#6>,App<F,T9#5>,App<F,T10#4>,App<F,T11#3>,App<F,T12#2>,App<F,T13#1>)
    T1#14 extends Object declared in method <T1#14,T2#13,T3#12,T4#11,T5#10,T6#9,T7#8,T8#7,T9#6,T10#5,T11#4,T12#3,T13#2,T14#1>group(App<F,T1#14>,App<F,T2#13>,App<F,T3#12>,App<F,T4#11>,App<F,T5#10>,App<F,T6#9>,App<F,T7#8>,App<F,T8#7>,App<F,T9#6>,App<F,T10#5>,App<F,T11#4>,App<F,T12#3>,App<F,T13#2>,App<F,T14#1>)
    T2#13 extends Object declared in method <T1#14,T2#13,T3#12,T4#11,T5#10,T6#9,T7#8,T8#7,T9#6,T10#5,T11#4,T12#3,T13#2,T14#1>group(App<F,T1#14>,App<F,T2#13>,App<F,T3#12>,App<F,T4#11>,App<F,T5#10>,App<F,T6#9>,App<F,T7#8>,App<F,T8#7>,App<F,T9#6>,App<F,T10#5>,App<F,T11#4>,App<F,T12#3>,App<F,T13#2>,App<F,T14#1>)
    T3#12 extends Object declared in method <T1#14,T2#13,T3#12,T4#11,T5#10,T6#9,T7#8,T8#7,T9#6,T10#5,T11#4,T12#3,T13#2,T14#1>group(App<F,T1#14>,App<F,T2#13>,App<F,T3#12>,App<F,T4#11>,App<F,T5#10>,App<F,T6#9>,App<F,T7#8>,App<F,T8#7>,App<F,T9#6>,App<F,T10#5>,App<F,T11#4>,App<F,T12#3>,App<F,T13#2>,App<F,T14#1>)
    T4#11 extends Object declared in method <T1#14,T2#13,T3#12,T4#11,T5#10,T6#9,T7#8,T8#7,T9#6,T10#5,T11#4,T12#3,T13#2,T14#1>group(App<F,T1#14>,App<F,T2#13>,App<F,T3#12>,App<F,T4#11>,App<F,T5#10>,App<F,T6#9>,App<F,T7#8>,App<F,T8#7>,App<F,T9#6>,App<F,T10#5>,App<F,T11#4>,App<F,T12#3>,App<F,T13#2>,App<F,T14#1>)
    T5#10 extends Object declared in method <T1#14,T2#13,T3#12,T4#11,T5#10,T6#9,T7#8,T8#7,T9#6,T10#5,T11#4,T12#3,T13#2,T14#1>group(App<F,T1#14>,App<F,T2#13>,App<F,T3#12>,App<F,T4#11>,App<F,T5#10>,App<F,T6#9>,App<F,T7#8>,App<F,T8#7>,App<F,T9#6>,App<F,T10#5>,App<F,T11#4>,App<F,T12#3>,App<F,T13#2>,App<F,T14#1>)
    T6#9 extends Object declared in method <T1#14,T2#13,T3#12,T4#11,T5#10,T6#9,T7#8,T8#7,T9#6,T10#5,T11#4,T12#3,T13#2,T14#1>group(App<F,T1#14>,App<F,T2#13>,App<F,T3#12>,App<F,T4#11>,App<F,T5#10>,App<F,T6#9>,App<F,T7#8>,App<F,T8#7>,App<F,T9#6>,App<F,T10#5>,App<F,T11#4>,App<F,T12#3>,App<F,T13#2>,App<F,T14#1>)
    T7#8 extends Object declared in method <T1#14,T2#13,T3#12,T4#11,T5#10,T6#9,T7#8,T8#7,T9#6,T10#5,T11#4,T12#3,T13#2,T14#1>group(App<F,T1#14>,App<F,T2#13>,App<F,T3#12>,App<F,T4#11>,App<F,T5#10>,App<F,T6#9>,App<F,T7#8>,App<F,T8#7>,App<F,T9#6>,App<F,T10#5>,App<F,T11#4>,App<F,T12#3>,App<F,T13#2>,App<F,T14#1>)
    T8#7 extends Object declared in method <T1#14,T2#13,T3#12,T4#11,T5#10,T6#9,T7#8,T8#7,T9#6,T10#5,T11#4,T12#3,T13#2,T14#1>group(App<F,T1#14>,App<F,T2#13>,App<F,T3#12>,App<F,T4#11>,App<F,T5#10>,App<F,T6#9>,App<F,T7#8>,App<F,T8#7>,App<F,T9#6>,App<F,T10#5>,App<F,T11#4>,App<F,T12#3>,App<F,T13#2>,App<F,T14#1>)
    T9#6 extends Object declared in method <T1#14,T2#13,T3#12,T4#11,T5#10,T6#9,T7#8,T8#7,T9#6,T10#5,T11#4,T12#3,T13#2,T14#1>group(App<F,T1#14>,App<F,T2#13>,App<F,T3#12>,App<F,T4#11>,App<F,T5#10>,App<F,T6#9>,App<F,T7#8>,App<F,T8#7>,App<F,T9#6>,App<F,T10#5>,App<F,T11#4>,App<F,T12#3>,App<F,T13#2>,App<F,T14#1>)
    T10#5 extends Object declared in method <T1#14,T2#13,T3#12,T4#11,T5#10,T6#9,T7#8,T8#7,T9#6,T10#5,T11#4,T12#3,T13#2,T14#1>group(App<F,T1#14>,App<F,T2#13>,App<F,T3#12>,App<F,T4#11>,App<F,T5#10>,App<F,T6#9>,App<F,T7#8>,App<F,T8#7>,App<F,T9#6>,App<F,T10#5>,App<F,T11#4>,App<F,T12#3>,App<F,T13#2>,App<F,T14#1>)
    T11#4 extends Object declared in method <T1#14,T2#13,T3#12,T4#11,T5#10,T6#9,T7#8,T8#7,T9#6,T10#5,T11#4,T12#3,T13#2,T14#1>group(App<F,T1#14>,App<F,T2#13>,App<F,T3#12>,App<F,T4#11>,App<F,T5#10>,App<F,T6#9>,App<F,T7#8>,App<F,T8#7>,App<F,T9#6>,App<F,T10#5>,App<F,T11#4>,App<F,T12#3>,App<F,T13#2>,App<F,T14#1>)
    T12#3 extends Object declared in method <T1#14,T2#13,T3#12,T4#11,T5#10,T6#9,T7#8,T8#7,T9#6,T10#5,T11#4,T12#3,T13#2,T14#1>group(App<F,T1#14>,App<F,T2#13>,App<F,T3#12>,App<F,T4#11>,App<F,T5#10>,App<F,T6#9>,App<F,T7#8>,App<F,T8#7>,App<F,T9#6>,App<F,T10#5>,App<F,T11#4>,App<F,T12#3>,App<F,T13#2>,App<F,T14#1>)
    T13#2 extends Object declared in method <T1#14,T2#13,T3#12,T4#11,T5#10,T6#9,T7#8,T8#7,T9#6,T10#5,T11#4,T12#3,T13#2,T14#1>group(App<F,T1#14>,App<F,T2#13>,App<F,T3#12>,App<F,T4#11>,App<F,T5#10>,App<F,T6#9>,App<F,T7#8>,App<F,T8#7>,App<F,T9#6>,App<F,T10#5>,App<F,T11#4>,App<F,T12#3>,App<F,T13#2>,App<F,T14#1>)
    T14#1 extends Object declared in method <T1#14,T2#13,T3#12,T4#11,T5#10,T6#9,T7#8,T8#7,T9#6,T10#5,T11#4,T12#3,T13#2,T14#1>group(App<F,T1#14>,App<F,T2#13>,App<F,T3#12>,App<F,T4#11>,App<F,T5#10>,App<F,T6#9>,App<F,T7#8>,App<F,T8#7>,App<F,T9#6>,App<F,T10#5>,App<F,T11#4>,App<F,T12#3>,App<F,T13#2>,App<F,T14#1>)
    T1#15 extends Object declared in method <T1#15,T2#14,T3#13,T4#12,T5#11,T6#10,T7#9,T8#8,T9#7,T10#6,T11#5,T12#4,T13#3,T14#2,T15#1>group(App<F,T1#15>,App<F,T2#14>,App<F,T3#13>,App<F,T4#12>,App<F,T5#11>,App<F,T6#10>,App<F,T7#9>,App<F,T8#8>,App<F,T9#7>,App<F,T10#6>,App<F,T11#5>,App<F,T12#4>,App<F,T13#3>,App<F,T14#2>,App<F,T15#1>)
    T2#14 extends Object declared in method <T1#15,T2#14,T3#13,T4#12,T5#11,T6#10,T7#9,T8#8,T9#7,T10#6,T11#5,T12#4,T13#3,T14#2,T15#1>group(App<F,T1#15>,App<F,T2#14>,App<F,T3#13>,App<F,T4#12>,App<F,T5#11>,App<F,T6#10>,App<F,T7#9>,App<F,T8#8>,App<F,T9#7>,App<F,T10#6>,App<F,T11#5>,App<F,T12#4>,App<F,T13#3>,App<F,T14#2>,App<F,T15#1>)
    T3#13 extends Object declared in method <T1#15,T2#14,T3#13,T4#12,T5#11,T6#10,T7#9,T8#8,T9#7,T10#6,T11#5,T12#4,T13#3,T14#2,T15#1>group(App<F,T1#15>,App<F,T2#14>,App<F,T3#13>,App<F,T4#12>,App<F,T5#11>,App<F,T6#10>,App<F,T7#9>,App<F,T8#8>,App<F,T9#7>,App<F,T10#6>,App<F,T11#5>,App<F,T12#4>,App<F,T13#3>,App<F,T14#2>,App<F,T15#1>)
    T4#12 extends Object declared in method <T1#15,T2#14,T3#13,T4#12,T5#11,T6#10,T7#9,T8#8,T9#7,T10#6,T11#5,T12#4,T13#3,T14#2,T15#1>group(App<F,T1#15>,App<F,T2#14>,App<F,T3#13>,App<F,T4#12>,App<F,T5#11>,App<F,T6#10>,App<F,T7#9>,App<F,T8#8>,App<F,T9#7>,App<F,T10#6>,App<F,T11#5>,App<F,T12#4>,App<F,T13#3>,App<F,T14#2>,App<F,T15#1>)
    T5#11 extends Object declared in method <T1#15,T2#14,T3#13,T4#12,T5#11,T6#10,T7#9,T8#8,T9#7,T10#6,T11#5,T12#4,T13#3,T14#2,T15#1>group(App<F,T1#15>,App<F,T2#14>,App<F,T3#13>,App<F,T4#12>,App<F,T5#11>,App<F,T6#10>,App<F,T7#9>,App<F,T8#8>,App<F,T9#7>,App<F,T10#6>,App<F,T11#5>,App<F,T12#4>,App<F,T13#3>,App<F,T14#2>,App<F,T15#1>)
    T6#10 extends Object declared in method <T1#15,T2#14,T3#13,T4#12,T5#11,T6#10,T7#9,T8#8,T9#7,T10#6,T11#5,T12#4,T13#3,T14#2,T15#1>group(App<F,T1#15>,App<F,T2#14>,App<F,T3#13>,App<F,T4#12>,App<F,T5#11>,App<F,T6#10>,App<F,T7#9>,App<F,T8#8>,App<F,T9#7>,App<F,T10#6>,App<F,T11#5>,App<F,T12#4>,App<F,T13#3>,App<F,T14#2>,App<F,T15#1>)
    T7#9 extends Object declared in method <T1#15,T2#14,T3#13,T4#12,T5#11,T6#10,T7#9,T8#8,T9#7,T10#6,T11#5,T12#4,T13#3,T14#2,T15#1>group(App<F,T1#15>,App<F,T2#14>,App<F,T3#13>,App<F,T4#12>,App<F,T5#11>,App<F,T6#10>,App<F,T7#9>,App<F,T8#8>,App<F,T9#7>,App<F,T10#6>,App<F,T11#5>,App<F,T12#4>,App<F,T13#3>,App<F,T14#2>,App<F,T15#1>)
    T8#8 extends Object declared in method <T1#15,T2#14,T3#13,T4#12,T5#11,T6#10,T7#9,T8#8,T9#7,T10#6,T11#5,T12#4,T13#3,T14#2,T15#1>group(App<F,T1#15>,App<F,T2#14>,App<F,T3#13>,App<F,T4#12>,App<F,T5#11>,App<F,T6#10>,App<F,T7#9>,App<F,T8#8>,App<F,T9#7>,App<F,T10#6>,App<F,T11#5>,App<F,T12#4>,App<F,T13#3>,App<F,T14#2>,App<F,T15#1>)
    T9#7 extends Object declared in method <T1#15,T2#14,T3#13,T4#12,T5#11,T6#10,T7#9,T8#8,T9#7,T10#6,T11#5,T12#4,T13#3,T14#2,T15#1>group(App<F,T1#15>,App<F,T2#14>,App<F,T3#13>,App<F,T4#12>,App<F,T5#11>,App<F,T6#10>,App<F,T7#9>,App<F,T8#8>,App<F,T9#7>,App<F,T10#6>,App<F,T11#5>,App<F,T12#4>,App<F,T13#3>,App<F,T14#2>,App<F,T15#1>)
    T10#6 extends Object declared in method <T1#15,T2#14,T3#13,T4#12,T5#11,T6#10,T7#9,T8#8,T9#7,T10#6,T11#5,T12#4,T13#3,T14#2,T15#1>group(App<F,T1#15>,App<F,T2#14>,App<F,T3#13>,App<F,T4#12>,App<F,T5#11>,App<F,T6#10>,App<F,T7#9>,App<F,T8#8>,App<F,T9#7>,App<F,T10#6>,App<F,T11#5>,App<F,T12#4>,App<F,T13#3>,App<F,T14#2>,App<F,T15#1>)
    T11#5 extends Object declared in method <T1#15,T2#14,T3#13,T4#12,T5#11,T6#10,T7#9,T8#8,T9#7,T10#6,T11#5,T12#4,T13#3,T14#2,T15#1>group(App<F,T1#15>,App<F,T2#14>,App<F,T3#13>,App<F,T4#12>,App<F,T5#11>,App<F,T6#10>,App<F,T7#9>,App<F,T8#8>,App<F,T9#7>,App<F,T10#6>,App<F,T11#5>,App<F,T12#4>,App<F,T13#3>,App<F,T14#2>,App<F,T15#1>)
    T12#4 extends Object declared in method <T1#15,T2#14,T3#13,T4#12,T5#11,T6#10,T7#9,T8#8,T9#7,T10#6,T11#5,T12#4,T13#3,T14#2,T15#1>group(App<F,T1#15>,App<F,T2#14>,App<F,T3#13>,App<F,T4#12>,App<F,T5#11>,App<F,T6#10>,App<F,T7#9>,App<F,T8#8>,App<F,T9#7>,App<F,T10#6>,App<F,T11#5>,App<F,T12#4>,App<F,T13#3>,App<F,T14#2>,App<F,T15#1>)
    T13#3 extends Object declared in method <T1#15,T2#14,T3#13,T4#12,T5#11,T6#10,T7#9,T8#8,T9#7,T10#6,T11#5,T12#4,T13#3,T14#2,T15#1>group(App<F,T1#15>,App<F,T2#14>,App<F,T3#13>,App<F,T4#12>,App<F,T5#11>,App<F,T6#10>,App<F,T7#9>,App<F,T8#8>,App<F,T9#7>,App<F,T10#6>,App<F,T11#5>,App<F,T12#4>,App<F,T13#3>,App<F,T14#2>,App<F,T15#1>)
    T14#2 extends Object declared in method <T1#15,T2#14,T3#13,T4#12,T5#11,T6#10,T7#9,T8#8,T9#7,T10#6,T11#5,T12#4,T13#3,T14#2,T15#1>group(App<F,T1#15>,App<F,T2#14>,App<F,T3#13>,App<F,T4#12>,App<F,T5#11>,App<F,T6#10>,App<F,T7#9>,App<F,T8#8>,App<F,T9#7>,App<F,T10#6>,App<F,T11#5>,App<F,T12#4>,App<F,T13#3>,App<F,T14#2>,App<F,T15#1>)
    T15#1 extends Object declared in method <T1#15,T2#14,T3#13,T4#12,T5#11,T6#10,T7#9,T8#8,T9#7,T10#6,T11#5,T12#4,T13#3,T14#2,T15#1>group(App<F,T1#15>,App<F,T2#14>,App<F,T3#13>,App<F,T4#12>,App<F,T5#11>,App<F,T6#10>,App<F,T7#9>,App<F,T8#8>,App<F,T9#7>,App<F,T10#6>,App<F,T11#5>,App<F,T12#4>,App<F,T13#3>,App<F,T14#2>,App<F,T15#1>)
    T1#16 extends Object declared in method <T1#16,T2#15,T3#14,T4#13,T5#12,T6#11,T7#10,T8#9,T9#8,T10#7,T11#6,T12#5,T13#4,T14#3,T15#2,T16>group(App<F,T1#16>,App<F,T2#15>,App<F,T3#14>,App<F,T4#13>,App<F,T5#12>,App<F,T6#11>,App<F,T7#10>,App<F,T8#9>,App<F,T9#8>,App<F,T10#7>,App<F,T11#6>,App<F,T12#5>,App<F,T13#4>,App<F,T14#3>,App<F,T15#2>,App<F,T16>)
    T2#15 extends Object declared in method <T1#16,T2#15,T3#14,T4#13,T5#12,T6#11,T7#10,T8#9,T9#8,T10#7,T11#6,T12#5,T13#4,T14#3,T15#2,T16>group(App<F,T1#16>,App<F,T2#15>,App<F,T3#14>,App<F,T4#13>,App<F,T5#12>,App<F,T6#11>,App<F,T7#10>,App<F,T8#9>,App<F,T9#8>,App<F,T10#7>,App<F,T11#6>,App<F,T12#5>,App<F,T13#4>,App<F,T14#3>,App<F,T15#2>,App<F,T16>)
    T3#14 extends Object declared in method <T1#16,T2#15,T3#14,T4#13,T5#12,T6#11,T7#10,T8#9,T9#8,T10#7,T11#6,T12#5,T13#4,T14#3,T15#2,T16>group(App<F,T1#16>,App<F,T2#15>,App<F,T3#14>,App<F,T4#13>,App<F,T5#12>,App<F,T6#11>,App<F,T7#10>,App<F,T8#9>,App<F,T9#8>,App<F,T10#7>,App<F,T11#6>,App<F,T12#5>,App<F,T13#4>,App<F,T14#3>,App<F,T15#2>,App<F,T16>)
    T4#13 extends Object declared in method <T1#16,T2#15,T3#14,T4#13,T5#12,T6#11,T7#10,T8#9,T9#8,T10#7,T11#6,T12#5,T13#4,T14#3,T15#2,T16>group(App<F,T1#16>,App<F,T2#15>,App<F,T3#14>,App<F,T4#13>,App<F,T5#12>,App<F,T6#11>,App<F,T7#10>,App<F,T8#9>,App<F,T9#8>,App<F,T10#7>,App<F,T11#6>,App<F,T12#5>,App<F,T13#4>,App<F,T14#3>,App<F,T15#2>,App<F,T16>)
    T5#12 extends Object declared in method <T1#16,T2#15,T3#14,T4#13,T5#12,T6#11,T7#10,T8#9,T9#8,T10#7,T11#6,T12#5,T13#4,T14#3,T15#2,T16>group(App<F,T1#16>,App<F,T2#15>,App<F,T3#14>,App<F,T4#13>,App<F,T5#12>,App<F,T6#11>,App<F,T7#10>,App<F,T8#9>,App<F,T9#8>,App<F,T10#7>,App<F,T11#6>,App<F,T12#5>,App<F,T13#4>,App<F,T14#3>,App<F,T15#2>,App<F,T16>)
    T6#11 extends Object declared in method <T1#16,T2#15,T3#14,T4#13,T5#12,T6#11,T7#10,T8#9,T9#8,T10#7,T11#6,T12#5,T13#4,T14#3,T15#2,T16>group(App<F,T1#16>,App<F,T2#15>,App<F,T3#14>,App<F,T4#13>,App<F,T5#12>,App<F,T6#11>,App<F,T7#10>,App<F,T8#9>,App<F,T9#8>,App<F,T10#7>,App<F,T11#6>,App<F,T12#5>,App<F,T13#4>,App<F,T14#3>,App<F,T15#2>,App<F,T16>)
    T7#10 extends Object declared in method <T1#16,T2#15,T3#14,T4#13,T5#12,T6#11,T7#10,T8#9,T9#8,T10#7,T11#6,T12#5,T13#4,T14#3,T15#2,T16>group(App<F,T1#16>,App<F,T2#15>,App<F,T3#14>,App<F,T4#13>,App<F,T5#12>,App<F,T6#11>,App<F,T7#10>,App<F,T8#9>,App<F,T9#8>,App<F,T10#7>,App<F,T11#6>,App<F,T12#5>,App<F,T13#4>,App<F,T14#3>,App<F,T15#2>,App<F,T16>)
    T8#9 extends Object declared in method <T1#16,T2#15,T3#14,T4#13,T5#12,T6#11,T7#10,T8#9,T9#8,T10#7,T11#6,T12#5,T13#4,T14#3,T15#2,T16>group(App<F,T1#16>,App<F,T2#15>,App<F,T3#14>,App<F,T4#13>,App<F,T5#12>,App<F,T6#11>,App<F,T7#10>,App<F,T8#9>,App<F,T9#8>,App<F,T10#7>,App<F,T11#6>,App<F,T12#5>,App<F,T13#4>,App<F,T14#3>,App<F,T15#2>,App<F,T16>)
    T9#8 extends Object declared in method <T1#16,T2#15,T3#14,T4#13,T5#12,T6#11,T7#10,T8#9,T9#8,T10#7,T11#6,T12#5,T13#4,T14#3,T15#2,T16>group(App<F,T1#16>,App<F,T2#15>,App<F,T3#14>,App<F,T4#13>,App<F,T5#12>,App<F,T6#11>,App<F,T7#10>,App<F,T8#9>,App<F,T9#8>,App<F,T10#7>,App<F,T11#6>,App<F,T12#5>,App<F,T13#4>,App<F,T14#3>,App<F,T15#2>,App<F,T16>)
    T10#7 extends Object declared in method <T1#16,T2#15,T3#14,T4#13,T5#12,T6#11,T7#10,T8#9,T9#8,T10#7,T11#6,T12#5,T13#4,T14#3,T15#2,T16>group(App<F,T1#16>,App<F,T2#15>,App<F,T3#14>,App<F,T4#13>,App<F,T5#12>,App<F,T6#11>,App<F,T7#10>,App<F,T8#9>,App<F,T9#8>,App<F,T10#7>,App<F,T11#6>,App<F,T12#5>,App<F,T13#4>,App<F,T14#3>,App<F,T15#2>,App<F,T16>)
    T11#6 extends Object declared in method <T1#16,T2#15,T3#14,T4#13,T5#12,T6#11,T7#10,T8#9,T9#8,T10#7,T11#6,T12#5,T13#4,T14#3,T15#2,T16>group(App<F,T1#16>,App<F,T2#15>,App<F,T3#14>,App<F,T4#13>,App<F,T5#12>,App<F,T6#11>,App<F,T7#10>,App<F,T8#9>,App<F,T9#8>,App<F,T10#7>,App<F,T11#6>,App<F,T12#5>,App<F,T13#4>,App<F,T14#3>,App<F,T15#2>,App<F,T16>)
    T12#5 extends Object declared in method <T1#16,T2#15,T3#14,T4#13,T5#12,T6#11,T7#10,T8#9,T9#8,T10#7,T11#6,T12#5,T13#4,T14#3,T15#2,T16>group(App<F,T1#16>,App<F,T2#15>,App<F,T3#14>,App<F,T4#13>,App<F,T5#12>,App<F,T6#11>,App<F,T7#10>,App<F,T8#9>,App<F,T9#8>,App<F,T10#7>,App<F,T11#6>,App<F,T12#5>,App<F,T13#4>,App<F,T14#3>,App<F,T15#2>,App<F,T16>)
    T13#4 extends Object declared in method <T1#16,T2#15,T3#14,T4#13,T5#12,T6#11,T7#10,T8#9,T9#8,T10#7,T11#6,T12#5,T13#4,T14#3,T15#2,T16>group(App<F,T1#16>,App<F,T2#15>,App<F,T3#14>,App<F,T4#13>,App<F,T5#12>,App<F,T6#11>,App<F,T7#10>,App<F,T8#9>,App<F,T9#8>,App<F,T10#7>,App<F,T11#6>,App<F,T12#5>,App<F,T13#4>,App<F,T14#3>,App<F,T15#2>,App<F,T16>)
    T14#3 extends Object declared in method <T1#16,T2#15,T3#14,T4#13,T5#12,T6#11,T7#10,T8#9,T9#8,T10#7,T11#6,T12#5,T13#4,T14#3,T15#2,T16>group(App<F,T1#16>,App<F,T2#15>,App<F,T3#14>,App<F,T4#13>,App<F,T5#12>,App<F,T6#11>,App<F,T7#10>,App<F,T8#9>,App<F,T9#8>,App<F,T10#7>,App<F,T11#6>,App<F,T12#5>,App<F,T13#4>,App<F,T14#3>,App<F,T15#2>,App<F,T16>)
    T15#2 extends Object declared in method <T1#16,T2#15,T3#14,T4#13,T5#12,T6#11,T7#10,T8#9,T9#8,T10#7,T11#6,T12#5,T13#4,T14#3,T15#2,T16>group(App<F,T1#16>,App<F,T2#15>,App<F,T3#14>,App<F,T4#13>,App<F,T5#12>,App<F,T6#11>,App<F,T7#10>,App<F,T8#9>,App<F,T9#8>,App<F,T10#7>,App<F,T11#6>,App<F,T12#5>,App<F,T13#4>,App<F,T14#3>,App<F,T15#2>,App<F,T16>)
    T16 extends Object declared in method <T1#16,T2#15,T3#14,T4#13,T5#12,T6#11,T7#10,T8#9,T9#8,T10#7,T11#6,T12#5,T13#4,T14#3,T15#2,T16>group(App<F,T1#16>,App<F,T2#15>,App<F,T3#14>,App<F,T4#13>,App<F,T5#12>,App<F,T6#11>,App<F,T7#10>,App<F,T8#9>,App<F,T9#8>,App<F,T10#7>,App<F,T11#6>,App<F,T12#5>,App<F,T13#4>,App<F,T14#3>,App<F,T15#2>,App<F,T16>)
/home/runner/work/TaCZ_Refabricated_Unofficial/TaCZ_Refabricated_Unofficial/src/main/java/cn/sh1rocu/tacz/industry/api/feed/EnBlocClipData.java:44: error: incompatible types: invalid method reference
    ).validate(EnBlocClipData::validateShape);
               ^
    incompatible types: Object cannot be converted to EnBlocClipData
Note: Some input files use or override a deprecated API.
Note: Recompile with -Xlint:deprecation for details.
Note: Some input files use unchecked or unsafe operations.
Note: Recompile with -Xlint:unchecked for details.
Note: Some messages have been simplified; recompile with -Xdiags:verbose to get full output
12 errors

> Task :compileJava FAILED

> Task :taczindCiRelay
[taczind-ci:relay] git config user.name taczind-ci-relay[bot] -> 0
[taczind-ci:relay] git config user.email taczind-ci-relay@users.noreply.github.com -> 0
[taczind-ci:relay] git add -f -A build-reports -> 0
[taczind-ci:relay] git commit -m ci-relay: 任务期快照 -> 0
[taczind-ci:relay] git fetch origin arena/019fb90c-tacz-refabricated-unofficial -> 0
[taczind-ci:relay] git rebase FETCH_HEAD -> 1
[taczind-ci:relay] git push origin HEAD:refs/heads/arena/019fb90c-tacz-refabricated-unofficial -> 0
gradle/actions: Writing build results to /home/runner/work/_temp/.gradle-actions/build-results/__run-1785527219099.json

[Incubating] Problems report is available at: file:///home/runner/work/TaCZ_Refabricated_Unofficial/TaCZ_Refabricated_Unofficial/build/reports/problems/problems-report.html

FAILURE: Build failed with an exception.

* What went wrong:
Execution failed for task ':compileJava' (registered by plugin class 'org.gradle.api.plugins.JavaBasePlugin').
> Compilation failed; see the compiler output below.
  /home/runner/work/TaCZ_Refabricated_Unofficial/TaCZ_Refabricated_Unofficial/src/main/java/cn/sh1rocu/tacz/industry/api/feed/BeltData.java:57: error: no suitable method found for group(RecordCodecBuilder<BeltData,Identifier>,RecordCodecBuilder<BeltData,Integer>,RecordCodecBuilder<BeltData,List<LoadedRound>>,RecordCodecBuilder<BeltData,BeltLinkType>,RecordCodecBuilder<BeltData,Boolean>)
              instance -> instance.group(
                                  ^
      method Kind1.<T1#1>group(App<Mu<Object>,T1#1>) is not applicable
        (cannot infer type-variable(s) T1#1
          (actual and formal argument lists differ in length))
      method Kind1.<T1#2,T2#1>group(App<Mu<Object>,T1#2>,App<Mu<Object>,T2#1>) is not applicable
        (cannot infer type-variable(s) T1#2,T2#1
          (actual and formal argument lists differ in length))
      method Kind1.<T1#3,T2#2,T3#1>group(App<Mu<Object>,T1#3>,App<Mu<Object>,T2#2>,App<Mu<Object>,T3#1>) is not applicable
        (cannot infer type-variable(s) T1#3,T2#2,T3#1
          (actual and formal argument lists differ in length))
      method Kind1.<T1#4,T2#3,T3#2,T4#1>group(App<Mu<Object>,T1#4>,App<Mu<Object>,T2#3>,App<Mu<Object>,T3#2>,App<Mu<Object>,T4#1>) is not applicable
        (cannot infer type-variable(s) T1#4,T2#3,T3#2,T4#1
          (actual and formal argument lists differ in length))
      method Kind1.<T1#5,T2#4,T3#3,T4#2,T5#1>group(App<Mu<Object>,T1#5>,App<Mu<Object>,T2#4>,App<Mu<Object>,T3#3>,App<Mu<Object>,T4#2>,App<Mu<Object>,T5#1>) is not applicable
        (inference variable O has incompatible bounds
          equality constraints: Object
          upper bounds: Object,BeltData)
      method Kind1.<T1#6,T2#5,T3#4,T4#3,T5#2,T6#1>group(App<Mu<Object>,T1#6>,App<Mu<Object>,T2#5>,App<Mu<Object>,T3#4>,App<Mu<Object>,T4#3>,App<Mu<Object>,T5#2>,App<Mu<Object>,T6#1>) is not applicable
        (cannot infer type-variable(s) T1#6,T2#5,T3#4,T4#3,T5#2,T6#1
          (actual and formal argument lists differ in length))
      method Kind1.<T1#7,T2#6,T3#5,T4#4,T5#3,T6#2,T7#1>group(App<Mu<Object>,T1#7>,App<Mu<Object>,T2#6>,App<Mu<Object>,T3#5>,App<Mu<Object>,T4#4>,App<Mu<Object>,T5#3>,App<Mu<Object>,T6#2>,App<Mu<Object>,T7#1>) is not applicable
        (cannot infer type-variable(s) T1#7,T2#6,T3#5,T4#4,T5#3,T6#2,T7#1
          (actual and formal argument lists differ in length))
      method Kind1.<T1#8,T2#7,T3#6,T4#5,T5#4,T6#3,T7#2,T8#1>group(App<Mu<Object>,T1#8>,App<Mu<Object>,T2#7>,App<Mu<Object>,T3#6>,App<Mu<Object>,T4#5>,App<Mu<Object>,T5#4>,App<Mu<Object>,T6#3>,App<Mu<Object>,T7#2>,App<Mu<Object>,T8#1>) is not applicable
        (cannot infer type-variable(s) T1#8,T2#7,T3#6,T4#5,T5#4,T6#3,T7#2,T8#1
          (actual and formal argument lists differ in length))
      method Kind1.<T1#9,T2#8,T3#7,T4#6,T5#5,T6#4,T7#3,T8#2,T9#1>group(App<Mu<Object>,T1#9>,App<Mu<Object>,T2#8>,App<Mu<Object>,T3#7>,App<Mu<Object>,T4#6>,App<Mu<Object>,T5#5>,App<Mu<Object>,T6#4>,App<Mu<Object>,T7#3>,App<Mu<Object>,T8#2>,App<Mu<Object>,T9#1>) is not applicable
        (cannot infer type-variable(s) T1#9,T2#8,T3#7,T4#6,T5#5,T6#4,T7#3,T8#2,T9#1
          (actual and formal argument lists differ in length))
      method Kind1.<T1#10,T2#9,T3#8,T4#7,T5#6,T6#5,T7#4,T8#3,T9#2,T10#1>group(App<Mu<Object>,T1#10>,App<Mu<Object>,T2#9>,App<Mu<Object>,T3#8>,App<Mu<Object>,T4#7>,App<Mu<Object>,T5#6>,App<Mu<Object>,T6#5>,App<Mu<Object>,T7#4>,App<Mu<Object>,T8#3>,App<Mu<Object>,T9#2>,App<Mu<Object>,T10#1>) is not applicable
        (cannot infer type-variable(s) T1#10,T2#9,T3#8,T4#7,T5#6,T6#5,T7#4,T8#3,T9#2,T10#1
          (actual and formal argument lists differ in length))
      method Kind1.<T1#11,T2#10,T3#9,T4#8,T5#7,T6#6,T7#5,T8#4,T9#3,T10#2,T11#1>group(App<Mu<Object>,T1#11>,App<Mu<Object>,T2#10>,App<Mu<Object>,T3#9>,App<Mu<Object>,T4#8>,App<Mu<Object>,T5#7>,App<Mu<Object>,T6#6>,App<Mu<Object>,T7#5>,App<Mu<Object>,T8#4>,App<Mu<Object>,T9#3>,App<Mu<Object>,T10#2>,App<Mu<Object>,T11#1>) is not applicable
        (cannot infer type-variable(s) T1#11,T2#10,T3#9,T4#8,T5#7,T6#6,T7#5,T8#4,T9#3,T10#2,T11#1
          (actual and formal argument lists differ in length))
      method Kind1.<T1#12,T2#11,T3#10,T4#9,T5#8,T6#7,T7#6,T8#5,T9#4,T10#3,T11#2,T12#1>group(App<Mu<Object>,T1#12>,App<Mu<Object>,T2#11>,App<Mu<Object>,T3#10>,App<Mu<Object>,T4#9>,App<Mu<Object>,T5#8>,App<Mu<Object>,T6#7>,App<Mu<Object>,T7#6>,App<Mu<Object>,T8#5>,App<Mu<Object>,T9#4>,App<Mu<Object>,T10#3>,App<Mu<Object>,T11#2>,App<Mu<Object>,T12#1>) is not applicable
        (cannot infer type-variable(s) T1#12,T2#11,T3#10,T4#9,T5#8,T6#7,T7#6,T8#5,T9#4,T10#3,T11#2,T12#1
          (actual and formal argument lists differ in length))
      method Kind1.<T1#13,T2#12,T3#11,T4#10,T5#9,T6#8,T7#7,T8#6,T9#5,T10#4,T11#3,T12#2,T13#1>group(App<Mu<Object>,T1#13>,App<Mu<Object>,T2#12>,App<Mu<Object>,T3#11>,App<Mu<Object>,T4#10>,App<Mu<Object>,T5#9>,App<Mu<Object>,T6#8>,App<Mu<Object>,T7#7>,App<Mu<Object>,T8#6>,App<Mu<Object>,T9#5>,App<Mu<Object>,T10#4>,App<Mu<Object>,T11#3>,App<Mu<Object>,T12#2>,App<Mu<Object>,T13#1>) is not applicable
        (cannot infer type-variable(s) T1#13,T2#12,T3#11,T4#10,T5#9,T6#8,T7#7,T8#6,T9#5,T10#4,T11#3,T12#2,T13#1
          (actual and formal argument lists differ in length))
      method Kind1.<T1#14,T2#13,T3#12,T4#11,T5#10,T6#9,T7#8,T8#7,T9#6,T10#5,T11#4,T12#3,T13#2,T14#1>group(App<Mu<Object>,T1#14>,App<Mu<Object>,T2#13>,App<Mu<Object>,T3#12>,App<Mu<Object>,T4#11>,App<Mu<Object>,T5#10>,App<Mu<Object>,T6#9>,App<Mu<Object>,T7#8>,App<Mu<Object>,T8#7>,App<Mu<Object>,T9#6>,App<Mu<Object>,T10#5>,App<Mu<Object>,T11#4>,App<Mu<Object>,T12#3>,App<Mu<Object>,T13#2>,App<Mu<Object>,T14#1>) is not applicable
        (cannot infer type-variable(s) T1#14,T2#13,T3#12,T4#11,T5#10,T6#9,T7#8,T8#7,T9#6,T10#5,T11#4,T12#3,T13#2,T14#1
          (actual and formal argument lists differ in length))
      method Kind1.<T1#15,T2#14,T3#13,T4#12,T5#11,T6#10,T7#9,T8#8,T9#7,T10#6,T11#5,T12#4,T13#3,T14#2,T15#1>group(App<Mu<Object>,T1#15>,App<Mu<Object>,T2#14>,App<Mu<Object>,T3#13>,App<Mu<Object>,T4#12>,App<Mu<Object>,T5#11>,App<Mu<Object>,T6#10>,App<Mu<Object>,T7#9>,App<Mu<Object>,T8#8>,App<Mu<Object>,T9#7>,App<Mu<Object>,T10#6>,App<Mu<Object>,T11#5>,App<Mu<Object>,T12#4>,App<Mu<Object>,T13#3>,App<Mu<Object>,T14#2>,App<Mu<Object>,T15#1>) is not applicable
        (cannot infer type-variable(s) T1#15,T2#14,T3#13,T4#12,T5#11,T6#10,T7#9,T8#8,T9#7,T10#6,T11#5,T12#4,T13#3,T14#2,T15#1
          (actual and formal argument lists differ in length))
      method Kind1.<T1#16,T2#15,T3#14,T4#13,T5#12,T6#11,T7#10,T8#9,T9#8,T10#7,T11#6,T12#5,T13#4,T14#3,T15#2,T16>group(App<Mu<Object>,T1#16>,App<Mu<Object>,T2#15>,App<Mu<Object>,T3#14>,App<Mu<Object>,T4#13>,App<Mu<Object>,T5#12>,App<Mu<Object>,T6#11>,App<Mu<Object>,T7#10>,App<Mu<Object>,T8#9>,App<Mu<Object>,T9#8>,App<Mu<Object>,T10#7>,App<Mu<Object>,T11#6>,App<Mu<Object>,T12#5>,App<Mu<Object>,T13#4>,App<Mu<Object>,T14#3>,App<Mu<Object>,T15#2>,App<Mu<Object>,T16>) is not applicable
        (cannot infer type-variable(s) T1#16,T2#15,T3#14,T4#13,T5#12,T6#11,T7#10,T8#9,T9#8,T10#7,T11#6,T12#5,T13#4,T14#3,T15#2,T16
          (actual and formal argument lists differ in length))
    where T1#1,F,T1#2,T2#1,T1#3,T2#2,T3#1,T1#4,T2#3,T3#2,T4#1,T1#5,T2#4,T3#3,T4#2,T5#1,O,A,T1#6,T2#5,T3#4,T4#3,T5#2,T6#1,T1#7,T2#6,T3#5,T4#4,T5#3,T6#2,T7#1,T1#8,T2#7,T3#6,T4#5,T5#4,T6#3,T7#2,T8#1,T1#9,T2#8,T3#7,T4#6,T5#5,T6#4,T7#3,T8#2,T9#1,T1#10,T2#9,T3#8,T4#7,T5#6,T6#5,T7#4,T8#3,T9#2,T10#1,T1#11,T2#10,T3#9,T4#8,T5#7,T6#6,T7#5,T8#4,T9#3,T10#2,T11#1,T1#12,T2#11,T3#10,T4#9,T5#8,T6#7,T7#6,T8#5,T9#4,T10#3,T11#2,T12#1,T1#13,T2#12,T3#11,T4#10,T5#9,T6#8,T7#7,T8#6,T9#5,T10#4,T11#3,T12#2,T13#1,T1#14,T2#13,T3#12,T4#11,T5#10,T6#9,T7#8,T8#7,T9#6,T10#5,T11#4,T12#3,T13#2,T14#1,T1#15,T2#14,T3#13,T4#12,T5#11,T6#10,T7#9,T8#8,T9#7,T10#6,T11#5,T12#4,T13#3,T14#2,T15#1,T1#16,T2#15,T3#14,T4#13,T5#12,T6#11,T7#10,T8#9,T9#8,T10#7,T11#6,T12#5,T13#4,T14#3,T15#2,T16 are type-variables:
      T1#1 extends Object declared in method <T1#1>group(App<F,T1#1>)
      F extends K1 declared in interface Kind1
      T1#2 extends Object declared in method <T1#2,T2#1>group(App<F,T1#2>,App<F,T2#1>)
      T2#1 extends Object declared in method <T1#2,T2#1>group(App<F,T1#2>,App<F,T2#1>)
      T1#3 extends Object declared in method <T1#3,T2#2,T3#1>group(App<F,T1#3>,App<F,T2#2>,App<F,T3#1>)
      T2#2 extends Object declared in method <T1#3,T2#2,T3#1>group(App<F,T1#3>,App<F,T2#2>,App<F,T3#1>)
      T3#1 extends Object declared in method <T1#3,T2#2,T3#1>group(App<F,T1#3>,App<F,T2#2>,App<F,T3#1>)
      T1#4 extends Object declared in method <T1#4,T2#3,T3#2,T4#1>group(App<F,T1#4>,App<F,T2#3>,App<F,T3#2>,App<F,T4#1>)
      T2#3 extends Object declared in method <T1#4,T2#3,T3#2,T4#1>group(App<F,T1#4>,App<F,T2#3>,App<F,T3#2>,App<F,T4#1>)
      T3#2 extends Object declared in method <T1#4,T2#3,T3#2,T4#1>group(App<F,T1#4>,App<F,T2#3>,App<F,T3#2>,App<F,T4#1>)
      T4#1 extends Object declared in method <T1#4,T2#3,T3#2,T4#1>group(App<F,T1#4>,App<F,T2#3>,App<F,T3#2>,App<F,T4#1>)
      T1#5 extends Object declared in method <T1#5,T2#4,T3#3,T4#2,T5#1>group(App<F,T1#5>,App<F,T2#4>,App<F,T3#3>,App<F,T4#2>,App<F,T5#1>)
      T2#4 extends Object declared in method <T1#5,T2#4,T3#3,T4#2,T5#1>group(App<F,T1#5>,App<F,T2#4>,App<F,T3#3>,App<F,T4#2>,App<F,T5#1>)
      T3#3 extends Object declared in method <T1#5,T2#4,T3#3,T4#2,T5#1>group(App<F,T1#5>,App<F,T2#4>,App<F,T3#3>,App<F,T4#2>,App<F,T5#1>)
      T4#2 extends Object declared in method <T1#5,T2#4,T3#3,T4#2,T5#1>group(App<F,T1#5>,App<F,T2#4>,App<F,T3#3>,App<F,T4#2>,App<F,T5#1>)
      T5#1 extends Object declared in method <T1#5,T2#4,T3#3,T4#2,T5#1>group(App<F,T1#5>,App<F,T2#4>,App<F,T3#3>,App<F,T4#2>,App<F,T5#1>)
      O extends Object declared in method <O>forGetter(Function<O,A>)
      A extends Object declared in class MapCodec
      T1#6 extends Object declared in method <T1#6,T2#5,T3#4,T4#3,T5#2,T6#1>group(App<F,T1#6>,App<F,T2#5>,App<F,T3#4>,App<F,T4#3>,App<F,T5#2>,App<F,T6#1>)
      T2#5 extends Object declared in method <T1#6,T2#5,T3#4,T4#3,T5#2,T6#1>group(App<F,T1#6>,App<F,T2#5>,App<F,T3#4>,App<F,T4#3>,App<F,T5#2>,App<F,T6#1>)
      T3#4 extends Object declared in method <T1#6,T2#5,T3#4,T4#3,T5#2,T6#1>group(App<F,T1#6>,App<F,T2#5>,App<F,T3#4>,App<F,T4#3>,App<F,T5#2>,App<F,T6#1>)
      T4#3 extends Object declared in method <T1#6,T2#5,T3#4,T4#3,T5#2,T6#1>group(App<F,T1#6>,App<F,T2#5>,App<F,T3#4>,App<F,T4#3>,App<F,T5#2>,App<F,T6#1>)
      T5#2 extends Object declared in method <T1#6,T2#5,T3#4,T4#3,T5#2,T6#1>group(App<F,T1#6>,App<F,T2#5>,App<F,T3#4>,App<F,T4#3>,App<F,T5#2>,App<F,T6#1>)
      T6#1 extends Object declared in method <T1#6,T2#5,T3#4,T4#3,T5#2,T6#1>group(App<F,T1#6>,App<F,T2#5>,App<F,T3#4>,App<F,T4#3>,App<F,T5#2>,App<F,T6#1>)
      T1#7 extends Object declared in method <T1#7,T2#6,T3#5,T4#4,T5#3,T6#2,T7#1>group(App<F,T1#7>,App<F,T2#6>,App<F,T3#5>,App<F,T4#4>,App<F,T5#3>,App<F,T6#2>,App<F,T7#1>)
      T2#6 extends Object declared in method <T1#7,T2#6,T3#5,T4#4,T5#3,T6#2,T7#1>group(App<F,T1#7>,App<F,T2#6>,App<F,T3#5>,App<F,T4#4>,App<F,T5#3>,App<F,T6#2>,App<F,T7#1>)
      T3#5 extends Object declared in method <T1#7,T2#6,T3#5,T4#4,T5#3,T6#2,T7#1>group(App<F,T1#7>,App<F,T2#6>,App<F,T3#5>,App<F,T4#4>,App<F,T5#3>,App<F,T6#2>,App<F,T7#1>)
      T4#4 extends Object declared in method <T1#7,T2#6,T3#5,T4#4,T5#3,T6#2,T7#1>group(App<F,T1#7>,App<F,T2#6>,App<F,T3#5>,App<F,T4#4>,App<F,T5#3>,App<F,T6#2>,App<F,T7#1>)
      T5#3 extends Object declared in method <T1#7,T2#6,T3#5,T4#4,T5#3,T6#2,T7#1>group(App<F,T1#7>,App<F,T2#6>,App<F,T3#5>,App<F,T4#4>,App<F,T5#3>,App<F,T6#2>,App<F,T7#1>)
      T6#2 extends Object declared in method <T1#7,T2#6,T3#5,T4#4,T5#3,T6#2,T7#1>group(App<F,T1#7>,App<F,T2#6>,App<F,T3#5>,App<F,T4#4>,App<F,T5#3>,App<F,T6#2>,App<F,T7#1>)
      T7#1 extends Object declared in method <T1#7,T2#6,T3#5,T4#4,T5#3,T6#2,T7#1>group(App<F,T1#7>,App<F,T2#6>,App<F,T3#5>,App<F,T4#4>,App<F,T5#3>,App<F,T6#2>,App<F,T7#1>)
      T1#8 extends Object declared in method <T1#8,T2#7,T3#6,T4#5,T5#4,T6#3,T7#2,T8#1>group(App<F,T1#8>,App<F,T2#7>,App<F,T3#6>,App<F,T4#5>,App<F,T5#4>,App<F,T6#3>,App<F,T7#2>,App<F,T8#1>)
      T2#7 extends Object declared in method <T1#8,T2#7,T3#6,T4#5,T5#4,T6#3,T7#2,T8#1>group(App<F,T1#8>,App<F,T2#7>,App<F,T3#6>,App<F,T4#5>,App<F,T5#4>,App<F,T6#3>,App<F,T7#2>,App<F,T8#1>)
      T3#6 extends Object declared in method <T1#8,T2#7,T3#6,T4#5,T5#4,T6#3,T7#2,T8#1>group(App<F,T1#8>,App<F,T2#7>,App<F,T3#6>,App<F,T4#5>,App<F,T5#4>,App<F,T6#3>,App<F,T7#2>,App<F,T8#1>)
      T4#5 extends Object declared in method <T1#8,T2#7,T3#6,T4#5,T5#4,T6#3,T7#2,T8#1>group(App<F,T1#8>,App<F,T2#7>,App<F,T3#6>,App<F,T4#5>,App<F,T5#4>,App<F,T6#3>,App<F,T7#2>,App<F,T8#1>)
      T5#4 extends Object declared in method <T1#8,T2#7,T3#6,T4#5,T5#4,T6#3,T7#2,T8#1>group(App<F,T1#8>,App<F,T2#7>,App<F,T3#6>,App<F,T4#5>,App<F,T5#4>,App<F,T6#3>,App<F,T7#2>,App<F,T8#1>)
      T6#3 extends Object declared in method <T1#8,T2#7,T3#6,T4#5,T5#4,T6#3,T7#2,T8#1>group(App<F,T1#8>,App<F,T2#7>,App<F,T3#6>,App<F,T4#5>,App<F,T5#4>,App<F,T6#3>,App<F,T7#2>,App<F,T8#1>)
      T7#2 extends Object declared in method <T1#8,T2#7,T3#6,T4#5,T5#4,T6#3,T7#2,T8#1>group(App<F,T1#8>,App<F,T2#7>,App<F,T3#6>,App<F,T4#5>,App<F,T5#4>,App<F,T6#3>,App<F,T7#2>,App<F,T8#1>)
      T8#1 extends Object declared in method <T1#8,T2#7,T3#6,T4#5,T5#4,T6#3,T7#2,T8#1>group(App<F,T1#8>,App<F,T2#7>,App<F,T3#6>,App<F,T4#5>,App<F,T5#4>,App<F,T6#3>,App<F,T7#2>,App<F,T8#1>)
      T1#9 extends Object declared in method <T1#9,T2#8,T3#7,T4#6,T5#5,T6#4,T7#3,T8#2,T9#1>group(App<F,T1#9>,App<F,T2#8>,App<F,T3#7>,App<F,T4#6>,App<F,T5#5>,App<F,T6#4>,App<F,T7#3>,App<F,T8#2>,App<F,T9#1>)
      T2#8 extends Object declared in method <T1#9,T2#8,T3#7,T4#6,T5#5,T6#4,T7#3,T8#2,T9#1>group(App<F,T1#9>,App<F,T2#8>,App<F,T3#7>,App<F,T4#6>,App<F,T5#5>,App<F,T6#4>,App<F,T7#3>,App<F,T8#2>,App<F,T9#1>)
      T3#7 extends Object declared in method <T1#9,T2#8,T3#7,T4#6,T5#5,T6#4,T7#3,T8#2,T9#1>group(App<F,T1#9>,App<F,T2#8>,App<F,T3#7>,App<F,T4#6>,App<F,T5#5>,App<F,T6#4>,App<F,T7#3>,App<F,T8#2>,App<F,T9#1>)
      T4#6 extends Object declared in method <T1#9,T2#8,T3#7,T4#6,T5#5,T6#4,T7#3,T8#2,T9#1>group(App<F,T1#9>,App<F,T2#8>,App<F,T3#7>,App<F,T4#6>,App<F,T5#5>,App<F,T6#4>,App<F,T7#3>,App<F,T8#2>,App<F,T9#1>)
      T5#5 extends Object declared in method <T1#9,T2#8,T3#7,T4#6,T5#5,T6#4,T7#3,T8#2,T9#1>group(App<F,T1#9>,App<F,T2#8>,App<F,T3#7>,App<F,T4#6>,App<F,T5#5>,App<F,T6#4>,App<F,T7#3>,App<F,T8#2>,App<F,T9#1>)
      T6#4 extends Object declared in method <T1#9,T2#8,T3#7,T4#6,T5#5,T6#4,T7#3,T8#2,T9#1>group(App<F,T1#9>,App<F,T2#8>,App<F,T3#7>,App<F,T4#6>,App<F,T5#5>,App<F,T6#4>,App<F,T7#3>,App<F,T8#2>,App<F,T9#1>)
      T7#3 extends Object declared in method <T1#9,T2#8,T3#7,T4#6,T5#5,T6#4,T7#3,T8#2,T9#1>group(App<F,T1#9>,App<F,T2#8>,App<F,T3#7>,App<F,T4#6>,App<F,T5#5>,App<F,T6#4>,App<F,T7#3>,App<F,T8#2>,App<F,T9#1>)
      T8#2 extends Object declared in method <T1#9,T2#8,T3#7,T4#6,T5#5,T6#4,T7#3,T8#2,T9#1>group(App<F,T1#9>,App<F,T2#8>,App<F,T3#7>,App<F,T4#6>,App<F,T5#5>,App<F,T6#4>,App<F,T7#3>,App<F,T8#2>,App<F,T9#1>)
      T9#1 extends Object declared in method <T1#9,T2#8,T3#7,T4#6,T5#5,T6#4,T7#3,T8#2,T9#1>group(App<F,T1#9>,App<F,T2#8>,App<F,T3#7>,App<F,T4#6>,App<F,T5#5>,App<F,T6#4>,App<F,T7#3>,App<F,T8#2>,App<F,T9#1>)
      T1#10 extends Object declared in method <T1#10,T2#9,T3#8,T4#7,T5#6,T6#5,T7#4,T8#3,T9#2,T10#1>group(App<F,T1#10>,App<F,T2#9>,App<F,T3#8>,App<F,T4#7>,App<F,T5#6>,App<F,T6#5>,App<F,T7#4>,App<F,T8#3>,App<F,T9#2>,App<F,T10#1>)
      T2#9 extends Object declared in method <T1#10,T2#9,T3#8,T4#7,T5#6,T6#5,T7#4,T8#3,T9#2,T10#1>group(App<F,T1#10>,App<F,T2#9>,App<F,T3#8>,App<F,T4#7>,App<F,T5#6>,App<F,T6#5>,App<F,T7#4>,App<F,T8#3>,App<F,T9#2>,App<F,T10#1>)
      T3#8 extends Object declared in method <T1#10,T2#9,T3#8,T4#7,T5#6,T6#5,T7#4,T8#3,T9#2,T10#1>group(App<F,T1#10>,App<F,T2#9>,App<F,T3#8>,App<F,T4#7>,App<F,T5#6>,App<F,T6#5>,App<F,T7#4>,App<F,T8#3>,App<F,T9#2>,App<F,T10#1>)
      T4#7 extends Object declared in method <T1#10,T2#9,T3#8,T4#7,T5#6,T6#5,T7#4,T8#3,T9#2,T10#1>group(App<F,T1#10>,App<F,T2#9>,App<F,T3#8>,App<F,T4#7>,App<F,T5#6>,App<F,T6#5>,App<F,T7#4>,App<F,T8#3>,App<F,T9#2>,App<F,T10#1>)
      T5#6 extends Object declared in method <T1#10,T2#9,T3#8,T4#7,T5#6,T6#5,T7#4,T8#3,T9#2,T10#1>group(App<F,T1#10>,App<F,T2#9>,App<F,T3#8>,App<F,T4#7>,App<F,T5#6>,App<F,T6#5>,App<F,T7#4>,App<F,T8#3>,App<F,T9#2>,App<F,T10#1>)
      T6#5 extends Object declared in method <T1#10,T2#9,T3#8,T4#7,T5#6,T6#5,T7#4,T8#3,T9#2,T10#1>group(App<F,T1#10>,App<F,T2#9>,App<F,T3#8>,App<F,T4#7>,App<F,T5#6>,App<F,T6#5>,App<F,T7#4>,App<F,T8#3>,App<F,T9#2>,App<F,T10#1>)
      T7#4 extends Object declared in method <T1#10,T2#9,T3#8,T4#7,T5#6,T6#5,T7#4,T8#3,T9#2,T10#1>group(App<F,T1#10>,App<F,T2#9>,App<F,T3#8>,App<F,T4#7>,App<F,T5#6>,App<F,T6#5>,App<F,T7#4>,App<F,T8#3>,App<F,T9#2>,App<F,T10#1>)
      T8#3 extends Object declared in method <T1#10,T2#9,T3#8,T4#7,T5#6,T6#5,T7#4,T8#3,T9#2,T10#1>group(App<F,T1#10>,App<F,T2#9>,App<F,T3#8>,App<F,T4#7>,App<F,T5#6>,App<F,T6#5>,App<F,T7#4>,App<F,T8#3>,App<F,T9#2>,App<F,T10#1>)
      T9#2 extends Object declared in method <T1#10,T2#9,T3#8,T4#7,T5#6,T6#5,T7#4,T8#3,T9#2,T10#1>group(App<F,T1#10>,App<F,T2#9>,App<F,T3#8>,App<F,T4#7>,App<F,T5#6>,App<F,T6#5>,App<F,T7#4>,App<F,T8#3>,App<F,T9#2>,App<F,T10#1>)
      T10#1 extends Object declared in method <T1#10,T2#9,T3#8,T4#7,T5#6,T6#5,T7#4,T8#3,T9#2,T10#1>group(App<F,T1#10>,App<F,T2#9>,App<F,T3#8>,App<F,T4#7>,App<F,T5#6>,App<F,T6#5>,App<F,T7#4>,App<F,T8#3>,App<F,T9#2>,App<F,T10#1>)
      T1#11 extends Object declared in method <T1#11,T2#10,T3#9,T4#8,T5#7,T6#6,T7#5,T8#4,T9#3,T10#2,T11#1>group(App<F,T1#11>,App<F,T2#10>,App<F,T3#9>,App<F,T4#8>,App<F,T5#7>,App<F,T6#6>,App<F,T7#5>,App<F,T8#4>,App<F,T9#3>,App<F,T10#2>,App<F,T11#1>)
      T2#10 extends Object declared in method <T1#11,T2#10,T3#9,T4#8,T5#7,T6#6,T7#5,T8#4,T9#3,T10#2,T11#1>group(App<F,T1#11>,App<F,T2#10>,App<F,T3#9>,App<F,T4#8>,App<F,T5#7>,App<F,T6#6>,App<F,T7#5>,App<F,T8#4>,App<F,T9#3>,App<F,T10#2>,App<F,T11#1>)
      T3#9 extends Object declared in method <T1#11,T2#10,T3#9,T4#8,T5#7,T6#6,T7#5,T8#4,T9#3,T10#2,T11#1>group(App<F,T1#11>,App<F,T2#10>,App<F,T3#9>,App<F,T4#8>,App<F,T5#7>,App<F,T6#6>,App<F,T7#5>,App<F,T8#4>,App<F,T9#3>,App<F,T10#2>,App<F,T11#1>)
      T4#8 extends Object declared in method <T1#11,T2#10,T3#9,T4#8,T5#7,T6#6,T7#5,T8#4,T9#3,T10#2,T11#1>group(App<F,T1#11>,App<F,T2#10>,App<F,T3#9>,App<F,T4#8>,App<F,T5#7>,App<F,T6#6>,App<F,T7#5>,App<F,T8#4>,App<F,T9#3>,App<F,T10#2>,App<F,T11#1>)
      T5#7 extends Object declared in method <T1#11,T2#10,T3#9,T4#8,T5#7,T6#6,T7#5,T8#4,T9#3,T10#2,T11#1>group(App<F,T1#11>,App<F,T2#10>,App<F,T3#9>,App<F,T4#8>,App<F,T5#7>,App<F,T6#6>,App<F,T7#5>,App<F,T8#4>,App<F,T9#3>,App<F,T10#2>,App<F,T11#1>)
      T6#6 extends Object declared in method <T1#11,T2#10,T3#9,T4#8,T5#7,T6#6,T7#5,T8#4,T9#3,T10#2,T11#1>group(App<F,T1#11>,App<F,T2#10>,App<F,T3#9>,App<F,T4#8>,App<F,T5#7>,App<F,T6#6>,App<F,T7#5>,App<F,T8#4>,App<F,T9#3>,App<F,T10#2>,App<F,T11#1>)
      T7#5 extends Object declared in method <T1#11,T2#10,T3#9,T4#8,T5#7,T6#6,T7#5,T8#4,T9#3,T10#2,T11#1>group(App<F,T1#11>,App<F,T2#10>,App<F,T3#9>,App<F,T4#8>,App<F,T5#7>,App<F,T6#6>,App<F,T7#5>,App<F,T8#4>,App<F,T9#3>,App<F,T10#2>,App<F,T11#1>)
      T8#4 extends Object declared in method <T1#11,T2#10,T3#9,T4#8,T5#7,T6#6,T7#5,T8#4,T9#3,T10#2,T11#1>group(App<F,T1#11>,App<F,T2#10>,App<F,T3#9>,App<F,T4#8>,App<F,T5#7>,App<F,T6#6>,App<F,T7#5>,App<F,T8#4>,App<F,T9#3>,App<F,T10#2>,App<F,T11#1>)
      T9#3 extends Object declared in method <T1#11,T2#10,T3#9,T4#8,T5#7,T6#6,T7#5,T8#4,T9#3,T10#2,T11#1>group(App<F,T1#11>,App<F,T2#10>,App<F,T3#9>,App<F,T4#8>,App<F,T5#7>,App<F,T6#6>,App<F,T7#5>,App<F,T8#4>,App<F,T9#3>,App<F,T10#2>,App<F,T11#1>)
      T10#2 extends Object declared in method <T1#11,T2#10,T3#9,T4#8,T5#7,T6#6,T7#5,T8#4,T9#3,T10#2,T11#1>group(App<F,T1#11>,App<F,T2#10>,App<F,T3#9>,App<F,T4#8>,App<F,T5#7>,App<F,T6#6>,App<F,T7#5>,App<F,T8#4>,App<F,T9#3>,App<F,T10#2>,App<F,T11#1>)
      T11#1 extends Object declared in method <T1#11,T2#10,T3#9,T4#8,T5#7,T6#6,T7#5,T8#4,T9#3,T10#2,T11#1>group(App<F,T1#11>,App<F,T2#10>,App<F,T3#9>,App<F,T4#8>,App<F,T5#7>,App<F,T6#6>,App<F,T7#5>,App<F,T8#4>,App<F,T9#3>,App<F,T10#2>,App<F,T11#1>)
      T1#12 extends Object declared in method <T1#12,T2#11,T3#10,T4#9,T5#8,T6#7,T7#6,T8#5,T9#4,T10#3,T11#2,T12#1>group(App<F,T1#12>,App<F,T2#11>,App<F,T3#10>,App<F,T4#9>,App<F,T5#8>,App<F,T6#7>,App<F,T7#6>,App<F,T8#5>,App<F,T9#4>,App<F,T10#3>,App<F,T11#2>,App<F,T12#1>)
      T2#11 extends Object declared in method <T1#12,T2#11,T3#10,T4#9,T5#8,T6#7,T7#6,T8#5,T9#4,T10#3,T11#2,T12#1>group(App<F,T1#12>,App<F,T2#11>,App<F,T3#10>,App<F,T4#9>,App<F,T5#8>,App<F,T6#7>,App<F,T7#6>,App<F,T8#5>,App<F,T9#4>,App<F,T10#3>,App<F,T11#2>,App<F,T12#1>)
      T3#10 extends Object declared in method <T1#12,T2#11,T3#10,T4#9,T5#8,T6#7,T7#6,T8#5,T9#4,T10#3,T11#2,T12#1>group(App<F,T1#12>,App<F,T2#11>,App<F,T3#10>,App<F,T4#9>,App<F,T5#8>,App<F,T6#7>,App<F,T7#6>,App<F,T8#5>,App<F,T9#4>,App<F,T10#3>,App<F,T11#2>,App<F,T12#1>)
      T4#9 extends Object declared in method <T1#12,T2#11,T3#10,T4#9,T5#8,T6#7,T7#6,T8#5,T9#4,T10#3,T11#2,T12#1>group(App<F,T1#12>,App<F,T2#11>,App<F,T3#10>,App<F,T4#9>,App<F,T5#8>,App<F,T6#7>,App<F,T7#6>,App<F,T8#5>,App<F,T9#4>,App<F,T10#3>,App<F,T11#2>,App<F,T12#1>)
      T5#8 extends Object declared in method <T1#12,T2#11,T3#10,T4#9,T5#8,T6#7,T7#6,T8#5,T9#4,T10#3,T11#2,T12#1>group(App<F,T1#12>,App<F,T2#11>,App<F,T3#10>,App<F,T4#9>,App<F,T5#8>,App<F,T6#7>,App<F,T7#6>,App<F,T8#5>,App<F,T9#4>,App<F,T10#3>,App<F,T11#2>,App<F,T12#1>)
      T6#7 extends Object declared in method <T1#12,T2#11,T3#10,T4#9,T5#8,T6#7,T7#6,T8#5,T9#4,T10#3,T11#2,T12#1>group(App<F,T1#12>,App<F,T2#11>,App<F,T3#10>,App<F,T4#9>,App<F,T5#8>,App<F,T6#7>,App<F,T7#6>,App<F,T8#5>,App<F,T9#4>,App<F,T10#3>,App<F,T11#2>,App<F,T12#1>)
      T7#6 extends Object declared in method <T1#12,T2#11,T3#10,T4#9,T5#8,T6#7,T7#6,T8#5,T9#4,T10#3,T11#2,T12#1>group(App<F,T1#12>,App<F,T2#11>,App<F,T3#10>,App<F,T4#9>,App<F,T5#8>,App<F,T6#7>,App<F,T7#6>,App<F,T8#5>,App<F,T9#4>,App<F,T10#3>,App<F,T11#2>,App<F,T12#1>)
      T8#5 extends Object declared in method <T1#12,T2#11,T3#10,T4#9,T5#8,T6#7,T7#6,T8#5,T9#4,T10#3,T11#2,T12#1>group(App<F,T1#12>,App<F,T2#11>,App<F,T3#10>,App<F,T4#9>,App<F,T5#8>,App<F,T6#7>,App<F,T7#6>,App<F,T8#5>,App<F,T9#4>,App<F,T10#3>,App<F,T11#2>,App<F,T12#1>)
      T9#4 extends Object declared in method <T1#12,T2#11,T3#10,T4#9,T5#8,T6#7,T7#6,T8#5,T9#4,T10#3,T11#2,T12#1>group(App<F,T1#12>,App<F,T2#11>,App<F,T3#10>,App<F,T4#9>,App<F,T5#8>,App<F,T6#7>,App<F,T7#6>,App<F,T8#5>,App<F,T9#4>,App<F,T10#3>,App<F,T11#2>,App<F,T12#1>)
      T10#3 extends Object declared in method <T1#12,T2#11,T3#10,T4#9,T5#8,T6#7,T7#6,T8#5,T9#4,T10#3,T11#2,T12#1>group(App<F,T1#12>,App<F,T2#11>,App<F,T3#10>,App<F,T4#9>,App<F,T5#8>,App<F,T6#7>,App<F,T7#6>,App<F,T8#5>,App<F,T9#4>,App<F,T10#3>,App<F,T11#2>,App<F,T12#1>)
      T11#2 extends Object declared in method <T1#12,T2#11,T3#10,T4#9,T5#8,T6#7,T7#6,T8#5,T9#4,T10#3,T11#2,T12#1>group(App<F,T1#12>,App<F,T2#11>,App<F,T3#10>,App<F,T4#9>,App<F,T5#8>,App<F,T6#7>,App<F,T7#6>,App<F,T8#5>,App<F,T9#4>,App<F,T10#3>,App<F,T11#2>,App<F,T12#1>)
      T12#1 extends Object declared in method <T1#12,T2#11,T3#10,T4#9,T5#8,T6#7,T7#6,T8#5,T9#4,T10#3,T11#2,T12#1>group(App<F,T1#12>,App<F,T2#11>,App<F,T3#10>,App<F,T4#9>,App<F,T5#8>,App<F,T6#7>,App<F,T7#6>,App<F,T8#5>,App<F,T9#4>,App<F,T10#3>,App<F,T11#2>,App<F,T12#1>)
      T1#13 extends Object declared in method <T1#13,T2#12,T3#11,T4#10,T5#9,T6#8,T7#7,T8#6,T9#5,T10#4,T11#3,T12#2,T13#1>group(App<F,T1#13>,App<F,T2#12>,App<F,T3#11>,App<F,T4#10>,App<F,T5#9>,App<F,T6#8>,App<F,T7#7>,App<F,T8#6>,App<F,T9#5>,App<F,T10#4>,App<F,T11#3>,App<F,T12#2>,App<F,T13#1>)
      T2#12 extends Object declared in method <T1#13,T2#12,T3#11,T4#10,T5#9,T6#8,T7#7,T8#6,T9#5,T10#4,T11#3,T12#2,T13#1>group(App<F,T1#13>,App<F,T2#12>,App<F,T3#11>,App<F,T4#10>,App<F,T5#9>,App<F,T6#8>,App<F,T7#7>,App<F,T8#6>,App<F,T9#5>,App<F,T10#4>,App<F,T11#3>,App<F,T12#2>,App<F,T13#1>)
      T3#11 extends Object declared in method <T1#13,T2#12,T3#11,T4#10,T5#9,T6#8,T7#7,T8#6,T9#5,T10#4,T11#3,T12#2,T13#1>group(App<F,T1#13>,App<F,T2#12>,App<F,T3#11>,App<F,T4#10>,App<F,T5#9>,App<F,T6#8>,App<F,T7#7>,App<F,T8#6>,App<F,T9#5>,App<F,T10#4>,App<F,T11#3>,App<F,T12#2>,App<F,T13#1>)
      T4#10 extends Object declared in method <T1#13,T2#12,T3#11,T4#10,T5#9,T6#8,T7#7,T8#6,T9#5,T10#4,T11#3,T12#2,T13#1>group(App<F,T1#13>,App<F,T2#12>,App<F,T3#11>,App<F,T4#10>,App<F,T5#9>,App<F,T6#8>,App<F,T7#7>,App<F,T8#6>,App<F,T9#5>,App<F,T10#4>,App<F,T11#3>,App<F,T12#2>,App<F,T13#1>)
      T5#9 extends Object declared in method <T1#13,T2#12,T3#11,T4#10,T5#9,T6#8,T7#7,T8#6,T9#5,T10#4,T11#3,T12#2,T13#1>group(App<F,T1#13>,App<F,T2#12>,App<F,T3#11>,App<F,T4#10>,App<F,T5#9>,App<F,T6#8>,App<F,T7#7>,App<F,T8#6>,App<F,T9#5>,App<F,T10#4>,App<F,T11#3>,App<F,T12#2>,App<F,T13#1>)
      T6#8 extends Object declared in method <T1#13,T2#12,T3#11,T4#10,T5#9,T6#8,T7#7,T8#6,T9#5,T10#4,T11#3,T12#2,T13#1>group(App<F,T1#13>,App<F,T2#12>,App<F,T3#11>,App<F,T4#10>,App<F,T5#9>,App<F,T6#8>,App<F,T7#7>,App<F,T8#6>,App<F,T9#5>,App<F,T10#4>,App<F,T11#3>,App<F,T12#2>,App<F,T13#1>)
      T7#7 extends Object declared in method <T1#13,T2#12,T3#11,T4#10,T5#9,T6#8,T7#7,T8#6,T9#5,T10#4,T11#3,T12#2,T13#1>group(App<F,T1#13>,App<F,T2#12>,App<F,T3#11>,App<F,T4#10>,App<F,T5#9>,App<F,T6#8>,App<F,T7#7>,App<F,T8#6>,App<F,T9#5>,App<F,T10#4>,App<F,T11#3>,App<F,T12#2>,App<F,T13#1>)
      T8#6 extends Object declared in method <T1#13,T2#12,T3#11,T4#10,T5#9,T6#8,T7#7,T8#6,T9#5,T10#4,T11#3,T12#2,T13#1>group(App<F,T1#13>,App<F,T2#12>,App<F,T3#11>,App<F,T4#10>,App<F,T5#9>,App<F,T6#8>,App<F,T7#7>,App<F,T8#6>,App<F,T9#5>,App<F,T10#4>,App<F,T11#3>,App<F,T12#2>,App<F,T13#1>)
      T9#5 extends Object declared in method <T1#13,T2#12,T3#11,T4#10,T5#9,T6#8,T7#7,T8#6,T9#5,T10#4,T11#3,T12#2,T13#1>group(App<F,T1#13>,App<F,T2#12>,App<F,T3#11>,App<F,T4#10>,App<F,T5#9>,App<F,T6#8>,App<F,T7#7>,App<F,T8#6>,App<F,T9#5>,App<F,T10#4>,App<F,T11#3>,App<F,T12#2>,App<F,T13#1>)
      T10#4 extends Object declared in method <T1#13,T2#12,T3#11,T4#10,T5#9,T6#8,T7#7,T8#6,T9#5,T10#4,T11#3,T12#2,T13#1>group(App<F,T1#13>,App<F,T2#12>,App<F,T3#11>,App<F,T4#10>,App<F,T5#9>,App<F,T6#8>,App<F,T7#7>,App<F,T8#6>,App<F,T9#5>,App<F,T10#4>,App<F,T11#3>,App<F,T12#2>,App<F,T13#1>)
      T11#3 extends Object declared in method <T1#13,T2#12,T3#11,T4#10,T5#9,T6#8,T7#7,T8#6,T9#5,T10#4,T11#3,T12#2,T13#1>group(App<F,T1#13>,App<F,T2#12>,App<F,T3#11>,App<F,T4#10>,App<F,T5#9>,App<F,T6#8>,App<F,T7#7>,App<F,T8#6>,App<F,T9#5>,App<F,T10#4>,App<F,T11#3>,App<F,T12#2>,App<F,T13#1>)
      T12#2 extends Object declared in method <T1#13,T2#12,T3#11,T4#10,T5#9,T6#8,T7#7,T8#6,T9#5,T10#4,T11#3,T12#2,T13#1>group(App<F,T1#13>,App<F,T2#12>,App<F,T3#11>,App<F,T4#10>,App<F,T5#9>,App<F,T6#8>,App<F,T7#7>,App<F,T8#6>,App<F,T9#5>,App<F,T10#4>,App<F,T11#3>,App<F,T12#2>,App<F,T13#1>)
      T13#1 extends Object declared in method <T1#13,T2#12,T3#11,T4#10,T5#9,T6#8,T7#7,T8#6,T9#5,T10#4,T11#3,T12#2,T13#1>group(App<F,T1#13>,App<F,T2#12>,App<F,T3#11>,App<F,T4#10>,App<F,T5#9>,App<F,T6#8>,App<F,T7#7>,App<F,T8#6>,App<F,T9#5>,App<F,T10#4>,App<F,T11#3>,App<F,T12#2>,App<F,T13#1>)
      T1#14 extends Object declared in method <T1#14,T2#13,T3#12,T4#11,T5#10,T6#9,T7#8,T8#7,T9#6,T10#5,T11#4,T12#3,T13#2,T14#1>group(App<F,T1#14>,App<F,T2#13>,App<F,T3#12>,App<F,T4#11>,App<F,T5#10>,App<F,T6#9>,App<F,T7#8>,App<F,T8#7>,App<F,T9#6>,App<F,T10#5>,App<F,T11#4>,App<F,T12#3>,App<F,T13#2>,App<F,T14#1>)
      T2#13 extends Object declared in method <T1#14,T2#13,T3#12,T4#11,T5#10,T6#9,T7#8,T8#7,T9#6,T10#5,T11#4,T12#3,T13#2,T14#1>group(App<F,T1#14>,App<F,T2#13>,App<F,T3#12>,App<F,T4#11>,App<F,T5#10>,App<F,T6#9>,App<F,T7#8>,App<F,T8#7>,App<F,T9#6>,App<F,T10#5>,App<F,T11#4>,App<F,T12#3>,App<F,T13#2>,App<F,T14#1>)
      T3#12 extends Object declared in method <T1#14,T2#13,T3#12,T4#11,T5#10,T6#9,T7#8,T8#7,T9#6,T10#5,T11#4,T12#3,T13#2,T14#1>group(App<F,T1#14>,App<F,T2#13>,App<F,T3#12>,App<F,T4#11>,App<F,T5#10>,App<F,T6#9>,App<F,T7#8>,App<F,T8#7>,App<F,T9#6>,App<F,T10#5>,App<F,T11#4>,App<F,T12#3>,App<F,T13#2>,App<F,T14#1>)
      T4#11 extends Object declared in method <T1#14,T2#13,T3#12,T4#11,T5#10,T6#9,T7#8,T8#7,T9#6,T10#5,T11#4,T12#3,T13#2,T14#1>group(App<F,T1#14>,App<F,T2#13>,App<F,T3#12>,App<F,T4#11>,App<F,T5#10>,App<F,T6#9>,App<F,T7#8>,App<F,T8#7>,App<F,T9#6>,App<F,T10#5>,App<F,T11#4>,App<F,T12#3>,App<F,T13#2>,App<F,T14#1>)
      T5#10 extends Object declared in method <T1#14,T2#13,T3#12,T4#11,T5#10,T6#9,T7#8,T8#7,T9#6,T10#5,T11#4,T12#3,T13#2,T14#1>group(App<F,T1#14>,App<F,T2#13>,App<F,T3#12>,App<F,T4#11>,App<F,T5#10>,App<F,T6#9>,App<F,T7#8>,App<F,T8#7>,App<F,T9#6>,App<F,T10#5>,App<F,T11#4>,App<F,T12#3>,App<F,T13#2>,App<F,T14#1>)
      T6#9 extends Object declared in method <T1#14,T2#13,T3#12,T4#11,T5#10,T6#9,T7#8,T8#7,T9#6,T10#5,T11#4,T12#3,T13#2,T14#1>group(App<F,T1#14>,App<F,T2#13>,App<F,T3#12>,App<F,T4#11>,App<F,T5#10>,App<F,T6#9>,App<F,T7#8>,App<F,T8#7>,App<F,T9#6>,App<F,T10#5>,App<F,T11#4>,App<F,T12#3>,App<F,T13#2>,App<F,T14#1>)
      T7#8 extends Object declared in method <T1#14,T2#13,T3#12,T4#11,T5#10,T6#9,T7#8,T8#7,T9#6,T10#5,T11#4,T12#3,T13#2,T14#1>group(App<F,T1#14>,App<F,T2#13>,App<F,T3#12>,App<F,T4#11>,App<F,T5#10>,App<F,T6#9>,App<F,T7#8>,App<F,T8#7>,App<F,T9#6>,App<F,T10#5>,App<F,T11#4>,App<F,T12#3>,App<F,T13#2>,App<F,T14#1>)
      T8#7 extends Object declared in method <T1#14,T2#13,T3#12,T4#11,T5#10,T6#9,T7#8,T8#7,T9#6,T10#5,T11#4,T12#3,T13#2,T14#1>group(App<F,T1#14>,App<F,T2#13>,App<F,T3#12>,App<F,T4#11>,App<F,T5#10>,App<F,T6#9>,App<F,T7#8>,App<F,T8#7>,App<F,T9#6>,App<F,T10#5>,App<F,T11#4>,App<F,T12#3>,App<F,T13#2>,App<F,T14#1>)
      T9#6 extends Object declared in method <T1#14,T2#13,T3#12,T4#11,T5#10,T6#9,T7#8,T8#7,T9#6,T10#5,T11#4,T12#3,T13#2,T14#1>group(App<F,T1#14>,App<F,T2#13>,App<F,T3#12>,App<F,T4#11>,App<F,T5#10>,App<F,T6#9>,App<F,T7#8>,App<F,T8#7>,App<F,T9#6>,App<F,T10#5>,App<F,T11#4>,App<F,T12#3>,App<F,T13#2>,App<F,T14#1>)
      T10#5 extends Object declared in method <T1#14,T2#13,T3#12,T4#11,T5#10,T6#9,T7#8,T8#7,T9#6,T10#5,T11#4,T12#3,T13#2,T14#1>group(App<F,T1#14>,App<F,T2#13>,App<F,T3#12>,App<F,T4#11>,App<F,T5#10>,App<F,T6#9>,App<F,T7#8>,App<F,T8#7>,App<F,T9#6>,App<F,T10#5>,App<F,T11#4>,App<F,T12#3>,App<F,T13#2>,App<F,T14#1>)
      T11#4 extends Object declared in method <T1#14,T2#13,T3#12,T4#11,T5#10,T6#9,T7#8,T8#7,T9#6,T10#5,T11#4,T12#3,T13#2,T14#1>group(App<F,T1#14>,App<F,T2#13>,App<F,T3#12>,App<F,T4#11>,App<F,T5#10>,App<F,T6#9>,App<F,T7#8>,App<F,T8#7>,App<F,T9#6>,App<F,T10#5>,App<F,T11#4>,App<F,T12#3>,App<F,T13#2>,App<F,T14#1>)
      T12#3 extends Object declared in method <T1#14,T2#13,T3#12,T4#11,T5#10,T6#9,T7#8,T8#7,T9#6,T10#5,T11#4,T12#3,T13#2,T14#1>group(App<F,T1#14>,App<F,T2#13>,App<F,T3#12>,App<F,T4#11>,App<F,T5#10>,App<F,T6#9>,App<F,T7#8>,App<F,T8#7>,App<F,T9#6>,App<F,T10#5>,App<F,T11#4>,App<F,T12#3>,App<F,T13#2>,App<F,T14#1>)
      T13#2 extends Object declared in method <T1#14,T2#13,T3#12,T4#11,T5#10,T6#9,T7#8,T8#7,T9#6,T10#5,T11#4,T12#3,T13#2,T14#1>group(App<F,T1#14>,App<F,T2#13>,App<F,T3#12>,App<F,T4#11>,App<F,T5#10>,App<F,T6#9>,App<F,T7#8>,App<F,T8#7>,App<F,T9#6>,App<F,T10#5>,App<F,T11#4>,App<F,T12#3>,App<F,T13#2>,App<F,T14#1>)
      T14#1 extends Object declared in method <T1#14,T2#13,T3#12,T4#11,T5#10,T6#9,T7#8,T8#7,T9#6,T10#5,T11#4,T12#3,T13#2,T14#1>group(App<F,T1#14>,App<F,T2#13>,App<F,T3#12>,App<F,T4#11>,App<F,T5#10>,App<F,T6#9>,App<F,T7#8>,App<F,T8#7>,App<F,T9#6>,App<F,T10#5>,App<F,T11#4>,App<F,T12#3>,App<F,T13#2>,App<F,T14#1>)
      T1#15 extends Object declared in method <T1#15,T2#14,T3#13,T4#12,T5#11,T6#10,T7#9,T8#8,T9#7,T10#6,T11#5,T12#4,T13#3,T14#2,T15#1>group(App<F,T1#15>,App<F,T2#14>,App<F,T3#13>,App<F,T4#12>,App<F,T5#11>,App<F,T6#10>,App<F,T7#9>,App<F,T8#8>,App<F,T9#7>,App<F,T10#6>,App<F,T11#5>,App<F,T12#4>,App<F,T13#3>,App<F,T14#2>,App<F,T15#1>)
      T2#14 extends Object declared in method <T1#15,T2#14,T3#13,T4#12,T5#11,T6#10,T7#9,T8#8,T9#7,T10#6,T11#5,T12#4,T13#3,T14#2,T15#1>group(App<F,T1#15>,App<F,T2#14>,App<F,T3#13>,App<F,T4#12>,App<F,T5#11>,App<F,T6#10>,App<F,T7#9>,App<F,T8#8>,App<F,T9#7>,App<F,T10#6>,App<F,T11#5>,App<F,T12#4>,App<F,T13#3>,App<F,T14#2>,App<F,T15#1>)
      T3#13 extends Object declared in method <T1#15,T2#14,T3#13,T4#12,T5#11,T6#10,T7#9,T8#8,T9#7,T10#6,T11#5,T12#4,T13#3,T14#2,T15#1>group(App<F,T1#15>,App<F,T2#14>,App<F,T3#13>,App<F,T4#12>,App<F,T5#11>,App<F,T6#10>,App<F,T7#9>,App<F,T8#8>,App<F,T9#7>,App<F,T10#6>,App<F,T11#5>,App<F,T12#4>,App<F,T13#3>,App<F,T14#2>,App<F,T15#1>)
      T4#12 extends Object declared in method <T1#15,T2#14,T3#13,T4#12,T5#11,T6#10,T7#9,T8#8,T9#7,T10#6,T11#5,T12#4,T13#3,T14#2,T15#1>group(App<F,T1#15>,App<F,T2#14>,App<F,T3#13>,App<F,T4#12>,App<F,T5#11>,App<F,T6#10>,App<F,T7#9>,App<F,T8#8>,App<F,T9#7>,App<F,T10#6>,App<F,T11#5>,App<F,T12#4>,App<F,T13#3>,App<F,T14#2>,App<F,T15#1>)
      T5#11 extends Object declared in method <T1#15,T2#14,T3#13,T4#12,T5#11,T6#10,T7#9,T8#8,T9#7,T10#6,T11#5,T12#4,T13#3,T14#2,T15#1>group(App<F,T1#15>,App<F,T2#14>,App<F,T3#13>,App<F,T4#12>,App<F,T5#11>,App<F,T6#10>,App<F,T7#9>,App<F,T8#8>,App<F,T9#7>,App<F,T10#6>,App<F,T11#5>,App<F,T12#4>,App<F,T13#3>,App<F,T14#2>,App<F,T15#1>)
      T6#10 extends Object declared in method <T1#15,T2#14,T3#13,T4#12,T5#11,T6#10,T7#9,T8#8,T9#7,T10#6,T11#5,T12#4,T13#3,T14#2,T15#1>group(App<F,T1#15>,App<F,T2#14>,App<F,T3#13>,App<F,T4#12>,App<F,T5#11>,App<F,T6#10>,App<F,T7#9>,App<F,T8#8>,App<F,T9#7>,App<F,T10#6>,App<F,T11#5>,App<F,T12#4>,App<F,T13#3>,App<F,T14#2>,App<F,T15#1>)
      T7#9 extends Object declared in method <T1#15,T2#14,T3#13,T4#12,T5#11,T6#10,T7#9,T8#8,T9#7,T10#6,T11#5,T12#4,T13#3,T14#2,T15#1>group(App<F,T1#15>,App<F,T2#14>,App<F,T3#13>,App<F,T4#12>,App<F,T5#11>,App<F,T6#10>,App<F,T7#9>,App<F,T8#8>,App<F,T9#7>,App<F,T10#6>,App<F,T11#5>,App<F,T12#4>,App<F,T13#3>,App<F,T14#2>,App<F,T15#1>)
      T8#8 extends Object declared in method <T1#15,T2#14,T3#13,T4#12,T5#11,T6#10,T7#9,T8#8,T9#7,T10#6,T11#5,T12#4,T13#3,T14#2,T15#1>group(App<F,T1#15>,App<F,T2#14>,App<F,T3#13>,App<F,T4#12>,App<F,T5#11>,App<F,T6#10>,App<F,T7#9>,App<F,T8#8>,App<F,T9#7>,App<F,T10#6>,App<F,T11#5>,App<F,T12#4>,App<F,T13#3>,App<F,T14#2>,App<F,T15#1>)
      T9#7 extends Object declared in method <T1#15,T2#14,T3#13,T4#12,T5#11,T6#10,T7#9,T8#8,T9#7,T10#6,T11#5,T12#4,T13#3,T14#2,T15#1>group(App<F,T1#15>,App<F,T2#14>,App<F,T3#13>,App<F,T4#12>,App<F,T5#11>,App<F,T6#10>,App<F,T7#9>,App<F,T8#8>,App<F,T9#7>,App<F,T10#6>,App<F,T11#5>,App<F,T12#4>,App<F,T13#3>,App<F,T14#2>,App<F,T15#1>)
      T10#6 extends Object declared in method <T1#15,T2#14,T3#13,T4#12,T5#11,T6#10,T7#9,T8#8,T9#7,T10#6,T11#5,T12#4,T13#3,T14#2,T15#1>group(App<F,T1#15>,App<F,T2#14>,App<F,T3#13>,App<F,T4#12>,App<F,T5#11>,App<F,T6#10>,App<F,T7#9>,App<F,T8#8>,App<F,T9#7>,App<F,T10#6>,App<F,T11#5>,App<F,T12#4>,App<F,T13#3>,App<F,T14#2>,App<F,T15#1>)
      T11#5 extends Object declared in method <T1#15,T2#14,T3#13,T4#12,T5#11,T6#10,T7#9,T8#8,T9#7,T10#6,T11#5,T12#4,T13#3,T14#2,T15#1>group(App<F,T1#15>,App<F,T2#14>,App<F,T3#13>,App<F,T4#12>,App<F,T5#11>,App<F,T6#10>,App<F,T7#9>,App<F,T8#8>,App<F,T9#7>,App<F,T10#6>,App<F,T11#5>,App<F,T12#4>,App<F,T13#3>,App<F,T14#2>,App<F,T15#1>)
      T12#4 extends Object declared in method <T1#15,T2#14,T3#13,T4#12,T5#11,T6#10,T7#9,T8#8,T9#7,T10#6,T11#5,T12#4,T13#3,T14#2,T15#1>group(App<F,T1#15>,App<F,T2#14>,App<F,T3#13>,App<F,T4#12>,App<F,T5#11>,App<F,T6#10>,App<F,T7#9>,App<F,T8#8>,App<F,T9#7>,App<F,T10#6>,App<F,T11#5>,App<F,T12#4>,App<F,T13#3>,App<F,T14#2>,App<F,T15#1>)
      T13#3 extends Object declared in method <T1#15,T2#14,T3#13,T4#12,T5#11,T6#10,T7#9,T8#8,T9#7,T10#6,T11#5,T12#4,T13#3,T14#2,T15#1>group(App<F,T1#15>,App<F,T2#14>,App<F,T3#13>,App<F,T4#12>,App<F,T5#11>,App<F,T6#10>,App<F,T7#9>,App<F,T8#8>,App<F,T9#7>,App<F,T10#6>,App<F,T11#5>,App<F,T12#4>,App<F,T13#3>,App<F,T14#2>,App<F,T15#1>)
      T14#2 extends Object declared in method <T1#15,T2#14,T3#13,T4#12,T5#11,T6#10,T7#9,T8#8,T9#7,T10#6,T11#5,T12#4,T13#3,T14#2,T15#1>group(App<F,T1#15>,App<F,T2#14>,App<F,T3#13>,App<F,T4#12>,App<F,T5#11>,App<F,T6#10>,App<F,T7#9>,App<F,T8#8>,App<F,T9#7>,App<F,T10#6>,App<F,T11#5>,App<F,T12#4>,App<F,T13#3>,App<F,T14#2>,App<F,T15#1>)
      T15#1 extends Object declared in method <T1#15,T2#14,T3#13,T4#12,T5#11,T6#10,T7#9,T8#8,T9#7,T10#6,T11#5,T12#4,T13#3,T14#2,T15#1>group(App<F,T1#15>,App<F,T2#14>,App<F,T3#13>,App<F,T4#12>,App<F,T5#11>,App<F,T6#10>,App<F,T7#9>,App<F,T8#8>,App<F,T9#7>,App<F,T10#6>,App<F,T11#5>,App<F,T12#4>,App<F,T13#3>,App<F,T14#2>,App<F,T15#1>)
      T1#16 extends Object declared in method <T1#16,T2#15,T3#14,T4#13,T5#12,T6#11,T7#10,T8#9,T9#8,T10#7,T11#6,T12#5,T13#4,T14#3,T15#2,T16>group(App<F,T1#16>,App<F,T2#15>,App<F,T3#14>,App<F,T4#13>,App<F,T5#12>,App<F,T6#11>,App<F,T7#10>,App<F,T8#9>,App<F,T9#8>,App<F,T10#7>,App<F,T11#6>,App<F,T12#5>,App<F,T13#4>,App<F,T14#3>,App<F,T15#2>,App<F,T16>)
      T2#15 extends Object declared in method <T1#16,T2#15,T3#14,T4#13,T5#12,T6#11,T7#10,T8#9,T9#8,T10#7,T11#6,T12#5,T13#4,T14#3,T15#2,T16>group(App<F,T1#16>,App<F,T2#15>,App<F,T3#14>,App<F,T4#13>,App<F,T5#12>,App<F,T6#11>,App<F,T7#10>,App<F,T8#9>,App<F,T9#8>,App<F,T10#7>,App<F,T11#6>,App<F,T12#5>,App<F,T13#4>,App<F,T14#3>,App<F,T15#2>,App<F,T16>)
      T3#14 extends Object declared in method <T1#16,T2#15,T3#14,T4#13,T5#12,T6#11,T7#10,T8#9,T9#8,T10#7,T11#6,T12#5,T13#4,T14#3,T15#2,T16>group(App<F,T1#16>,App<F,T2#15>,App<F,T3#14>,App<F,T4#13>,App<F,T5#12>,App<F,T6#11>,App<F,T7#10>,App<F,T8#9>,App<F,T9#8>,App<F,T10#7>,App<F,T11#6>,App<F,T12#5>,App<F,T13#4>,App<F,T14#3>,App<F,T15#2>,App<F,T16>)
      T4#13 extends Object declared in method <T1#16,T2#15,T3#14,T4#13,T5#12,T6#11,T7#10,T8#9,T9#8,T10#7,T11#6,T12#5,T13#4,T14#3,T15#2,T16>group(App<F,T1#16>,App<F,T2#15>,App<F,T3#14>,App<F,T4#13>,App<F,T5#12>,App<F,T6#11>,App<F,T7#10>,App<F,T8#9>,App<F,T9#8>,App<F,T10#7>,App<F,T11#6>,App<F,T12#5>,App<F,T13#4>,App<F,T14#3>,App<F,T15#2>,App<F,T16>)
      T5#12 extends Object declared in method <T1#16,T2#15,T3#14,T4#13,T5#12,T6#11,T7#10,T8#9,T9#8,T10#7,T11#6,T12#5,T13#4,T14#3,T15#2,T16>group(App<F,T1#16>,App<F,T2#15>,App<F,T3#14>,App<F,T4#13>,App<F,T5#12>,App<F,T6#11>,App<F,T7#10>,App<F,T8#9>,App<F,T9#8>,App<F,T10#7>,App<F,T11#6>,App<F,T12#5>,App<F,T13#4>,App<F,T14#3>,App<F,T15#2>,App<F,T16>)
      T6#11 extends Object declared in method <T1#16,T2#15,T3#14,T4#13,T5#12,T6#11,T7#10,T8#9,T9#8,T10#7,T11#6,T12#5,T13#4,T14#3,T15#2,T16>group(App<F,T1#16>,App<F,T2#15>,App<F,T3#14>,App<F,T4#13>,App<F,T5#12>,App<F,T6#11>,App<F,T7#10>,App<F,T8#9>,App<F,T9#8>,App<F,T10#7>,App<F,T11#6>,App<F,T12#5>,App<F,T13#4>,App<F,T14#3>,App<F,T15#2>,App<F,T16>)
      T7#10 extends Object declared in method <T1#16,T2#15,T3#14,T4#13,T5#12,T6#11,T7#10,T8#9,T9#8,T10#7,T11#6,T12#5,T13#4,T14#3,T15#2,T16>group(App<F,T1#16>,App<F,T2#15>,App<F,T3#14>,App<F,T4#13>,App<F,T5#12>,App<F,T6#11>,App<F,T7#10>,App<F,T8#9>,App<F,T9#8>,App<F,T10#7>,App<F,T11#6>,App<F,T12#5>,App<F,T13#4>,App<F,T14#3>,App<F,T15#2>,App<F,T16>)
      T8#9 extends Object declared in method <T1#16,T2#15,T3#14,T4#13,T5#12,T6#11,T7#10,T8#9,T9#8,T10#7,T11#6,T12#5,T13#4,T14#3,T15#2,T16>group(App<F,T1#16>,App<F,T2#15>,App<F,T3#14>,App<F,T4#13>,App<F,T5#12>,App<F,T6#11>,App<F,T7#10>,App<F,T8#9>,App<F,T9#8>,App<F,T10#7>,App<F,T11#6>,App<F,T12#5>,App<F,T13#4>,App<F,T14#3>,App<F,T15#2>,App<F,T16>)
      T9#8 extends Object declared in method <T1#16,T2#15,T3#14,T4#13,T5#12,T6#11,T7#10,T8#9,T9#8,T10#7,T11#6,T12#5,T13#4,T14#3,T15#2,T16>group(App<F,T1#16>,App<F,T2#15>,App<F,T3#14>,App<F,T4#13>,App<F,T5#12>,App<F,T6#11>,App<F,T7#10>,App<F,T8#9>,App<F,T9#8>,App<F,T10#7>,App<F,T11#6>,App<F,T12#5>,App<F,T13#4>,App<F,T14#3>,App<F,T15#2>,App<F,T16>)
      T10#7 extends Object declared in method <T1#16,T2#15,T3#14,T4#13,T5#12,T6#11,T7#10,T8#9,T9#8,T10#7,T11#6,T12#5,T13#4,T14#3,T15#2,T16>group(App<F,T1#16>,App<F,T2#15>,App<F,T3#14>,App<F,T4#13>,App<F,T5#12>,App<F,T6#11>,App<F,T7#10>,App<F,T8#9>,App<F,T9#8>,App<F,T10#7>,App<F,T11#6>,App<F,T12#5>,App<F,T13#4>,App<F,T14#3>,App<F,T15#2>,App<F,T16>)
      T11#6 extends Object declared in method <T1#16,T2#15,T3#14,T4#13,T5#12,T6#11,T7#10,T8#9,T9#8,T10#7,T11#6,T12#5,T13#4,T14#3,T15#2,T16>group(App<F,T1#16>,App<F,T2#15>,App<F,T3#14>,App<F,T4#13>,App<F,T5#12>,App<F,T6#11>,App<F,T7#10>,App<F,T8#9>,App<F,T9#8>,App<F,T10#7>,App<F,T11#6>,App<F,T12#5>,App<F,T13#4>,App<F,T14#3>,App<F,T15#2>,App<F,T16>)
      T12#5 extends Object declared in method <T1#16,T2#15,T3#14,T4#13,T5#12,T6#11,T7#10,T8#9,T9#8,T10#7,T11#6,T12#5,T13#4,T14#3,T15#2,T16>group(App<F,T1#16>,App<F,T2#15>,App<F,T3#14>,App<F,T4#13>,App<F,T5#12>,App<F,T6#11>,App<F,T7#10>,App<F,T8#9>,App<F,T9#8>,App<F,T10#7>,App<F,T11#6>,App<F,T12#5>,App<F,T13#4>,App<F,T14#3>,App<F,T15#2>,App<F,T16>)
      T13#4 extends Object declared in method <T1#16,T2#15,T3#14,T4#13,T5#12,T6#11,T7#10,T8#9,T9#8,T10#7,T11#6,T12#5,T13#4,T14#3,T15#2,T16>group(App<F,T1#16>,App<F,T2#15>,App<F,T3#14>,App<F,T4#13>,App<F,T5#12>,App<F,T6#11>,App<F,T7#10>,App<F,T8#9>,App<F,T9#8>,App<F,T10#7>,App<F,T11#6>,App<F,T12#5>,App<F,T13#4>,App<F,T14#3>,App<F,T15#2>,App<F,T16>)
      T14#3 extends Object declared in method <T1#16,T2#15,T3#14,T4#13,T5#12,T6#11,T7#10,T8#9,T9#8,T10#7,T11#6,T12#5,T13#4,T14#3,T15#2,T16>group(App<F,T1#16>,App<F,T2#15>,App<F,T3#14>,App<F,T4#13>,App<F,T5#12>,App<F,T6#11>,App<F,T7#10>,App<F,T8#9>,App<F,T9#8>,App<F,T10#7>,App<F,T11#6>,App<F,T12#5>,App<F,T13#4>,App<F,T14#3>,App<F,T15#2>,App<F,T16>)
      T15#2 extends Object declared in method <T1#16,T2#15,T3#14,T4#13,T5#12,T6#11,T7#10,T8#9,T9#8,T10#7,T11#6,T12#5,T13#4,T14#3,T15#2,T16>group(App<F,T1#16>,App<F,T2#15>,App<F,T3#14>,App<F,T4#13>,App<F,T5#12>,App<F,T6#11>,App<F,T7#10>,App<F,T8#9>,App<F,T9#8>,App<F,T10#7>,App<F,T11#6>,App<F,T12#5>,App<F,T13#4>,App<F,T14#3>,App<F,T15#2>,App<F,T16>)
      T16 extends Object declared in method <T1#16,T2#15,T3#14,T4#13,T5#12,T6#11,T7#10,T8#9,T9#8,T10#7,T11#6,T12#5,T13#4,T14#3,T15#2,T16>group(App<F,T1#16>,App<F,T2#15>,App<F,T3#14>,App<F,T4#13>,App<F,T5#12>,App<F,T6#11>,App<F,T7#10>,App<F,T8#9>,App<F,T9#8>,App<F,T10#7>,App<F,T11#6>,App<F,T12#5>,App<F,T13#4>,App<F,T14#3>,App<F,T15#2>,App<F,T16>)
  /home/runner/work/TaCZ_Refabricated_Unofficial/TaCZ_Refabricated_Unofficial/src/main/java/cn/sh1rocu/tacz/industry/api/feed/BoxMagazineData.java:40: error: no suitable method found for group(RecordCodecBuilder<BoxMagazineData,Identifier>,RecordCodecBuilder<BoxMagazineData,Integer>,RecordCodecBuilder<BoxMagazineData,List<LoadedRound>>,RecordCodecBuilder<BoxMagazineData,Float>,RecordCodecBuilder<BoxMagazineData,Float>)
              instance -> instance.group(
                                  ^
      method Kind1.<T1#1>group(App<Mu<Object>,T1#1>) is not applicable
        (cannot infer type-variable(s) T1#1
          (actual and formal argument lists differ in length))
      method Kind1.<T1#2,T2#1>group(App<Mu<Object>,T1#2>,App<Mu<Object>,T2#1>) is not applicable
        (cannot infer type-variable(s) T1#2,T2#1
          (actual and formal argument lists differ in length))
      method Kind1.<T1#3,T2#2,T3#1>group(App<Mu<Object>,T1#3>,App<Mu<Object>,T2#2>,App<Mu<Object>,T3#1>) is not applicable
        (cannot infer type-variable(s) T1#3,T2#2,T3#1
          (actual and formal argument lists differ in length))
      method Kind1.<T1#4,T2#3,T3#2,T4#1>group(App<Mu<Object>,T1#4>,App<Mu<Object>,T2#3>,App<Mu<Object>,T3#2>,App<Mu<Object>,T4#1>) is not applicable
        (cannot infer type-variable(s) T1#4,T2#3,T3#2,T4#1
          (actual and formal argument lists differ in length))
      method Kind1.<T1#5,T2#4,T3#3,T4#2,T5#1>group(App<Mu<Object>,T1#5>,App<Mu<Object>,T2#4>,App<Mu<Object>,T3#3>,App<Mu<Object>,T4#2>,App<Mu<Object>,T5#1>) is not applicable
        (inference variable O has incompatible bounds
          equality constraints: Object
          upper bounds: Object,BoxMagazineData)
      method Kind1.<T1#6,T2#5,T3#4,T4#3,T5#2,T6#1>group(App<Mu<Object>,T1#6>,App<Mu<Object>,T2#5>,App<Mu<Object>,T3#4>,App<Mu<Object>,T4#3>,App<Mu<Object>,T5#2>,App<Mu<Object>,T6#1>) is not applicable
        (cannot infer type-variable(s) T1#6,T2#5,T3#4,T4#3,T5#2,T6#1
          (actual and formal argument lists differ in length))
      method Kind1.<T1#7,T2#6,T3#5,T4#4,T5#3,T6#2,T7#1>group(App<Mu<Object>,T1#7>,App<Mu<Object>,T2#6>,App<Mu<Object>,T3#5>,App<Mu<Object>,T4#4>,App<Mu<Object>,T5#3>,App<Mu<Object>,T6#2>,App<Mu<Object>,T7#1>) is not applicable
        (cannot infer type-variable(s) T1#7,T2#6,T3#5,T4#4,T5#3,T6#2,T7#1
          (actual and formal argument lists differ in length))
      method Kind1.<T1#8,T2#7,T3#6,T4#5,T5#4,T6#3,T7#2,T8#1>group(App<Mu<Object>,T1#8>,App<Mu<Object>,T2#7>,App<Mu<Object>,T3#6>,App<Mu<Object>,T4#5>,App<Mu<Object>,T5#4>,App<Mu<Object>,T6#3>,App<Mu<Object>,T7#2>,App<Mu<Object>,T8#1>) is not applicable
        (cannot infer type-variable(s) T1#8,T2#7,T3#6,T4#5,T5#4,T6#3,T7#2,T8#1
          (actual and formal argument lists differ in length))
      method Kind1.<T1#9,T2#8,T3#7,T4#6,T5#5,T6#4,T7#3,T8#2,T9#1>group(App<Mu<Object>,T1#9>,App<Mu<Object>,T2#8>,App<Mu<Object>,T3#7>,App<Mu<Object>,T4#6>,App<Mu<Object>,T5#5>,App<Mu<Object>,T6#4>,App<Mu<Object>,T7#3>,App<Mu<Object>,T8#2>,App<Mu<Object>,T9#1>) is not applicable
        (cannot infer type-variable(s) T1#9,T2#8,T3#7,T4#6,T5#5,T6#4,T7#3,T8#2,T9#1
          (actual and formal argument lists differ in length))
      method Kind1.<T1#10,T2#9,T3#8,T4#7,T5#6,T6#5,T7#4,T8#3,T9#2,T10#1>group(App<Mu<Object>,T1#10>,App<Mu<Object>,T2#9>,App<Mu<Object>,T3#8>,App<Mu<Object>,T4#7>,App<Mu<Object>,T5#6>,App<Mu<Object>,T6#5>,App<Mu<Object>,T7#4>,App<Mu<Object>,T8#3>,App<Mu<Object>,T9#2>,App<Mu<Object>,T10#1>) is not applicable
        (cannot infer type-variable(s) T1#10,T2#9,T3#8,T4#7,T5#6,T6#5,T7#4,T8#3,T9#2,T10#1
          (actual and formal argument lists differ in length))
      method Kind1.<T1#11,T2#10,T3#9,T4#8,T5#7,T6#6,T7#5,T8#4,T9#3,T10#2,T11#1>group(App<Mu<Object>,T1#11>,App<Mu<Object>,T2#10>,App<Mu<Object>,T3#9>,App<Mu<Object>,T4#8>,App<Mu<Object>,T5#7>,App<Mu<Object>,T6#6>,App<Mu<Object>,T7#5>,App<Mu<Object>,T8#4>,App<Mu<Object>,T9#3>,App<Mu<Object>,T10#2>,App<Mu<Object>,T11#1>) is not applicable
        (cannot infer type-variable(s) T1#11,T2#10,T3#9,T4#8,T5#7,T6#6,T7#5,T8#4,T9#3,T10#2,T11#1
          (actual and formal argument lists differ in length))
      method Kind1.<T1#12,T2#11,T3#10,T4#9,T5#8,T6#7,T7#6,T8#5,T9#4,T10#3,T11#2,T12#1>group(App<Mu<Object>,T1#12>,App<Mu<Object>,T2#11>,App<Mu<Object>,T3#10>,App<Mu<Object>,T4#9>,App<Mu<Object>,T5#8>,App<Mu<Object>,T6#7>,App<Mu<Object>,T7#6>,App<Mu<Object>,T8#5>,App<Mu<Object>,T9#4>,App<Mu<Object>,T10#3>,App<Mu<Object>,T11#2>,App<Mu<Object>,T12#1>) is not applicable
        (cannot infer type-variable(s) T1#12,T2#11,T3#10,T4#9,T5#8,T6#7,T7#6,T8#5,T9#4,T10#3,T11#2,T12#1
          (actual and formal argument lists differ in length))
      method Kind1.<T1#13,T2#12,T3#11,T4#10,T5#9,T6#8,T7#7,T8#6,T9#5,T10#4,T11#3,T12#2,T13#1>group(App<Mu<Object>,T1#13>,App<Mu<Object>,T2#12>,App<Mu<Object>,T3#11>,App<Mu<Object>,T4#10>,App<Mu<Object>,T5#9>,App<Mu<Object>,T6#8>,App<Mu<Object>,T7#7>,App<Mu<Object>,T8#6>,App<Mu<Object>,T9#5>,App<Mu<Object>,T10#4>,App<Mu<Object>,T11#3>,App<Mu<Object>,T12#2>,App<Mu<Object>,T13#1>) is not applicable
        (cannot infer type-variable(s) T1#13,T2#12,T3#11,T4#10,T5#9,T6#8,T7#7,T8#6,T9#5,T10#4,T11#3,T12#2,T13#1
          (actual and formal argument lists differ in length))
      method Kind1.<T1#14,T2#13,T3#12,T4#11,T5#10,T6#9,T7#8,T8#7,T9#6,T10#5,T11#4,T12#3,T13#2,T14#1>group(App<Mu<Object>,T1#14>,App<Mu<Object>,T2#13>,App<Mu<Object>,T3#12>,App<Mu<Object>,T4#11>,App<Mu<Object>,T5#10>,App<Mu<Object>,T6#9>,App<Mu<Object>,T7#8>,App<Mu<Object>,T8#7>,App<Mu<Object>,T9#6>,App<Mu<Object>,T10#5>,App<Mu<Object>,T11#4>,App<Mu<Object>,T12#3>,App<Mu<Object>,T13#2>,App<Mu<Object>,T14#1>) is not applicable
        (cannot infer type-variable(s) T1#14,T2#13,T3#12,T4#11,T5#10,T6#9,T7#8,T8#7,T9#6,T10#5,T11#4,T12#3,T13#2,T14#1
          (actual and formal argument lists differ in length))
      method Kind1.<T1#15,T2#14,T3#13,T4#12,T5#11,T6#10,T7#9,T8#8,T9#7,T10#6,T11#5,T12#4,T13#3,T14#2,T15#1>group(App<Mu<Object>,T1#15>,App<Mu<Object>,T2#14>,App<Mu<Object>,T3#13>,App<Mu<Object>,T4#12>,App<Mu<Object>,T5#11>,App<Mu<Object>,T6#10>,App<Mu<Object>,T7#9>,App<Mu<Object>,T8#8>,App<Mu<Object>,T9#7>,App<Mu<Object>,T10#6>,App<Mu<Object>,T11#5>,App<Mu<Object>,T12#4>,App<Mu<Object>,T13#3>,App<Mu<Object>,T14#2>,App<Mu<Object>,T15#1>) is not applicable
        (cannot infer type-variable(s) T1#15,T2#14,T3#13,T4#12,T5#11,T6#10,T7#9,T8#8,T9#7,T10#6,T11#5,T12#4,T13#3,T14#2,T15#1
          (actual and formal argument lists differ in length))
      method Kind1.<T1#16,T2#15,T3#14,T4#13,T5#12,T6#11,T7#10,T8#9,T9#8,T10#7,T11#6,T12#5,T13#4,T14#3,T15#2,T16>group(App<Mu<Object>,T1#16>,App<Mu<Object>,T2#15>,App<Mu<Object>,T3#14>,App<Mu<Object>,T4#13>,App<Mu<Object>,T5#12>,App<Mu<Object>,T6#11>,App<Mu<Object>,T7#10>,App<Mu<Object>,T8#9>,App<Mu<Object>,T9#8>,App<Mu<Object>,T10#7>,App<Mu<Object>,T11#6>,App<Mu<Object>,T12#5>,App<Mu<Object>,T13#4>,App<Mu<Object>,T14#3>,App<Mu<Object>,T15#2>,App<Mu<Object>,T16>) is not applicable
        (cannot infer type-variable(s) T1#16,T2#15,T3#14,T4#13,T5#12,T6#11,T7#10,T8#9,T9#8,T10#7,T11#6,T12#5,T13#4,T14#3,T15#2,T16
          (actual and formal argument lists differ in length))
    where T1#1,F,T1#2,T2#1,T1#3,T2#2,T3#1,T1#4,T2#3,T3#2,T4#1,T1#5,T2#4,T3#3,T4#2,T5#1,O,A,T1#6,T2#5,T3#4,T4#3,T5#2,T6#1,T1#7,T2#6,T3#5,T4#4,T5#3,T6#2,T7#1,T1#8,T2#7,T3#6,T4#5,T5#4,T6#3,T7#2,T8#1,T1#9,T2#8,T3#7,T4#6,T5#5,T6#4,T7#3,T8#2,T9#1,T1#10,T2#9,T3#8,T4#7,T5#6,T6#5,T7#4,T8#3,T9#2,T10#1,T1#11,T2#10,T3#9,T4#8,T5#7,T6#6,T7#5,T8#4,T9#3,T10#2,T11#1,T1#12,T2#11,T3#10,T4#9,T5#8,T6#7,T7#6,T8#5,T9#4,T10#3,T11#2,T12#1,T1#13,T2#12,T3#11,T4#10,T5#9,T6#8,T7#7,T8#6,T9#5,T10#4,T11#3,T12#2,T13#1,T1#14,T2#13,T3#12,T4#11,T5#10,T6#9,T7#8,T8#7,T9#6,T10#5,T11#4,T12#3,T13#2,T14#1,T1#15,T2#14,T3#13,T4#12,T5#11,T6#10,T7#9,T8#8,T9#7,T10#6,T11#5,T12#4,T13#3,T14#2,T15#1,T1#16,T2#15,T3#14,T4#13,T5#12,T6#11,T7#10,T8#9,T9#8,T10#7,T11#6,T12#5,T13#4,T14#3,T15#2,T16 are type-variables:
      T1#1 extends Object declared in method <T1#1>group(App<F,T1#1>)
      F extends K1 declared in interface Kind1
      T1#2 extends Object declared in method <T1#2,T2#1>group(App<F,T1#2>,App<F,T2#1>)
      T2#1 extends Object declared in method <T1#2,T2#1>group(App<F,T1#2>,App<F,T2#1>)
      T1#3 extends Object declared in method <T1#3,T2#2,T3#1>group(App<F,T1#3>,App<F,T2#2>,App<F,T3#1>)
      T2#2 extends Object declared in method <T1#3,T2#2,T3#1>group(App<F,T1#3>,App<F,T2#2>,App<F,T3#1>)
      T3#1 extends Object declared in method <T1#3,T2#2,T3#1>group(App<F,T1#3>,App<F,T2#2>,App<F,T3#1>)
      T1#4 extends Object declared in method <T1#4,T2#3,T3#2,T4#1>group(App<F,T1#4>,App<F,T2#3>,App<F,T3#2>,App<F,T4#1>)
      T2#3 extends Object declared in method <T1#4,T2#3,T3#2,T4#1>group(App<F,T1#4>,App<F,T2#3>,App<F,T3#2>,App<F,T4#1>)
      T3#2 extends Object declared in method <T1#4,T2#3,T3#2,T4#1>group(App<F,T1#4>,App<F,T2#3>,App<F,T3#2>,App<F,T4#1>)
      T4#1 extends Object declared in method <T1#4,T2#3,T3#2,T4#1>group(App<F,T1#4>,App<F,T2#3>,App<F,T3#2>,App<F,T4#1>)
      T1#5 extends Object declared in method <T1#5,T2#4,T3#3,T4#2,T5#1>group(App<F,T1#5>,App<F,T2#4>,App<F,T3#3>,App<F,T4#2>,App<F,T5#1>)
      T2#4 extends Object declared in method <T1#5,T2#4,T3#3,T4#2,T5#1>group(App<F,T1#5>,App<F,T2#4>,App<F,T3#3>,App<F,T4#2>,App<F,T5#1>)
      T3#3 extends Object declared in method <T1#5,T2#4,T3#3,T4#2,T5#1>group(App<F,T1#5>,App<F,T2#4>,App<F,T3#3>,App<F,T4#2>,App<F,T5#1>)
      T4#2 extends Object declared in method <T1#5,T2#4,T3#3,T4#2,T5#1>group(App<F,T1#5>,App<F,T2#4>,App<F,T3#3>,App<F,T4#2>,App<F,T5#1>)
      T5#1 extends Object declared in method <T1#5,T2#4,T3#3,T4#2,T5#1>group(App<F,T1#5>,App<F,T2#4>,App<F,T3#3>,App<F,T4#2>,App<F,T5#1>)
      O extends Object declared in method <O>forGetter(Function<O,A>)
      A extends Object declared in class MapCodec
      T1#6 extends Object declared in method <T1#6,T2#5,T3#4,T4#3,T5#2,T6#1>group(App<F,T1#6>,App<F,T2#5>,App<F,T3#4>,App<F,T4#3>,App<F,T5#2>,App<F,T6#1>)
      T2#5 extends Object declared in method <T1#6,T2#5,T3#4,T4#3,T5#2,T6#1>group(App<F,T1#6>,App<F,T2#5>,App<F,T3#4>,App<F,T4#3>,App<F,T5#2>,App<F,T6#1>)
      T3#4 extends Object declared in method <T1#6,T2#5,T3#4,T4#3,T5#2,T6#1>group(App<F,T1#6>,App<F,T2#5>,App<F,T3#4>,App<F,T4#3>,App<F,T5#2>,App<F,T6#1>)
      T4#3 extends Object declared in method <T1#6,T2#5,T3#4,T4#3,T5#2,T6#1>group(App<F,T1#6>,App<F,T2#5>,App<F,T3#4>,App<F,T4#3>,App<F,T5#2>,App<F,T6#1>)
      T5#2 extends Object declared in method <T1#6,T2#5,T3#4,T4#3,T5#2,T6#1>group(App<F,T1#6>,App<F,T2#5>,App<F,T3#4>,App<F,T4#3>,App<F,T5#2>,App<F,T6#1>)
      T6#1 extends Object declared in method <T1#6,T2#5,T3#4,T4#3,T5#2,T6#1>group(App<F,T1#6>,App<F,T2#5>,App<F,T3#4>,App<F,T4#3>,App<F,T5#2>,App<F,T6#1>)
      T1#7 extends Object declared in method <T1#7,T2#6,T3#5,T4#4,T5#3,T6#2,T7#1>group(App<F,T1#7>,App<F,T2#6>,App<F,T3#5>,App<F,T4#4>,App<F,T5#3>,App<F,T6#2>,App<F,T7#1>)
      T2#6 extends Object declared in method <T1#7,T2#6,T3#5,T4#4,T5#3,T6#2,T7#1>group(App<F,T1#7>,App<F,T2#6>,App<F,T3#5>,App<F,T4#4>,App<F,T5#3>,App<F,T6#2>,App<F,T7#1>)
      T3#5 extends Object declared in method <T1#7,T2#6,T3#5,T4#4,T5#3,T6#2,T7#1>group(App<F,T1#7>,App<F,T2#6>,App<F,T3#5>,App<F,T4#4>,App<F,T5#3>,App<F,T6#2>,App<F,T7#1>)
      T4#4 extends Object declared in method <T1#7,T2#6,T3#5,T4#4,T5#3,T6#2,T7#1>group(App<F,T1#7>,App<F,T2#6>,App<F,T3#5>,App<F,T4#4>,App<F,T5#3>,App<F,T6#2>,App<F,T7#1>)
      T5#3 extends Object declared in method <T1#7,T2#6,T3#5,T4#4,T5#3,T6#2,T7#1>group(App<F,T1#7>,App<F,T2#6>,App<F,T3#5>,App<F,T4#4>,App<F,T5#3>,App<F,T6#2>,App<F,T7#1>)
      T6#2 extends Object declared in method <T1#7,T2#6,T3#5,T4#4,T5#3,T6#2,T7#1>group(App<F,T1#7>,App<F,T2#6>,App<F,T3#5>,App<F,T4#4>,App<F,T5#3>,App<F,T6#2>,App<F,T7#1>)
      T7#1 extends Object declared in method <T1#7,T2#6,T3#5,T4#4,T5#3,T6#2,T7#1>group(App<F,T1#7>,App<F,T2#6>,App<F,T3#5>,App<F,T4#4>,App<F,T5#3>,App<F,T6#2>,App<F,T7#1>)
      T1#8 extends Object declared in method <T1#8,T2#7,T3#6,T4#5,T5#4,T6#3,T7#2,T8#1>group(App<F,T1#8>,App<F,T2#7>,App<F,T3#6>,App<F,T4#5>,App<F,T5#4>,App<F,T6#3>,App<F,T7#2>,App<F,T8#1>)
      T2#7 extends Object declared in method <T1#8,T2#7,T3#6,T4#5,T5#4,T6#3,T7#2,T8#1>group(App<F,T1#8>,App<F,T2#7>,App<F,T3#6>,App<F,T4#5>,App<F,T5#4>,App<F,T6#3>,App<F,T7#2>,App<F,T8#1>)
      T3#6 extends Object declared in method <T1#8,T2#7,T3#6,T4#5,T5#4,T6#3,T7#2,T8#1>group(App<F,T1#8>,App<F,T2#7>,App<F,T3#6>,App<F,T4#5>,App<F,T5#4>,App<F,T6#3>,App<F,T7#2>,App<F,T8#1>)
      T4#5 extends Object declared in method <T1#8,T2#7,T3#6,T4#5,T5#4,T6#3,T7#2,T8#1>group(App<F,T1#8>,App<F,T2#7>,App<F,T3#6>,App<F,T4#5>,App<F,T5#4>,App<F,T6#3>,App<F,T7#2>,App<F,T8#1>)
      T5#4 extends Object declared in method <T1#8,T2#7,T3#6,T4#5,T5#4,T6#3,T7#2,T8#1>group(App<F,T1#8>,App<F,T2#7>,App<F,T3#6>,App<F,T4#5>,App<F,T5#4>,App<F,T6#3>,App<F,T7#2>,App<F,T8#1>)
      T6#3 extends Object declared in method <T1#8,T2#7,T3#6,T4#5,T5#4,T6#3,T7#2,T8#1>group(App<F,T1#8>,App<F,T2#7>,App<F,T3#6>,App<F,T4#5>,App<F,T5#4>,App<F,T6#3>,App<F,T7#2>,App<F,T8#1>)
      T7#2 extends Object declared in method <T1#8,T2#7,T3#6,T4#5,T5#4,T6#3,T7#2,T8#1>group(App<F,T1#8>,App<F,T2#7>,App<F,T3#6>,App<F,T4#5>,App<F,T5#4>,App<F,T6#3>,App<F,T7#2>,App<F,T8#1>)
      T8#1 extends Object declared in method <T1#8,T2#7,T3#6,T4#5,T5#4,T6#3,T7#2,T8#1>group(App<F,T1#8>,App<F,T2#7>,App<F,T3#6>,App<F,T4#5>,App<F,T5#4>,App<F,T6#3>,App<F,T7#2>,App<F,T8#1>)
      T1#9 extends Object declared in method <T1#9,T2#8,T3#7,T4#6,T5#5,T6#4,T7#3,T8#2,T9#1>group(App<F,T1#9>,App<F,T2#8>,App<F,T3#7>,App<F,T4#6>,App<F,T5#5>,App<F,T6#4>,App<F,T7#3>,App<F,T8#2>,App<F,T9#1>)
      T2#8 extends Object declared in method <T1#9,T2#8,T3#7,T4#6,T5#5,T6#4,T7#3,T8#2,T9#1>group(App<F,T1#9>,App<F,T2#8>,App<F,T3#7>,App<F,T4#6>,App<F,T5#5>,App<F,T6#4>,App<F,T7#3>,App<F,T8#2>,App<F,T9#1>)
      T3#7 extends Object declared in method <T1#9,T2#8,T3#7,T4#6,T5#5,T6#4,T7#3,T8#2,T9#1>group(App<F,T1#9>,App<F,T2#8>,App<F,T3#7>,App<F,T4#6>,App<F,T5#5>,App<F,T6#4>,App<F,T7#3>,App<F,T8#2>,App<F,T9#1>)
      T4#6 extends Object declared in method <T1#9,T2#8,T3#7,T4#6,T5#5,T6#4,T7#3,T8#2,T9#1>group(App<F,T1#9>,App<F,T2#8>,App<F,T3#7>,App<F,T4#6>,App<F,T5#5>,App<F,T6#4>,App<F,T7#3>,App<F,T8#2>,App<F,T9#1>)
      T5#5 extends Object declared in method <T1#9,T2#8,T3#7,T4#6,T5#5,T6#4,T7#3,T8#2,T9#1>group(App<F,T1#9>,App<F,T2#8>,App<F,T3#7>,App<F,T4#6>,App<F,T5#5>,App<F,T6#4>,App<F,T7#3>,App<F,T8#2>,App<F,T9#1>)
      T6#4 extends Object declared in method <T1#9,T2#8,T3#7,T4#6,T5#5,T6#4,T7#3,T8#2,T9#1>group(App<F,T1#9>,App<F,T2#8>,App<F,T3#7>,App<F,T4#6>,App<F,T5#5>,App<F,T6#4>,App<F,T7#3>,App<F,T8#2>,App<F,T9#1>)
      T7#3 extends Object declared in method <T1#9,T2#8,T3#7,T4#6,T5#5,T6#4,T7#3,T8#2,T9#1>group(App<F,T1#9>,App<F,T2#8>,App<F,T3#7>,App<F,T4#6>,App<F,T5#5>,App<F,T6#4>,App<F,T7#3>,App<F,T8#2>,App<F,T9#1>)
      T8#2 extends Object declared in method <T1#9,T2#8,T3#7,T4#6,T5#5,T6#4,T7#3,T8#2,T9#1>group(App<F,T1#9>,App<F,T2#8>,App<F,T3#7>,App<F,T4#6>,App<F,T5#5>,App<F,T6#4>,App<F,T7#3>,App<F,T8#2>,App<F,T9#1>)
      T9#1 extends Object declared in method <T1#9,T2#8,T3#7,T4#6,T5#5,T6#4,T7#3,T8#2,T9#1>group(App<F,T1#9>,App<F,T2#8>,App<F,T3#7>,App<F,T4#6>,App<F,T5#5>,App<F,T6#4>,App<F,T7#3>,App<F,T8#2>,App<F,T9#1>)
      T1#10 extends Object declared in method <T1#10,T2#9,T3#8,T4#7,T5#6,T6#5,T7#4,T8#3,T9#2,T10#1>group(App<F,T1#10>,App<F,T2#9>,App<F,T3#8>,App<F,T4#7>,App<F,T5#6>,App<F,T6#5>,App<F,T7#4>,App<F,T8#3>,App<F,T9#2>,App<F,T10#1>)
      T2#9 extends Object declared in method <T1#10,T2#9,T3#8,T4#7,T5#6,T6#5,T7#4,T8#3,T9#2,T10#1>group(App<F,T1#10>,App<F,T2#9>,App<F,T3#8>,App<F,T4#7>,App<F,T5#6>,App<F,T6#5>,App<F,T7#4>,App<F,T8#3>,App<F,T9#2>,App<F,T10#1>)
      T3#8 extends Object declared in method <T1#10,T2#9,T3#8,T4#7,T5#6,T6#5,T7#4,T8#3,T9#2,T10#1>group(App<F,T1#10>,App<F,T2#9>,App<F,T3#8>,App<F,T4#7>,App<F,T5#6>,App<F,T6#5>,App<F,T7#4>,App<F,T8#3>,App<F,T9#2>,App<F,T10#1>)
      T4#7 extends Object declared in method <T1#10,T2#9,T3#8,T4#7,T5#6,T6#5,T7#4,T8#3,T9#2,T10#1>group(App<F,T1#10>,App<F,T2#9>,App<F,T3#8>,App<F,T4#7>,App<F,T5#6>,App<F,T6#5>,App<F,T7#4>,App<F,T8#3>,App<F,T9#2>,App<F,T10#1>)
      T5#6 extends Object declared in method <T1#10,T2#9,T3#8,T4#7,T5#6,T6#5,T7#4,T8#3,T9#2,T10#1>group(App<F,T1#10>,App<F,T2#9>,App<F,T3#8>,App<F,T4#7>,App<F,T5#6>,App<F,T6#5>,App<F,T7#4>,App<F,T8#3>,App<F,T9#2>,App<F,T10#1>)
      T6#5 extends Object declared in method <T1#10,T2#9,T3#8,T4#7,T5#6,T6#5,T7#4,T8#3,T9#2,T10#1>group(App<F,T1#10>,App<F,T2#9>,App<F,T3#8>,App<F,T4#7>,App<F,T5#6>,App<F,T6#5>,App<F,T7#4>,App<F,T8#3>,App<F,T9#2>,App<F,T10#1>)
      T7#4 extends Object declared in method <T1#10,T2#9,T3#8,T4#7,T5#6,T6#5,T7#4,T8#3,T9#2,T10#1>group(App<F,T1#10>,App<F,T2#9>,App<F,T3#8>,App<F,T4#7>,App<F,T5#6>,App<F,T6#5>,App<F,T7#4>,App<F,T8#3>,App<F,T9#2>,App<F,T10#1>)
      T8#3 extends Object declared in method <T1#10,T2#9,T3#8,T4#7,T5#6,T6#5,T7#4,T8#3,T9#2,T10#1>group(App<F,T1#10>,App<F,T2#9>,App<F,T3#8>,App<F,T4#7>,App<F,T5#6>,App<F,T6#5>,App<F,T7#4>,App<F,T8#3>,App<F,T9#2>,App<F,T10#1>)
      T9#2 extends Object declared in method <T1#10,T2#9,T3#8,T4#7,T5#6,T6#5,T7#4,T8#3,T9#2,T10#1>group(App<F,T1#10>,App<F,T2#9>,App<F,T3#8>,App<F,T4#7>,App<F,T5#6>,App<F,T6#5>,App<F,T7#4>,App<F,T8#3>,App<F,T9#2>,App<F,T10#1>)
      T10#1 extends Object declared in method <T1#10,T2#9,T3#8,T4#7,T5#6,T6#5,T7#4,T8#3,T9#2,T10#1>group(App<F,T1#10>,App<F,T2#9>,App<F,T3#8>,App<F,T4#7>,App<F,T5#6>,App<F,T6#5>,App<F,T7#4>,App<F,T8#3>,App<F,T9#2>,App<F,T10#1>)
      T1#11 extends Object declared in method <T1#11,T2#10,T3#9,T4#8,T5#7,T6#6,T7#5,T8#4,T9#3,T10#2,T11#1>group(App<F,T1#11>,App<F,T2#10>,App<F,T3#9>,App<F,T4#8>,App<F,T5#7>,App<F,T6#6>,App<F,T7#5>,App<F,T8#4>,App<F,T9#3>,App<F,T10#2>,App<F,T11#1>)
      T2#10 extends Object declared in method <T1#11,T2#10,T3#9,T4#8,T5#7,T6#6,T7#5,T8#4,T9#3,T10#2,T11#1>group(App<F,T1#11>,App<F,T2#10>,App<F,T3#9>,App<F,T4#8>,App<F,T5#7>,App<F,T6#6>,App<F,T7#5>,App<F,T8#4>,App<F,T9#3>,App<F,T10#2>,App<F,T11#1>)
      T3#9 extends Object declared in method <T1#11,T2#10,T3#9,T4#8,T5#7,T6#6,T7#5,T8#4,T9#3,T10#2,T11#1>group(App<F,T1#11>,App<F,T2#10>,App<F,T3#9>,App<F,T4#8>,App<F,T5#7>,App<F,T6#6>,App<F,T7#5>,App<F,T8#4>,App<F,T9#3>,App<F,T10#2>,App<F,T11#1>)
      T4#8 extends Object declared in method <T1#11,T2#10,T3#9,T4#8,T5#7,T6#6,T7#5,T8#4,T9#3,T10#2,T11#1>group(App<F,T1#11>,App<F,T2#10>,App<F,T3#9>,App<F,T4#8>,App<F,T5#7>,App<F,T6#6>,App<F,T7#5>,App<F,T8#4>,App<F,T9#3>,App<F,T10#2>,App<F,T11#1>)
      T5#7 extends Object declared in method <T1#11,T2#10,T3#9,T4#8,T5#7,T6#6,T7#5,T8#4,T9#3,T10#2,T11#1>group(App<F,T1#11>,App<F,T2#10>,App<F,T3#9>,App<F,T4#8>,App<F,T5#7>,App<F,T6#6>,App<F,T7#5>,App<F,T8#4>,App<F,T9#3>,App<F,T10#2>,App<F,T11#1>)
      T6#6 extends Object declared in method <T1#11,T2#10,T3#9,T4#8,T5#7,T6#6,T7#5,T8#4,T9#3,T10#2,T11#1>group(App<F,T1#11>,App<F,T2#10>,App<F,T3#9>,App<F,T4#8>,App<F,T5#7>,App<F,T6#6>,App<F,T7#5>,App<F,T8#4>,App<F,T9#3>,App<F,T10#2>,App<F,T11#1>)
      T7#5 extends Object declared in method <T1#11,T2#10,T3#9,T4#8,T5#7,T6#6,T7#5,T8#4,T9#3,T10#2,T11#1>group(App<F,T1#11>,App<F,T2#10>,App<F,T3#9>,App<F,T4#8>,App<F,T5#7>,App<F,T6#6>,App<F,T7#5>,App<F,T8#4>,App<F,T9#3>,App<F,T10#2>,App<F,T11#1>)
      T8#4 extends Object declared in method <T1#11,T2#10,T3#9,T4#8,T5#7,T6#6,T7#5,T8#4,T9#3,T10#2,T11#1>group(App<F,T1#11>,App<F,T2#10>,App<F,T3#9>,App<F,T4#8>,App<F,T5#7>,App<F,T6#6>,App<F,T7#5>,App<F,T8#4>,App<F,T9#3>,App<F,T10#2>,App<F,T11#1>)
      T9#3 extends Object declared in method <T1#11,T2#10,T3#9,T4#8,T5#7,T6#6,T7#5,T8#4,T9#3,T10#2,T11#1>group(App<F,T1#11>,App<F,T2#10>,App<F,T3#9>,App<F,T4#8>,App<F,T5#7>,App<F,T6#6>,App<F,T7#5>,App<F,T8#4>,App<F,T9#3>,App<F,T10#2>,App<F,T11#1>)
      T10#2 extends Object declared in method <T1#11,T2#10,T3#9,T4#8,T5#7,T6#6,T7#5,T8#4,T9#3,T10#2,T11#1>group(App<F,T1#11>,App<F,T2#10>,App<F,T3#9>,App<F,T4#8>,App<F,T5#7>,App<F,T6#6>,App<F,T7#5>,App<F,T8#4>,App<F,T9#3>,App<F,T10#2>,App<F,T11#1>)
      T11#1 extends Object declared in method <T1#11,T2#10,T3#9,T4#8,T5#7,T6#6,T7#5,T8#4,T9#3,T10#2,T11#1>group(App<F,T1#11>,App<F,T2#10>,App<F,T3#9>,App<F,T4#8>,App<F,T5#7>,App<F,T6#6>,App<F,T7#5>,App<F,T8#4>,App<F,T9#3>,App<F,T10#2>,App<F,T11#1>)
      T1#12 extends Object declared in method <T1#12,T2#11,T3#10,T4#9,T5#8,T6#7,T7#6,T8#5,T9#4,T10#3,T11#2,T12#1>group(App<F,T1#12>,App<F,T2#11>,App<F,T3#10>,App<F,T4#9>,App<F,T5#8>,App<F,T6#7>,App<F,T7#6>,App<F,T8#5>,App<F,T9#4>,App<F,T10#3>,App<F,T11#2>,App<F,T12#1>)
      T2#11 extends Object declared in method <T1#12,T2#11,T3#10,T4#9,T5#8,T6#7,T7#6,T8#5,T9#4,T10#3,T11#2,T12#1>group(App<F,T1#12>,App<F,T2#11>,App<F,T3#10>,App<F,T4#9>,App<F,T5#8>,App<F,T6#7>,App<F,T7#6>,App<F,T8#5>,App<F,T9#4>,App<F,T10#3>,App<F,T11#2>,App<F,T12#1>)
      T3#10 extends Object declared in method <T1#12,T2#11,T3#10,T4#9,T5#8,T6#7,T7#6,T8#5,T9#4,T10#3,T11#2,T12#1>group(App<F,T1#12>,App<F,T2#11>,App<F,T3#10>,App<F,T4#9>,App<F,T5#8>,App<F,T6#7>,App<F,T7#6>,App<F,T8#5>,App<F,T9#4>,App<F,T10#3>,App<F,T11#2>,App<F,T12#1>)
      T4#9 extends Object declared in method <T1#12,T2#11,T3#10,T4#9,T5#8,T6#7,T7#6,T8#5,T9#4,T10#3,T11#2,T12#1>group(App<F,T1#12>,App<F,T2#11>,App<F,T3#10>,App<F,T4#9>,App<F,T5#8>,App<F,T6#7>,App<F,T7#6>,App<F,T8#5>,App<F,T9#4>,App<F,T10#3>,App<F,T11#2>,App<F,T12#1>)
      T5#8 extends Object declared in method <T1#12,T2#11,T3#10,T4#9,T5#8,T6#7,T7#6,T8#5,T9#4,T10#3,T11#2,T12#1>group(App<F,T1#12>,App<F,T2#11>,App<F,T3#10>,App<F,T4#9>,App<F,T5#8>,App<F,T6#7>,App<F,T7#6>,App<F,T8#5>,App<F,T9#4>,App<F,T10#3>,App<F,T11#2>,App<F,T12#1>)
      T6#7 extends Object declared in method <T1#12,T2#11,T3#10,T4#9,T5#8,T6#7,T7#6,T8#5,T9#4,T10#3,T11#2,T12#1>group(App<F,T1#12>,App<F,T2#11>,App<F,T3#10>,App<F,T4#9>,App<F,T5#8>,App<F,T6#7>,App<F,T7#6>,App<F,T8#5>,App<F,T9#4>,App<F,T10#3>,App<F,T11#2>,App<F,T12#1>)
      T7#6 extends Object declared in method <T1#12,T2#11,T3#10,T4#9,T5#8,T6#7,T7#6,T8#5,T9#4,T10#3,T11#2,T12#1>group(App<F,T1#12>,App<F,T2#11>,App<F,T3#10>,App<F,T4#9>,App<F,T5#8>,App<F,T6#7>,App<F,T7#6>,App<F,T8#5>,App<F,T9#4>,App<F,T10#3>,App<F,T11#2>,App<F,T12#1>)
      T8#5 extends Object declared in method <T1#12,T2#11,T3#10,T4#9,T5#8,T6#7,T7#6,T8#5,T9#4,T10#3,T11#2,T12#1>group(App<F,T1#12>,App<F,T2#11>,App<F,T3#10>,App<F,T4#9>,App<F,T5#8>,App<F,T6#7>,App<F,T7#6>,App<F,T8#5>,App<F,T9#4>,App<F,T10#3>,App<F,T11#2>,App<F,T12#1>)
      T9#4 extends Object declared in method <T1#12,T2#11,T3#10,T4#9,T5#8,T6#7,T7#6,T8#5,T9#4,T10#3,T11#2,T12#1>group(App<F,T1#12>,App<F,T2#11>,App<F,T3#10>,App<F,T4#9>,App<F,T5#8>,App<F,T6#7>,App<F,T7#6>,App<F,T8#5>,App<F,T9#4>,App<F,T10#3>,App<F,T11#2>,App<F,T12#1>)
      T10#3 extends Object declared in method <T1#12,T2#11,T3#10,T4#9,T5#8,T6#7,T7#6,T8#5,T9#4,T10#3,T11#2,T12#1>group(App<F,T1#12>,App<F,T2#11>,App<F,T3#10>,App<F,T4#9>,App<F,T5#8>,App<F,T6#7>,App<F,T7#6>,App<F,T8#5>,App<F,T9#4>,App<F,T10#3>,App<F,T11#2>,App<F,T12#1>)
      T11#2 extends Object declared in method <T1#12,T2#11,T3#10,T4#9,T5#8,T6#7,T7#6,T8#5,T9#4,T10#3,T11#2,T12#1>group(App<F,T1#12>,App<F,T2#11>,App<F,T3#10>,App<F,T4#9>,App<F,T5#8>,App<F,T6#7>,App<F,T7#6>,App<F,T8#5>,App<F,T9#4>,App<F,T10#3>,App<F,T11#2>,App<F,T12#1>)
      T12#1 extends Object declared in method <T1#12,T2#11,T3#10,T4#9,T5#8,T6#7,T7#6,T8#5,T9#4,T10#3,T11#2,T12#1>group(App<F,T1#12>,App<F,T2#11>,App<F,T3#10>,App<F,T4#9>,App<F,T5#8>,App<F,T6#7>,App<F,T7#6>,App<F,T8#5>,App<F,T9#4>,App<F,T10#3>,App<F,T11#2>,App<F,T12#1>)
      T1#13 extends Object declared in method <T1#13,T2#12,T3#11,T4#10,T5#9,T6#8,T7#7,T8#6,T9#5,T10#4,T11#3,T12#2,T13#1>group(App<F,T1#13>,App<F,T2#12>,App<F,T3#11>,App<F,T4#10>,App<F,T5#9>,App<F,T6#8>,App<F,T7#7>,App<F,T8#6>,App<F,T9#5>,App<F,T10#4>,App<F,T11#3>,App<F,T12#2>,App<F,T13#1>)
      T2#12 extends Object declared in method <T1#13,T2#12,T3#11,T4#10,T5#9,T6#8,T7#7,T8#6,T9#5,T10#4,T11#3,T12#2,T13#1>group(App<F,T1#13>,App<F,T2#12>,App<F,T3#11>,App<F,T4#10>,App<F,T5#9>,App<F,T6#8>,App<F,T7#7>,App<F,T8#6>,App<F,T9#5>,App<F,T10#4>,App<F,T11#3>,App<F,T12#2>,App<F,T13#1>)
      T3#11 extends Object declared in method <T1#13,T2#12,T3#11,T4#10,T5#9,T6#8,T7#7,T8#6,T9#5,T10#4,T11#3,T12#2,T13#1>group(App<F,T1#13>,App<F,T2#12>,App<F,T3#11>,App<F,T4#10>,App<F,T5#9>,App<F,T6#8>,App<F,T7#7>,App<F,T8#6>,App<F,T9#5>,App<F,T10#4>,App<F,T11#3>,App<F,T12#2>,App<F,T13#1>)
      T4#10 extends Object declared in method <T1#13,T2#12,T3#11,T4#10,T5#9,T6#8,T7#7,T8#6,T9#5,T10#4,T11#3,T12#2,T13#1>group(App<F,T1#13>,App<F,T2#12>,App<F,T3#11>,App<F,T4#10>,App<F,T5#9>,App<F,T6#8>,App<F,T7#7>,App<F,T8#6>,App<F,T9#5>,App<F,T10#4>,App<F,T11#3>,App<F,T12#2>,App<F,T13#1>)
      T5#9 extends Object declared in method <T1#13,T2#12,T3#11,T4#10,T5#9,T6#8,T7#7,T8#6,T9#5,T10#4,T11#3,T12#2,T13#1>group(App<F,T1#13>,App<F,T2#12>,App<F,T3#11>,App<F,T4#10>,App<F,T5#9>,App<F,T6#8>,App<F,T7#7>,App<F,T8#6>,App<F,T9#5>,App<F,T10#4>,App<F,T11#3>,App<F,T12#2>,App<F,T13#1>)
      T6#8 extends Object declared in method <T1#13,T2#12,T3#11,T4#10,T5#9,T6#8,T7#7,T8#6,T9#5,T10#4,T11#3,T12#2,T13#1>group(App<F,T1#13>,App<F,T2#12>,App<F,T3#11>,App<F,T4#10>,App<F,T5#9>,App<F,T6#8>,App<F,T7#7>,App<F,T8#6>,App<F,T9#5>,App<F,T10#4>,App<F,T11#3>,App<F,T12#2>,App<F,T13#1>)
      T7#7 extends Object declared in method <T1#13,T2#12,T3#11,T4#10,T5#9,T6#8,T7#7,T8#6,T9#5,T10#4,T11#3,T12#2,T13#1>group(App<F,T1#13>,App<F,T2#12>,App<F,T3#11>,App<F,T4#10>,App<F,T5#9>,App<F,T6#8>,App<F,T7#7>,App<F,T8#6>,App<F,T9#5>,App<F,T10#4>,App<F,T11#3>,App<F,T12#2>,App<F,T13#1>)
      T8#6 extends Object declared in method <T1#13,T2#12,T3#11,T4#10,T5#9,T6#8,T7#7,T8#6,T9#5,T10#4,T11#3,T12#2,T13#1>group(App<F,T1#13>,App<F,T2#12>,App<F,T3#11>,App<F,T4#10>,App<F,T5#9>,App<F,T6#8>,App<F,T7#7>,App<F,T8#6>,App<F,T9#5>,App<F,T10#4>,App<F,T11#3>,App<F,T12#2>,App<F,T13#1>)
      T9#5 extends Object declared in method <T1#13,T2#12,T3#11,T4#10,T5#9,T6#8,T7#7,T8#6,T9#5,T10#4,T11#3,T12#2,T13#1>group(App<F,T1#13>,App<F,T2#12>,App<F,T3#11>,App<F,T4#10>,App<F,T5#9>,App<F,T6#8>,App<F,T7#7>,App<F,T8#6>,App<F,T9#5>,App<F,T10#4>,App<F,T11#3>,App<F,T12#2>,App<F,T13#1>)
      T10#4 extends Object declared in method <T1#13,T2#12,T3#11,T4#10,T5#9,T6#8,T7#7,T8#6,T9#5,T10#4,T11#3,T12#2,T13#1>group(App<F,T1#13>,App<F,T2#12>,App<F,T3#11>,App<F,T4#10>,App<F,T5#9>,App<F,T6#8>,App<F,T7#7>,App<F,T8#6>,App<F,T9#5>,App<F,T10#4>,App<F,T11#3>,App<F,T12#2>,App<F,T13#1>)
      T11#3 extends Object declared in method <T1#13,T2#12,T3#11,T4#10,T5#9,T6#8,T7#7,T8#6,T9#5,T10#4,T11#3,T12#2,T13#1>group(App<F,T1#13>,App<F,T2#12>,App<F,T3#11>,App<F,T4#10>,App<F,T5#9>,App<F,T6#8>,App<F,T7#7>,App<F,T8#6>,App<F,T9#5>,App<F,T10#4>,App<F,T11#3>,App<F,T12#2>,App<F,T13#1>)
      T12#2 extends Object declared in method <T1#13,T2#12,T3#11,T4#10,T5#9,T6#8,T7#7,T8#6,T9#5,T10#4,T11#3,T12#2,T13#1>group(App<F,T1#13>,App<F,T2#12>,App<F,T3#11>,App<F,T4#10>,App<F,T5#9>,App<F,T6#8>,App<F,T7#7>,App<F,T8#6>,App<F,T9#5>,App<F,T10#4>,App<F,T11#3>,App<F,T12#2>,App<F,T13#1>)
      T13#1 extends Object declared in method <T1#13,T2#12,T3#11,T4#10,T5#9,T6#8,T7#7,T8#6,T9#5,T10#4,T11#3,T12#2,T13#1>group(App<F,T1#13>,App<F,T2#12>,App<F,T3#11>,App<F,T4#10>,App<F,T5#9>,App<F,T6#8>,App<F,T7#7>,App<F,T8#6>,App<F,T9#5>,App<F,T10#4>,App<F,T11#3>,App<F,T12#2>,App<F,T13#1>)
      T1#14 extends Object declared in method <T1#14,T2#13,T3#12,T4#11,T5#10,T6#9,T7#8,T8#7,T9#6,T10#5,T11#4,T12#3,T13#2,T14#1>group(App<F,T1#14>,App<F,T2#13>,App<F,T3#12>,App<F,T4#11>,App<F,T5#10>,App<F,T6#9>,App<F,T7#8>,App<F,T8#7>,App<F,T9#6>,App<F,T10#5>,App<F,T11#4>,App<F,T12#3>,App<F,T13#2>,App<F,T14#1>)
      T2#13 extends Object declared in method <T1#14,T2#13,T3#12,T4#11,T5#10,T6#9,T7#8,T8#7,T9#6,T10#5,T11#4,T12#3,T13#2,T14#1>group(App<F,T1#14>,App<F,T2#13>,App<F,T3#12>,App<F,T4#11>,App<F,T5#10>,App<F,T6#9>,App<F,T7#8>,App<F,T8#7>,App<F,T9#6>,App<F,T10#5>,App<F,T11#4>,App<F,T12#3>,App<F,T13#2>,App<F,T14#1>)
      T3#12 extends Object declared in method <T1#14,T2#13,T3#12,T4#11,T5#10,T6#9,T7#8,T8#7,T9#6,T10#5,T11#4,T12#3,T13#2,T14#1>group(App<F,T1#14>,App<F,T2#13>,App<F,T3#12>,App<F,T4#11>,App<F,T5#10>,App<F,T6#9>,App<F,T7#8>,App<F,T8#7>,App<F,T9#6>,App<F,T10#5>,App<F,T11#4>,App<F,T12#3>,App<F,T13#2>,App<F,T14#1>)
      T4#11 extends Object declared in method <T1#14,T2#13,T3#12,T4#11,T5#10,T6#9,T7#8,T8#7,T9#6,T10#5,T11#4,T12#3,T13#2,T14#1>group(App<F,T1#14>,App<F,T2#13>,App<F,T3#12>,App<F,T4#11>,App<F,T5#10>,App<F,T6#9>,App<F,T7#8>,App<F,T8#7>,App<F,T9#6>,App<F,T10#5>,App<F,T11#4>,App<F,T12#3>,App<F,T13#2>,App<F,T14#1>)
      T5#10 extends Object declared in method <T1#14,T2#13,T3#12,T4#11,T5#10,T6#9,T7#8,T8#7,T9#6,T10#5,T11#4,T12#3,T13#2,T14#1>group(App<F,T1#14>,App<F,T2#13>,App<F,T3#12>,App<F,T4#11>,App<F,T5#10>,App<F,T6#9>,App<F,T7#8>,App<F,T8#7>,App<F,T9#6>,App<F,T10#5>,App<F,T11#4>,App<F,T12#3>,App<F,T13#2>,App<F,T14#1>)
      T6#9 extends Object declared in method <T1#14,T2#13,T3#12,T4#11,T5#10,T6#9,T7#8,T8#7,T9#6,T10#5,T11#4,T12#3,T13#2,T14#1>group(App<F,T1#14>,App<F,T2#13>,App<F,T3#12>,App<F,T4#11>,App<F,T5#10>,App<F,T6#9>,App<F,T7#8>,App<F,T8#7>,App<F,T9#6>,App<F,T10#5>,App<F,T11#4>,App<F,T12#3>,App<F,T13#2>,App<F,T14#1>)
      T7#8 extends Object declared in method <T1#14,T2#13,T3#12,T4#11,T5#10,T6#9,T7#8,T8#7,T9#6,T10#5,T11#4,T12#3,T13#2,T14#1>group(App<F,T1#14>,App<F,T2#13>,App<F,T3#12>,App<F,T4#11>,App<F,T5#10>,App<F,T6#9>,App<F,T7#8>,App<F,T8#7>,App<F,T9#6>,App<F,T10#5>,App<F,T11#4>,App<F,T12#3>,App<F,T13#2>,App<F,T14#1>)
      T8#7 extends Object declared in method <T1#14,T2#13,T3#12,T4#11,T5#10,T6#9,T7#8,T8#7,T9#6,T10#5,T11#4,T12#3,T13#2,T14#1>group(App<F,T1#14>,App<F,T2#13>,App<F,T3#12>,App<F,T4#11>,App<F,T5#10>,App<F,T6#9>,App<F,T7#8>,App<F,T8#7>,App<F,T9#6>,App<F,T10#5>,App<F,T11#4>,App<F,T12#3>,App<F,T13#2>,App<F,T14#1>)
      T9#6 extends Object declared in method <T1#14,T2#13,T3#12,T4#11,T5#10,T6#9,T7#8,T8#7,T9#6,T10#5,T11#4,T12#3,T13#2,T14#1>group(App<F,T1#14>,App<F,T2#13>,App<F,T3#12>,App<F,T4#11>,App<F,T5#10>,App<F,T6#9>,App<F,T7#8>,App<F,T8#7>,App<F,T9#6>,App<F,T10#5>,App<F,T11#4>,App<F,T12#3>,App<F,T13#2>,App<F,T14#1>)
      T10#5 extends Object declared in method <T1#14,T2#13,T3#12,T4#11,T5#10,T6#9,T7#8,T8#7,T9#6,T10#5,T11#4,T12#3,T13#2,T14#1>group(App<F,T1#14>,App<F,T2#13>,App<F,T3#12>,App<F,T4#11>,App<F,T5#10>,App<F,T6#9>,App<F,T7#8>,App<F,T8#7>,App<F,T9#6>,App<F,T10#5>,App<F,T11#4>,App<F,T12#3>,App<F,T13#2>,App<F,T14#1>)
      T11#4 extends Object declared in method <T1#14,T2#13,T3#12,T4#11,T5#10,T6#9,T7#8,T8#7,T9#6,T10#5,T11#4,T12#3,T13#2,T14#1>group(App<F,T1#14>,App<F,T2#13>,App<F,T3#12>,App<F,T4#11>,App<F,T5#10>,App<F,T6#9>,App<F,T7#8>,App<F,T8#7>,App<F,T9#6>,App<F,T10#5>,App<F,T11#4>,App<F,T12#3>,App<F,T13#2>,App<F,T14#1>)
      T12#3 extends Object declared in method <T1#14,T2#13,T3#12,T4#11,T5#10,T6#9,T7#8,T8#7,T9#6,T10#5,T11#4,T12#3,T13#2,T14#1>group(App<F,T1#14>,App<F,T2#13>,App<F,T3#12>,App<F,T4#11>,App<F,T5#10>,App<F,T6#9>,App<F,T7#8>,App<F,T8#7>,App<F,T9#6>,App<F,T10#5>,App<F,T11#4>,App<F,T12#3>,App<F,T13#2>,App<F,T14#1>)
      T13#2 extends Object declared in method <T1#14,T2#13,T3#12,T4#11,T5#10,T6#9,T7#8,T8#7,T9#6,T10#5,T11#4,T12#3,T13#2,T14#1>group(App<F,T1#14>,App<F,T2#13>,App<F,T3#12>,App<F,T4#11>,App<F,T5#10>,App<F,T6#9>,App<F,T7#8>,App<F,T8#7>,App<F,T9#6>,App<F,T10#5>,App<F,T11#4>,App<F,T12#3>,App<F,T13#2>,App<F,T14#1>)
      T14#1 extends Object declared in method <T1#14,T2#13,T3#12,T4#11,T5#10,T6#9,T7#8,T8#7,T9#6,T10#5,T11#4,T12#3,T13#2,T14#1>group(App<F,T1#14>,App<F,T2#13>,App<F,T3#12>,App<F,T4#11>,App<F,T5#10>,App<F,T6#9>,App<F,T7#8>,App<F,T8#7>,App<F,T9#6>,App<F,T10#5>,App<F,T11#4>,App<F,T12#3>,App<F,T13#2>,App<F,T14#1>)
      T1#15 extends Object declared in method <T1#15,T2#14,T3#13,T4#12,T5#11,T6#10,T7#9,T8#8,T9#7,T10#6,T11#5,T12#4,T13#3,T14#2,T15#1>group(App<F,T1#15>,App<F,T2#14>,App<F,T3#13>,App<F,T4#12>,App<F,T5#11>,App<F,T6#10>,App<F,T7#9>,App<F,T8#8>,App<F,T9#7>,App<F,T10#6>,App<F,T11#5>,App<F,T12#4>,App<F,T13#3>,App<F,T14#2>,App<F,T15#1>)
      T2#14 extends Object declared in method <T1#15,T2#14,T3#13,T4#12,T5#11,T6#10,T7#9,T8#8,T9#7,T10#6,T11#5,T12#4,T13#3,T14#2,T15#1>group(App<F,T1#15>,App<F,T2#14>,App<F,T3#13>,App<F,T4#12>,App<F,T5#11>,App<F,T6#10>,App<F,T7#9>,App<F,T8#8>,App<F,T9#7>,App<F,T10#6>,App<F,T11#5>,App<F,T12#4>,App<F,T13#3>,App<F,T14#2>,App<F,T15#1>)
      T3#13 extends Object declared in method <T1#15,T2#14,T3#13,T4#12,T5#11,T6#10,T7#9,T8#8,T9#7,T10#6,T11#5,T12#4,T13#3,T14#2,T15#1>group(App<F,T1#15>,App<F,T2#14>,App<F,T3#13>,App<F,T4#12>,App<F,T5#11>,App<F,T6#10>,App<F,T7#9>,App<F,T8#8>,App<F,T9#7>,App<F,T10#6>,App<F,T11#5>,App<F,T12#4>,App<F,T13#3>,App<F,T14#2>,App<F,T15#1>)
      T4#12 extends Object declared in method <T1#15,T2#14,T3#13,T4#12,T5#11,T6#10,T7#9,T8#8,T9#7,T10#6,T11#5,T12#4,T13#3,T14#2,T15#1>group(App<F,T1#15>,App<F,T2#14>,App<F,T3#13>,App<F,T4#12>,App<F,T5#11>,App<F,T6#10>,App<F,T7#9>,App<F,T8#8>,App<F,T9#7>,App<F,T10#6>,App<F,T11#5>,App<F,T12#4>,App<F,T13#3>,App<F,T14#2>,App<F,T15#1>)
      T5#11 extends Object declared in method <T1#15,T2#14,T3#13,T4#12,T5#11,T6#10,T7#9,T8#8,T9#7,T10#6,T11#5,T12#4,T13#3,T14#2,T15#1>group(App<F,T1#15>,App<F,T2#14>,App<F,T3#13>,App<F,T4#12>,App<F,T5#11>,App<F,T6#10>,App<F,T7#9>,App<F,T8#8>,App<F,T9#7>,App<F,T10#6>,App<F,T11#5>,App<F,T12#4>,App<F,T13#3>,App<F,T14#2>,App<F,T15#1>)
      T6#10 extends Object declared in method <T1#15,T2#14,T3#13,T4#12,T5#11,T6#10,T7#9,T8#8,T9#7,T10#6,T11#5,T12#4,T13#3,T14#2,T15#1>group(App<F,T1#15>,App<F,T2#14>,App<F,T3#13>,App<F,T4#12>,App<F,T5#11>,App<F,T6#10>,App<F,T7#9>,App<F,T8#8>,App<F,T9#7>,App<F,T10#6>,App<F,T11#5>,App<F,T12#4>,App<F,T13#3>,App<F,T14#2>,App<F,T15#1>)
      T7#9 extends Object declared in method <T1#15,T2#14,T3#13,T4#12,T5#11,T6#10,T7#9,T8#8,T9#7,T10#6,T11#5,T12#4,T13#3,T14#2,T15#1>group(App<F,T1#15>,App<F,T2#14>,App<F,T3#13>,App<F,T4#12>,App<F,T5#11>,App<F,T6#10>,App<F,T7#9>,App<F,T8#8>,App<F,T9#7>,App<F,T10#6>,App<F,T11#5>,App<F,T12#4>,App<F,T13#3>,App<F,T14#2>,App<F,T15#1>)
      T8#8 extends Object declared in method <T1#15,T2#14,T3#13,T4#12,T5#11,T6#10,T7#9,T8#8,T9#7,T10#6,T11#5,T12#4,T13#3,T14#2,T15#1>group(App<F,T1#15>,App<F,T2#14>,App<F,T3#13>,App<F,T4#12>,App<F,T5#11>,App<F,T6#10>,App<F,T7#9>,App<F,T8#8>,App<F,T9#7>,App<F,T10#6>,App<F,T11#5>,App<F,T12#4>,App<F,T13#3>,App<F,T14#2>,App<F,T15#1>)
      T9#7 extends Object declared in method <T1#15,T2#14,T3#13,T4#12,T5#11,T6#10,T7#9,T8#8,T9#7,T10#6,T11#5,T12#4,T13#3,T14#2,T15#1>group(App<F,T1#15>,App<F,T2#14>,App<F,T3#13>,App<F,T4#12>,App<F,T5#11>,App<F,T6#10>,App<F,T7#9>,App<F,T8#8>,App<F,T9#7>,App<F,T10#6>,App<F,T11#5>,App<F,T12#4>,App<F,T13#3>,App<F,T14#2>,App<F,T15#1>)
      T10#6 extends Object declared in method <T1#15,T2#14,T3#13,T4#12,T5#11,T6#10,T7#9,T8#8,T9#7,T10#6,T11#5,T12#4,T13#3,T14#2,T15#1>group(App<F,T1#15>,App<F,T2#14>,App<F,T3#13>,App<F,T4#12>,App<F,T5#11>,App<F,T6#10>,App<F,T7#9>,App<F,T8#8>,App<F,T9#7>,App<F,T10#6>,App<F,T11#5>,App<F,T12#4>,App<F,T13#3>,App<F,T14#2>,App<F,T15#1>)
      T11#5 extends Object declared in method <T1#15,T2#14,T3#13,T4#12,T5#11,T6#10,T7#9,T8#8,T9#7,T10#6,T11#5,T12#4,T13#3,T14#2,T15#1>group(App<F,T1#15>,App<F,T2#14>,App<F,T3#13>,App<F,T4#12>,App<F,T5#11>,App<F,T6#10>,App<F,T7#9>,App<F,T8#8>,App<F,T9#7>,App<F,T10#6>,App<F,T11#5>,App<F,T12#4>,App<F,T13#3>,App<F,T14#2>,App<F,T15#1>)
      T12#4 extends Object declared in method <T1#15,T2#14,T3#13,T4#12,T5#11,T6#10,T7#9,T8#8,T9#7,T10#6,T11#5,T12#4,T13#3,T14#2,T15#1>group(App<F,T1#15>,App<F,T2#14>,App<F,T3#13>,App<F,T4#12>,App<F,T5#11>,App<F,T6#10>,App<F,T7#9>,App<F,T8#8>,App<F,T9#7>,App<F,T10#6>,App<F,T11#5>,App<F,T12#4>,App<F,T13#3>,App<F,T14#2>,App<F,T15#1>)
      T13#3 extends Object declared in method <T1#15,T2#14,T3#13,T4#12,T5#11,T6#10,T7#9,T8#8,T9#7,T10#6,T11#5,T12#4,T13#3,T14#2,T15#1>group(App<F,T1#15>,App<F,T2#14>,App<F,T3#13>,App<F,T4#12>,App<F,T5#11>,App<F,T6#10>,App<F,T7#9>,App<F,T8#8>,App<F,T9#7>,App<F,T10#6>,App<F,T11#5>,App<F,T12#4>,App<F,T13#3>,App<F,T14#2>,App<F,T15#1>)
      T14#2 extends Object declared in method <T1#15,T2#14,T3#13,T4#12,T5#11,T6#10,T7#9,T8#8,T9#7,T10#6,T11#5,T12#4,T13#3,T14#2,T15#1>group(App<F,T1#15>,App<F,T2#14>,App<F,T3#13>,App<F,T4#12>,App<F,T5#11>,App<F,T6#10>,App<F,T7#9>,App<F,T8#8>,App<F,T9#7>,App<F,T10#6>,App<F,T11#5>,App<F,T12#4>,App<F,T13#3>,App<F,T14#2>,App<F,T15#1>)
      T15#1 extends Object declared in method <T1#15,T2#14,T3#13,T4#12,T5#11,T6#10,T7#9,T8#8,T9#7,T10#6,T11#5,T12#4,T13#3,T14#2,T15#1>group(App<F,T1#15>,App<F,T2#14>,App<F,T3#13>,App<F,T4#12>,App<F,T5#11>,App<F,T6#10>,App<F,T7#9>,App<F,T8#8>,App<F,T9#7>,App<F,T10#6>,App<F,T11#5>,App<F,T12#4>,App<F,T13#3>,App<F,T14#2>,App<F,T15#1>)
      T1#16 extends Object declared in method <T1#16,T2#15,T3#14,T4#13,T5#12,T6#11,T7#10,T8#9,T9#8,T10#7,T11#6,T12#5,T13#4,T14#3,T15#2,T16>group(App<F,T1#16>,App<F,T2#15>,App<F,T3#14>,App<F,T4#13>,App<F,T5#12>,App<F,T6#11>,App<F,T7#10>,App<F,T8#9>,App<F,T9#8>,App<F,T10#7>,App<F,T11#6>,App<F,T12#5>,App<F,T13#4>,App<F,T14#3>,App<F,T15#2>,App<F,T16>)
      T2#15 extends Object declared in method <T1#16,T2#15,T3#14,T4#13,T5#12,T6#11,T7#10,T8#9,T9#8,T10#7,T11#6,T12#5,T13#4,T14#3,T15#2,T16>group(App<F,T1#16>,App<F,T2#15>,App<F,T3#14>,App<F,T4#13>,App<F,T5#12>,App<F,T6#11>,App<F,T7#10>,App<F,T8#9>,App<F,T9#8>,App<F,T10#7>,App<F,T11#6>,App<F,T12#5>,App<F,T13#4>,App<F,T14#3>,App<F,T15#2>,App<F,T16>)
      T3#14 extends Object declared in method <T1#16,T2#15,T3#14,T4#13,T5#12,T6#11,T7#10,T8#9,T9#8,T10#7,T11#6,T12#5,T13#4,T14#3,T15#2,T16>group(App<F,T1#16>,App<F,T2#15>,App<F,T3#14>,App<F,T4#13>,App<F,T5#12>,App<F,T6#11>,App<F,T7#10>,App<F,T8#9>,App<F,T9#8>,App<F,T10#7>,App<F,T11#6>,App<F,T12#5>,App<F,T13#4>,App<F,T14#3>,App<F,T15#2>,App<F,T16>)
      T4#13 extends Object declared in method <T1#16,T2#15,T3#14,T4#13,T5#12,T6#11,T7#10,T8#9,T9#8,T10#7,T11#6,T12#5,T13#4,T14#3,T15#2,T16>group(App<F,T1#16>,App<F,T2#15>,App<F,T3#14>,App<F,T4#13>,App<F,T5#12>,App<F,T6#11>,App<F,T7#10>,App<F,T8#9>,App<F,T9#8>,App<F,T10#7>,App<F,T11#6>,App<F,T12#5>,App<F,T13#4>,App<F,T14#3>,App<F,T15#2>,App<F,T16>)
      T5#12 extends Object declared in method <T1#16,T2#15,T3#14,T4#13,T5#12,T6#11,T7#10,T8#9,T9#8,T10#7,T11#6,T12#5,T13#4,T14#3,T15#2,T16>group(App<F,T1#16>,App<F,T2#15>,App<F,T3#14>,App<F,T4#13>,App<F,T5#12>,App<F,T6#11>,App<F,T7#10>,App<F,T8#9>,App<F,T9#8>,App<F,T10#7>,App<F,T11#6>,App<F,T12#5>,App<F,T13#4>,App<F,T14#3>,App<F,T15#2>,App<F,T16>)
      T6#11 extends Object declared in method <T1#16,T2#15,T3#14,T4#13,T5#12,T6#11,T7#10,T8#9,T9#8,T10#7,T11#6,T12#5,T13#4,T14#3,T15#2,T16>group(App<F,T1#16>,App<F,T2#15>,App<F,T3#14>,App<F,T4#13>,App<F,T5#12>,App<F,T6#11>,App<F,T7#10>,App<F,T8#9>,App<F,T9#8>,App<F,T10#7>,App<F,T11#6>,App<F,T12#5>,App<F,T13#4>,App<F,T14#3>,App<F,T15#2>,App<F,T16>)
      T7#10 extends Object declared in method <T1#16,T2#15,T3#14,T4#13,T5#12,T6#11,T7#10,T8#9,T9#8,T10#7,T11#6,T12#5,T13#4,T14#3,T15#2,T16>group(App<F,T1#16>,App<F,T2#15>,App<F,T3#14>,App<F,T4#13>,App<F,T5#12>,App<F,T6#11>,App<F,T7#10>,App<F,T8#9>,App<F,T9#8>,App<F,T10#7>,App<F,T11#6>,App<F,T12#5>,App<F,T13#4>,App<F,T14#3>,App<F,T15#2>,App<F,T16>)
      T8#9 extends Object declared in method <T1#16,T2#15,T3#14,T4#13,T5#12,T6#11,T7#10,T8#9,T9#8,T10#7,T11#6,T12#5,T13#4,T14#3,T15#2,T16>group(App<F,T1#16>,App<F,T2#15>,App<F,T3#14>,App<F,T4#13>,App<F,T5#12>,App<F,T6#11>,App<F,T7#10>,App<F,T8#9>,App<F,T9#8>,App<F,T10#7>,App<F,T11#6>,App<F,T12#5>,App<F,T13#4>,App<F,T14#3>,App<F,T15#2>,App<F,T16>)
      T9#8 extends Object declared in method <T1#16,T2#15,T3#14,T4#13,T5#12,T6#11,T7#10,T8#9,T9#8,T10#7,T11#6,T12#5,T13#4,T14#3,T15#2,T16>group(App<F,T1#16>,App<F,T2#15>,App<F,T3#14>,App<F,T4#13>,App<F,T5#12>,App<F,T6#11>,App<F,T7#10>,App<F,T8#9>,App<F,T9#8>,App<F,T10#7>,App<F,T11#6>,App<F,T12#5>,App<F,T13#4>,App<F,T14#3>,App<F,T15#2>,App<F,T16>)
      T10#7 extends Object declared in method <T1#16,T2#15,T3#14,T4#13,T5#12,T6#11,T7#10,T8#9,T9#8,T10#7,T11#6,T12#5,T13#4,T14#3,T15#2,T16>group(App<F,T1#16>,App<F,T2#15>,App<F,T3#14>,App<F,T4#13>,App<F,T5#12>,App<F,T6#11>,App<F,T7#10>,App<F,T8#9>,App<F,T9#8>,App<F,T10#7>,App<F,T11#6>,App<F,T12#5>,App<F,T13#4>,App<F,T14#3>,App<F,T15#2>,App<F,T16>)
      T11#6 extends Object declared in method <T1#16,T2#15,T3#14,T4#13,T5#12,T6#11,T7#10,T8#9,T9#8,T10#7,T11#6,T12#5,T13#4,T14#3,T15#2,T16>group(App<F,T1#16>,App<F,T2#15>,App<F,T3#14>,App<F,T4#13>,App<F,T5#12>,App<F,T6#11>,App<F,T7#10>,App<F,T8#9>,App<F,T9#8>,App<F,T10#7>,App<F,T11#6>,App<F,T12#5>,App<F,T13#4>,App<F,T14#3>,App<F,T15#2>,App<F,T16>)
      T12#5 extends Object declared in method <T1#16,T2#15,T3#14,T4#13,T5#12,T6#11,T7#10,T8#9,T9#8,T10#7,T11#6,T12#5,T13#4,T14#3,T15#2,T16>group(App<F,T1#16>,App<F,T2#15>,App<F,T3#14>,App<F,T4#13>,App<F,T5#12>,App<F,T6#11>,App<F,T7#10>,App<F,T8#9>,App<F,T9#8>,App<F,T10#7>,App<F,T11#6>,App<F,T12#5>,App<F,T13#4>,App<F,T14#3>,App<F,T15#2>,App<F,T16>)
      T13#4 extends Object declared in method <T1#16,T2#15,T3#14,T4#13,T5#12,T6#11,T7#10,T8#9,T9#8,T10#7,T11#6,T12#5,T13#4,T14#3,T15#2,T16>group(App<F,T1#16>,App<F,T2#15>,App<F,T3#14>,App<F,T4#13>,App<F,T5#12>,App<F,T6#11>,App<F,T7#10>,App<F,T8#9>,App<F,T9#8>,App<F,T10#7>,App<F,T11#6>,App<F,T12#5>,App<F,T13#4>,App<F,T14#3>,App<F,T15#2>,App<F,T16>)
      T14#3 extends Object declared in method <T1#16,T2#15,T3#14,T4#13,T5#12,T6#11,T7#10,T8#9,T9#8,T10#7,T11#6,T12#5,T13#4,T14#3,T15#2,T16>group(App<F,T1#16>,App<F,T2#15>,App<F,T3#14>,App<F,T4#13>,App<F,T5#12>,App<F,T6#11>,App<F,T7#10>,App<F,T8#9>,App<F,T9#8>,App<F,T10#7>,App<F,T11#6>,App<F,T12#5>,App<F,T13#4>,App<F,T14#3>,App<F,T15#2>,App<F,T16>)
      T15#2 extends Object declared in method <T1#16,T2#15,T3#14,T4#13,T5#12,T6#11,T7#10,T8#9,T9#8,T10#7,T11#6,T12#5,T13#4,T14#3,T15#2,T16>group(App<F,T1#16>,App<F,T2#15>,App<F,T3#14>,App<F,T4#13>,App<F,T5#12>,App<F,T6#11>,App<F,T7#10>,App<F,T8#9>,App<F,T9#8>,App<F,T10#7>,App<F,T11#6>,App<F,T12#5>,App<F,T13#4>,App<F,T14#3>,App<F,T15#2>,App<F,T16>)
      T16 extends Object declared in method <T1#16,T2#15,T3#14,T4#13,T5#12,T6#11,T7#10,T8#9,T9#8,T10#7,T11#6,T12#5,T13#4,T14#3,T15#2,T16>group(App<F,T1#16>,App<F,T2#15>,App<F,T3#14>,App<F,T4#13>,App<F,T5#12>,App<F,T6#11>,App<F,T7#10>,App<F,T8#9>,App<F,T9#8>,App<F,T10#7>,App<F,T11#6>,App<F,T12#5>,App<F,T13#4>,App<F,T14#3>,App<F,T15#2>,App<F,T16>)
  /home/runner/work/TaCZ_Refabricated_Unofficial/TaCZ_Refabricated_Unofficial/src/main/java/cn/sh1rocu/tacz/industry/api/feed/TubularMagazineData.java:37: error: no suitable method found for group(RecordCodecBuilder<TubularMagazineData,Identifier>,RecordCodecBuilder<TubularMagazineData,Integer>,RecordCodecBuilder<TubularMagazineData,List<LoadedRound>>,RecordCodecBuilder<TubularMagazineData,Float>)
              instance -> instance.group(
                                  ^
      method Kind1.<T1#1>group(App<Mu<Object>,T1#1>) is not applicable
        (cannot infer type-variable(s) T1#1
          (actual and formal argument lists differ in length))
      method Kind1.<T1#2,T2#1>group(App<Mu<Object>,T1#2>,App<Mu<Object>,T2#1>) is not applicable
        (cannot infer type-variable(s) T1#2,T2#1
          (actual and formal argument lists differ in length))
      method Kind1.<T1#3,T2#2,T3#1>group(App<Mu<Object>,T1#3>,App<Mu<Object>,T2#2>,App<Mu<Object>,T3#1>) is not applicable
        (cannot infer type-variable(s) T1#3,T2#2,T3#1
          (actual and formal argument lists differ in length))
      method Kind1.<T1#4,T2#3,T3#2,T4#1>group(App<Mu<Object>,T1#4>,App<Mu<Object>,T2#3>,App<Mu<Object>,T3#2>,App<Mu<Object>,T4#1>) is not applicable
        (inference variable O has incompatible bounds
          equality constraints: Object
          upper bounds: Object,TubularMagazineData)
      method Kind1.<T1#5,T2#4,T3#3,T4#2,T5#1>group(App<Mu<Object>,T1#5>,App<Mu<Object>,T2#4>,App<Mu<Object>,T3#3>,App<Mu<Object>,T4#2>,App<Mu<Object>,T5#1>) is not applicable
        (cannot infer type-variable(s) T1#5,T2#4,T3#3,T4#2,T5#1
          (actual and formal argument lists differ in length))
      method Kind1.<T1#6,T2#5,T3#4,T4#3,T5#2,T6#1>group(App<Mu<Object>,T1#6>,App<Mu<Object>,T2#5>,App<Mu<Object>,T3#4>,App<Mu<Object>,T4#3>,App<Mu<Object>,T5#2>,App<Mu<Object>,T6#1>) is not applicable
        (cannot infer type-variable(s) T1#6,T2#5,T3#4,T4#3,T5#2,T6#1
          (actual and formal argument lists differ in length))
      method Kind1.<T1#7,T2#6,T3#5,T4#4,T5#3,T6#2,T7#1>group(App<Mu<Object>,T1#7>,App<Mu<Object>,T2#6>,App<Mu<Object>,T3#5>,App<Mu<Object>,T4#4>,App<Mu<Object>,T5#3>,App<Mu<Object>,T6#2>,App<Mu<Object>,T7#1>) is not applicable
        (cannot infer type-variable(s) T1#7,T2#6,T3#5,T4#4,T5#3,T6#2,T7#1
          (actual and formal argument lists differ in length))
      method Kind1.<T1#8,T2#7,T3#6,T4#5,T5#4,T6#3,T7#2,T8#1>group(App<Mu<Object>,T1#8>,App<Mu<Object>,T2#7>,App<Mu<Object>,T3#6>,App<Mu<Object>,T4#5>,App<Mu<Object>,T5#4>,App<Mu<Object>,T6#3>,App<Mu<Object>,T7#2>,App<Mu<Object>,T8#1>) is not applicable
        (cannot infer type-variable(s) T1#8,T2#7,T3#6,T4#5,T5#4,T6#3,T7#2,T8#1
          (actual and formal argument lists differ in length))
      method Kind1.<T1#9,T2#8,T3#7,T4#6,T5#5,T6#4,T7#3,T8#2,T9#1>group(App<Mu<Object>,T1#9>,App<Mu<Object>,T2#8>,App<Mu<Object>,T3#7>,App<Mu<Object>,T4#6>,App<Mu<Object>,T5#5>,App<Mu<Object>,T6#4>,App<Mu<Object>,T7#3>,App<Mu<Object>,T8#2>,App<Mu<Object>,T9#1>) is not applicable
        (cannot infer type-variable(s) T1#9,T2#8,T3#7,T4#6,T5#5,T6#4,T7#3,T8#2,T9#1
          (actual and formal argument lists differ in length))
      method Kind1.<T1#10,T2#9,T3#8,T4#7,T5#6,T6#5,T7#4,T8#3,T9#2,T10#1>group(App<Mu<Object>,T1#10>,App<Mu<Object>,T2#9>,App<Mu<Object>,T3#8>,App<Mu<Object>,T4#7>,App<Mu<Object>,T5#6>,App<Mu<Object>,T6#5>,App<Mu<Object>,T7#4>,App<Mu<Object>,T8#3>,App<Mu<Object>,T9#2>,App<Mu<Object>,T10#1>) is not applicable
        (cannot infer type-variable(s) T1#10,T2#9,T3#8,T4#7,T5#6,T6#5,T7#4,T8#3,T9#2,T10#1
          (actual and formal argument lists differ in length))
      method Kind1.<T1#11,T2#10,T3#9,T4#8,T5#7,T6#6,T7#5,T8#4,T9#3,T10#2,T11#1>group(App<Mu<Object>,T1#11>,App<Mu<Object>,T2#10>,App<Mu<Object>,T3#9>,App<Mu<Object>,T4#8>,App<Mu<Object>,T5#7>,App<Mu<Object>,T6#6>,App<Mu<Object>,T7#5>,App<Mu<Object>,T8#4>,App<Mu<Object>,T9#3>,App<Mu<Object>,T10#2>,App<Mu<Object>,T11#1>) is not applicable
        (cannot infer type-variable(s) T1#11,T2#10,T3#9,T4#8,T5#7,T6#6,T7#5,T8#4,T9#3,T10#2,T11#1
          (actual and formal argument lists differ in length))
      method Kind1.<T1#12,T2#11,T3#10,T4#9,T5#8,T6#7,T7#6,T8#5,T9#4,T10#3,T11#2,T12#1>group(App<Mu<Object>,T1#12>,App<Mu<Object>,T2#11>,App<Mu<Object>,T3#10>,App<Mu<Object>,T4#9>,App<Mu<Object>,T5#8>,App<Mu<Object>,T6#7>,App<Mu<Object>,T7#6>,App<Mu<Object>,T8#5>,App<Mu<Object>,T9#4>,App<Mu<Object>,T10#3>,App<Mu<Object>,T11#2>,App<Mu<Object>,T12#1>) is not applicable
        (cannot infer type-variable(s) T1#12,T2#11,T3#10,T4#9,T5#8,T6#7,T7#6,T8#5,T9#4,T10#3,T11#2,T12#1
          (actual and formal argument lists differ in length))
      method Kind1.<T1#13,T2#12,T3#11,T4#10,T5#9,T6#8,T7#7,T8#6,T9#5,T10#4,T11#3,T12#2,T13#1>group(App<Mu<Object>,T1#13>,App<Mu<Object>,T2#12>,App<Mu<Object>,T3#11>,App<Mu<Object>,T4#10>,App<Mu<Object>,T5#9>,App<Mu<Object>,T6#8>,App<Mu<Object>,T7#7>,App<Mu<Object>,T8#6>,App<Mu<Object>,T9#5>,App<Mu<Object>,T10#4>,App<Mu<Object>,T11#3>,App<Mu<Object>,T12#2>,App<Mu<Object>,T13#1>) is not applicable
        (cannot infer type-variable(s) T1#13,T2#12,T3#11,T4#10,T5#9,T6#8,T7#7,T8#6,T9#5,T10#4,T11#3,T12#2,T13#1
          (actual and formal argument lists differ in length))
      method Kind1.<T1#14,T2#13,T3#12,T4#11,T5#10,T6#9,T7#8,T8#7,T9#6,T10#5,T11#4,T12#3,T13#2,T14#1>group(App<Mu<Object>,T1#14>,App<Mu<Object>,T2#13>,App<Mu<Object>,T3#12>,App<Mu<Object>,T4#11>,App<Mu<Object>,T5#10>,App<Mu<Object>,T6#9>,App<Mu<Object>,T7#8>,App<Mu<Object>,T8#7>,App<Mu<Object>,T9#6>,App<Mu<Object>,T10#5>,App<Mu<Object>,T11#4>,App<Mu<Object>,T12#3>,App<Mu<Object>,T13#2>,App<Mu<Object>,T14#1>) is not applicable
        (cannot infer type-variable(s) T1#14,T2#13,T3#12,T4#11,T5#10,T6#9,T7#8,T8#7,T9#6,T10#5,T11#4,T12#3,T13#2,T14#1
          (actual and formal argument lists differ in length))
      method Kind1.<T1#15,T2#14,T3#13,T4#12,T5#11,T6#10,T7#9,T8#8,T9#7,T10#6,T11#5,T12#4,T13#3,T14#2,T15#1>group(App<Mu<Object>,T1#15>,App<Mu<Object>,T2#14>,App<Mu<Object>,T3#13>,App<Mu<Object>,T4#12>,App<Mu<Object>,T5#11>,App<Mu<Object>,T6#10>,App<Mu<Object>,T7#9>,App<Mu<Object>,T8#8>,App<Mu<Object>,T9#7>,App<Mu<Object>,T10#6>,App<Mu<Object>,T11#5>,App<Mu<Object>,T12#4>,App<Mu<Object>,T13#3>,App<Mu<Object>,T14#2>,App<Mu<Object>,T15#1>) is not applicable
        (cannot infer type-variable(s) T1#15,T2#14,T3#13,T4#12,T5#11,T6#10,T7#9,T8#8,T9#7,T10#6,T11#5,T12#4,T13#3,T14#2,T15#1
          (actual and formal argument lists differ in length))
      method Kind1.<T1#16,T2#15,T3#14,T4#13,T5#12,T6#11,T7#10,T8#9,T9#8,T10#7,T11#6,T12#5,T13#4,T14#3,T15#2,T16>group(App<Mu<Object>,T1#16>,App<Mu<Object>,T2#15>,App<Mu<Object>,T3#14>,App<Mu<Object>,T4#13>,App<Mu<Object>,T5#12>,App<Mu<Object>,T6#11>,App<Mu<Object>,T7#10>,App<Mu<Object>,T8#9>,App<Mu<Object>,T9#8>,App<Mu<Object>,T10#7>,App<Mu<Object>,T11#6>,App<Mu<Object>,T12#5>,App<Mu<Object>,T13#4>,App<Mu<Object>,T14#3>,App<Mu<Object>,T15#2>,App<Mu<Object>,T16>) is not applicable
        (cannot infer type-variable(s) T1#16,T2#15,T3#14,T4#13,T5#12,T6#11,T7#10,T8#9,T9#8,T10#7,T11#6,T12#5,T13#4,T14#3,T15#2,T16
          (actual and formal argument lists differ in length))
    where T1#1,F,T1#2,T2#1,T1#3,T2#2,T3#1,T1#4,T2#3,T3#2,T4#1,O,A,T1#5,T2#4,T3#3,T4#2,T5#1,T1#6,T2#5,T3#4,T4#3,T5#2,T6#1,T1#7,T2#6,T3#5,T4#4,T5#3,T6#2,T7#1,T1#8,T2#7,T3#6,T4#5,T5#4,T6#3,T7#2,T8#1,T1#9,T2#8,T3#7,T4#6,T5#5,T6#4,T7#3,T8#2,T9#1,T1#10,T2#9,T3#8,T4#7,T5#6,T6#5,T7#4,T8#3,T9#2,T10#1,T1#11,T2#10,T3#9,T4#8,T5#7,T6#6,T7#5,T8#4,T9#3,T10#2,T11#1,T1#12,T2#11,T3#10,T4#9,T5#8,T6#7,T7#6,T8#5,T9#4,T10#3,T11#2,T12#1,T1#13,T2#12,T3#11,T4#10,T5#9,T6#8,T7#7,T8#6,T9#5,T10#4,T11#3,T12#2,T13#1,T1#14,T2#13,T3#12,T4#11,T5#10,T6#9,T7#8,T8#7,T9#6,T10#5,T11#4,T12#3,T13#2,T14#1,T1#15,T2#14,T3#13,T4#12,T5#11,T6#10,T7#9,T8#8,T9#7,T10#6,T11#5,T12#4,T13#3,T14#2,T15#1,T1#16,T2#15,T3#14,T4#13,T5#12,T6#11,T7#10,T8#9,T9#8,T10#7,T11#6,T12#5,T13#4,T14#3,T15#2,T16 are type-variables:
      T1#1 extends Object declared in method <T1#1>group(App<F,T1#1>)
      F extends K1 declared in interface Kind1
      T1#2 extends Object declared in method <T1#2,T2#1>group(App<F,T1#2>,App<F,T2#1>)
      T2#1 extends Object declared in method <T1#2,T2#1>group(App<F,T1#2>,App<F,T2#1>)
      T1#3 extends Object declared in method <T1#3,T2#2,T3#1>group(App<F,T1#3>,App<F,T2#2>,App<F,T3#1>)
      T2#2 extends Object declared in method <T1#3,T2#2,T3#1>group(App<F,T1#3>,App<F,T2#2>,App<F,T3#1>)
      T3#1 extends Object declared in method <T1#3,T2#2,T3#1>group(App<F,T1#3>,App<F,T2#2>,App<F,T3#1>)
      T1#4 extends Object declared in method <T1#4,T2#3,T3#2,T4#1>group(App<F,T1#4>,App<F,T2#3>,App<F,T3#2>,App<F,T4#1>)
      T2#3 extends Object declared in method <T1#4,T2#3,T3#2,T4#1>group(App<F,T1#4>,App<F,T2#3>,App<F,T3#2>,App<F,T4#1>)
      T3#2 extends Object declared in method <T1#4,T2#3,T3#2,T4#1>group(App<F,T1#4>,App<F,T2#3>,App<F,T3#2>,App<F,T4#1>)
      T4#1 extends Object declared in method <T1#4,T2#3,T3#2,T4#1>group(App<F,T1#4>,App<F,T2#3>,App<F,T3#2>,App<F,T4#1>)
      O extends Object declared in method <O>forGetter(Function<O,A>)
      A extends Object declared in class MapCodec
      T1#5 extends Object declared in method <T1#5,T2#4,T3#3,T4#2,T5#1>group(App<F,T1#5>,App<F,T2#4>,App<F,T3#3>,App<F,T4#2>,App<F,T5#1>)
      T2#4 extends Object declared in method <T1#5,T2#4,T3#3,T4#2,T5#1>group(App<F,T1#5>,App<F,T2#4>,App<F,T3#3>,App<F,T4#2>,App<F,T5#1>)
      T3#3 extends Object declared in method <T1#5,T2#4,T3#3,T4#2,T5#1>group(App<F,T1#5>,App<F,T2#4>,App<F,T3#3>,App<F,T4#2>,App<F,T5#1>)
      T4#2 extends Object declared in method <T1#5,T2#4,T3#3,T4#2,T5#1>group(App<F,T1#5>,App<F,T2#4>,App<F,T3#3>,App<F,T4#2>,App<F,T5#1>)
      T5#1 extends Object declared in method <T1#5,T2#4,T3#3,T4#2,T5#1>group(App<F,T1#5>,App<F,T2#4>,App<F,T3#3>,App<F,T4#2>,App<F,T5#1>)
      T1#6 extends Object declared in method <T1#6,T2#5,T3#4,T4#3,T5#2,T6#1>group(App<F,T1#6>,App<F,T2#5>,App<F,T3#4>,App<F,T4#3>,App<F,T5#2>,App<F,T6#1>)
      T2#5 extends Object declared in method <T1#6,T2#5,T3#4,T4#3,T5#2,T6#1>group(App<F,T1#6>,App<F,T2#5>,App<F,T3#4>,App<F,T4#3>,App<F,T5#2>,App<F,T6#1>)
      T3#4 extends Object declared in method <T1#6,T2#5,T3#4,T4#3,T5#2,T6#1>group(App<F,T1#6>,App<F,T2#5>,App<F,T3#4>,App<F,T4#3>,App<F,T5#2>,App<F,T6#1>)
      T4#3 extends Object declared in method <T1#6,T2#5,T3#4,T4#3,T5#2,T6#1>group(App<F,T1#6>,App<F,T2#5>,App<F,T3#4>,App<F,T4#3>,App<F,T5#2>,App<F,T6#1>)
      T5#2 extends Object declared in method <T1#6,T2#5,T3#4,T4#3,T5#2,T6#1>group(App<F,T1#6>,App<F,T2#5>,App<F,T3#4>,App<F,T4#3>,App<F,T5#2>,App<F,T6#1>)
      T6#1 extends Object declared in method <T1#6,T2#5,T3#4,T4#3,T5#2,T6#1>group(App<F,T1#6>,App<F,T2#5>,App<F,T3#4>,App<F,T4#3>,App<F,T5#2>,App<F,T6#1>)
      T1#7 extends Object declared in method <T1#7,T2#6,T3#5,T4#4,T5#3,T6#2,T7#1>group(App<F,T1#7>,App<F,T2#6>,App<F,T3#5>,App<F,T4#4>,App<F,T5#3>,App<F,T6#2>,App<F,T7#1>)
      T2#6 extends Object declared in method <T1#7,T2#6,T3#5,T4#4,T5#3,T6#2,T7#1>group(App<F,T1#7>,App<F,T2#6>,App<F,T3#5>,App<F,T4#4>,App<F,T5#3>,App<F,T6#2>,App<F,T7#1>)
      T3#5 extends Object declared in method <T1#7,T2#6,T3#5,T4#4,T5#3,T6#2,T7#1>group(App<F,T1#7>,App<F,T2#6>,App<F,T3#5>,App<F,T4#4>,App<F,T5#3>,App<F,T6#2>,App<F,T7#1>)
      T4#4 extends Object declared in method <T1#7,T2#6,T3#5,T4#4,T5#3,T6#2,T7#1>group(App<F,T1#7>,App<F,T2#6>,App<F,T3#5>,App<F,T4#4>,App<F,T5#3>,App<F,T6#2>,App<F,T7#1>)
      T5#3 extends Object declared in method <T1#7,T2#6,T3#5,T4#4,T5#3,T6#2,T7#1>group(App<F,T1#7>,App<F,T2#6>,App<F,T3#5>,App<F,T4#4>,App<F,T5#3>,App<F,T6#2>,App<F,T7#1>)
      T6#2 extends Object declared in method <T1#7,T2#6,T3#5,T4#4,T5#3,T6#2,T7#1>group(App<F,T1#7>,App<F,T2#6>,App<F,T3#5>,App<F,T4#4>,App<F,T5#3>,App<F,T6#2>,App<F,T7#1>)
      T7#1 extends Object declared in method <T1#7,T2#6,T3#5,T4#4,T5#3,T6#2,T7#1>group(App<F,T1#7>,App<F,T2#6>,App<F,T3#5>,App<F,T4#4>,App<F,T5#3>,App<F,T6#2>,App<F,T7#1>)
      T1#8 extends Object declared in method <T1#8,T2#7,T3#6,T4#5,T5#4,T6#3,T7#2,T8#1>group(App<F,T1#8>,App<F,T2#7>,App<F,T3#6>,App<F,T4#5>,App<F,T5#4>,App<F,T6#3>,App<F,T7#2>,App<F,T8#1>)
      T2#7 extends Object declared in method <T1#8,T2#7,T3#6,T4#5,T5#4,T6#3,T7#2,T8#1>group(App<F,T1#8>,App<F,T2#7>,App<F,T3#6>,App<F,T4#5>,App<F,T5#4>,App<F,T6#3>,App<F,T7#2>,App<F,T8#1>)
      T3#6 extends Object declared in method <T1#8,T2#7,T3#6,T4#5,T5#4,T6#3,T7#2,T8#1>group(App<F,T1#8>,App<F,T2#7>,App<F,T3#6>,App<F,T4#5>,App<F,T5#4>,App<F,T6#3>,App<F,T7#2>,App<F,T8#1>)
      T4#5 extends Object declared in method <T1#8,T2#7,T3#6,T4#5,T5#4,T6#3,T7#2,T8#1>group(App<F,T1#8>,App<F,T2#7>,App<F,T3#6>,App<F,T4#5>,App<F,T5#4>,App<F,T6#3>,App<F,T7#2>,App<F,T8#1>)
      T5#4 extends Object declared in method <T1#8,T2#7,T3#6,T4#5,T5#4,T6#3,T7#2,T8#1>group(App<F,T1#8>,App<F,T2#7>,App<F,T3#6>,App<F,T4#5>,App<F,T5#4>,App<F,T6#3>,App<F,T7#2>,App<F,T8#1>)
      T6#3 extends Object declared in method <T1#8,T2#7,T3#6,T4#5,T5#4,T6#3,T7#2,T8#1>group(App<F,T1#8>,App<F,T2#7>,App<F,T3#6>,App<F,T4#5>,App<F,T5#4>,App<F,T6#3>,App<F,T7#2>,App<F,T8#1>)
      T7#2 extends Object declared in method <T1#8,T2#7,T3#6,T4#5,T5#4,T6#3,T7#2,T8#1>group(App<F,T1#8>,App<F,T2#7>,App<F,T3#6>,App<F,T4#5>,App<F,T5#4>,App<F,T6#3>,App<F,T7#2>,App<F,T8#1>)
      T8#1 extends Object declared in method <T1#8,T2#7,T3#6,T4#5,T5#4,T6#3,T7#2,T8#1>group(App<F,T1#8>,App<F,T2#7>,App<F,T3#6>,App<F,T4#5>,App<F,T5#4>,App<F,T6#3>,App<F,T7#2>,App<F,T8#1>)
      T1#9 extends Object declared in method <T1#9,T2#8,T3#7,T4#6,T5#5,T6#4,T7#3,T8#2,T9#1>group(App<F,T1#9>,App<F,T2#8>,App<F,T3#7>,App<F,T4#6>,App<F,T5#5>,App<F,T6#4>,App<F,T7#3>,App<F,T8#2>,App<F,T9#1>)
      T2#8 extends Object declared in method <T1#9,T2#8,T3#7,T4#6,T5#5,T6#4,T7#3,T8#2,T9#1>group(App<F,T1#9>,App<F,T2#8>,App<F,T3#7>,App<F,T4#6>,App<F,T5#5>,App<F,T6#4>,App<F,T7#3>,App<F,T8#2>,App<F,T9#1>)
      T3#7 extends Object declared in method <T1#9,T2#8,T3#7,T4#6,T5#5,T6#4,T7#3,T8#2,T9#1>group(App<F,T1#9>,App<F,T2#8>,App<F,T3#7>,App<F,T4#6>,App<F,T5#5>,App<F,T6#4>,App<F,T7#3>,App<F,T8#2>,App<F,T9#1>)
      T4#6 extends Object declared in method <T1#9,T2#8,T3#7,T4#6,T5#5,T6#4,T7#3,T8#2,T9#1>group(App<F,T1#9>,App<F,T2#8>,App<F,T3#7>,App<F,T4#6>,App<F,T5#5>,App<F,T6#4>,App<F,T7#3>,App<F,T8#2>,App<F,T9#1>)
      T5#5 extends Object declared in method <T1#9,T2#8,T3#7,T4#6,T5#5,T6#4,T7#3,T8#2,T9#1>group(App<F,T1#9>,App<F,T2#8>,App<F,T3#7>,App<F,T4#6>,App<F,T5#5>,App<F,T6#4>,App<F,T7#3>,App<F,T8#2>,App<F,T9#1>)
      T6#4 extends Object declared in method <T1#9,T2#8,T3#7,T4#6,T5#5,T6#4,T7#3,T8#2,T9#1>group(App<F,T1#9>,App<F,T2#8>,App<F,T3#7>,App<F,T4#6>,App<F,T5#5>,App<F,T6#4>,App<F,T7#3>,App<F,T8#2>,App<F,T9#1>)
      T7#3 extends Object declared in method <T1#9,T2#8,T3#7,T4#6,T5#5,T6#4,T7#3,T8#2,T9#1>group(App<F,T1#9>,App<F,T2#8>,App<F,T3#7>,App<F,T4#6>,App<F,T5#5>,App<F,T6#4>,App<F,T7#3>,App<F,T8#2>,App<F,T9#1>)
      T8#2 extends Object declared in method <T1#9,T2#8,T3#7,T4#6,T5#5,T6#4,T7#3,T8#2,T9#1>group(App<F,T1#9>,App<F,T2#8>,App<F,T3#7>,App<F,T4#6>,App<F,T5#5>,App<F,T6#4>,App<F,T7#3>,App<F,T8#2>,App<F,T9#1>)
      T9#1 extends Object declared in method <T1#9,T2#8,T3#7,T4#6,T5#5,T6#4,T7#3,T8#2,T9#1>group(App<F,T1#9>,App<F,T2#8>,App<F,T3#7>,App<F,T4#6>,App<F,T5#5>,App<F,T6#4>,App<F,T7#3>,App<F,T8#2>,App<F,T9#1>)
      T1#10 extends Object declared in method <T1#10,T2#9,T3#8,T4#7,T5#6,T6#5,T7#4,T8#3,T9#2,T10#1>group(App<F,T1#10>,App<F,T2#9>,App<F,T3#8>,App<F,T4#7>,App<F,T5#6>,App<F,T6#5>,App<F,T7#4>,App<F,T8#3>,App<F,T9#2>,App<F,T10#1>)
      T2#9 extends Object declared in method <T1#10,T2#9,T3#8,T4#7,T5#6,T6#5,T7#4,T8#3,T9#2,T10#1>group(App<F,T1#10>,App<F,T2#9>,App<F,T3#8>,App<F,T4#7>,App<F,T5#6>,App<F,T6#5>,App<F,T7#4>,App<F,T8#3>,App<F,T9#2>,App<F,T10#1>)
      T3#8 extends Object declared in method <T1#10,T2#9,T3#8,T4#7,T5#6,T6#5,T7#4,T8#3,T9#2,T10#1>group(App<F,T1#10>,App<F,T2#9>,App<F,T3#8>,App<F,T4#7>,App<F,T5#6>,App<F,T6#5>,App<F,T7#4>,App<F,T8#3>,App<F,T9#2>,App<F,T10#1>)
      T4#7 extends Object declared in method <T1#10,T2#9,T3#8,T4#7,T5#6,T6#5,T7#4,T8#3,T9#2,T10#1>group(App<F,T1#10>,App<F,T2#9>,App<F,T3#8>,App<F,T4#7>,App<F,T5#6>,App<F,T6#5>,App<F,T7#4>,App<F,T8#3>,App<F,T9#2>,App<F,T10#1>)
      T5#6 extends Object declared in method <T1#10,T2#9,T3#8,T4#7,T5#6,T6#5,T7#4,T8#3,T9#2,T10#1>group(App<F,T1#10>,App<F,T2#9>,App<F,T3#8>,App<F,T4#7>,App<F,T5#6>,App<F,T6#5>,App<F,T7#4>,App<F,T8#3>,App<F,T9#2>,App<F,T10#1>)
      T6#5 extends Object declared in method <T1#10,T2#9,T3#8,T4#7,T5#6,T6#5,T7#4,T8#3,T9#2,T10#1>group(App<F,T1#10>,App<F,T2#9>,App<F,T3#8>,App<F,T4#7>,App<F,T5#6>,App<F,T6#5>,App<F,T7#4>,App<F,T8#3>,App<F,T9#2>,App<F,T10#1>)
      T7#4 extends Object declared in method <T1#10,T2#9,T3#8,T4#7,T5#6,T6#5,T7#4,T8#3,T9#2,T10#1>group(App<F,T1#10>,App<F,T2#9>,App<F,T3#8>,App<F,T4#7>,App<F,T5#6>,App<F,T6#5>,App<F,T7#4>,App<F,T8#3>,App<F,T9#2>,App<F,T10#1>)
      T8#3 extends Object declared in method <T1#10,T2#9,T3#8,T4#7,T5#6,T6#5,T7#4,T8#3,T9#2,T10#1>group(App<F,T1#10>,App<F,T2#9>,App<F,T3#8>,App<F,T4#7>,App<F,T5#6>,App<F,T6#5>,App<F,T7#4>,App<F,T8#3>,App<F,T9#2>,App<F,T10#1>)
      T9#2 extends Object declared in method <T1#10,T2#9,T3#8,T4#7,T5#6,T6#5,T7#4,T8#3,T9#2,T10#1>group(App<F,T1#10>,App<F,T2#9>,App<F,T3#8>,App<F,T4#7>,App<F,T5#6>,App<F,T6#5>,App<F,T7#4>,App<F,T8#3>,App<F,T9#2>,App<F,T10#1>)
      T10#1 extends Object declared in method <T1#10,T2#9,T3#8,T4#7,T5#6,T6#5,T7#4,T8#3,T9#2,T10#1>group(App<F,T1#10>,App<F,T2#9>,App<F,T3#8>,App<F,T4#7>,App<F,T5#6>,App<F,T6#5>,App<F,T7#4>,App<F,T8#3>,App<F,T9#2>,App<F,T10#1>)
      T1#11 extends Object declared in method <T1#11,T2#10,T3#9,T4#8,T5#7,T6#6,T7#5,T8#4,T9#3,T10#2,T11#1>group(App<F,T1#11>,App<F,T2#10>,App<F,T3#9>,App<F,T4#8>,App<F,T5#7>,App<F,T6#6>,App<F,T7#5>,App<F,T8#4>,App<F,T9#3>,App<F,T10#2>,App<F,T11#1>)
      T2#10 extends Object declared in method <T1#11,T2#10,T3#9,T4#8,T5#7,T6#6,T7#5,T8#4,T9#3,T10#2,T11#1>group(App<F,T1#11>,App<F,T2#10>,App<F,T3#9>,App<F,T4#8>,App<F,T5#7>,App<F,T6#6>,App<F,T7#5>,App<F,T8#4>,App<F,T9#3>,App<F,T10#2>,App<F,T11#1>)
      T3#9 extends Object declared in method <T1#11,T2#10,T3#9,T4#8,T5#7,T6#6,T7#5,T8#4,T9#3,T10#2,T11#1>group(App<F,T1#11>,App<F,T2#10>,App<F,T3#9>,App<F,T4#8>,App<F,T5#7>,App<F,T6#6>,App<F,T7#5>,App<F,T8#4>,App<F,T9#3>,App<F,T10#2>,App<F,T11#1>)
      T4#8 extends Object declared in method <T1#11,T2#10,T3#9,T4#8,T5#7,T6#6,T7#5,T8#4,T9#3,T10#2,T11#1>group(App<F,T1#11>,App<F,T2#10>,App<F,T3#9>,App<F,T4#8>,App<F,T5#7>,App<F,T6#6>,App<F,T7#5>,App<F,T8#4>,App<F,T9#3>,App<F,T10#2>,App<F,T11#1>)
      T5#7 extends Object declared in method <T1#11,T2#10,T3#9,T4#8,T5#7,T6#6,T7#5,T8#4,T9#3,T10#2,T11#1>group(App<F,T1#11>,App<F,T2#10>,App<F,T3#9>,App<F,T4#8>,App<F,T5#7>,App<F,T6#6>,App<F,T7#5>,App<F,T8#4>,App<F,T9#3>,App<F,T10#2>,App<F,T11#1>)
      T6#6 extends Object declared in method <T1#11,T2#10,T3#9,T4#8,T5#7,T6#6,T7#5,T8#4,T9#3,T10#2,T11#1>group(App<F,T1#11>,App<F,T2#10>,App<F,T3#9>,App<F,T4#8>,App<F,T5#7>,App<F,T6#6>,App<F,T7#5>,App<F,T8#4>,App<F,T9#3>,App<F,T10#2>,App<F,T11#1>)
      T7#5 extends Object declared in method <T1#11,T2#10,T3#9,T4#8,T5#7,T6#6,T7#5,T8#4,T9#3,T10#2,T11#1>group(App<F,T1#11>,App<F,T2#10>,App<F,T3#9>,App<F,T4#8>,App<F,T5#7>,App<F,T6#6>,App<F,T7#5>,App<F,T8#4>,App<F,T9#3>,App<F,T10#2>,App<F,T11#1>)
      T8#4 extends Object declared in method <T1#11,T2#10,T3#9,T4#8,T5#7,T6#6,T7#5,T8#4,T9#3,T10#2,T11#1>group(App<F,T1#11>,App<F,T2#10>,App<F,T3#9>,App<F,T4#8>,App<F,T5#7>,App<F,T6#6>,App<F,T7#5>,App<F,T8#4>,App<F,T9#3>,App<F,T10#2>,App<F,T11#1>)
      T9#3 extends Object declared in method <T1#11,T2#10,T3#9,T4#8,T5#7,T6#6,T7#5,T8#4,T9#3,T10#2,T11#1>group(App<F,T1#11>,App<F,T2#10>,App<F,T3#9>,App<F,T4#8>,App<F,T5#7>,App<F,T6#6>,App<F,T7#5>,App<F,T8#4>,App<F,T9#3>,App<F,T10#2>,App<F,T11#1>)
      T10#2 extends Object declared in method <T1#11,T2#10,T3#9,T4#8,T5#7,T6#6,T7#5,T8#4,T9#3,T10#2,T11#1>group(App<F,T1#11>,App<F,T2#10>,App<F,T3#9>,App<F,T4#8>,App<F,T5#7>,App<F,T6#6>,App<F,T7#5>,App<F,T8#4>,App<F,T9#3>,App<F,T10#2>,App<F,T11#1>)
      T11#1 extends Object declared in method <T1#11,T2#10,T3#9,T4#8,T5#7,T6#6,T7#5,T8#4,T9#3,T10#2,T11#1>group(App<F,T1#11>,App<F,T2#10>,App<F,T3#9>,App<F,T4#8>,App<F,T5#7>,App<F,T6#6>,App<F,T7#5>,App<F,T8#4>,App<F,T9#3>,App<F,T10#2>,App<F,T11#1>)
      T1#12 extends Object declared in method <T1#12,T2#11,T3#10,T4#9,T5#8,T6#7,T7#6,T8#5,T9#4,T10#3,T11#2,T12#1>group(App<F,T1#12>,App<F,T2#11>,App<F,T3#10>,App<F,T4#9>,App<F,T5#8>,App<F,T6#7>,App<F,T7#6>,App<F,T8#5>,App<F,T9#4>,App<F,T10#3>,App<F,T11#2>,App<F,T12#1>)
      T2#11 extends Object declared in method <T1#12,T2#11,T3#10,T4#9,T5#8,T6#7,T7#6,T8#5,T9#4,T10#3,T11#2,T12#1>group(App<F,T1#12>,App<F,T2#11>,App<F,T3#10>,App<F,T4#9>,App<F,T5#8>,App<F,T6#7>,App<F,T7#6>,App<F,T8#5>,App<F,T9#4>,App<F,T10#3>,App<F,T11#2>,App<F,T12#1>)
      T3#10 extends Object declared in method <T1#12,T2#11,T3#10,T4#9,T5#8,T6#7,T7#6,T8#5,T9#4,T10#3,T11#2,T12#1>group(App<F,T1#12>,App<F,T2#11>,App<F,T3#10>,App<F,T4#9>,App<F,T5#8>,App<F,T6#7>,App<F,T7#6>,App<F,T8#5>,App<F,T9#4>,App<F,T10#3>,App<F,T11#2>,App<F,T12#1>)
      T4#9 extends Object declared in method <T1#12,T2#11,T3#10,T4#9,T5#8,T6#7,T7#6,T8#5,T9#4,T10#3,T11#2,T12#1>group(App<F,T1#12>,App<F,T2#11>,App<F,T3#10>,App<F,T4#9>,App<F,T5#8>,App<F,T6#7>,App<F,T7#6>,App<F,T8#5>,App<F,T9#4>,App<F,T10#3>,App<F,T11#2>,App<F,T12#1>)
      T5#8 extends Object declared in method <T1#12,T2#11,T3#10,T4#9,T5#8,T6#7,T7#6,T8#5,T9#4,T10#3,T11#2,T12#1>group(App<F,T1#12>,App<F,T2#11>,App<F,T3#10>,App<F,T4#9>,App<F,T5#8>,App<F,T6#7>,App<F,T7#6>,App<F,T8#5>,App<F,T9#4>,App<F,T10#3>,App<F,T11#2>,App<F,T12#1>)
      T6#7 extends Object declared in method <T1#12,T2#11,T3#10,T4#9,T5#8,T6#7,T7#6,T8#5,T9#4,T10#3,T11#2,T12#1>group(App<F,T1#12>,App<F,T2#11>,App<F,T3#10>,App<F,T4#9>,App<F,T5#8>,App<F,T6#7>,App<F,T7#6>,App<F,T8#5>,App<F,T9#4>,App<F,T10#3>,App<F,T11#2>,App<F,T12#1>)
      T7#6 extends Object declared in method <T1#12,T2#11,T3#10,T4#9,T5#8,T6#7,T7#6,T8#5,T9#4,T10#3,T11#2,T12#1>group(App<F,T1#12>,App<F,T2#11>,App<F,T3#10>,App<F,T4#9>,App<F,T5#8>,App<F,T6#7>,App<F,T7#6>,App<F,T8#5>,App<F,T9#4>,App<F,T10#3>,App<F,T11#2>,App<F,T12#1>)
      T8#5 extends Object declared in method <T1#12,T2#11,T3#10,T4#9,T5#8,T6#7,T7#6,T8#5,T9#4,T10#3,T11#2,T12#1>group(App<F,T1#12>,App<F,T2#11>,App<F,T3#10>,App<F,T4#9>,App<F,T5#8>,App<F,T6#7>,App<F,T7#6>,App<F,T8#5>,App<F,T9#4>,App<F,T10#3>,App<F,T11#2>,App<F,T12#1>)
      T9#4 extends Object declared in method <T1#12,T2#11,T3#10,T4#9,T5#8,T6#7,T7#6,T8#5,T9#4,T10#3,T11#2,T12#1>group(App<F,T1#12>,App<F,T2#11>,App<F,T3#10>,App<F,T4#9>,App<F,T5#8>,App<F,T6#7>,App<F,T7#6>,App<F,T8#5>,App<F,T9#4>,App<F,T10#3>,App<F,T11#2>,App<F,T12#1>)
      T10#3 extends Object declared in method <T1#12,T2#11,T3#10,T4#9,T5#8,T6#7,T7#6,T8#5,T9#4,T10#3,T11#2,T12#1>group(App<F,T1#12>,App<F,T2#11>,App<F,T3#10>,App<F,T4#9>,App<F,T5#8>,App<F,T6#7>,App<F,T7#6>,App<F,T8#5>,App<F,T9#4>,App<F,T10#3>,App<F,T11#2>,App<F,T12#1>)
      T11#2 extends Object declared in method <T1#12,T2#11,T3#10,T4#9,T5#8,T6#7,T7#6,T8#5,T9#4,T10#3,T11#2,T12#1>group(App<F,T1#12>,App<F,T2#11>,App<F,T3#10>,App<F,T4#9>,App<F,T5#8>,App<F,T6#7>,App<F,T7#6>,App<F,T8#5>,App<F,T9#4>,App<F,T10#3>,App<F,T11#2>,App<F,T12#1>)
      T12#1 extends Object declared in method <T1#12,T2#11,T3#10,T4#9,T5#8,T6#7,T7#6,T8#5,T9#4,T10#3,T11#2,T12#1>group(App<F,T1#12>,App<F,T2#11>,App<F,T3#10>,App<F,T4#9>,App<F,T5#8>,App<F,T6#7>,App<F,T7#6>,App<F,T8#5>,App<F,T9#4>,App<F,T10#3>,App<F,T11#2>,App<F,T12#1>)
      T1#13 extends Object declared in method <T1#13,T2#12,T3#11,T4#10,T5#9,T6#8,T7#7,T8#6,T9#5,T10#4,T11#3,T12#2,T13#1>group(App<F,T1#13>,App<F,T2#12>,App<F,T3#11>,App<F,T4#10>,App<F,T5#9>,App<F,T6#8>,App<F,T7#7>,App<F,T8#6>,App<F,T9#5>,App<F,T10#4>,App<F,T11#3>,App<F,T12#2>,App<F,T13#1>)
      T2#12 extends Object declared in method <T1#13,T2#12,T3#11,T4#10,T5#9,T6#8,T7#7,T8#6,T9#5,T10#4,T11#3,T12#2,T13#1>group(App<F,T1#13>,App<F,T2#12>,App<F,T3#11>,App<F,T4#10>,App<F,T5#9>,App<F,T6#8>,App<F,T7#7>,App<F,T8#6>,App<F,T9#5>,App<F,T10#4>,App<F,T11#3>,App<F,T12#2>,App<F,T13#1>)
      T3#11 extends Object declared in method <T1#13,T2#12,T3#11,T4#10,T5#9,T6#8,T7#7,T8#6,T9#5,T10#4,T11#3,T12#2,T13#1>group(App<F,T1#13>,App<F,T2#12>,App<F,T3#11>,App<F,T4#10>,App<F,T5#9>,App<F,T6#8>,App<F,T7#7>,App<F,T8#6>,App<F,T9#5>,App<F,T10#4>,App<F,T11#3>,App<F,T12#2>,App<F,T13#1>)
      T4#10 extends Object declared in method <T1#13,T2#12,T3#11,T4#10,T5#9,T6#8,T7#7,T8#6,T9#5,T10#4,T11#3,T12#2,T13#1>group(App<F,T1#13>,App<F,T2#12>,App<F,T3#11>,App<F,T4#10>,App<F,T5#9>,App<F,T6#8>,App<F,T7#7>,App<F,T8#6>,App<F,T9#5>,App<F,T10#4>,App<F,T11#3>,App<F,T12#2>,App<F,T13#1>)
      T5#9 extends Object declared in method <T1#13,T2#12,T3#11,T4#10,T5#9,T6#8,T7#7,T8#6,T9#5,T10#4,T11#3,T12#2,T13#1>group(App<F,T1#13>,App<F,T2#12>,App<F,T3#11>,App<F,T4#10>,App<F,T5#9>,App<F,T6#8>,App<F,T7#7>,App<F,T8#6>,App<F,T9#5>,App<F,T10#4>,App<F,T11#3>,App<F,T12#2>,App<F,T13#1>)
      T6#8 extends Object declared in method <T1#13,T2#12,T3#11,T4#10,T5#9,T6#8,T7#7,T8#6,T9#5,T10#4,T11#3,T12#2,T13#1>group(App<F,T1#13>,App<F,T2#12>,App<F,T3#11>,App<F,T4#10>,App<F,T5#9>,App<F,T6#8>,App<F,T7#7>,App<F,T8#6>,App<F,T9#5>,App<F,T10#4>,App<F,T11#3>,App<F,T12#2>,App<F,T13#1>)
      T7#7 extends Object declared in method <T1#13,T2#12,T3#11,T4#10,T5#9,T6#8,T7#7,T8#6,T9#5,T10#4,T11#3,T12#2,T13#1>group(App<F,T1#13>,App<F,T2#12>,App<F,T3#11>,App<F,T4#10>,App<F,T5#9>,App<F,T6#8>,App<F,T7#7>,App<F,T8#6>,App<F,T9#5>,App<F,T10#4>,App<F,T11#3>,App<F,T12#2>,App<F,T13#1>)
      T8#6 extends Object declared in method <T1#13,T2#12,T3#11,T4#10,T5#9,T6#8,T7#7,T8#6,T9#5,T10#4,T11#3,T12#2,T13#1>group(App<F,T1#13>,App<F,T2#12>,App<F,T3#11>,App<F,T4#10>,App<F,T5#9>,App<F,T6#8>,App<F,T7#7>,App<F,T8#6>,App<F,T9#5>,App<F,T10#4>,App<F,T11#3>,App<F,T12#2>,App<F,T13#1>)
      T9#5 extends Object declared in method <T1#13,T2#12,T3#11,T4#10,T5#9,T6#8,T7#7,T8#6,T9#5,T10#4,T11#3,T12#2,T13#1>group(App<F,T1#13>,App<F,T2#12>,App<F,T3#11>,App<F,T4#10>,App<F,T5#9>,App<F,T6#8>,App<F,T7#7>,App<F,T8#6>,App<F,T9#5>,App<F,T10#4>,App<F,T11#3>,App<F,T12#2>,App<F,T13#1>)
      T10#4 extends Object declared in method <T1#13,T2#12,T3#11,T4#10,T5#9,T6#8,T7#7,T8#6,T9#5,T10#4,T11#3,T12#2,T13#1>group(App<F,T1#13>,App<F,T2#12>,App<F,T3#11>,App<F,T4#10>,App<F,T5#9>,App<F,T6#8>,App<F,T7#7>,App<F,T8#6>,App<F,T9#5>,App<F,T10#4>,App<F,T11#3>,App<F,T12#2>,App<F,T13#1>)
      T11#3 extends Object declared in method <T1#13,T2#12,T3#11,T4#10,T5#9,T6#8,T7#7,T8#6,T9#5,T10#4,T11#3,T12#2,T13#1>group(App<F,T1#13>,App<F,T2#12>,App<F,T3#11>,App<F,T4#10>,App<F,T5#9>,App<F,T6#8>,App<F,T7#7>,App<F,T8#6>,App<F,T9#5>,App<F,T10#4>,App<F,T11#3>,App<F,T12#2>,App<F,T13#1>)
      T12#2 extends Object declared in method <T1#13,T2#12,T3#11,T4#10,T5#9,T6#8,T7#7,T8#6,T9#5,T10#4,T11#3,T12#2,T13#1>group(App<F,T1#13>,App<F,T2#12>,App<F,T3#11>,App<F,T4#10>,App<F,T5#9>,App<F,T6#8>,App<F,T7#7>,App<F,T8#6>,App<F,T9#5>,App<F,T10#4>,App<F,T11#3>,App<F,T12#2>,App<F,T13#1>)
      T13#1 extends Object declared in method <T1#13,T2#12,T3#11,T4#10,T5#9,T6#8,T7#7,T8#6,T9#5,T10#4,T11#3,T12#2,T13#1>group(App<F,T1#13>,App<F,T2#12>,App<F,T3#11>,App<F,T4#10>,App<F,T5#9>,App<F,T6#8>,App<F,T7#7>,App<F,T8#6>,App<F,T9#5>,App<F,T10#4>,App<F,T11#3>,App<F,T12#2>,App<F,T13#1>)
      T1#14 extends Object declared in method <T1#14,T2#13,T3#12,T4#11,T5#10,T6#9,T7#8,T8#7,T9#6,T10#5,T11#4,T12#3,T13#2,T14#1>group(App<F,T1#14>,App<F,T2#13>,App<F,T3#12>,App<F,T4#11>,App<F,T5#10>,App<F,T6#9>,App<F,T7#8>,App<F,T8#7>,App<F,T9#6>,App<F,T10#5>,App<F,T11#4>,App<F,T12#3>,App<F,T13#2>,App<F,T14#1>)
      T2#13 extends Object declared in method <T1#14,T2#13,T3#12,T4#11,T5#10,T6#9,T7#8,T8#7,T9#6,T10#5,T11#4,T12#3,T13#2,T14#1>group(App<F,T1#14>,App<F,T2#13>,App<F,T3#12>,App<F,T4#11>,App<F,T5#10>,App<F,T6#9>,App<F,T7#8>,App<F,T8#7>,App<F,T9#6>,App<F,T10#5>,App<F,T11#4>,App<F,T12#3>,App<F,T13#2>,App<F,T14#1>)
      T3#12 extends Object declared in method <T1#14,T2#13,T3#12,T4#11,T5#10,T6#9,T7#8,T8#7,T9#6,T10#5,T11#4,T12#3,T13#2,T14#1>group(App<F,T1#14>,App<F,T2#13>,App<F,T3#12>,App<F,T4#11>,App<F,T5#10>,App<F,T6#9>,App<F,T7#8>,App<F,T8#7>,App<F,T9#6>,App<F,T10#5>,App<F,T11#4>,App<F,T12#3>,App<F,T13#2>,App<F,T14#1>)
      T4#11 extends Object declared in method <T1#14,T2#13,T3#12,T4#11,T5#10,T6#9,T7#8,T8#7,T9#6,T10#5,T11#4,T12#3,T13#2,T14#1>group(App<F,T1#14>,App<F,T2#13>,App<F,T3#12>,App<F,T4#11>,App<F,T5#10>,App<F,T6#9>,App<F,T7#8>,App<F,T8#7>,App<F,T9#6>,App<F,T10#5>,App<F,T11#4>,App<F,T12#3>,App<F,T13#2>,App<F,T14#1>)
      T5#10 extends Object declared in method <T1#14,T2#13,T3#12,T4#11,T5#10,T6#9,T7#8,T8#7,T9#6,T10#5,T11#4,T12#3,T13#2,T14#1>group(App<F,T1#14>,App<F,T2#13>,App<F,T3#12>,App<F,T4#11>,App<F,T5#10>,App<F,T6#9>,App<F,T7#8>,App<F,T8#7>,App<F,T9#6>,App<F,T10#5>,App<F,T11#4>,App<F,T12#3>,App<F,T13#2>,App<F,T14#1>)
      T6#9 extends Object declared in method <T1#14,T2#13,T3#12,T4#11,T5#10,T6#9,T7#8,T8#7,T9#6,T10#5,T11#4,T12#3,T13#2,T14#1>group(App<F,T1#14>,App<F,T2#13>,App<F,T3#12>,App<F,T4#11>,App<F,T5#10>,App<F,T6#9>,App<F,T7#8>,App<F,T8#7>,App<F,T9#6>,App<F,T10#5>,App<F,T11#4>,App<F,T12#3>,App<F,T13#2>,App<F,T14#1>)
      T7#8 extends Object declared in method <T1#14,T2#13,T3#12,T4#11,T5#10,T6#9,T7#8,T8#7,T9#6,T10#5,T11#4,T12#3,T13#2,T14#1>group(App<F,T1#14>,App<F,T2#13>,App<F,T3#12>,App<F,T4#11>,App<F,T5#10>,App<F,T6#9>,App<F,T7#8>,App<F,T8#7>,App<F,T9#6>,App<F,T10#5>,App<F,T11#4>,App<F,T12#3>,App<F,T13#2>,App<F,T14#1>)
      T8#7 extends Object declared in method <T1#14,T2#13,T3#12,T4#11,T5#10,T6#9,T7#8,T8#7,T9#6,T10#5,T11#4,T12#3,T13#2,T14#1>group(App<F,T1#14>,App<F,T2#13>,App<F,T3#12>,App<F,T4#11>,App<F,T5#10>,App<F,T6#9>,App<F,T7#8>,App<F,T8#7>,App<F,T9#6>,App<F,T10#5>,App<F,T11#4>,App<F,T12#3>,App<F,T13#2>,App<F,T14#1>)
      T9#6 extends Object declared in method <T1#14,T2#13,T3#12,T4#11,T5#10,T6#9,T7#8,T8#7,T9#6,T10#5,T11#4,T12#3,T13#2,T14#1>group(App<F,T1#14>,App<F,T2#13>,App<F,T3#12>,App<F,T4#11>,App<F,T5#10>,App<F,T6#9>,App<F,T7#8>,App<F,T8#7>,App<F,T9#6>,App<F,T10#5>,App<F,T11#4>,App<F,T12#3>,App<F,T13#2>,App<F,T14#1>)
      T10#5 extends Object declared in method <T1#14,T2#13,T3#12,T4#11,T5#10,T6#9,T7#8,T8#7,T9#6,T10#5,T11#4,T12#3,T13#2,T14#1>group(App<F,T1#14>,App<F,T2#13>,App<F,T3#12>,App<F,T4#11>,App<F,T5#10>,App<F,T6#9>,App<F,T7#8>,App<F,T8#7>,App<F,T9#6>,App<F,T10#5>,App<F,T11#4>,App<F,T12#3>,App<F,T13#2>,App<F,T14#1>)
      T11#4 extends Object declared in method <T1#14,T2#13,T3#12,T4#11,T5#10,T6#9,T7#8,T8#7,T9#6,T10#5,T11#4,T12#3,T13#2,T14#1>group(App<F,T1#14>,App<F,T2#13>,App<F,T3#12>,App<F,T4#11>,App<F,T5#10>,App<F,T6#9>,App<F,T7#8>,App<F,T8#7>,App<F,T9#6>,App<F,T10#5>,App<F,T11#4>,App<F,T12#3>,App<F,T13#2>,App<F,T14#1>)
      T12#3 extends Object declared in method <T1#14,T2#13,T3#12,T4#11,T5#10,T6#9,T7#8,T8#7,T9#6,T10#5,T11#4,T12#3,T13#2,T14#1>group(App<F,T1#14>,App<F,T2#13>,App<F,T3#12>,App<F,T4#11>,App<F,T5#10>,App<F,T6#9>,App<F,T7#8>,App<F,T8#7>,App<F,T9#6>,App<F,T10#5>,App<F,T11#4>,App<F,T12#3>,App<F,T13#2>,App<F,T14#1>)
      T13#2 extends Object declared in method <T1#14,T2#13,T3#12,T4#11,T5#10,T6#9,T7#8,T8#7,T9#6,T10#5,T11#4,T12#3,T13#2,T14#1>group(App<F,T1#14>,App<F,T2#13>,App<F,T3#12>,App<F,T4#11>,App<F,T5#10>,App<F,T6#9>,App<F,T7#8>,App<F,T8#7>,App<F,T9#6>,App<F,T10#5>,App<F,T11#4>,App<F,T12#3>,App<F,T13#2>,App<F,T14#1>)
      T14#1 extends Object declared in method <T1#14,T2#13,T3#12,T4#11,T5#10,T6#9,T7#8,T8#7,T9#6,T10#5,T11#4,T12#3,T13#2,T14#1>group(App<F,T1#14>,App<F,T2#13>,App<F,T3#12>,App<F,T4#11>,App<F,T5#10>,App<F,T6#9>,App<F,T7#8>,App<F,T8#7>,App<F,T9#6>,App<F,T10#5>,App<F,T11#4>,App<F,T12#3>,App<F,T13#2>,App<F,T14#1>)
      T1#15 extends Object declared in method <T1#15,T2#14,T3#13,T4#12,T5#11,T6#10,T7#9,T8#8,T9#7,T10#6,T11#5,T12#4,T13#3,T14#2,T15#1>group(App<F,T1#15>,App<F,T2#14>,App<F,T3#13>,App<F,T4#12>,App<F,T5#11>,App<F,T6#10>,App<F,T7#9>,App<F,T8#8>,App<F,T9#7>,App<F,T10#6>,App<F,T11#5>,App<F,T12#4>,App<F,T13#3>,App<F,T14#2>,App<F,T15#1>)
      T2#14 extends Object declared in method <T1#15,T2#14,T3#13,T4#12,T5#11,T6#10,T7#9,T8#8,T9#7,T10#6,T11#5,T12#4,T13#3,T14#2,T15#1>group(App<F,T1#15>,App<F,T2#14>,App<F,T3#13>,App<F,T4#12>,App<F,T5#11>,App<F,T6#10>,App<F,T7#9>,App<F,T8#8>,App<F,T9#7>,App<F,T10#6>,App<F,T11#5>,App<F,T12#4>,App<F,T13#3>,App<F,T14#2>,App<F,T15#1>)
      T3#13 extends Object declared in method <T1#15,T2#14,T3#13,T4#12,T5#11,T6#10,T7#9,T8#8,T9#7,T10#6,T11#5,T12#4,T13#3,T14#2,T15#1>group(App<F,T1#15>,App<F,T2#14>,App<F,T3#13>,App<F,T4#12>,App<F,T5#11>,App<F,T6#10>,App<F,T7#9>,App<F,T8#8>,App<F,T9#7>,App<F,T10#6>,App<F,T11#5>,App<F,T12#4>,App<F,T13#3>,App<F,T14#2>,App<F,T15#1>)
      T4#12 extends Object declared in method <T1#15,T2#14,T3#13,T4#12,T5#11,T6#10,T7#9,T8#8,T9#7,T10#6,T11#5,T12#4,T13#3,T14#2,T15#1>group(App<F,T1#15>,App<F,T2#14>,App<F,T3#13>,App<F,T4#12>,App<F,T5#11>,App<F,T6#10>,App<F,T7#9>,App<F,T8#8>,App<F,T9#7>,App<F,T10#6>,App<F,T11#5>,App<F,T12#4>,App<F,T13#3>,App<F,T14#2>,App<F,T15#1>)
      T5#11 extends Object declared in method <T1#15,T2#14,T3#13,T4#12,T5#11,T6#10,T7#9,T8#8,T9#7,T10#6,T11#5,T12#4,T13#3,T14#2,T15#1>group(App<F,T1#15>,App<F,T2#14>,App<F,T3#13>,App<F,T4#12>,App<F,T5#11>,App<F,T6#10>,App<F,T7#9>,App<F,T8#8>,App<F,T9#7>,App<F,T10#6>,App<F,T11#5>,App<F,T12#4>,App<F,T13#3>,App<F,T14#2>,App<F,T15#1>)
      T6#10 extends Object declared in method <T1#15,T2#14,T3#13,T4#12,T5#11,T6#10,T7#9,T8#8,T9#7,T10#6,T11#5,T12#4,T13#3,T14#2,T15#1>group(App<F,T1#15>,App<F,T2#14>,App<F,T3#13>,App<F,T4#12>,App<F,T5#11>,App<F,T6#10>,App<F,T7#9>,App<F,T8#8>,App<F,T9#7>,App<F,T10#6>,App<F,T11#5>,App<F,T12#4>,App<F,T13#3>,App<F,T14#2>,App<F,T15#1>)
      T7#9 extends Object declared in method <T1#15,T2#14,T3#13,T4#12,T5#11,T6#10,T7#9,T8#8,T9#7,T10#6,T11#5,T12#4,T13#3,T14#2,T15#1>group(App<F,T1#15>,App<F,T2#14>,App<F,T3#13>,App<F,T4#12>,App<F,T5#11>,App<F,T6#10>,App<F,T7#9>,App<F,T8#8>,App<F,T9#7>,App<F,T10#6>,App<F,T11#5>,App<F,T12#4>,App<F,T13#3>,App<F,T14#2>,App<F,T15#1>)
      T8#8 extends Object declared in method <T1#15,T2#14,T3#13,T4#12,T5#11,T6#10,T7#9,T8#8,T9#7,T10#6,T11#5,T12#4,T13#3,T14#2,T15#1>group(App<F,T1#15>,App<F,T2#14>,App<F,T3#13>,App<F,T4#12>,App<F,T5#11>,App<F,T6#10>,App<F,T7#9>,App<F,T8#8>,App<F,T9#7>,App<F,T10#6>,App<F,T11#5>,App<F,T12#4>,App<F,T13#3>,App<F,T14#2>,App<F,T15#1>)
      T9#7 extends Object declared in method <T1#15,T2#14,T3#13,T4#12,T5#11,T6#10,T7#9,T8#8,T9#7,T10#6,T11#5,T12#4,T13#3,T14#2,T15#1>group(App<F,T1#15>,App<F,T2#14>,App<F,T3#13>,App<F,T4#12>,App<F,T5#11>,App<F,T6#10>,App<F,T7#9>,App<F,T8#8>,App<F,T9#7>,App<F,T10#6>,App<F,T11#5>,App<F,T12#4>,App<F,T13#3>,App<F,T14#2>,App<F,T15#1>)
      T10#6 extends Object declared in method <T1#15,T2#14,T3#13,T4#12,T5#11,T6#10,T7#9,T8#8,T9#7,T10#6,T11#5,T12#4,T13#3,T14#2,T15#1>group(App<F,T1#15>,App<F,T2#14>,App<F,T3#13>,App<F,T4#12>,App<F,T5#11>,App<F,T6#10>,App<F,T7#9>,App<F,T8#8>,App<F,T9#7>,App<F,T10#6>,App<F,T11#5>,App<F,T12#4>,App<F,T13#3>,App<F,T14#2>,App<F,T15#1>)
      T11#5 extends Object declared in method <T1#15,T2#14,T3#13,T4#12,T5#11,T6#10,T7#9,T8#8,T9#7,T10#6,T11#5,T12#4,T13#3,T14#2,T15#1>group(App<F,T1#15>,App<F,T2#14>,App<F,T3#13>,App<F,T4#12>,App<F,T5#11>,App<F,T6#10>,App<F,T7#9>,App<F,T8#8>,App<F,T9#7>,App<F,T10#6>,App<F,T11#5>,App<F,T12#4>,App<F,T13#3>,App<F,T14#2>,App<F,T15#1>)
      T12#4 extends Object declared in method <T1#15,T2#14,T3#13,T4#12,T5#11,T6#10,T7#9,T8#8,T9#7,T10#6,T11#5,T12#4,T13#3,T14#2,T15#1>group(App<F,T1#15>,App<F,T2#14>,App<F,T3#13>,App<F,T4#12>,App<F,T5#11>,App<F,T6#10>,App<F,T7#9>,App<F,T8#8>,App<F,T9#7>,App<F,T10#6>,App<F,T11#5>,App<F,T12#4>,App<F,T13#3>,App<F,T14#2>,App<F,T15#1>)
      T13#3 extends Object declared in method <T1#15,T2#14,T3#13,T4#12,T5#11,T6#10,T7#9,T8#8,T9#7,T10#6,T11#5,T12#4,T13#3,T14#2,T15#1>group(App<F,T1#15>,App<F,T2#14>,App<F,T3#13>,App<F,T4#12>,App<F,T5#11>,App<F,T6#10>,App<F,T7#9>,App<F,T8#8>,App<F,T9#7>,App<F,T10#6>,App<F,T11#5>,App<F,T12#4>,App<F,T13#3>,App<F,T14#2>,App<F,T15#1>)
      T14#2 extends Object declared in method <T1#15,T2#14,T3#13,T4#12,T5#11,T6#10,T7#9,T8#8,T9#7,T10#6,T11#5,T12#4,T13#3,T14#2,T15#1>group(App<F,T1#15>,App<F,T2#14>,App<F,T3#13>,App<F,T4#12>,App<F,T5#11>,App<F,T6#10>,App<F,T7#9>,App<F,T8#8>,App<F,T9#7>,App<F,T10#6>,App<F,T11#5>,App<F,T12#4>,App<F,T13#3>,App<F,T14#2>,App<F,T15#1>)
      T15#1 extends Object declared in method <T1#15,T2#14,T3#13,T4#12,T5#11,T6#10,T7#9,T8#8,T9#7,T10#6,T11#5,T12#4,T13#3,T14#2,T15#1>group(App<F,T1#15>,App<F,T2#14>,App<F,T3#13>,App<F,T4#12>,App<F,T5#11>,App<F,T6#10>,App<F,T7#9>,App<F,T8#8>,App<F,T9#7>,App<F,T10#6>,App<F,T11#5>,App<F,T12#4>,App<F,T13#3>,App<F,T14#2>,App<F,T15#1>)
      T1#16 extends Object declared in method <T1#16,T2#15,T3#14,T4#13,T5#12,T6#11,T7#10,T8#9,T9#8,T10#7,T11#6,T12#5,T13#4,T14#3,T15#2,T16>group(App<F,T1#16>,App<F,T2#15>,App<F,T3#14>,App<F,T4#13>,App<F,T5#12>,App<F,T6#11>,App<F,T7#10>,App<F,T8#9>,App<F,T9#8>,App<F,T10#7>,App<F,T11#6>,App<F,T12#5>,App<F,T13#4>,App<F,T14#3>,App<F,T15#2>,App<F,T16>)
      T2#15 extends Object declared in method <T1#16,T2#15,T3#14,T4#13,T5#12,T6#11,T7#10,T8#9,T9#8,T10#7,T11#6,T12#5,T13#4,T14#3,T15#2,T16>group(App<F,T1#16>,App<F,T2#15>,App<F,T3#14>,App<F,T4#13>,App<F,T5#12>,App<F,T6#11>,App<F,T7#10>,App<F,T8#9>,App<F,T9#8>,App<F,T10#7>,App<F,T11#6>,App<F,T12#5>,App<F,T13#4>,App<F,T14#3>,App<F,T15#2>,App<F,T16>)
      T3#14 extends Object declared in method <T1#16,T2#15,T3#14,T4#13,T5#12,T6#11,T7#10,T8#9,T9#8,T10#7,T11#6,T12#5,T13#4,T14#3,T15#2,T16>group(App<F,T1#16>,App<F,T2#15>,App<F,T3#14>,App<F,T4#13>,App<F,T5#12>,App<F,T6#11>,App<F,T7#10>,App<F,T8#9>,App<F,T9#8>,App<F,T10#7>,App<F,T11#6>,App<F,T12#5>,App<F,T13#4>,App<F,T14#3>,App<F,T15#2>,App<F,T16>)
      T4#13 extends Object declared in method <T1#16,T2#15,T3#14,T4#13,T5#12,T6#11,T7#10,T8#9,T9#8,T10#7,T11#6,T12#5,T13#4,T14#3,T15#2,T16>group(App<F,T1#16>,App<F,T2#15>,App<F,T3#14>,App<F,T4#13>,App<F,T5#12>,App<F,T6#11>,App<F,T7#10>,App<F,T8#9>,App<F,T9#8>,App<F,T10#7>,App<F,T11#6>,App<F,T12#5>,App<F,T13#4>,App<F,T14#3>,App<F,T15#2>,App<F,T16>)
      T5#12 extends Object declared in method <T1#16,T2#15,T3#14,T4#13,T5#12,T6#11,T7#10,T8#9,T9#8,T10#7,T11#6,T12#5,T13#4,T14#3,T15#2,T16>group(App<F,T1#16>,App<F,T2#15>,App<F,T3#14>,App<F,T4#13>,App<F,T5#12>,App<F,T6#11>,App<F,T7#10>,App<F,T8#9>,App<F,T9#8>,App<F,T10#7>,App<F,T11#6>,App<F,T12#5>,App<F,T13#4>,App<F,T14#3>,App<F,T15#2>,App<F,T16>)
      T6#11 extends Object declared in method <T1#16,T2#15,T3#14,T4#13,T5#12,T6#11,T7#10,T8#9,T9#8,T10#7,T11#6,T12#5,T13#4,T14#3,T15#2,T16>group(App<F,T1#16>,App<F,T2#15>,App<F,T3#14>,App<F,T4#13>,App<F,T5#12>,App<F,T6#11>,App<F,T7#10>,App<F,T8#9>,App<F,T9#8>,App<F,T10#7>,App<F,T11#6>,App<F,T12#5>,App<F,T13#4>,App<F,T14#3>,App<F,T15#2>,App<F,T16>)
      T7#10 extends Object declared in method <T1#16,T2#15,T3#14,T4#13,T5#12,T6#11,T7#10,T8#9,T9#8,T10#7,T11#6,T12#5,T13#4,T14#3,T15#2,T16>group(App<F,T1#16>,App<F,T2#15>,App<F,T3#14>,App<F,T4#13>,App<F,T5#12>,App<F,T6#11>,App<F,T7#10>,App<F,T8#9>,App<F,T9#8>,App<F,T10#7>,App<F,T11#6>,App<F,T12#5>,App<F,T13#4>,App<F,T14#3>,App<F,T15#2>,App<F,T16>)
      T8#9 extends Object declared in method <T1#16,T2#15,T3#14,T4#13,T5#12,T6#11,T7#10,T8#9,T9#8,T10#7,T11#6,T12#5,T13#4,T14#3,T15#2,T16>group(App<F,T1#16>,App<F,T2#15>,App<F,T3#14>,App<F,T4#13>,App<F,T5#12>,App<F,T6#11>,App<F,T7#10>,App<F,T8#9>,App<F,T9#8>,App<F,T10#7>,App<F,T11#6>,App<F,T12#5>,App<F,T13#4>,App<F,T14#3>,App<F,T15#2>,App<F,T16>)
      T9#8 extends Object declared in method <T1#16,T2#15,T3#14,T4#13,T5#12,T6#11,T7#10,T8#9,T9#8,T10#7,T11#6,T12#5,T13#4,T14#3,T15#2,T16>group(App<F,T1#16>,App<F,T2#15>,App<F,T3#14>,App<F,T4#13>,App<F,T5#12>,App<F,T6#11>,App<F,T7#10>,App<F,T8#9>,App<F,T9#8>,App<F,T10#7>,App<F,T11#6>,App<F,T12#5>,App<F,T13#4>,App<F,T14#3>,App<F,T15#2>,App<F,T16>)
      T10#7 extends Object declared in method <T1#16,T2#15,T3#14,T4#13,T5#12,T6#11,T7#10,T8#9,T9#8,T10#7,T11#6,T12#5,T13#4,T14#3,T15#2,T16>group(App<F,T1#16>,App<F,T2#15>,App<F,T3#14>,App<F,T4#13>,App<F,T5#12>,App<F,T6#11>,App<F,T7#10>,App<F,T8#9>,App<F,T9#8>,App<F,T10#7>,App<F,T11#6>,App<F,T12#5>,App<F,T13#4>,App<F,T14#3>,App<F,T15#2>,App<F,T16>)
      T11#6 extends Object declared in method <T1#16,T2#15,T3#14,T4#13,T5#12,T6#11,T7#10,T8#9,T9#8,T10#7,T11#6,T12#5,T13#4,T14#3,T15#2,T16>group(App<F,T1#16>,App<F,T2#15>,App<F,T3#14>,App<F,T4#13>,App<F,T5#12>,App<F,T6#11>,App<F,T7#10>,App<F,T8#9>,App<F,T9#8>,App<F,T10#7>,App<F,T11#6>,App<F,T12#5>,App<F,T13#4>,App<F,T14#3>,App<F,T15#2>,App<F,T16>)
      T12#5 extends Object declared in method <T1#16,T2#15,T3#14,T4#13,T5#12,T6#11,T7#10,T8#9,T9#8,T10#7,T11#6,T12#5,T13#4,T14#3,T15#2,T16>group(App<F,T1#16>,App<F,T2#15>,App<F,T3#14>,App<F,T4#13>,App<F,T5#12>,App<F,T6#11>,App<F,T7#10>,App<F,T8#9>,App<F,T9#8>,App<F,T10#7>,App<F,T11#6>,App<F,T12#5>,App<F,T13#4>,App<F,T14#3>,App<F,T15#2>,App<F,T16>)
      T13#4 extends Object declared in method <T1#16,T2#15,T3#14,T4#13,T5#12,T6#11,T7#10,T8#9,T9#8,T10#7,T11#6,T12#5,T13#4,T14#3,T15#2,T16>group(App<F,T1#16>,App<F,T2#15>,App<F,T3#14>,App<F,T4#13>,App<F,T5#12>,App<F,T6#11>,App<F,T7#10>,App<F,T8#9>,App<F,T9#8>,App<F,T10#7>,App<F,T11#6>,App<F,T12#5>,App<F,T13#4>,App<F,T14#3>,App<F,T15#2>,App<F,T16>)
      T14#3 extends Object declared in method <T1#16,T2#15,T3#14,T4#13,T5#12,T6#11,T7#10,T8#9,T9#8,T10#7,T11#6,T12#5,T13#4,T14#3,T15#2,T16>group(App<F,T1#16>,App<F,T2#15>,App<F,T3#14>,App<F,T4#13>,App<F,T5#12>,App<F,T6#11>,App<F,T7#10>,App<F,T8#9>,App<F,T9#8>,App<F,T10#7>,App<F,T11#6>,App<F,T12#5>,App<F,T13#4>,App<F,T14#3>,App<F,T15#2>,App<F,T16>)
      T15#2 extends Object declared in method <T1#16,T2#15,T3#14,T4#13,T5#12,T6#11,T7#10,T8#9,T9#8,T10#7,T11#6,T12#5,T13#4,T14#3,T15#2,T16>group(App<F,T1#16>,App<F,T2#15>,App<F,T3#14>,App<F,T4#13>,App<F,T5#12>,App<F,T6#11>,App<F,T7#10>,App<F,T8#9>,App<F,T9#8>,App<F,T10#7>,App<F,T11#6>,App<F,T12#5>,App<F,T13#4>,App<F,T14#3>,App<F,T15#2>,App<F,T16>)
      T16 extends Object declared in method <T1#16,T2#15,T3#14,T4#13,T5#12,T6#11,T7#10,T8#9,T9#8,T10#7,T11#6,T12#5,T13#4,T14#3,T15#2,T16>group(App<F,T1#16>,App<F,T2#15>,App<F,T3#14>,App<F,T4#13>,App<F,T5#12>,App<F,T6#11>,App<F,T7#10>,App<F,T8#9>,App<F,T9#8>,App<F,T10#7>,App<F,T11#6>,App<F,T12#5>,App<F,T13#4>,App<F,T14#3>,App<F,T15#2>,App<F,T16>)
  /home/runner/work/TaCZ_Refabricated_Unofficial/TaCZ_Refabricated_Unofficial/src/main/java/cn/sh1rocu/tacz/industry/api/feed/CylinderData.java:84: error: no suitable method found for group(RecordCodecBuilder<CylinderData,Identifier>,RecordCodecBuilder<CylinderData,List<CylinderSlot>>,RecordCodecBuilder<CylinderData,Integer>)
              instance -> instance.group(
                                  ^
      method Kind1.<T1#1>group(App<Mu<Object>,T1#1>) is not applicable
        (cannot infer type-variable(s) T1#1
          (actual and formal argument lists differ in length))
      method Kind1.<T1#2,T2#1>group(App<Mu<Object>,T1#2>,App<Mu<Object>,T2#1>) is not applicable
        (cannot infer type-variable(s) T1#2,T2#1
          (actual and formal argument lists differ in length))
      method Kind1.<T1#3,T2#2,T3#1>group(App<Mu<Object>,T1#3>,App<Mu<Object>,T2#2>,App<Mu<Object>,T3#1>) is not applicable
        (inference variable O has incompatible bounds
          equality constraints: Object
          upper bounds: Object,CylinderData)
      method Kind1.<T1#4,T2#3,T3#2,T4#1>group(App<Mu<Object>,T1#4>,App<Mu<Object>,T2#3>,App<Mu<Object>,T3#2>,App<Mu<Object>,T4#1>) is not applicable
        (cannot infer type-variable(s) T1#4,T2#3,T3#2,T4#1
          (actual and formal argument lists differ in length))
      method Kind1.<T1#5,T2#4,T3#3,T4#2,T5#1>group(App<Mu<Object>,T1#5>,App<Mu<Object>,T2#4>,App<Mu<Object>,T3#3>,App<Mu<Object>,T4#2>,App<Mu<Object>,T5#1>) is not applicable
        (cannot infer type-variable(s) T1#5,T2#4,T3#3,T4#2,T5#1
          (actual and formal argument lists differ in length))
      method Kind1.<T1#6,T2#5,T3#4,T4#3,T5#2,T6#1>group(App<Mu<Object>,T1#6>,App<Mu<Object>,T2#5>,App<Mu<Object>,T3#4>,App<Mu<Object>,T4#3>,App<Mu<Object>,T5#2>,App<Mu<Object>,T6#1>) is not applicable
        (cannot infer type-variable(s) T1#6,T2#5,T3#4,T4#3,T5#2,T6#1
          (actual and formal argument lists differ in length))
      method Kind1.<T1#7,T2#6,T3#5,T4#4,T5#3,T6#2,T7#1>group(App<Mu<Object>,T1#7>,App<Mu<Object>,T2#6>,App<Mu<Object>,T3#5>,App<Mu<Object>,T4#4>,App<Mu<Object>,T5#3>,App<Mu<Object>,T6#2>,App<Mu<Object>,T7#1>) is not applicable
        (cannot infer type-variable(s) T1#7,T2#6,T3#5,T4#4,T5#3,T6#2,T7#1
          (actual and formal argument lists differ in length))
      method Kind1.<T1#8,T2#7,T3#6,T4#5,T5#4,T6#3,T7#2,T8#1>group(App<Mu<Object>,T1#8>,App<Mu<Object>,T2#7>,App<Mu<Object>,T3#6>,App<Mu<Object>,T4#5>,App<Mu<Object>,T5#4>,App<Mu<Object>,T6#3>,App<Mu<Object>,T7#2>,App<Mu<Object>,T8#1>) is not applicable
        (cannot infer type-variable(s) T1#8,T2#7,T3#6,T4#5,T5#4,T6#3,T7#2,T8#1
          (actual and formal argument lists differ in length))
      method Kind1.<T1#9,T2#8,T3#7,T4#6,T5#5,T6#4,T7#3,T8#2,T9#1>group(App<Mu<Object>,T1#9>,App<Mu<Object>,T2#8>,App<Mu<Object>,T3#7>,App<Mu<Object>,T4#6>,App<Mu<Object>,T5#5>,App<Mu<Object>,T6#4>,App<Mu<Object>,T7#3>,App<Mu<Object>,T8#2>,App<Mu<Object>,T9#1>) is not applicable
        (cannot infer type-variable(s) T1#9,T2#8,T3#7,T4#6,T5#5,T6#4,T7#3,T8#2,T9#1
          (actual and formal argument lists differ in length))
      method Kind1.<T1#10,T2#9,T3#8,T4#7,T5#6,T6#5,T7#4,T8#3,T9#2,T10#1>group(App<Mu<Object>,T1#10>,App<Mu<Object>,T2#9>,App<Mu<Object>,T3#8>,App<Mu<Object>,T4#7>,App<Mu<Object>,T5#6>,App<Mu<Object>,T6#5>,App<Mu<Object>,T7#4>,App<Mu<Object>,T8#3>,App<Mu<Object>,T9#2>,App<Mu<Object>,T10#1>) is not applicable
        (cannot infer type-variable(s) T1#10,T2#9,T3#8,T4#7,T5#6,T6#5,T7#4,T8#3,T9#2,T10#1
          (actual and formal argument lists differ in length))
      method Kind1.<T1#11,T2#10,T3#9,T4#8,T5#7,T6#6,T7#5,T8#4,T9#3,T10#2,T11#1>group(App<Mu<Object>,T1#11>,App<Mu<Object>,T2#10>,App<Mu<Object>,T3#9>,App<Mu<Object>,T4#8>,App<Mu<Object>,T5#7>,App<Mu<Object>,T6#6>,App<Mu<Object>,T7#5>,App<Mu<Object>,T8#4>,App<Mu<Object>,T9#3>,App<Mu<Object>,T10#2>,App<Mu<Object>,T11#1>) is not applicable
        (cannot infer type-variable(s) T1#11,T2#10,T3#9,T4#8,T5#7,T6#6,T7#5,T8#4,T9#3,T10#2,T11#1
          (actual and formal argument lists differ in length))
      method Kind1.<T1#12,T2#11,T3#10,T4#9,T5#8,T6#7,T7#6,T8#5,T9#4,T10#3,T11#2,T12#1>group(App<Mu<Object>,T1#12>,App<Mu<Object>,T2#11>,App<Mu<Object>,T3#10>,App<Mu<Object>,T4#9>,App<Mu<Object>,T5#8>,App<Mu<Object>,T6#7>,App<Mu<Object>,T7#6>,App<Mu<Object>,T8#5>,App<Mu<Object>,T9#4>,App<Mu<Object>,T10#3>,App<Mu<Object>,T11#2>,App<Mu<Object>,T12#1>) is not applicable
        (cannot infer type-variable(s) T1#12,T2#11,T3#10,T4#9,T5#8,T6#7,T7#6,T8#5,T9#4,T10#3,T11#2,T12#1
          (actual and formal argument lists differ in length))
      method Kind1.<T1#13,T2#12,T3#11,T4#10,T5#9,T6#8,T7#7,T8#6,T9#5,T10#4,T11#3,T12#2,T13#1>group(App<Mu<Object>,T1#13>,App<Mu<Object>,T2#12>,App<Mu<Object>,T3#11>,App<Mu<Object>,T4#10>,App<Mu<Object>,T5#9>,App<Mu<Object>,T6#8>,App<Mu<Object>,T7#7>,App<Mu<Object>,T8#6>,App<Mu<Object>,T9#5>,App<Mu<Object>,T10#4>,App<Mu<Object>,T11#3>,App<Mu<Object>,T12#2>,App<Mu<Object>,T13#1>) is not applicable
        (cannot infer type-variable(s) T1#13,T2#12,T3#11,T4#10,T5#9,T6#8,T7#7,T8#6,T9#5,T10#4,T11#3,T12#2,T13#1
          (actual and formal argument lists differ in length))
      method Kind1.<T1#14,T2#13,T3#12,T4#11,T5#10,T6#9,T7#8,T8#7,T9#6,T10#5,T11#4,T12#3,T13#2,T14#1>group(App<Mu<Object>,T1#14>,App<Mu<Object>,T2#13>,App<Mu<Object>,T3#12>,App<Mu<Object>,T4#11>,App<Mu<Object>,T5#10>,App<Mu<Object>,T6#9>,App<Mu<Object>,T7#8>,App<Mu<Object>,T8#7>,App<Mu<Object>,T9#6>,App<Mu<Object>,T10#5>,App<Mu<Object>,T11#4>,App<Mu<Object>,T12#3>,App<Mu<Object>,T13#2>,App<Mu<Object>,T14#1>) is not applicable
        (cannot infer type-variable(s) T1#14,T2#13,T3#12,T4#11,T5#10,T6#9,T7#8,T8#7,T9#6,T10#5,T11#4,T12#3,T13#2,T14#1
          (actual and formal argument lists differ in length))
      method Kind1.<T1#15,T2#14,T3#13,T4#12,T5#11,T6#10,T7#9,T8#8,T9#7,T10#6,T11#5,T12#4,T13#3,T14#2,T15#1>group(App<Mu<Object>,T1#15>,App<Mu<Object>,T2#14>,App<Mu<Object>,T3#13>,App<Mu<Object>,T4#12>,App<Mu<Object>,T5#11>,App<Mu<Object>,T6#10>,App<Mu<Object>,T7#9>,App<Mu<Object>,T8#8>,App<Mu<Object>,T9#7>,App<Mu<Object>,T10#6>,App<Mu<Object>,T11#5>,App<Mu<Object>,T12#4>,App<Mu<Object>,T13#3>,App<Mu<Object>,T14#2>,App<Mu<Object>,T15#1>) is not applicable
        (cannot infer type-variable(s) T1#15,T2#14,T3#13,T4#12,T5#11,T6#10,T7#9,T8#8,T9#7,T10#6,T11#5,T12#4,T13#3,T14#2,T15#1
          (actual and formal argument lists differ in length))
      method Kind1.<T1#16,T2#15,T3#14,T4#13,T5#12,T6#11,T7#10,T8#9,T9#8,T10#7,T11#6,T12#5,T13#4,T14#3,T15#2,T16>group(App<Mu<Object>,T1#16>,App<Mu<Object>,T2#15>,App<Mu<Object>,T3#14>,App<Mu<Object>,T4#13>,App<Mu<Object>,T5#12>,App<Mu<Object>,T6#11>,App<Mu<Object>,T7#10>,App<Mu<Object>,T8#9>,App<Mu<Object>,T9#8>,App<Mu<Object>,T10#7>,App<Mu<Object>,T11#6>,App<Mu<Object>,T12#5>,App<Mu<Object>,T13#4>,App<Mu<Object>,T14#3>,App<Mu<Object>,T15#2>,App<Mu<Object>,T16>) is not applicable
        (cannot infer type-variable(s) T1#16,T2#15,T3#14,T4#13,T5#12,T6#11,T7#10,T8#9,T9#8,T10#7,T11#6,T12#5,T13#4,T14#3,T15#2,T16
          (actual and formal argument lists differ in length))
    where T1#1,F,T1#2,T2#1,T1#3,T2#2,T3#1,O,A,T1#4,T2#3,T3#2,T4#1,T1#5,T2#4,T3#3,T4#2,T5#1,T1#6,T2#5,T3#4,T4#3,T5#2,T6#1,T1#7,T2#6,T3#5,T4#4,T5#3,T6#2,T7#1,T1#8,T2#7,T3#6,T4#5,T5#4,T6#3,T7#2,T8#1,T1#9,T2#8,T3#7,T4#6,T5#5,T6#4,T7#3,T8#2,T9#1,T1#10,T2#9,T3#8,T4#7,T5#6,T6#5,T7#4,T8#3,T9#2,T10#1,T1#11,T2#10,T3#9,T4#8,T5#7,T6#6,T7#5,T8#4,T9#3,T10#2,T11#1,T1#12,T2#11,T3#10,T4#9,T5#8,T6#7,T7#6,T8#5,T9#4,T10#3,T11#2,T12#1,T1#13,T2#12,T3#11,T4#10,T5#9,T6#8,T7#7,T8#6,T9#5,T10#4,T11#3,T12#2,T13#1,T1#14,T2#13,T3#12,T4#11,T5#10,T6#9,T7#8,T8#7,T9#6,T10#5,T11#4,T12#3,T13#2,T14#1,T1#15,T2#14,T3#13,T4#12,T5#11,T6#10,T7#9,T8#8,T9#7,T10#6,T11#5,T12#4,T13#3,T14#2,T15#1,T1#16,T2#15,T3#14,T4#13,T5#12,T6#11,T7#10,T8#9,T9#8,T10#7,T11#6,T12#5,T13#4,T14#3,T15#2,T16 are type-variables:
      T1#1 extends Object declared in method <T1#1>group(App<F,T1#1>)
      F extends K1 declared in interface Kind1
      T1#2 extends Object declared in method <T1#2,T2#1>group(App<F,T1#2>,App<F,T2#1>)
      T2#1 extends Object declared in method <T1#2,T2#1>group(App<F,T1#2>,App<F,T2#1>)
      T1#3 extends Object declared in method <T1#3,T2#2,T3#1>group(App<F,T1#3>,App<F,T2#2>,App<F,T3#1>)
      T2#2 extends Object declared in method <T1#3,T2#2,T3#1>group(App<F,T1#3>,App<F,T2#2>,App<F,T3#1>)
      T3#1 extends Object declared in method <T1#3,T2#2,T3#1>group(App<F,T1#3>,App<F,T2#2>,App<F,T3#1>)
      O extends Object declared in method <O>forGetter(Function<O,A>)
      A extends Object declared in class MapCodec
      T1#4 extends Object declared in method <T1#4,T2#3,T3#2,T4#1>group(App<F,T1#4>,App<F,T2#3>,App<F,T3#2>,App<F,T4#1>)
      T2#3 extends Object declared in method <T1#4,T2#3,T3#2,T4#1>group(App<F,T1#4>,App<F,T2#3>,App<F,T3#2>,App<F,T4#1>)
      T3#2 extends Object declared in method <T1#4,T2#3,T3#2,T4#1>group(App<F,T1#4>,App<F,T2#3>,App<F,T3#2>,App<F,T4#1>)
      T4#1 extends Object declared in method <T1#4,T2#3,T3#2,T4#1>group(App<F,T1#4>,App<F,T2#3>,App<F,T3#2>,App<F,T4#1>)
      T1#5 extends Object declared in method <T1#5,T2#4,T3#3,T4#2,T5#1>group(App<F,T1#5>,App<F,T2#4>,App<F,T3#3>,App<F,T4#2>,App<F,T5#1>)
      T2#4 extends Object declared in method <T1#5,T2#4,T3#3,T4#2,T5#1>group(App<F,T1#5>,App<F,T2#4>,App<F,T3#3>,App<F,T4#2>,App<F,T5#1>)
      T3#3 extends Object declared in method <T1#5,T2#4,T3#3,T4#2,T5#1>group(App<F,T1#5>,App<F,T2#4>,App<F,T3#3>,App<F,T4#2>,App<F,T5#1>)
      T4#2 extends Object declared in method <T1#5,T2#4,T3#3,T4#2,T5#1>group(App<F,T1#5>,App<F,T2#4>,App<F,T3#3>,App<F,T4#2>,App<F,T5#1>)
      T5#1 extends Object declared in method <T1#5,T2#4,T3#3,T4#2,T5#1>group(App<F,T1#5>,App<F,T2#4>,App<F,T3#3>,App<F,T4#2>,App<F,T5#1>)
      T1#6 extends Object declared in method <T1#6,T2#5,T3#4,T4#3,T5#2,T6#1>group(App<F,T1#6>,App<F,T2#5>,App<F,T3#4>,App<F,T4#3>,App<F,T5#2>,App<F,T6#1>)
      T2#5 extends Object declared in method <T1#6,T2#5,T3#4,T4#3,T5#2,T6#1>group(App<F,T1#6>,App<F,T2#5>,App<F,T3#4>,App<F,T4#3>,App<F,T5#2>,App<F,T6#1>)
      T3#4 extends Object declared in method <T1#6,T2#5,T3#4,T4#3,T5#2,T6#1>group(App<F,T1#6>,App<F,T2#5>,App<F,T3#4>,App<F,T4#3>,App<F,T5#2>,App<F,T6#1>)
      T4#3 extends Object declared in method <T1#6,T2#5,T3#4,T4#3,T5#2,T6#1>group(App<F,T1#6>,App<F,T2#5>,App<F,T3#4>,App<F,T4#3>,App<F,T5#2>,App<F,T6#1>)
      T5#2 extends Object declared in method <T1#6,T2#5,T3#4,T4#3,T5#2,T6#1>group(App<F,T1#6>,App<F,T2#5>,App<F,T3#4>,App<F,T4#3>,App<F,T5#2>,App<F,T6#1>)
      T6#1 extends Object declared in method <T1#6,T2#5,T3#4,T4#3,T5#2,T6#1>group(App<F,T1#6>,App<F,T2#5>,App<F,T3#4>,App<F,T4#3>,App<F,T5#2>,App<F,T6#1>)
      T1#7 extends Object declared in method <T1#7,T2#6,T3#5,T4#4,T5#3,T6#2,T7#1>group(App<F,T1#7>,App<F,T2#6>,App<F,T3#5>,App<F,T4#4>,App<F,T5#3>,App<F,T6#2>,App<F,T7#1>)
      T2#6 extends Object declared in method <T1#7,T2#6,T3#5,T4#4,T5#3,T6#2,T7#1>group(App<F,T1#7>,App<F,T2#6>,App<F,T3#5>,App<F,T4#4>,App<F,T5#3>,App<F,T6#2>,App<F,T7#1>)
      T3#5 extends Object declared in method <T1#7,T2#6,T3#5,T4#4,T5#3,T6#2,T7#1>group(App<F,T1#7>,App<F,T2#6>,App<F,T3#5>,App<F,T4#4>,App<F,T5#3>,App<F,T6#2>,App<F,T7#1>)
      T4#4 extends Object declared in method <T1#7,T2#6,T3#5,T4#4,T5#3,T6#2,T7#1>group(App<F,T1#7>,App<F,T2#6>,App<F,T3#5>,App<F,T4#4>,App<F,T5#3>,App<F,T6#2>,App<F,T7#1>)
      T5#3 extends Object declared in method <T1#7,T2#6,T3#5,T4#4,T5#3,T6#2,T7#1>group(App<F,T1#7>,App<F,T2#6>,App<F,T3#5>,App<F,T4#4>,App<F,T5#3>,App<F,T6#2>,App<F,T7#1>)
      T6#2 extends Object declared in method <T1#7,T2#6,T3#5,T4#4,T5#3,T6#2,T7#1>group(App<F,T1#7>,App<F,T2#6>,App<F,T3#5>,App<F,T4#4>,App<F,T5#3>,App<F,T6#2>,App<F,T7#1>)
      T7#1 extends Object declared in method <T1#7,T2#6,T3#5,T4#4,T5#3,T6#2,T7#1>group(App<F,T1#7>,App<F,T2#6>,App<F,T3#5>,App<F,T4#4>,App<F,T5#3>,App<F,T6#2>,App<F,T7#1>)
      T1#8 extends Object declared in method <T1#8,T2#7,T3#6,T4#5,T5#4,T6#3,T7#2,T8#1>group(App<F,T1#8>,App<F,T2#7>,App<F,T3#6>,App<F,T4#5>,App<F,T5#4>,App<F,T6#3>,App<F,T7#2>,App<F,T8#1>)
      T2#7 extends Object declared in method <T1#8,T2#7,T3#6,T4#5,T5#4,T6#3,T7#2,T8#1>group(App<F,T1#8>,App<F,T2#7>,App<F,T3#6>,App<F,T4#5>,App<F,T5#4>,App<F,T6#3>,App<F,T7#2>,App<F,T8#1>)
      T3#6 extends Object declared in method <T1#8,T2#7,T3#6,T4#5,T5#4,T6#3,T7#2,T8#1>group(App<F,T1#8>,App<F,T2#7>,App<F,T3#6>,App<F,T4#5>,App<F,T5#4>,App<F,T6#3>,App<F,T7#2>,App<F,T8#1>)
      T4#5 extends Object declared in method <T1#8,T2#7,T3#6,T4#5,T5#4,T6#3,T7#2,T8#1>group(App<F,T1#8>,App<F,T2#7>,App<F,T3#6>,App<F,T4#5>,App<F,T5#4>,App<F,T6#3>,App<F,T7#2>,App<F,T8#1>)
      T5#4 extends Object declared in method <T1#8,T2#7,T3#6,T4#5,T5#4,T6#3,T7#2,T8#1>group(App<F,T1#8>,App<F,T2#7>,App<F,T3#6>,App<F,T4#5>,App<F,T5#4>,App<F,T6#3>,App<F,T7#2>,App<F,T8#1>)
      T6#3 extends Object declared in method <T1#8,T2#7,T3#6,T4#5,T5#4,T6#3,T7#2,T8#1>group(App<F,T1#8>,App<F,T2#7>,App<F,T3#6>,App<F,T4#5>,App<F,T5#4>,App<F,T6#3>,App<F,T7#2>,App<F,T8#1>)
      T7#2 extends Object declared in method <T1#8,T2#7,T3#6,T4#5,T5#4,T6#3,T7#2,T8#1>group(App<F,T1#8>,App<F,T2#7>,App<F,T3#6>,App<F,T4#5>,App<F,T5#4>,App<F,T6#3>,App<F,T7#2>,App<F,T8#1>)
      T8#1 extends Object declared in method <T1#8,T2#7,T3#6,T4#5,T5#4,T6#3,T7#2,T8#1>group(App<F,T1#8>,App<F,T2#7>,App<F,T3#6>,App<F,T4#5>,App<F,T5#4>,App<F,T6#3>,App<F,T7#2>,App<F,T8#1>)
      T1#9 extends Object declared in method <T1#9,T2#8,T3#7,T4#6,T5#5,T6#4,T7#3,T8#2,T9#1>group(App<F,T1#9>,App<F,T2#8>,App<F,T3#7>,App<F,T4#6>,App<F,T5#5>,App<F,T6#4>,App<F,T7#3>,App<F,T8#2>,App<F,T9#1>)
      T2#8 extends Object declared in method <T1#9,T2#8,T3#7,T4#6,T5#5,T6#4,T7#3,T8#2,T9#1>group(App<F,T1#9>,App<F,T2#8>,App<F,T3#7>,App<F,T4#6>,App<F,T5#5>,App<F,T6#4>,App<F,T7#3>,App<F,T8#2>,App<F,T9#1>)
      T3#7 extends Object declared in method <T1#9,T2#8,T3#7,T4#6,T5#5,T6#4,T7#3,T8#2,T9#1>group(App<F,T1#9>,App<F,T2#8>,App<F,T3#7>,App<F,T4#6>,App<F,T5#5>,App<F,T6#4>,App<F,T7#3>,App<F,T8#2>,App<F,T9#1>)
      T4#6 extends Object declared in method <T1#9,T2#8,T3#7,T4#6,T5#5,T6#4,T7#3,T8#2,T9#1>group(App<F,T1#9>,App<F,T2#8>,App<F,T3#7>,App<F,T4#6>,App<F,T5#5>,App<F,T6#4>,App<F,T7#3>,App<F,T8#2>,App<F,T9#1>)
      T5#5 extends Object declared in method <T1#9,T2#8,T3#7,T4#6,T5#5,T6#4,T7#3,T8#2,T9#1>group(App<F,T1#9>,App<F,T2#8>,App<F,T3#7>,App<F,T4#6>,App<F,T5#5>,App<F,T6#4>,App<F,T7#3>,App<F,T8#2>,App<F,T9#1>)
      T6#4 extends Object declared in method <T1#9,T2#8,T3#7,T4#6,T5#5,T6#4,T7#3,T8#2,T9#1>group(App<F,T1#9>,App<F,T2#8>,App<F,T3#7>,App<F,T4#6>,App<F,T5#5>,App<F,T6#4>,App<F,T7#3>,App<F,T8#2>,App<F,T9#1>)
      T7#3 extends Object declared in method <T1#9,T2#8,T3#7,T4#6,T5#5,T6#4,T7#3,T8#2,T9#1>group(App<F,T1#9>,App<F,T2#8>,App<F,T3#7>,App<F,T4#6>,App<F,T5#5>,App<F,T6#4>,App<F,T7#3>,App<F,T8#2>,App<F,T9#1>)
      T8#2 extends Object declared in method <T1#9,T2#8,T3#7,T4#6,T5#5,T6#4,T7#3,T8#2,T9#1>group(App<F,T1#9>,App<F,T2#8>,App<F,T3#7>,App<F,T4#6>,App<F,T5#5>,App<F,T6#4>,App<F,T7#3>,App<F,T8#2>,App<F,T9#1>)
      T9#1 extends Object declared in method <T1#9,T2#8,T3#7,T4#6,T5#5,T6#4,T7#3,T8#2,T9#1>group(App<F,T1#9>,App<F,T2#8>,App<F,T3#7>,App<F,T4#6>,App<F,T5#5>,App<F,T6#4>,App<F,T7#3>,App<F,T8#2>,App<F,T9#1>)
      T1#10 extends Object declared in method <T1#10,T2#9,T3#8,T4#7,T5#6,T6#5,T7#4,T8#3,T9#2,T10#1>group(App<F,T1#10>,App<F,T2#9>,App<F,T3#8>,App<F,T4#7>,App<F,T5#6>,App<F,T6#5>,App<F,T7#4>,App<F,T8#3>,App<F,T9#2>,App<F,T10#1>)
      T2#9 extends Object declared in method <T1#10,T2#9,T3#8,T4#7,T5#6,T6#5,T7#4,T8#3,T9#2,T10#1>group(App<F,T1#10>,App<F,T2#9>,App<F,T3#8>,App<F,T4#7>,App<F,T5#6>,App<F,T6#5>,App<F,T7#4>,App<F,T8#3>,App<F,T9#2>,App<F,T10#1>)
      T3#8 extends Object declared in method <T1#10,T2#9,T3#8,T4#7,T5#6,T6#5,T7#4,T8#3,T9#2,T10#1>group(App<F,T1#10>,App<F,T2#9>,App<F,T3#8>,App<F,T4#7>,App<F,T5#6>,App<F,T6#5>,App<F,T7#4>,App<F,T8#3>,App<F,T9#2>,App<F,T10#1>)
      T4#7 extends Object declared in method <T1#10,T2#9,T3#8,T4#7,T5#6,T6#5,T7#4,T8#3,T9#2,T10#1>group(App<F,T1#10>,App<F,T2#9>,App<F,T3#8>,App<F,T4#7>,App<F,T5#6>,App<F,T6#5>,App<F,T7#4>,App<F,T8#3>,App<F,T9#2>,App<F,T10#1>)
      T5#6 extends Object declared in method <T1#10,T2#9,T3#8,T4#7,T5#6,T6#5,T7#4,T8#3,T9#2,T10#1>group(App<F,T1#10>,App<F,T2#9>,App<F,T3#8>,App<F,T4#7>,App<F,T5#6>,App<F,T6#5>,App<F,T7#4>,App<F,T8#3>,App<F,T9#2>,App<F,T10#1>)
      T6#5 extends Object declared in method <T1#10,T2#9,T3#8,T4#7,T5#6,T6#5,T7#4,T8#3,T9#2,T10#1>group(App<F,T1#10>,App<F,T2#9>,App<F,T3#8>,App<F,T4#7>,App<F,T5#6>,App<F,T6#5>,App<F,T7#4>,App<F,T8#3>,App<F,T9#2>,App<F,T10#1>)
      T7#4 extends Object declared in method <T1#10,T2#9,T3#8,T4#7,T5#6,T6#5,T7#4,T8#3,T9#2,T10#1>group(App<F,T1#10>,App<F,T2#9>,App<F,T3#8>,App<F,T4#7>,App<F,T5#6>,App<F,T6#5>,App<F,T7#4>,App<F,T8#3>,App<F,T9#2>,App<F,T10#1>)
      T8#3 extends Object declared in method <T1#10,T2#9,T3#8,T4#7,T5#6,T6#5,T7#4,T8#3,T9#2,T10#1>group(App<F,T1#10>,App<F,T2#9>,App<F,T3#8>,App<F,T4#7>,App<F,T5#6>,App<F,T6#5>,App<F,T7#4>,App<F,T8#3>,App<F,T9#2>,App<F,T10#1>)
      T9#2 extends Object declared in method <T1#10,T2#9,T3#8,T4#7,T5#6,T6#5,T7#4,T8#3,T9#2,T10#1>group(App<F,T1#10>,App<F,T2#9>,App<F,T3#8>,App<F,T4#7>,App<F,T5#6>,App<F,T6#5>,App<F,T7#4>,App<F,T8#3>,App<F,T9#2>,App<F,T10#1>)
      T10#1 extends Object declared in method <T1#10,T2#9,T3#8,T4#7,T5#6,T6#5,T7#4,T8#3,T9#2,T10#1>group(App<F,T1#10>,App<F,T2#9>,App<F,T3#8>,App<F,T4#7>,App<F,T5#6>,App<F,T6#5>,App<F,T7#4>,App<F,T8#3>,App<F,T9#2>,App<F,T10#1>)
      T1#11 extends Object declared in method <T1#11,T2#10,T3#9,T4#8,T5#7,T6#6,T7#5,T8#4,T9#3,T10#2,T11#1>group(App<F,T1#11>,App<F,T2#10>,App<F,T3#9>,App<F,T4#8>,App<F,T5#7>,App<F,T6#6>,App<F,T7#5>,App<F,T8#4>,App<F,T9#3>,App<F,T10#2>,App<F,T11#1>)
      T2#10 extends Object declared in method <T1#11,T2#10,T3#9,T4#8,T5#7,T6#6,T7#5,T8#4,T9#3,T10#2,T11#1>group(App<F,T1#11>,App<F,T2#10>,App<F,T3#9>,App<F,T4#8>,App<F,T5#7>,App<F,T6#6>,App<F,T7#5>,App<F,T8#4>,App<F,T9#3>,App<F,T10#2>,App<F,T11#1>)
      T3#9 extends Object declared in method <T1#11,T2#10,T3#9,T4#8,T5#7,T6#6,T7#5,T8#4,T9#3,T10#2,T11#1>group(App<F,T1#11>,App<F,T2#10>,App<F,T3#9>,App<F,T4#8>,App<F,T5#7>,App<F,T6#6>,App<F,T7#5>,App<F,T8#4>,App<F,T9#3>,App<F,T10#2>,App<F,T11#1>)
      T4#8 extends Object declared in method <T1#11,T2#10,T3#9,T4#8,T5#7,T6#6,T7#5,T8#4,T9#3,T10#2,T11#1>group(App<F,T1#11>,App<F,T2#10>,App<F,T3#9>,App<F,T4#8>,App<F,T5#7>,App<F,T6#6>,App<F,T7#5>,App<F,T8#4>,App<F,T9#3>,App<F,T10#2>,App<F,T11#1>)
      T5#7 extends Object declared in method <T1#11,T2#10,T3#9,T4#8,T5#7,T6#6,T7#5,T8#4,T9#3,T10#2,T11#1>group(App<F,T1#11>,App<F,T2#10>,App<F,T3#9>,App<F,T4#8>,App<F,T5#7>,App<F,T6#6>,App<F,T7#5>,App<F,T8#4>,App<F,T9#3>,App<F,T10#2>,App<F,T11#1>)
      T6#6 extends Object declared in method <T1#11,T2#10,T3#9,T4#8,T5#7,T6#6,T7#5,T8#4,T9#3,T10#2,T11#1>group(App<F,T1#11>,App<F,T2#10>,App<F,T3#9>,App<F,T4#8>,App<F,T5#7>,App<F,T6#6>,App<F,T7#5>,App<F,T8#4>,App<F,T9#3>,App<F,T10#2>,App<F,T11#1>)
      T7#5 extends Object declared in method <T1#11,T2#10,T3#9,T4#8,T5#7,T6#6,T7#5,T8#4,T9#3,T10#2,T11#1>group(App<F,T1#11>,App<F,T2#10>,App<F,T3#9>,App<F,T4#8>,App<F,T5#7>,App<F,T6#6>,App<F,T7#5>,App<F,T8#4>,App<F,T9#3>,App<F,T10#2>,App<F,T11#1>)
      T8#4 extends Object declared in method <T1#11,T2#10,T3#9,T4#8,T5#7,T6#6,T7#5,T8#4,T9#3,T10#2,T11#1>group(App<F,T1#11>,App<F,T2#10>,App<F,T3#9>,App<F,T4#8>,App<F,T5#7>,App<F,T6#6>,App<F,T7#5>,App<F,T8#4>,App<F,T9#3>,App<F,T10#2>,App<F,T11#1>)
      T9#3 extends Object declared in method <T1#11,T2#10,T3#9,T4#8,T5#7,T6#6,T7#5,T8#4,T9#3,T10#2,T11#1>group(App<F,T1#11>,App<F,T2#10>,App<F,T3#9>,App<F,T4#8>,App<F,T5#7>,App<F,T6#6>,App<F,T7#5>,App<F,T8#4>,App<F,T9#3>,App<F,T10#2>,App<F,T11#1>)
      T10#2 extends Object declared in method <T1#11,T2#10,T3#9,T4#8,T5#7,T6#6,T7#5,T8#4,T9#3,T10#2,T11#1>group(App<F,T1#11>,App<F,T2#10>,App<F,T3#9>,App<F,T4#8>,App<F,T5#7>,App<F,T6#6>,App<F,T7#5>,App<F,T8#4>,App<F,T9#3>,App<F,T10#2>,App<F,T11#1>)
      T11#1 extends Object declared in method <T1#11,T2#10,T3#9,T4#8,T5#7,T6#6,T7#5,T8#4,T9#3,T10#2,T11#1>group(App<F,T1#11>,App<F,T2#10>,App<F,T3#9>,App<F,T4#8>,App<F,T5#7>,App<F,T6#6>,App<F,T7#5>,App<F,T8#4>,App<F,T9#3>,App<F,T10#2>,App<F,T11#1>)
      T1#12 extends Object declared in method <T1#12,T2#11,T3#10,T4#9,T5#8,T6#7,T7#6,T8#5,T9#4,T10#3,T11#2,T12#1>group(App<F,T1#12>,App<F,T2#11>,App<F,T3#10>,App<F,T4#9>,App<F,T5#8>,App<F,T6#7>,App<F,T7#6>,App<F,T8#5>,App<F,T9#4>,App<F,T10#3>,App<F,T11#2>,App<F,T12#1>)
      T2#11 extends Object declared in method <T1#12,T2#11,T3#10,T4#9,T5#8,T6#7,T7#6,T8#5,T9#4,T10#3,T11#2,T12#1>group(App<F,T1#12>,App<F,T2#11>,App<F,T3#10>,App<F,T4#9>,App<F,T5#8>,App<F,T6#7>,App<F,T7#6>,App<F,T8#5>,App<F,T9#4>,App<F,T10#3>,App<F,T11#2>,App<F,T12#1>)
      T3#10 extends Object declared in method <T1#12,T2#11,T3#10,T4#9,T5#8,T6#7,T7#6,T8#5,T9#4,T10#3,T11#2,T12#1>group(App<F,T1#12>,App<F,T2#11>,App<F,T3#10>,App<F,T4#9>,App<F,T5#8>,App<F,T6#7>,App<F,T7#6>,App<F,T8#5>,App<F,T9#4>,App<F,T10#3>,App<F,T11#2>,App<F,T12#1>)
      T4#9 extends Object declared in method <T1#12,T2#11,T3#10,T4#9,T5#8,T6#7,T7#6,T8#5,T9#4,T10#3,T11#2,T12#1>group(App<F,T1#12>,App<F,T2#11>,App<F,T3#10>,App<F,T4#9>,App<F,T5#8>,App<F,T6#7>,App<F,T7#6>,App<F,T8#5>,App<F,T9#4>,App<F,T10#3>,App<F,T11#2>,App<F,T12#1>)
      T5#8 extends Object declared in method <T1#12,T2#11,T3#10,T4#9,T5#8,T6#7,T7#6,T8#5,T9#4,T10#3,T11#2,T12#1>group(App<F,T1#12>,App<F,T2#11>,App<F,T3#10>,App<F,T4#9>,App<F,T5#8>,App<F,T6#7>,App<F,T7#6>,App<F,T8#5>,App<F,T9#4>,App<F,T10#3>,App<F,T11#2>,App<F,T12#1>)
      T6#7 extends Object declared in method <T1#12,T2#11,T3#10,T4#9,T5#8,T6#7,T7#6,T8#5,T9#4,T10#3,T11#2,T12#1>group(App<F,T1#12>,App<F,T2#11>,App<F,T3#10>,App<F,T4#9>,App<F,T5#8>,App<F,T6#7>,App<F,T7#6>,App<F,T8#5>,App<F,T9#4>,App<F,T10#3>,App<F,T11#2>,App<F,T12#1>)
      T7#6 extends Object declared in method <T1#12,T2#11,T3#10,T4#9,T5#8,T6#7,T7#6,T8#5,T9#4,T10#3,T11#2,T12#1>group(App<F,T1#12>,App<F,T2#11>,App<F,T3#10>,App<F,T4#9>,App<F,T5#8>,App<F,T6#7>,App<F,T7#6>,App<F,T8#5>,App<F,T9#4>,App<F,T10#3>,App<F,T11#2>,App<F,T12#1>)
      T8#5 extends Object declared in method <T1#12,T2#11,T3#10,T4#9,T5#8,T6#7,T7#6,T8#5,T9#4,T10#3,T11#2,T12#1>group(App<F,T1#12>,App<F,T2#11>,App<F,T3#10>,App<F,T4#9>,App<F,T5#8>,App<F,T6#7>,App<F,T7#6>,App<F,T8#5>,App<F,T9#4>,App<F,T10#3>,App<F,T11#2>,App<F,T12#1>)
      T9#4 extends Object declared in method <T1#12,T2#11,T3#10,T4#9,T5#8,T6#7,T7#6,T8#5,T9#4,T10#3,T11#2,T12#1>group(App<F,T1#12>,App<F,T2#11>,App<F,T3#10>,App<F,T4#9>,App<F,T5#8>,App<F,T6#7>,App<F,T7#6>,App<F,T8#5>,App<F,T9#4>,App<F,T10#3>,App<F,T11#2>,App<F,T12#1>)
      T10#3 extends Object declared in method <T1#12,T2#11,T3#10,T4#9,T5#8,T6#7,T7#6,T8#5,T9#4,T10#3,T11#2,T12#1>group(App<F,T1#12>,App<F,T2#11>,App<F,T3#10>,App<F,T4#9>,App<F,T5#8>,App<F,T6#7>,App<F,T7#6>,App<F,T8#5>,App<F,T9#4>,App<F,T10#3>,App<F,T11#2>,App<F,T12#1>)
      T11#2 extends Object declared in method <T1#12,T2#11,T3#10,T4#9,T5#8,T6#7,T7#6,T8#5,T9#4,T10#3,T11#2,T12#1>group(App<F,T1#12>,App<F,T2#11>,App<F,T3#10>,App<F,T4#9>,App<F,T5#8>,App<F,T6#7>,App<F,T7#6>,App<F,T8#5>,App<F,T9#4>,App<F,T10#3>,App<F,T11#2>,App<F,T12#1>)
      T12#1 extends Object declared in method <T1#12,T2#11,T3#10,T4#9,T5#8,T6#7,T7#6,T8#5,T9#4,T10#3,T11#2,T12#1>group(App<F,T1#12>,App<F,T2#11>,App<F,T3#10>,App<F,T4#9>,App<F,T5#8>,App<F,T6#7>,App<F,T7#6>,App<F,T8#5>,App<F,T9#4>,App<F,T10#3>,App<F,T11#2>,App<F,T12#1>)
      T1#13 extends Object declared in method <T1#13,T2#12,T3#11,T4#10,T5#9,T6#8,T7#7,T8#6,T9#5,T10#4,T11#3,T12#2,T13#1>group(App<F,T1#13>,App<F,T2#12>,App<F,T3#11>,App<F,T4#10>,App<F,T5#9>,App<F,T6#8>,App<F,T7#7>,App<F,T8#6>,App<F,T9#5>,App<F,T10#4>,App<F,T11#3>,App<F,T12#2>,App<F,T13#1>)
      T2#12 extends Object declared in method <T1#13,T2#12,T3#11,T4#10,T5#9,T6#8,T7#7,T8#6,T9#5,T10#4,T11#3,T12#2,T13#1>group(App<F,T1#13>,App<F,T2#12>,App<F,T3#11>,App<F,T4#10>,App<F,T5#9>,App<F,T6#8>,App<F,T7#7>,App<F,T8#6>,App<F,T9#5>,App<F,T10#4>,App<F,T11#3>,App<F,T12#2>,App<F,T13#1>)
      T3#11 extends Object declared in method <T1#13,T2#12,T3#11,T4#10,T5#9,T6#8,T7#7,T8#6,T9#5,T10#4,T11#3,T12#2,T13#1>group(App<F,T1#13>,App<F,T2#12>,App<F,T3#11>,App<F,T4#10>,App<F,T5#9>,App<F,T6#8>,App<F,T7#7>,App<F,T8#6>,App<F,T9#5>,App<F,T10#4>,App<F,T11#3>,App<F,T12#2>,App<F,T13#1>)
      T4#10 extends Object declared in method <T1#13,T2#12,T3#11,T4#10,T5#9,T6#8,T7#7,T8#6,T9#5,T10#4,T11#3,T12#2,T13#1>group(App<F,T1#13>,App<F,T2#12>,App<F,T3#11>,App<F,T4#10>,App<F,T5#9>,App<F,T6#8>,App<F,T7#7>,App<F,T8#6>,App<F,T9#5>,App<F,T10#4>,App<F,T11#3>,App<F,T12#2>,App<F,T13#1>)
      T5#9 extends Object declared in method <T1#13,T2#12,T3#11,T4#10,T5#9,T6#8,T7#7,T8#6,T9#5,T10#4,T11#3,T12#2,T13#1>group(App<F,T1#13>,App<F,T2#12>,App<F,T3#11>,App<F,T4#10>,App<F,T5#9>,App<F,T6#8>,App<F,T7#7>,App<F,T8#6>,App<F,T9#5>,App<F,T10#4>,App<F,T11#3>,App<F,T12#2>,App<F,T13#1>)
      T6#8 extends Object declared in method <T1#13,T2#12,T3#11,T4#10,T5#9,T6#8,T7#7,T8#6,T9#5,T10#4,T11#3,T12#2,T13#1>group(App<F,T1#13>,App<F,T2#12>,App<F,T3#11>,App<F,T4#10>,App<F,T5#9>,App<F,T6#8>,App<F,T7#7>,App<F,T8#6>,App<F,T9#5>,App<F,T10#4>,App<F,T11#3>,App<F,T12#2>,App<F,T13#1>)
      T7#7 extends Object declared in method <T1#13,T2#12,T3#11,T4#10,T5#9,T6#8,T7#7,T8#6,T9#5,T10#4,T11#3,T12#2,T13#1>group(App<F,T1#13>,App<F,T2#12>,App<F,T3#11>,App<F,T4#10>,App<F,T5#9>,App<F,T6#8>,App<F,T7#7>,App<F,T8#6>,App<F,T9#5>,App<F,T10#4>,App<F,T11#3>,App<F,T12#2>,App<F,T13#1>)
      T8#6 extends Object declared in method <T1#13,T2#12,T3#11,T4#10,T5#9,T6#8,T7#7,T8#6,T9#5,T10#4,T11#3,T12#2,T13#1>group(App<F,T1#13>,App<F,T2#12>,App<F,T3#11>,App<F,T4#10>,App<F,T5#9>,App<F,T6#8>,App<F,T7#7>,App<F,T8#6>,App<F,T9#5>,App<F,T10#4>,App<F,T11#3>,App<F,T12#2>,App<F,T13#1>)
      T9#5 extends Object declared in method <T1#13,T2#12,T3#11,T4#10,T5#9,T6#8,T7#7,T8#6,T9#5,T10#4,T11#3,T12#2,T13#1>group(App<F,T1#13>,App<F,T2#12>,App<F,T3#11>,App<F,T4#10>,App<F,T5#9>,App<F,T6#8>,App<F,T7#7>,App<F,T8#6>,App<F,T9#5>,App<F,T10#4>,App<F,T11#3>,App<F,T12#2>,App<F,T13#1>)
      T10#4 extends Object declared in method <T1#13,T2#12,T3#11,T4#10,T5#9,T6#8,T7#7,T8#6,T9#5,T10#4,T11#3,T12#2,T13#1>group(App<F,T1#13>,App<F,T2#12>,App<F,T3#11>,App<F,T4#10>,App<F,T5#9>,App<F,T6#8>,App<F,T7#7>,App<F,T8#6>,App<F,T9#5>,App<F,T10#4>,App<F,T11#3>,App<F,T12#2>,App<F,T13#1>)
      T11#3 extends Object declared in method <T1#13,T2#12,T3#11,T4#10,T5#9,T6#8,T7#7,T8#6,T9#5,T10#4,T11#3,T12#2,T13#1>group(App<F,T1#13>,App<F,T2#12>,App<F,T3#11>,App<F,T4#10>,App<F,T5#9>,App<F,T6#8>,App<F,T7#7>,App<F,T8#6>,App<F,T9#5>,App<F,T10#4>,App<F,T11#3>,App<F,T12#2>,App<F,T13#1>)
      T12#2 extends Object declared in method <T1#13,T2#12,T3#11,T4#10,T5#9,T6#8,T7#7,T8#6,T9#5,T10#4,T11#3,T12#2,T13#1>group(App<F,T1#13>,App<F,T2#12>,App<F,T3#11>,App<F,T4#10>,App<F,T5#9>,App<F,T6#8>,App<F,T7#7>,App<F,T8#6>,App<F,T9#5>,App<F,T10#4>,App<F,T11#3>,App<F,T12#2>,App<F,T13#1>)
      T13#1 extends Object declared in method <T1#13,T2#12,T3#11,T4#10,T5#9,T6#8,T7#7,T8#6,T9#5,T10#4,T11#3,T12#2,T13#1>group(App<F,T1#13>,App<F,T2#12>,App<F,T3#11>,App<F,T4#10>,App<F,T5#9>,App<F,T6#8>,App<F,T7#7>,App<F,T8#6>,App<F,T9#5>,App<F,T10#4>,App<F,T11#3>,App<F,T12#2>,App<F,T13#1>)
      T1#14 extends Object declared in method <T1#14,T2#13,T3#12,T4#11,T5#10,T6#9,T7#8,T8#7,T9#6,T10#5,T11#4,T12#3,T13#2,T14#1>group(App<F,T1#14>,App<F,T2#13>,App<F,T3#12>,App<F,T4#11>,App<F,T5#10>,App<F,T6#9>,App<F,T7#8>,App<F,T8#7>,App<F,T9#6>,App<F,T10#5>,App<F,T11#4>,App<F,T12#3>,App<F,T13#2>,App<F,T14#1>)
      T2#13 extends Object declared in method <T1#14,T2#13,T3#12,T4#11,T5#10,T6#9,T7#8,T8#7,T9#6,T10#5,T11#4,T12#3,T13#2,T14#1>group(App<F,T1#14>,App<F,T2#13>,App<F,T3#12>,App<F,T4#11>,App<F,T5#10>,App<F,T6#9>,App<F,T7#8>,App<F,T8#7>,App<F,T9#6>,App<F,T10#5>,App<F,T11#4>,App<F,T12#3>,App<F,T13#2>,App<F,T14#1>)
      T3#12 extends Object declared in method <T1#14,T2#13,T3#12,T4#11,T5#10,T6#9,T7#8,T8#7,T9#6,T10#5,T11#4,T12#3,T13#2,T14#1>group(App<F,T1#14>,App<F,T2#13>,App<F,T3#12>,App<F,T4#11>,App<F,T5#10>,App<F,T6#9>,App<F,T7#8>,App<F,T8#7>,App<F,T9#6>,App<F,T10#5>,App<F,T11#4>,App<F,T12#3>,App<F,T13#2>,App<F,T14#1>)
      T4#11 extends Object declared in method <T1#14,T2#13,T3#12,T4#11,T5#10,T6#9,T7#8,T8#7,T9#6,T10#5,T11#4,T12#3,T13#2,T14#1>group(App<F,T1#14>,App<F,T2#13>,App<F,T3#12>,App<F,T4#11>,App<F,T5#10>,App<F,T6#9>,App<F,T7#8>,App<F,T8#7>,App<F,T9#6>,App<F,T10#5>,App<F,T11#4>,App<F,T12#3>,App<F,T13#2>,App<F,T14#1>)
      T5#10 extends Object declared in method <T1#14,T2#13,T3#12,T4#11,T5#10,T6#9,T7#8,T8#7,T9#6,T10#5,T11#4,T12#3,T13#2,T14#1>group(App<F,T1#14>,App<F,T2#13>,App<F,T3#12>,App<F,T4#11>,App<F,T5#10>,App<F,T6#9>,App<F,T7#8>,App<F,T8#7>,App<F,T9#6>,App<F,T10#5>,App<F,T11#4>,App<F,T12#3>,App<F,T13#2>,App<F,T14#1>)
      T6#9 extends Object declared in method <T1#14,T2#13,T3#12,T4#11,T5#10,T6#9,T7#8,T8#7,T9#6,T10#5,T11#4,T12#3,T13#2,T14#1>group(App<F,T1#14>,App<F,T2#13>,App<F,T3#12>,App<F,T4#11>,App<F,T5#10>,App<F,T6#9>,App<F,T7#8>,App<F,T8#7>,App<F,T9#6>,App<F,T10#5>,App<F,T11#4>,App<F,T12#3>,App<F,T13#2>,App<F,T14#1>)
      T7#8 extends Object declared in method <T1#14,T2#13,T3#12,T4#11,T5#10,T6#9,T7#8,T8#7,T9#6,T10#5,T11#4,T12#3,T13#2,T14#1>group(App<F,T1#14>,App<F,T2#13>,App<F,T3#12>,App<F,T4#11>,App<F,T5#10>,App<F,T6#9>,App<F,T7#8>,App<F,T8#7>,App<F,T9#6>,App<F,T10#5>,App<F,T11#4>,App<F,T12#3>,App<F,T13#2>,App<F,T14#1>)
      T8#7 extends Object declared in method <T1#14,T2#13,T3#12,T4#11,T5#10,T6#9,T7#8,T8#7,T9#6,T10#5,T11#4,T12#3,T13#2,T14#1>group(App<F,T1#14>,App<F,T2#13>,App<F,T3#12>,App<F,T4#11>,App<F,T5#10>,App<F,T6#9>,App<F,T7#8>,App<F,T8#7>,App<F,T9#6>,App<F,T10#5>,App<F,T11#4>,App<F,T12#3>,App<F,T13#2>,App<F,T14#1>)
      T9#6 extends Object declared in method <T1#14,T2#13,T3#12,T4#11,T5#10,T6#9,T7#8,T8#7,T9#6,T10#5,T11#4,T12#3,T13#2,T14#1>group(App<F,T1#14>,App<F,T2#13>,App<F,T3#12>,App<F,T4#11>,App<F,T5#10>,App<F,T6#9>,App<F,T7#8>,App<F,T8#7>,App<F,T9#6>,App<F,T10#5>,App<F,T11#4>,App<F,T12#3>,App<F,T13#2>,App<F,T14#1>)
      T10#5 extends Object declared in method <T1#14,T2#13,T3#12,T4#11,T5#10,T6#9,T7#8,T8#7,T9#6,T10#5,T11#4,T12#3,T13#2,T14#1>group(App<F,T1#14>,App<F,T2#13>,App<F,T3#12>,App<F,T4#11>,App<F,T5#10>,App<F,T6#9>,App<F,T7#8>,App<F,T8#7>,App<F,T9#6>,App<F,T10#5>,App<F,T11#4>,App<F,T12#3>,App<F,T13#2>,App<F,T14#1>)
      T11#4 extends Object declared in method <T1#14,T2#13,T3#12,T4#11,T5#10,T6#9,T7#8,T8#7,T9#6,T10#5,T11#4,T12#3,T13#2,T14#1>group(App<F,T1#14>,App<F,T2#13>,App<F,T3#12>,App<F,T4#11>,App<F,T5#10>,App<F,T6#9>,App<F,T7#8>,App<F,T8#7>,App<F,T9#6>,App<F,T10#5>,App<F,T11#4>,App<F,T12#3>,App<F,T13#2>,App<F,T14#1>)
      T12#3 extends Object declared in method <T1#14,T2#13,T3#12,T4#11,T5#10,T6#9,T7#8,T8#7,T9#6,T10#5,T11#4,T12#3,T13#2,T14#1>group(App<F,T1#14>,App<F,T2#13>,App<F,T3#12>,App<F,T4#11>,App<F,T5#10>,App<F,T6#9>,App<F,T7#8>,App<F,T8#7>,App<F,T9#6>,App<F,T10#5>,App<F,T11#4>,App<F,T12#3>,App<F,T13#2>,App<F,T14#1>)
      T13#2 extends Object declared in method <T1#14,T2#13,T3#12,T4#11,T5#10,T6#9,T7#8,T8#7,T9#6,T10#5,T11#4,T12#3,T13#2,T14#1>group(App<F,T1#14>,App<F,T2#13>,App<F,T3#12>,App<F,T4#11>,App<F,T5#10>,App<F,T6#9>,App<F,T7#8>,App<F,T8#7>,App<F,T9#6>,App<F,T10#5>,App<F,T11#4>,App<F,T12#3>,App<F,T13#2>,App<F,T14#1>)
      T14#1 extends Object declared in method <T1#14,T2#13,T3#12,T4#11,T5#10,T6#9,T7#8,T8#7,T9#6,T10#5,T11#4,T12#3,T13#2,T14#1>group(App<F,T1#14>,App<F,T2#13>,App<F,T3#12>,App<F,T4#11>,App<F,T5#10>,App<F,T6#9>,App<F,T7#8>,App<F,T8#7>,App<F,T9#6>,App<F,T10#5>,App<F,T11#4>,App<F,T12#3>,App<F,T13#2>,App<F,T14#1>)
      T1#15 extends Object declared in method <T1#15,T2#14,T3#13,T4#12,T5#11,T6#10,T7#9,T8#8,T9#7,T10#6,T11#5,T12#4,T13#3,T14#2,T15#1>group(App<F,T1#15>,App<F,T2#14>,App<F,T3#13>,App<F,T4#12>,App<F,T5#11>,App<F,T6#10>,App<F,T7#9>,App<F,T8#8>,App<F,T9#7>,App<F,T10#6>,App<F,T11#5>,App<F,T12#4>,App<F,T13#3>,App<F,T14#2>,App<F,T15#1>)
      T2#14 extends Object declared in method <T1#15,T2#14,T3#13,T4#12,T5#11,T6#10,T7#9,T8#8,T9#7,T10#6,T11#5,T12#4,T13#3,T14#2,T15#1>group(App<F,T1#15>,App<F,T2#14>,App<F,T3#13>,App<F,T4#12>,App<F,T5#11>,App<F,T6#10>,App<F,T7#9>,App<F,T8#8>,App<F,T9#7>,App<F,T10#6>,App<F,T11#5>,App<F,T12#4>,App<F,T13#3>,App<F,T14#2>,App<F,T15#1>)
      T3#13 extends Object declared in method <T1#15,T2#14,T3#13,T4#12,T5#11,T6#10,T7#9,T8#8,T9#7,T10#6,T11#5,T12#4,T13#3,T14#2,T15#1>group(App<F,T1#15>,App<F,T2#14>,App<F,T3#13>,App<F,T4#12>,App<F,T5#11>,App<F,T6#10>,App<F,T7#9>,App<F,T8#8>,App<F,T9#7>,App<F,T10#6>,App<F,T11#5>,App<F,T12#4>,App<F,T13#3>,App<F,T14#2>,App<F,T15#1>)
      T4#12 extends Object declared in method <T1#15,T2#14,T3#13,T4#12,T5#11,T6#10,T7#9,T8#8,T9#7,T10#6,T11#5,T12#4,T13#3,T14#2,T15#1>group(App<F,T1#15>,App<F,T2#14>,App<F,T3#13>,App<F,T4#12>,App<F,T5#11>,App<F,T6#10>,App<F,T7#9>,App<F,T8#8>,App<F,T9#7>,App<F,T10#6>,App<F,T11#5>,App<F,T12#4>,App<F,T13#3>,App<F,T14#2>,App<F,T15#1>)
      T5#11 extends Object declared in method <T1#15,T2#14,T3#13,T4#12,T5#11,T6#10,T7#9,T8#8,T9#7,T10#6,T11#5,T12#4,T13#3,T14#2,T15#1>group(App<F,T1#15>,App<F,T2#14>,App<F,T3#13>,App<F,T4#12>,App<F,T5#11>,App<F,T6#10>,App<F,T7#9>,App<F,T8#8>,App<F,T9#7>,App<F,T10#6>,App<F,T11#5>,App<F,T12#4>,App<F,T13#3>,App<F,T14#2>,App<F,T15#1>)
      T6#10 extends Object declared in method <T1#15,T2#14,T3#13,T4#12,T5#11,T6#10,T7#9,T8#8,T9#7,T10#6,T11#5,T12#4,T13#3,T14#2,T15#1>group(App<F,T1#15>,App<F,T2#14>,App<F,T3#13>,App<F,T4#12>,App<F,T5#11>,App<F,T6#10>,App<F,T7#9>,App<F,T8#8>,App<F,T9#7>,App<F,T10#6>,App<F,T11#5>,App<F,T12#4>,App<F,T13#3>,App<F,T14#2>,App<F,T15#1>)
      T7#9 extends Object declared in method <T1#15,T2#14,T3#13,T4#12,T5#11,T6#10,T7#9,T8#8,T9#7,T10#6,T11#5,T12#4,T13#3,T14#2,T15#1>group(App<F,T1#15>,App<F,T2#14>,App<F,T3#13>,App<F,T4#12>,App<F,T5#11>,App<F,T6#10>,App<F,T7#9>,App<F,T8#8>,App<F,T9#7>,App<F,T10#6>,App<F,T11#5>,App<F,T12#4>,App<F,T13#3>,App<F,T14#2>,App<F,T15#1>)
      T8#8 extends Object declared in method <T1#15,T2#14,T3#13,T4#12,T5#11,T6#10,T7#9,T8#8,T9#7,T10#6,T11#5,T12#4,T13#3,T14#2,T15#1>group(App<F,T1#15>,App<F,T2#14>,App<F,T3#13>,App<F,T4#12>,App<F,T5#11>,App<F,T6#10>,App<F,T7#9>,App<F,T8#8>,App<F,T9#7>,App<F,T10#6>,App<F,T11#5>,App<F,T12#4>,App<F,T13#3>,App<F,T14#2>,App<F,T15#1>)
      T9#7 extends Object declared in method <T1#15,T2#14,T3#13,T4#12,T5#11,T6#10,T7#9,T8#8,T9#7,T10#6,T11#5,T12#4,T13#3,T14#2,T15#1>group(App<F,T1#15>,App<F,T2#14>,App<F,T3#13>,App<F,T4#12>,App<F,T5#11>,App<F,T6#10>,App<F,T7#9>,App<F,T8#8>,App<F,T9#7>,App<F,T10#6>,App<F,T11#5>,App<F,T12#4>,App<F,T13#3>,App<F,T14#2>,App<F,T15#1>)
      T10#6 extends Object declared in method <T1#15,T2#14,T3#13,T4#12,T5#11,T6#10,T7#9,T8#8,T9#7,T10#6,T11#5,T12#4,T13#3,T14#2,T15#1>group(App<F,T1#15>,App<F,T2#14>,App<F,T3#13>,App<F,T4#12>,App<F,T5#11>,App<F,T6#10>,App<F,T7#9>,App<F,T8#8>,App<F,T9#7>,App<F,T10#6>,App<F,T11#5>,App<F,T12#4>,App<F,T13#3>,App<F,T14#2>,App<F,T15#1>)
      T11#5 extends Object declared in method <T1#15,T2#14,T3#13,T4#12,T5#11,T6#10,T7#9,T8#8,T9#7,T10#6,T11#5,T12#4,T13#3,T14#2,T15#1>group(App<F,T1#15>,App<F,T2#14>,App<F,T3#13>,App<F,T4#12>,App<F,T5#11>,App<F,T6#10>,App<F,T7#9>,App<F,T8#8>,App<F,T9#7>,App<F,T10#6>,App<F,T11#5>,App<F,T12#4>,App<F,T13#3>,App<F,T14#2>,App<F,T15#1>)
      T12#4 extends Object declared in method <T1#15,T2#14,T3#13,T4#12,T5#11,T6#10,T7#9,T8#8,T9#7,T10#6,T11#5,T12#4,T13#3,T14#2,T15#1>group(App<F,T1#15>,App<F,T2#14>,App<F,T3#13>,App<F,T4#12>,App<F,T5#11>,App<F,T6#10>,App<F,T7#9>,App<F,T8#8>,App<F,T9#7>,App<F,T10#6>,App<F,T11#5>,App<F,T12#4>,App<F,T13#3>,App<F,T14#2>,App<F,T15#1>)
      T13#3 extends Object declared in method <T1#15,T2#14,T3#13,T4#12,T5#11,T6#10,T7#9,T8#8,T9#7,T10#6,T11#5,T12#4,T13#3,T14#2,T15#1>group(App<F,T1#15>,App<F,T2#14>,App<F,T3#13>,App<F,T4#12>,App<F,T5#11>,App<F,T6#10>,App<F,T7#9>,App<F,T8#8>,App<F,T9#7>,App<F,T10#6>,App<F,T11#5>,App<F,T12#4>,App<F,T13#3>,App<F,T14#2>,App<F,T15#1>)
      T14#2 extends Object declared in method <T1#15,T2#14,T3#13,T4#12,T5#11,T6#10,T7#9,T8#8,T9#7,T10#6,T11#5,T12#4,T13#3,T14#2,T15#1>group(App<F,T1#15>,App<F,T2#14>,App<F,T3#13>,App<F,T4#12>,App<F,T5#11>,App<F,T6#10>,App<F,T7#9>,App<F,T8#8>,App<F,T9#7>,App<F,T10#6>,App<F,T11#5>,App<F,T12#4>,App<F,T13#3>,App<F,T14#2>,App<F,T15#1>)
      T15#1 extends Object declared in method <T1#15,T2#14,T3#13,T4#12,T5#11,T6#10,T7#9,T8#8,T9#7,T10#6,T11#5,T12#4,T13#3,T14#2,T15#1>group(App<F,T1#15>,App<F,T2#14>,App<F,T3#13>,App<F,T4#12>,App<F,T5#11>,App<F,T6#10>,App<F,T7#9>,App<F,T8#8>,App<F,T9#7>,App<F,T10#6>,App<F,T11#5>,App<F,T12#4>,App<F,T13#3>,App<F,T14#2>,App<F,T15#1>)
      T1#16 extends Object declared in method <T1#16,T2#15,T3#14,T4#13,T5#12,T6#11,T7#10,T8#9,T9#8,T10#7,T11#6,T12#5,T13#4,T14#3,T15#2,T16>group(App<F,T1#16>,App<F,T2#15>,App<F,T3#14>,App<F,T4#13>,App<F,T5#12>,App<F,T6#11>,App<F,T7#10>,App<F,T8#9>,App<F,T9#8>,App<F,T10#7>,App<F,T11#6>,App<F,T12#5>,App<F,T13#4>,App<F,T14#3>,App<F,T15#2>,App<F,T16>)
      T2#15 extends Object declared in method <T1#16,T2#15,T3#14,T4#13,T5#12,T6#11,T7#10,T8#9,T9#8,T10#7,T11#6,T12#5,T13#4,T14#3,T15#2,T16>group(App<F,T1#16>,App<F,T2#15>,App<F,T3#14>,App<F,T4#13>,App<F,T5#12>,App<F,T6#11>,App<F,T7#10>,App<F,T8#9>,App<F,T9#8>,App<F,T10#7>,App<F,T11#6>,App<F,T12#5>,App<F,T13#4>,App<F,T14#3>,App<F,T15#2>,App<F,T16>)
      T3#14 extends Object declared in method <T1#16,T2#15,T3#14,T4#13,T5#12,T6#11,T7#10,T8#9,T9#8,T10#7,T11#6,T12#5,T13#4,T14#3,T15#2,T16>group(App<F,T1#16>,App<F,T2#15>,App<F,T3#14>,App<F,T4#13>,App<F,T5#12>,App<F,T6#11>,App<F,T7#10>,App<F,T8#9>,App<F,T9#8>,App<F,T10#7>,App<F,T11#6>,App<F,T12#5>,App<F,T13#4>,App<F,T14#3>,App<F,T15#2>,App<F,T16>)
      T4#13 extends Object declared in method <T1#16,T2#15,T3#14,T4#13,T5#12,T6#11,T7#10,T8#9,T9#8,T10#7,T11#6,T12#5,T13#4,T14#3,T15#2,T16>group(App<F,T1#16>,App<F,T2#15>,App<F,T3#14>,App<F,T4#13>,App<F,T5#12>,App<F,T6#11>,App<F,T7#10>,App<F,T8#9>,App<F,T9#8>,App<F,T10#7>,App<F,T11#6>,App<F,T12#5>,App<F,T13#4>,App<F,T14#3>,App<F,T15#2>,App<F,T16>)
      T5#12 extends Object declared in method <T1#16,T2#15,T3#14,T4#13,T5#12,T6#11,T7#10,T8#9,T9#8,T10#7,T11#6,T12#5,T13#4,T14#3,T15#2,T16>group(App<F,T1#16>,App<F,T2#15>,App<F,T3#14>,App<F,T4#13>,App<F,T5#12>,App<F,T6#11>,App<F,T7#10>,App<F,T8#9>,App<F,T9#8>,App<F,T10#7>,App<F,T11#6>,App<F,T12#5>,App<F,T13#4>,App<F,T14#3>,App<F,T15#2>,App<F,T16>)
      T6#11 extends Object declared in method <T1#16,T2#15,T3#14,T4#13,T5#12,T6#11,T7#10,T8#9,T9#8,T10#7,T11#6,T12#5,T13#4,T14#3,T15#2,T16>group(App<F,T1#16>,App<F,T2#15>,App<F,T3#14>,App<F,T4#13>,App<F,T5#12>,App<F,T6#11>,App<F,T7#10>,App<F,T8#9>,App<F,T9#8>,App<F,T10#7>,App<F,T11#6>,App<F,T12#5>,App<F,T13#4>,App<F,T14#3>,App<F,T15#2>,App<F,T16>)
      T7#10 extends Object declared in method <T1#16,T2#15,T3#14,T4#13,T5#12,T6#11,T7#10,T8#9,T9#8,T10#7,T11#6,T12#5,T13#4,T14#3,T15#2,T16>group(App<F,T1#16>,App<F,T2#15>,App<F,T3#14>,App<F,T4#13>,App<F,T5#12>,App<F,T6#11>,App<F,T7#10>,App<F,T8#9>,App<F,T9#8>,App<F,T10#7>,App<F,T11#6>,App<F,T12#5>,App<F,T13#4>,App<F,T14#3>,App<F,T15#2>,App<F,T16>)
      T8#9 extends Object declared in method <T1#16,T2#15,T3#14,T4#13,T5#12,T6#11,T7#10,T8#9,T9#8,T10#7,T11#6,T12#5,T13#4,T14#3,T15#2,T16>group(App<F,T1#16>,App<F,T2#15>,App<F,T3#14>,App<F,T4#13>,App<F,T5#12>,App<F,T6#11>,App<F,T7#10>,App<F,T8#9>,App<F,T9#8>,App<F,T10#7>,App<F,T11#6>,App<F,T12#5>,App<F,T13#4>,App<F,T14#3>,App<F,T15#2>,App<F,T16>)
      T9#8 extends Object declared in method <T1#16,T2#15,T3#14,T4#13,T5#12,T6#11,T7#10,T8#9,T9#8,T10#7,T11#6,T12#5,T13#4,T14#3,T15#2,T16>group(App<F,T1#16>,App<F,T2#15>,App<F,T3#14>,App<F,T4#13>,App<F,T5#12>,App<F,T6#11>,App<F,T7#10>,App<F,T8#9>,App<F,T9#8>,App<F,T10#7>,App<F,T11#6>,App<F,T12#5>,App<F,T13#4>,App<F,T14#3>,App<F,T15#2>,App<F,T16>)
      T10#7 extends Object declared in method <T1#16,T2#15,T3#14,T4#13,T5#12,T6#11,T7#10,T8#9,T9#8,T10#7,T11#6,T12#5,T13#4,T14#3,T15#2,T16>group(App<F,T1#16>,App<F,T2#15>,App<F,T3#14>,App<F,T4#13>,App<F,T5#12>,App<F,T6#11>,App<F,T7#10>,App<F,T8#9>,App<F,T9#8>,App<F,T10#7>,App<F,T11#6>,App<F,T12#5>,App<F,T13#4>,App<F,T14#3>,App<F,T15#2>,App<F,T16>)
      T11#6 extends Object declared in method <T1#16,T2#15,T3#14,T4#13,T5#12,T6#11,T7#10,T8#9,T9#8,T10#7,T11#6,T12#5,T13#4,T14#3,T15#2,T16>group(App<F,T1#16>,App<F,T2#15>,App<F,T3#14>,App<F,T4#13>,App<F,T5#12>,App<F,T6#11>,App<F,T7#10>,App<F,T8#9>,App<F,T9#8>,App<F,T10#7>,App<F,T11#6>,App<F,T12#5>,App<F,T13#4>,App<F,T14#3>,App<F,T15#2>,App<F,T16>)
      T12#5 extends Object declared in method <T1#16,T2#15,T3#14,T4#13,T5#12,T6#11,T7#10,T8#9,T9#8,T10#7,T11#6,T12#5,T13#4,T14#3,T15#2,T16>group(App<F,T1#16>,App<F,T2#15>,App<F,T3#14>,App<F,T4#13>,App<F,T5#12>,App<F,T6#11>,App<F,T7#10>,App<F,T8#9>,App<F,T9#8>,App<F,T10#7>,App<F,T11#6>,App<F,T12#5>,App<F,T13#4>,App<F,T14#3>,App<F,T15#2>,App<F,T16>)
      T13#4 extends Object declared in method <T1#16,T2#15,T3#14,T4#13,T5#12,T6#11,T7#10,T8#9,T9#8,T10#7,T11#6,T12#5,T13#4,T14#3,T15#2,T16>group(App<F,T1#16>,App<F,T2#15>,App<F,T3#14>,App<F,T4#13>,App<F,T5#12>,App<F,T6#11>,App<F,T7#10>,App<F,T8#9>,App<F,T9#8>,App<F,T10#7>,App<F,T11#6>,App<F,T12#5>,App<F,T13#4>,App<F,T14#3>,App<F,T15#2>,App<F,T16>)
      T14#3 extends Object declared in method <T1#16,T2#15,T3#14,T4#13,T5#12,T6#11,T7#10,T8#9,T9#8,T10#7,T11#6,T12#5,T13#4,T14#3,T15#2,T16>group(App<F,T1#16>,App<F,T2#15>,App<F,T3#14>,App<F,T4#13>,App<F,T5#12>,App<F,T6#11>,App<F,T7#10>,App<F,T8#9>,App<F,T9#8>,App<F,T10#7>,App<F,T11#6>,App<F,T12#5>,App<F,T13#4>,App<F,T14#3>,App<F,T15#2>,App<F,T16>)
      T15#2 extends Object declared in method <T1#16,T2#15,T3#14,T4#13,T5#12,T6#11,T7#10,T8#9,T9#8,T10#7,T11#6,T12#5,T13#4,T14#3,T15#2,T16>group(App<F,T1#16>,App<F,T2#15>,App<F,T3#14>,App<F,T4#13>,App<F,T5#12>,App<F,T6#11>,App<F,T7#10>,App<F,T8#9>,App<F,T9#8>,App<F,T10#7>,App<F,T11#6>,App<F,T12#5>,App<F,T13#4>,App<F,T14#3>,App<F,T15#2>,App<F,T16>)
      T16 extends Object declared in method <T1#16,T2#15,T3#14,T4#13,T5#12,T6#11,T7#10,T8#9,T9#8,T10#7,T11#6,T12#5,T13#4,T14#3,T15#2,T16>group(App<F,T1#16>,App<F,T2#15>,App<F,T3#14>,App<F,T4#13>,App<F,T5#12>,App<F,T6#11>,App<F,T7#10>,App<F,T8#9>,App<F,T9#8>,App<F,T10#7>,App<F,T11#6>,App<F,T12#5>,App<F,T13#4>,App<F,T14#3>,App<F,T15#2>,App<F,T16>)
  /home/runner/work/TaCZ_Refabricated_Unofficial/TaCZ_Refabricated_Unofficial/src/main/java/cn/sh1rocu/tacz/industry/api/feed/StripperClipData.java:35: error: no suitable method found for group(RecordCodecBuilder<StripperClipData,Identifier>,RecordCodecBuilder<StripperClipData,Integer>,RecordCodecBuilder<StripperClipData,List<LoadedRound>>,RecordCodecBuilder<StripperClipData,Boolean>)
              instance -> instance.group(
                                  ^
      method Kind1.<T1#1>group(App<Mu<Object>,T1#1>) is not applicable
        (cannot infer type-variable(s) T1#1
          (actual and formal argument lists differ in length))
      method Kind1.<T1#2,T2#1>group(App<Mu<Object>,T1#2>,App<Mu<Object>,T2#1>) is not applicable
        (cannot infer type-variable(s) T1#2,T2#1
          (actual and formal argument lists differ in length))
      method Kind1.<T1#3,T2#2,T3#1>group(App<Mu<Object>,T1#3>,App<Mu<Object>,T2#2>,App<Mu<Object>,T3#1>) is not applicable
        (cannot infer type-variable(s) T1#3,T2#2,T3#1
          (actual and formal argument lists differ in length))
      method Kind1.<T1#4,T2#3,T3#2,T4#1>group(App<Mu<Object>,T1#4>,App<Mu<Object>,T2#3>,App<Mu<Object>,T3#2>,App<Mu<Object>,T4#1>) is not applicable
        (inference variable O has incompatible bounds
          equality constraints: Object
          upper bounds: Object,StripperClipData)
      method Kind1.<T1#5,T2#4,T3#3,T4#2,T5#1>group(App<Mu<Object>,T1#5>,App<Mu<Object>,T2#4>,App<Mu<Object>,T3#3>,App<Mu<Object>,T4#2>,App<Mu<Object>,T5#1>) is not applicable
        (cannot infer type-variable(s) T1#5,T2#4,T3#3,T4#2,T5#1
          (actual and formal argument lists differ in length))
      method Kind1.<T1#6,T2#5,T3#4,T4#3,T5#2,T6#1>group(App<Mu<Object>,T1#6>,App<Mu<Object>,T2#5>,App<Mu<Object>,T3#4>,App<Mu<Object>,T4#3>,App<Mu<Object>,T5#2>,App<Mu<Object>,T6#1>) is not applicable
        (cannot infer type-variable(s) T1#6,T2#5,T3#4,T4#3,T5#2,T6#1
          (actual and formal argument lists differ in length))
      method Kind1.<T1#7,T2#6,T3#5,T4#4,T5#3,T6#2,T7#1>group(App<Mu<Object>,T1#7>,App<Mu<Object>,T2#6>,App<Mu<Object>,T3#5>,App<Mu<Object>,T4#4>,App<Mu<Object>,T5#3>,App<Mu<Object>,T6#2>,App<Mu<Object>,T7#1>) is not applicable
        (cannot infer type-variable(s) T1#7,T2#6,T3#5,T4#4,T5#3,T6#2,T7#1
          (actual and formal argument lists differ in length))
      method Kind1.<T1#8,T2#7,T3#6,T4#5,T5#4,T6#3,T7#2,T8#1>group(App<Mu<Object>,T1#8>,App<Mu<Object>,T2#7>,App<Mu<Object>,T3#6>,App<Mu<Object>,T4#5>,App<Mu<Object>,T5#4>,App<Mu<Object>,T6#3>,App<Mu<Object>,T7#2>,App<Mu<Object>,T8#1>) is not applicable
        (cannot infer type-variable(s) T1#8,T2#7,T3#6,T4#5,T5#4,T6#3,T7#2,T8#1
          (actual and formal argument lists differ in length))
      method Kind1.<T1#9,T2#8,T3#7,T4#6,T5#5,T6#4,T7#3,T8#2,T9#1>group(App<Mu<Object>,T1#9>,App<Mu<Object>,T2#8>,App<Mu<Object>,T3#7>,App<Mu<Object>,T4#6>,App<Mu<Object>,T5#5>,App<Mu<Object>,T6#4>,App<Mu<Object>,T7#3>,App<Mu<Object>,T8#2>,App<Mu<Object>,T9#1>) is not applicable
        (cannot infer type-variable(s) T1#9,T2#8,T3#7,T4#6,T5#5,T6#4,T7#3,T8#2,T9#1
          (actual and formal argument lists differ in length))
      method Kind1.<T1#10,T2#9,T3#8,T4#7,T5#6,T6#5,T7#4,T8#3,T9#2,T10#1>group(App<Mu<Object>,T1#10>,App<Mu<Object>,T2#9>,App<Mu<Object>,T3#8>,App<Mu<Object>,T4#7>,App<Mu<Object>,T5#6>,App<Mu<Object>,T6#5>,App<Mu<Object>,T7#4>,App<Mu<Object>,T8#3>,App<Mu<Object>,T9#2>,App<Mu<Object>,T10#1>) is not applicable
        (cannot infer type-variable(s) T1#10,T2#9,T3#8,T4#7,T5#6,T6#5,T7#4,T8#3,T9#2,T10#1
          (actual and formal argument lists differ in length))
      method Kind1.<T1#11,T2#10,T3#9,T4#8,T5#7,T6#6,T7#5,T8#4,T9#3,T10#2,T11#1>group(App<Mu<Object>,T1#11>,App<Mu<Object>,T2#10>,App<Mu<Object>,T3#9>,App<Mu<Object>,T4#8>,App<Mu<Object>,T5#7>,App<Mu<Object>,T6#6>,App<Mu<Object>,T7#5>,App<Mu<Object>,T8#4>,App<Mu<Object>,T9#3>,App<Mu<Object>,T10#2>,App<Mu<Object>,T11#1>) is not applicable
        (cannot infer type-variable(s) T1#11,T2#10,T3#9,T4#8,T5#7,T6#6,T7#5,T8#4,T9#3,T10#2,T11#1
          (actual and formal argument lists differ in length))
      method Kind1.<T1#12,T2#11,T3#10,T4#9,T5#8,T6#7,T7#6,T8#5,T9#4,T10#3,T11#2,T12#1>group(App<Mu<Object>,T1#12>,App<Mu<Object>,T2#11>,App<Mu<Object>,T3#10>,App<Mu<Object>,T4#9>,App<Mu<Object>,T5#8>,App<Mu<Object>,T6#7>,App<Mu<Object>,T7#6>,App<Mu<Object>,T8#5>,App<Mu<Object>,T9#4>,App<Mu<Object>,T10#3>,App<Mu<Object>,T11#2>,App<Mu<Object>,T12#1>) is not applicable
        (cannot infer type-variable(s) T1#12,T2#11,T3#10,T4#9,T5#8,T6#7,T7#6,T8#5,T9#4,T10#3,T11#2,T12#1
          (actual and formal argument lists differ in length))
      method Kind1.<T1#13,T2#12,T3#11,T4#10,T5#9,T6#8,T7#7,T8#6,T9#5,T10#4,T11#3,T12#2,T13#1>group(App<Mu<Object>,T1#13>,App<Mu<Object>,T2#12>,App<Mu<Object>,T3#11>,App<Mu<Object>,T4#10>,App<Mu<Object>,T5#9>,App<Mu<Object>,T6#8>,App<Mu<Object>,T7#7>,App<Mu<Object>,T8#6>,App<Mu<Object>,T9#5>,App<Mu<Object>,T10#4>,App<Mu<Object>,T11#3>,App<Mu<Object>,T12#2>,App<Mu<Object>,T13#1>) is not applicable
        (cannot infer type-variable(s) T1#13,T2#12,T3#11,T4#10,T5#9,T6#8,T7#7,T8#6,T9#5,T10#4,T11#3,T12#2,T13#1
          (actual and formal argument lists differ in length))
      method Kind1.<T1#14,T2#13,T3#12,T4#11,T5#10,T6#9,T7#8,T8#7,T9#6,T10#5,T11#4,T12#3,T13#2,T14#1>group(App<Mu<Object>,T1#14>,App<Mu<Object>,T2#13>,App<Mu<Object>,T3#12>,App<Mu<Object>,T4#11>,App<Mu<Object>,T5#10>,App<Mu<Object>,T6#9>,App<Mu<Object>,T7#8>,App<Mu<Object>,T8#7>,App<Mu<Object>,T9#6>,App<Mu<Object>,T10#5>,App<Mu<Object>,T11#4>,App<Mu<Object>,T12#3>,App<Mu<Object>,T13#2>,App<Mu<Object>,T14#1>) is not applicable
        (cannot infer type-variable(s) T1#14,T2#13,T3#12,T4#11,T5#10,T6#9,T7#8,T8#7,T9#6,T10#5,T11#4,T12#3,T13#2,T14#1
          (actual and formal argument lists differ in length))
      method Kind1.<T1#15,T2#14,T3#13,T4#12,T5#11,T6#10,T7#9,T8#8,T9#7,T10#6,T11#5,T12#4,T13#3,T14#2,T15#1>group(App<Mu<Object>,T1#15>,App<Mu<Object>,T2#14>,App<Mu<Object>,T3#13>,App<Mu<Object>,T4#12>,App<Mu<Object>,T5#11>,App<Mu<Object>,T6#10>,App<Mu<Object>,T7#9>,App<Mu<Object>,T8#8>,App<Mu<Object>,T9#7>,App<Mu<Object>,T10#6>,App<Mu<Object>,T11#5>,App<Mu<Object>,T12#4>,App<Mu<Object>,T13#3>,App<Mu<Object>,T14#2>,App<Mu<Object>,T15#1>) is not applicable
        (cannot infer type-variable(s) T1#15,T2#14,T3#13,T4#12,T5#11,T6#10,T7#9,T8#8,T9#7,T10#6,T11#5,T12#4,T13#3,T14#2,T15#1
          (actual and formal argument lists differ in length))
      method Kind1.<T1#16,T2#15,T3#14,T4#13,T5#12,T6#11,T7#10,T8#9,T9#8,T10#7,T11#6,T12#5,T13#4,T14#3,T15#2,T16>group(App<Mu<Object>,T1#16>,App<Mu<Object>,T2#15>,App<Mu<Object>,T3#14>,App<Mu<Object>,T4#13>,App<Mu<Object>,T5#12>,App<Mu<Object>,T6#11>,App<Mu<Object>,T7#10>,App<Mu<Object>,T8#9>,App<Mu<Object>,T9#8>,App<Mu<Object>,T10#7>,App<Mu<Object>,T11#6>,App<Mu<Object>,T12#5>,App<Mu<Object>,T13#4>,App<Mu<Object>,T14#3>,App<Mu<Object>,T15#2>,App<Mu<Object>,T16>) is not applicable
        (cannot infer type-variable(s) T1#16,T2#15,T3#14,T4#13,T5#12,T6#11,T7#10,T8#9,T9#8,T10#7,T11#6,T12#5,T13#4,T14#3,T15#2,T16
          (actual and formal argument lists differ in length))
    where T1#1,F,T1#2,T2#1,T1#3,T2#2,T3#1,T1#4,T2#3,T3#2,T4#1,O,A,T1#5,T2#4,T3#3,T4#2,T5#1,T1#6,T2#5,T3#4,T4#3,T5#2,T6#1,T1#7,T2#6,T3#5,T4#4,T5#3,T6#2,T7#1,T1#8,T2#7,T3#6,T4#5,T5#4,T6#3,T7#2,T8#1,T1#9,T2#8,T3#7,T4#6,T5#5,T6#4,T7#3,T8#2,T9#1,T1#10,T2#9,T3#8,T4#7,T5#6,T6#5,T7#4,T8#3,T9#2,T10#1,T1#11,T2#10,T3#9,T4#8,T5#7,T6#6,T7#5,T8#4,T9#3,T10#2,T11#1,T1#12,T2#11,T3#10,T4#9,T5#8,T6#7,T7#6,T8#5,T9#4,T10#3,T11#2,T12#1,T1#13,T2#12,T3#11,T4#10,T5#9,T6#8,T7#7,T8#6,T9#5,T10#4,T11#3,T12#2,T13#1,T1#14,T2#13,T3#12,T4#11,T5#10,T6#9,T7#8,T8#7,T9#6,T10#5,T11#4,T12#3,T13#2,T14#1,T1#15,T2#14,T3#13,T4#12,T5#11,T6#10,T7#9,T8#8,T9#7,T10#6,T11#5,T12#4,T13#3,T14#2,T15#1,T1#16,T2#15,T3#14,T4#13,T5#12,T6#11,T7#10,T8#9,T9#8,T10#7,T11#6,T12#5,T13#4,T14#3,T15#2,T16 are type-variables:
      T1#1 extends Object declared in method <T1#1>group(App<F,T1#1>)
      F extends K1 declared in interface Kind1
      T1#2 extends Object declared in method <T1#2,T2#1>group(App<F,T1#2>,App<F,T2#1>)
      T2#1 extends Object declared in method <T1#2,T2#1>group(App<F,T1#2>,App<F,T2#1>)
      T1#3 extends Object declared in method <T1#3,T2#2,T3#1>group(App<F,T1#3>,App<F,T2#2>,App<F,T3#1>)
      T2#2 extends Object declared in method <T1#3,T2#2,T3#1>group(App<F,T1#3>,App<F,T2#2>,App<F,T3#1>)
      T3#1 extends Object declared in method <T1#3,T2#2,T3#1>group(App<F,T1#3>,App<F,T2#2>,App<F,T3#1>)
      T1#4 extends Object declared in method <T1#4,T2#3,T3#2,T4#1>group(App<F,T1#4>,App<F,T2#3>,App<F,T3#2>,App<F,T4#1>)
      T2#3 extends Object declared in method <T1#4,T2#3,T3#2,T4#1>group(App<F,T1#4>,App<F,T2#3>,App<F,T3#2>,App<F,T4#1>)
      T3#2 extends Object declared in method <T1#4,T2#3,T3#2,T4#1>group(App<F,T1#4>,App<F,T2#3>,App<F,T3#2>,App<F,T4#1>)
      T4#1 extends Object declared in method <T1#4,T2#3,T3#2,T4#1>group(App<F,T1#4>,App<F,T2#3>,App<F,T3#2>,App<F,T4#1>)
      O extends Object declared in method <O>forGetter(Function<O,A>)
      A extends Object declared in class MapCodec
      T1#5 extends Object declared in method <T1#5,T2#4,T3#3,T4#2,T5#1>group(App<F,T1#5>,App<F,T2#4>,App<F,T3#3>,App<F,T4#2>,App<F,T5#1>)
      T2#4 extends Object declared in method <T1#5,T2#4,T3#3,T4#2,T5#1>group(App<F,T1#5>,App<F,T2#4>,App<F,T3#3>,App<F,T4#2>,App<F,T5#1>)
      T3#3 extends Object declared in method <T1#5,T2#4,T3#3,T4#2,T5#1>group(App<F,T1#5>,App<F,T2#4>,App<F,T3#3>,App<F,T4#2>,App<F,T5#1>)
      T4#2 extends Object declared in method <T1#5,T2#4,T3#3,T4#2,T5#1>group(App<F,T1#5>,App<F,T2#4>,App<F,T3#3>,App<F,T4#2>,App<F,T5#1>)
      T5#1 extends Object declared in method <T1#5,T2#4,T3#3,T4#2,T5#1>group(App<F,T1#5>,App<F,T2#4>,App<F,T3#3>,App<F,T4#2>,App<F,T5#1>)
      T1#6 extends Object declared in method <T1#6,T2#5,T3#4,T4#3,T5#2,T6#1>group(App<F,T1#6>,App<F,T2#5>,App<F,T3#4>,App<F,T4#3>,App<F,T5#2>,App<F,T6#1>)
      T2#5 extends Object declared in method <T1#6,T2#5,T3#4,T4#3,T5#2,T6#1>group(App<F,T1#6>,App<F,T2#5>,App<F,T3#4>,App<F,T4#3>,App<F,T5#2>,App<F,T6#1>)
      T3#4 extends Object declared in method <T1#6,T2#5,T3#4,T4#3,T5#2,T6#1>group(App<F,T1#6>,App<F,T2#5>,App<F,T3#4>,App<F,T4#3>,App<F,T5#2>,App<F,T6#1>)
      T4#3 extends Object declared in method <T1#6,T2#5,T3#4,T4#3,T5#2,T6#1>group(App<F,T1#6>,App<F,T2#5>,App<F,T3#4>,App<F,T4#3>,App<F,T5#2>,App<F,T6#1>)
      T5#2 extends Object declared in method <T1#6,T2#5,T3#4,T4#3,T5#2,T6#1>group(App<F,T1#6>,App<F,T2#5>,App<F,T3#4>,App<F,T4#3>,App<F,T5#2>,App<F,T6#1>)
      T6#1 extends Object declared in method <T1#6,T2#5,T3#4,T4#3,T5#2,T6#1>group(App<F,T1#6>,App<F,T2#5>,App<F,T3#4>,App<F,T4#3>,App<F,T5#2>,App<F,T6#1>)
      T1#7 extends Object declared in method <T1#7,T2#6,T3#5,T4#4,T5#3,T6#2,T7#1>group(App<F,T1#7>,App<F,T2#6>,App<F,T3#5>,App<F,T4#4>,App<F,T5#3>,App<F,T6#2>,App<F,T7#1>)
      T2#6 extends Object declared in method <T1#7,T2#6,T3#5,T4#4,T5#3,T6#2,T7#1>group(App<F,T1#7>,App<F,T2#6>,App<F,T3#5>,App<F,T4#4>,App<F,T5#3>,App<F,T6#2>,App<F,T7#1>)
      T3#5 extends Object declared in method <T1#7,T2#6,T3#5,T4#4,T5#3,T6#2,T7#1>group(App<F,T1#7>,App<F,T2#6>,App<F,T3#5>,App<F,T4#4>,App<F,T5#3>,App<F,T6#2>,App<F,T7#1>)
      T4#4 extends Object declared in method <T1#7,T2#6,T3#5,T4#4,T5#3,T6#2,T7#1>group(App<F,T1#7>,App<F,T2#6>,App<F,T3#5>,App<F,T4#4>,App<F,T5#3>,App<F,T6#2>,App<F,T7#1>)
      T5#3 extends Object declared in method <T1#7,T2#6,T3#5,T4#4,T5#3,T6#2,T7#1>group(App<F,T1#7>,App<F,T2#6>,App<F,T3#5>,App<F,T4#4>,App<F,T5#3>,App<F,T6#2>,App<F,T7#1>)
      T6#2 extends Object declared in method <T1#7,T2#6,T3#5,T4#4,T5#3,T6#2,T7#1>group(App<F,T1#7>,App<F,T2#6>,App<F,T3#5>,App<F,T4#4>,App<F,T5#3>,App<F,T6#2>,App<F,T7#1>)
      T7#1 extends Object declared in method <T1#7,T2#6,T3#5,T4#4,T5#3,T6#2,T7#1>group(App<F,T1#7>,App<F,T2#6>,App<F,T3#5>,App<F,T4#4>,App<F,T5#3>,App<F,T6#2>,App<F,T7#1>)
      T1#8 extends Object declared in method <T1#8,T2#7,T3#6,T4#5,T5#4,T6#3,T7#2,T8#1>group(App<F,T1#8>,App<F,T2#7>,App<F,T3#6>,App<F,T4#5>,App<F,T5#4>,App<F,T6#3>,App<F,T7#2>,App<F,T8#1>)
      T2#7 extends Object declared in method <T1#8,T2#7,T3#6,T4#5,T5#4,T6#3,T7#2,T8#1>group(App<F,T1#8>,App<F,T2#7>,App<F,T3#6>,App<F,T4#5>,App<F,T5#4>,App<F,T6#3>,App<F,T7#2>,App<F,T8#1>)
      T3#6 extends Object declared in method <T1#8,T2#7,T3#6,T4#5,T5#4,T6#3,T7#2,T8#1>group(App<F,T1#8>,App<F,T2#7>,App<F,T3#6>,App<F,T4#5>,App<F,T5#4>,App<F,T6#3>,App<F,T7#2>,App<F,T8#1>)
      T4#5 extends Object declared in method <T1#8,T2#7,T3#6,T4#5,T5#4,T6#3,T7#2,T8#1>group(App<F,T1#8>,App<F,T2#7>,App<F,T3#6>,App<F,T4#5>,App<F,T5#4>,App<F,T6#3>,App<F,T7#2>,App<F,T8#1>)
      T5#4 extends Object declared in method <T1#8,T2#7,T3#6,T4#5,T5#4,T6#3,T7#2,T8#1>group(App<F,T1#8>,App<F,T2#7>,App<F,T3#6>,App<F,T4#5>,App<F,T5#4>,App<F,T6#3>,App<F,T7#2>,App<F,T8#1>)
      T6#3 extends Object declared in method <T1#8,T2#7,T3#6,T4#5,T5#4,T6#3,T7#2,T8#1>group(App<F,T1#8>,App<F,T2#7>,App<F,T3#6>,App<F,T4#5>,App<F,T5#4>,App<F,T6#3>,App<F,T7#2>,App<F,T8#1>)
      T7#2 extends Object declared in method <T1#8,T2#7,T3#6,T4#5,T5#4,T6#3,T7#2,T8#1>group(App<F,T1#8>,App<F,T2#7>,App<F,T3#6>,App<F,T4#5>,App<F,T5#4>,App<F,T6#3>,App<F,T7#2>,App<F,T8#1>)
      T8#1 extends Object declared in method <T1#8,T2#7,T3#6,T4#5,T5#4,T6#3,T7#2,T8#1>group(App<F,T1#8>,App<F,T2#7>,App<F,T3#6>,App<F,T4#5>,App<F,T5#4>,App<F,T6#3>,App<F,T7#2>,App<F,T8#1>)
      T1#9 extends Object declared in method <T1#9,T2#8,T3#7,T4#6,T5#5,T6#4,T7#3,T8#2,T9#1>group(App<F,T1#9>,App<F,T2#8>,App<F,T3#7>,App<F,T4#6>,App<F,T5#5>,App<F,T6#4>,App<F,T7#3>,App<F,T8#2>,App<F,T9#1>)
      T2#8 extends Object declared in method <T1#9,T2#8,T3#7,T4#6,T5#5,T6#4,T7#3,T8#2,T9#1>group(App<F,T1#9>,App<F,T2#8>,App<F,T3#7>,App<F,T4#6>,App<F,T5#5>,App<F,T6#4>,App<F,T7#3>,App<F,T8#2>,App<F,T9#1>)
      T3#7 extends Object declared in method <T1#9,T2#8,T3#7,T4#6,T5#5,T6#4,T7#3,T8#2,T9#1>group(App<F,T1#9>,App<F,T2#8>,App<F,T3#7>,App<F,T4#6>,App<F,T5#5>,App<F,T6#4>,App<F,T7#3>,App<F,T8#2>,App<F,T9#1>)
      T4#6 extends Object declared in method <T1#9,T2#8,T3#7,T4#6,T5#5,T6#4,T7#3,T8#2,T9#1>group(App<F,T1#9>,App<F,T2#8>,App<F,T3#7>,App<F,T4#6>,App<F,T5#5>,App<F,T6#4>,App<F,T7#3>,App<F,T8#2>,App<F,T9#1>)
      T5#5 extends Object declared in method <T1#9,T2#8,T3#7,T4#6,T5#5,T6#4,T7#3,T8#2,T9#1>group(App<F,T1#9>,App<F,T2#8>,App<F,T3#7>,App<F,T4#6>,App<F,T5#5>,App<F,T6#4>,App<F,T7#3>,App<F,T8#2>,App<F,T9#1>)
      T6#4 extends Object declared in method <T1#9,T2#8,T3#7,T4#6,T5#5,T6#4,T7#3,T8#2,T9#1>group(App<F,T1#9>,App<F,T2#8>,App<F,T3#7>,App<F,T4#6>,App<F,T5#5>,App<F,T6#4>,App<F,T7#3>,App<F,T8#2>,App<F,T9#1>)
      T7#3 extends Object declared in method <T1#9,T2#8,T3#7,T4#6,T5#5,T6#4,T7#3,T8#2,T9#1>group(App<F,T1#9>,App<F,T2#8>,App<F,T3#7>,App<F,T4#6>,App<F,T5#5>,App<F,T6#4>,App<F,T7#3>,App<F,T8#2>,App<F,T9#1>)
      T8#2 extends Object declared in method <T1#9,T2#8,T3#7,T4#6,T5#5,T6#4,T7#3,T8#2,T9#1>group(App<F,T1#9>,App<F,T2#8>,App<F,T3#7>,App<F,T4#6>,App<F,T5#5>,App<F,T6#4>,App<F,T7#3>,App<F,T8#2>,App<F,T9#1>)
      T9#1 extends Object declared in method <T1#9,T2#8,T3#7,T4#6,T5#5,T6#4,T7#3,T8#2,T9#1>group(App<F,T1#9>,App<F,T2#8>,App<F,T3#7>,App<F,T4#6>,App<F,T5#5>,App<F,T6#4>,App<F,T7#3>,App<F,T8#2>,App<F,T9#1>)
      T1#10 extends Object declared in method <T1#10,T2#9,T3#8,T4#7,T5#6,T6#5,T7#4,T8#3,T9#2,T10#1>group(App<F,T1#10>,App<F,T2#9>,App<F,T3#8>,App<F,T4#7>,App<F,T5#6>,App<F,T6#5>,App<F,T7#4>,App<F,T8#3>,App<F,T9#2>,App<F,T10#1>)
      T2#9 extends Object declared in method <T1#10,T2#9,T3#8,T4#7,T5#6,T6#5,T7#4,T8#3,T9#2,T10#1>group(App<F,T1#10>,App<F,T2#9>,App<F,T3#8>,App<F,T4#7>,App<F,T5#6>,App<F,T6#5>,App<F,T7#4>,App<F,T8#3>,App<F,T9#2>,App<F,T10#1>)
      T3#8 extends Object declared in method <T1#10,T2#9,T3#8,T4#7,T5#6,T6#5,T7#4,T8#3,T9#2,T10#1>group(App<F,T1#10>,App<F,T2#9>,App<F,T3#8>,App<F,T4#7>,App<F,T5#6>,App<F,T6#5>,App<F,T7#4>,App<F,T8#3>,App<F,T9#2>,App<F,T10#1>)
      T4#7 extends Object declared in method <T1#10,T2#9,T3#8,T4#7,T5#6,T6#5,T7#4,T8#3,T9#2,T10#1>group(App<F,T1#10>,App<F,T2#9>,App<F,T3#8>,App<F,T4#7>,App<F,T5#6>,App<F,T6#5>,App<F,T7#4>,App<F,T8#3>,App<F,T9#2>,App<F,T10#1>)
      T5#6 extends Object declared in method <T1#10,T2#9,T3#8,T4#7,T5#6,T6#5,T7#4,T8#3,T9#2,T10#1>group(App<F,T1#10>,App<F,T2#9>,App<F,T3#8>,App<F,T4#7>,App<F,T5#6>,App<F,T6#5>,App<F,T7#4>,App<F,T8#3>,App<F,T9#2>,App<F,T10#1>)
      T6#5 extends Object declared in method <T1#10,T2#9,T3#8,T4#7,T5#6,T6#5,T7#4,T8#3,T9#2,T10#1>group(App<F,T1#10>,App<F,T2#9>,App<F,T3#8>,App<F,T4#7>,App<F,T5#6>,App<F,T6#5>,App<F,T7#4>,App<F,T8#3>,App<F,T9#2>,App<F,T10#1>)
      T7#4 extends Object declared in method <T1#10,T2#9,T3#8,T4#7,T5#6,T6#5,T7#4,T8#3,T9#2,T10#1>group(App<F,T1#10>,App<F,T2#9>,App<F,T3#8>,App<F,T4#7>,App<F,T5#6>,App<F,T6#5>,App<F,T7#4>,App<F,T8#3>,App<F,T9#2>,App<F,T10#1>)
      T8#3 extends Object declared in method <T1#10,T2#9,T3#8,T4#7,T5#6,T6#5,T7#4,T8#3,T9#2,T10#1>group(App<F,T1#10>,App<F,T2#9>,App<F,T3#8>,App<F,T4#7>,App<F,T5#6>,App<F,T6#5>,App<F,T7#4>,App<F,T8#3>,App<F,T9#2>,App<F,T10#1>)
      T9#2 extends Object declared in method <T1#10,T2#9,T3#8,T4#7,T5#6,T6#5,T7#4,T8#3,T9#2,T10#1>group(App<F,T1#10>,App<F,T2#9>,App<F,T3#8>,App<F,T4#7>,App<F,T5#6>,App<F,T6#5>,App<F,T7#4>,App<F,T8#3>,App<F,T9#2>,App<F,T10#1>)
      T10#1 extends Object declared in method <T1#10,T2#9,T3#8,T4#7,T5#6,T6#5,T7#4,T8#3,T9#2,T10#1>group(App<F,T1#10>,App<F,T2#9>,App<F,T3#8>,App<F,T4#7>,App<F,T5#6>,App<F,T6#5>,App<F,T7#4>,App<F,T8#3>,App<F,T9#2>,App<F,T10#1>)
      T1#11 extends Object declared in method <T1#11,T2#10,T3#9,T4#8,T5#7,T6#6,T7#5,T8#4,T9#3,T10#2,T11#1>group(App<F,T1#11>,App<F,T2#10>,App<F,T3#9>,App<F,T4#8>,App<F,T5#7>,App<F,T6#6>,App<F,T7#5>,App<F,T8#4>,App<F,T9#3>,App<F,T10#2>,App<F,T11#1>)
      T2#10 extends Object declared in method <T1#11,T2#10,T3#9,T4#8,T5#7,T6#6,T7#5,T8#4,T9#3,T10#2,T11#1>group(App<F,T1#11>,App<F,T2#10>,App<F,T3#9>,App<F,T4#8>,App<F,T5#7>,App<F,T6#6>,App<F,T7#5>,App<F,T8#4>,App<F,T9#3>,App<F,T10#2>,App<F,T11#1>)
      T3#9 extends Object declared in method <T1#11,T2#10,T3#9,T4#8,T5#7,T6#6,T7#5,T8#4,T9#3,T10#2,T11#1>group(App<F,T1#11>,App<F,T2#10>,App<F,T3#9>,App<F,T4#8>,App<F,T5#7>,App<F,T6#6>,App<F,T7#5>,App<F,T8#4>,App<F,T9#3>,App<F,T10#2>,App<F,T11#1>)
      T4#8 extends Object declared in method <T1#11,T2#10,T3#9,T4#8,T5#7,T6#6,T7#5,T8#4,T9#3,T10#2,T11#1>group(App<F,T1#11>,App<F,T2#10>,App<F,T3#9>,App<F,T4#8>,App<F,T5#7>,App<F,T6#6>,App<F,T7#5>,App<F,T8#4>,App<F,T9#3>,App<F,T10#2>,App<F,T11#1>)
      T5#7 extends Object declared in method <T1#11,T2#10,T3#9,T4#8,T5#7,T6#6,T7#5,T8#4,T9#3,T10#2,T11#1>group(App<F,T1#11>,App<F,T2#10>,App<F,T3#9>,App<F,T4#8>,App<F,T5#7>,App<F,T6#6>,App<F,T7#5>,App<F,T8#4>,App<F,T9#3>,App<F,T10#2>,App<F,T11#1>)
      T6#6 extends Object declared in method <T1#11,T2#10,T3#9,T4#8,T5#7,T6#6,T7#5,T8#4,T9#3,T10#2,T11#1>group(App<F,T1#11>,App<F,T2#10>,App<F,T3#9>,App<F,T4#8>,App<F,T5#7>,App<F,T6#6>,App<F,T7#5>,App<F,T8#4>,App<F,T9#3>,App<F,T10#2>,App<F,T11#1>)
      T7#5 extends Object declared in method <T1#11,T2#10,T3#9,T4#8,T5#7,T6#6,T7#5,T8#4,T9#3,T10#2,T11#1>group(App<F,T1#11>,App<F,T2#10>,App<F,T3#9>,App<F,T4#8>,App<F,T5#7>,App<F,T6#6>,App<F,T7#5>,App<F,T8#4>,App<F,T9#3>,App<F,T10#2>,App<F,T11#1>)
      T8#4 extends Object declared in method <T1#11,T2#10,T3#9,T4#8,T5#7,T6#6,T7#5,T8#4,T9#3,T10#2,T11#1>group(App<F,T1#11>,App<F,T2#10>,App<F,T3#9>,App<F,T4#8>,App<F,T5#7>,App<F,T6#6>,App<F,T7#5>,App<F,T8#4>,App<F,T9#3>,App<F,T10#2>,App<F,T11#1>)
      T9#3 extends Object declared in method <T1#11,T2#10,T3#9,T4#8,T5#7,T6#6,T7#5,T8#4,T9#3,T10#2,T11#1>group(App<F,T1#11>,App<F,T2#10>,App<F,T3#9>,App<F,T4#8>,App<F,T5#7>,App<F,T6#6>,App<F,T7#5>,App<F,T8#4>,App<F,T9#3>,App<F,T10#2>,App<F,T11#1>)
      T10#2 extends Object declared in method <T1#11,T2#10,T3#9,T4#8,T5#7,T6#6,T7#5,T8#4,T9#3,T10#2,T11#1>group(App<F,T1#11>,App<F,T2#10>,App<F,T3#9>,App<F,T4#8>,App<F,T5#7>,App<F,T6#6>,App<F,T7#5>,App<F,T8#4>,App<F,T9#3>,App<F,T10#2>,App<F,T11#1>)
      T11#1 extends Object declared in method <T1#11,T2#10,T3#9,T4#8,T5#7,T6#6,T7#5,T8#4,T9#3,T10#2,T11#1>group(App<F,T1#11>,App<F,T2#10>,App<F,T3#9>,App<F,T4#8>,App<F,T5#7>,App<F,T6#6>,App<F,T7#5>,App<F,T8#4>,App<F,T9#3>,App<F,T10#2>,App<F,T11#1>)
      T1#12 extends Object declared in method <T1#12,T2#11,T3#10,T4#9,T5#8,T6#7,T7#6,T8#5,T9#4,T10#3,T11#2,T12#1>group(App<F,T1#12>,App<F,T2#11>,App<F,T3#10>,App<F,T4#9>,App<F,T5#8>,App<F,T6#7>,App<F,T7#6>,App<F,T8#5>,App<F,T9#4>,App<F,T10#3>,App<F,T11#2>,App<F,T12#1>)
      T2#11 extends Object declared in method <T1#12,T2#11,T3#10,T4#9,T5#8,T6#7,T7#6,T8#5,T9#4,T10#3,T11#2,T12#1>group(App<F,T1#12>,App<F,T2#11>,App<F,T3#10>,App<F,T4#9>,App<F,T5#8>,App<F,T6#7>,App<F,T7#6>,App<F,T8#5>,App<F,T9#4>,App<F,T10#3>,App<F,T11#2>,App<F,T12#1>)
      T3#10 extends Object declared in method <T1#12,T2#11,T3#10,T4#9,T5#8,T6#7,T7#6,T8#5,T9#4,T10#3,T11#2,T12#1>group(App<F,T1#12>,App<F,T2#11>,App<F,T3#10>,App<F,T4#9>,App<F,T5#8>,App<F,T6#7>,App<F,T7#6>,App<F,T8#5>,App<F,T9#4>,App<F,T10#3>,App<F,T11#2>,App<F,T12#1>)
      T4#9 extends Object declared in method <T1#12,T2#11,T3#10,T4#9,T5#8,T6#7,T7#6,T8#5,T9#4,T10#3,T11#2,T12#1>group(App<F,T1#12>,App<F,T2#11>,App<F,T3#10>,App<F,T4#9>,App<F,T5#8>,App<F,T6#7>,App<F,T7#6>,App<F,T8#5>,App<F,T9#4>,App<F,T10#3>,App<F,T11#2>,App<F,T12#1>)
      T5#8 extends Object declared in method <T1#12,T2#11,T3#10,T4#9,T5#8,T6#7,T7#6,T8#5,T9#4,T10#3,T11#2,T12#1>group(App<F,T1#12>,App<F,T2#11>,App<F,T3#10>,App<F,T4#9>,App<F,T5#8>,App<F,T6#7>,App<F,T7#6>,App<F,T8#5>,App<F,T9#4>,App<F,T10#3>,App<F,T11#2>,App<F,T12#1>)
      T6#7 extends Object declared in method <T1#12,T2#11,T3#10,T4#9,T5#8,T6#7,T7#6,T8#5,T9#4,T10#3,T11#2,T12#1>group(App<F,T1#12>,App<F,T2#11>,App<F,T3#10>,App<F,T4#9>,App<F,T5#8>,App<F,T6#7>,App<F,T7#6>,App<F,T8#5>,App<F,T9#4>,App<F,T10#3>,App<F,T11#2>,App<F,T12#1>)
      T7#6 extends Object declared in method <T1#12,T2#11,T3#10,T4#9,T5#8,T6#7,T7#6,T8#5,T9#4,T10#3,T11#2,T12#1>group(App<F,T1#12>,App<F,T2#11>,App<F,T3#10>,App<F,T4#9>,App<F,T5#8>,App<F,T6#7>,App<F,T7#6>,App<F,T8#5>,App<F,T9#4>,App<F,T10#3>,App<F,T11#2>,App<F,T12#1>)
      T8#5 extends Object declared in method <T1#12,T2#11,T3#10,T4#9,T5#8,T6#7,T7#6,T8#5,T9#4,T10#3,T11#2,T12#1>group(App<F,T1#12>,App<F,T2#11>,App<F,T3#10>,App<F,T4#9>,App<F,T5#8>,App<F,T6#7>,App<F,T7#6>,App<F,T8#5>,App<F,T9#4>,App<F,T10#3>,App<F,T11#2>,App<F,T12#1>)
      T9#4 extends Object declared in method <T1#12,T2#11,T3#10,T4#9,T5#8,T6#7,T7#6,T8#5,T9#4,T10#3,T11#2,T12#1>group(App<F,T1#12>,App<F,T2#11>,App<F,T3#10>,App<F,T4#9>,App<F,T5#8>,App<F,T6#7>,App<F,T7#6>,App<F,T8#5>,App<F,T9#4>,App<F,T10#3>,App<F,T11#2>,App<F,T12#1>)
      T10#3 extends Object declared in method <T1#12,T2#11,T3#10,T4#9,T5#8,T6#7,T7#6,T8#5,T9#4,T10#3,T11#2,T12#1>group(App<F,T1#12>,App<F,T2#11>,App<F,T3#10>,App<F,T4#9>,App<F,T5#8>,App<F,T6#7>,App<F,T7#6>,App<F,T8#5>,App<F,T9#4>,App<F,T10#3>,App<F,T11#2>,App<F,T12#1>)
      T11#2 extends Object declared in method <T1#12,T2#11,T3#10,T4#9,T5#8,T6#7,T7#6,T8#5,T9#4,T10#3,T11#2,T12#1>group(App<F,T1#12>,App<F,T2#11>,App<F,T3#10>,App<F,T4#9>,App<F,T5#8>,App<F,T6#7>,App<F,T7#6>,App<F,T8#5>,App<F,T9#4>,App<F,T10#3>,App<F,T11#2>,App<F,T12#1>)
      T12#1 extends Object declared in method <T1#12,T2#11,T3#10,T4#9,T5#8,T6#7,T7#6,T8#5,T9#4,T10#3,T11#2,T12#1>group(App<F,T1#12>,App<F,T2#11>,App<F,T3#10>,App<F,T4#9>,App<F,T5#8>,App<F,T6#7>,App<F,T7#6>,App<F,T8#5>,App<F,T9#4>,App<F,T10#3>,App<F,T11#2>,App<F,T12#1>)
      T1#13 extends Object declared in method <T1#13,T2#12,T3#11,T4#10,T5#9,T6#8,T7#7,T8#6,T9#5,T10#4,T11#3,T12#2,T13#1>group(App<F,T1#13>,App<F,T2#12>,App<F,T3#11>,App<F,T4#10>,App<F,T5#9>,App<F,T6#8>,App<F,T7#7>,App<F,T8#6>,App<F,T9#5>,App<F,T10#4>,App<F,T11#3>,App<F,T12#2>,App<F,T13#1>)
      T2#12 extends Object declared in method <T1#13,T2#12,T3#11,T4#10,T5#9,T6#8,T7#7,T8#6,T9#5,T10#4,T11#3,T12#2,T13#1>group(App<F,T1#13>,App<F,T2#12>,App<F,T3#11>,App<F,T4#10>,App<F,T5#9>,App<F,T6#8>,App<F,T7#7>,App<F,T8#6>,App<F,T9#5>,App<F,T10#4>,App<F,T11#3>,App<F,T12#2>,App<F,T13#1>)
      T3#11 extends Object declared in method <T1#13,T2#12,T3#11,T4#10,T5#9,T6#8,T7#7,T8#6,T9#5,T10#4,T11#3,T12#2,T13#1>group(App<F,T1#13>,App<F,T2#12>,App<F,T3#11>,App<F,T4#10>,App<F,T5#9>,App<F,T6#8>,App<F,T7#7>,App<F,T8#6>,App<F,T9#5>,App<F,T10#4>,App<F,T11#3>,App<F,T12#2>,App<F,T13#1>)
      T4#10 extends Object declared in method <T1#13,T2#12,T3#11,T4#10,T5#9,T6#8,T7#7,T8#6,T9#5,T10#4,T11#3,T12#2,T13#1>group(App<F,T1#13>,App<F,T2#12>,App<F,T3#11>,App<F,T4#10>,App<F,T5#9>,App<F,T6#8>,App<F,T7#7>,App<F,T8#6>,App<F,T9#5>,App<F,T10#4>,App<F,T11#3>,App<F,T12#2>,App<F,T13#1>)
      T5#9 extends Object declared in method <T1#13,T2#12,T3#11,T4#10,T5#9,T6#8,T7#7,T8#6,T9#5,T10#4,T11#3,T12#2,T13#1>group(App<F,T1#13>,App<F,T2#12>,App<F,T3#11>,App<F,T4#10>,App<F,T5#9>,App<F,T6#8>,App<F,T7#7>,App<F,T8#6>,App<F,T9#5>,App<F,T10#4>,App<F,T11#3>,App<F,T12#2>,App<F,T13#1>)
      T6#8 extends Object declared in method <T1#13,T2#12,T3#11,T4#10,T5#9,T6#8,T7#7,T8#6,T9#5,T10#4,T11#3,T12#2,T13#1>group(App<F,T1#13>,App<F,T2#12>,App<F,T3#11>,App<F,T4#10>,App<F,T5#9>,App<F,T6#8>,App<F,T7#7>,App<F,T8#6>,App<F,T9#5>,App<F,T10#4>,App<F,T11#3>,App<F,T12#2>,App<F,T13#1>)
      T7#7 extends Object declared in method <T1#13,T2#12,T3#11,T4#10,T5#9,T6#8,T7#7,T8#6,T9#5,T10#4,T11#3,T12#2,T13#1>group(App<F,T1#13>,App<F,T2#12>,App<F,T3#11>,App<F,T4#10>,App<F,T5#9>,App<F,T6#8>,App<F,T7#7>,App<F,T8#6>,App<F,T9#5>,App<F,T10#4>,App<F,T11#3>,App<F,T12#2>,App<F,T13#1>)
      T8#6 extends Object declared in method <T1#13,T2#12,T3#11,T4#10,T5#9,T6#8,T7#7,T8#6,T9#5,T10#4,T11#3,T12#2,T13#1>group(App<F,T1#13>,App<F,T2#12>,App<F,T3#11>,App<F,T4#10>,App<F,T5#9>,App<F,T6#8>,App<F,T7#7>,App<F,T8#6>,App<F,T9#5>,App<F,T10#4>,App<F,T11#3>,App<F,T12#2>,App<F,T13#1>)
      T9#5 extends Object declared in method <T1#13,T2#12,T3#11,T4#10,T5#9,T6#8,T7#7,T8#6,T9#5,T10#4,T11#3,T12#2,T13#1>group(App<F,T1#13>,App<F,T2#12>,App<F,T3#11>,App<F,T4#10>,App<F,T5#9>,App<F,T6#8>,App<F,T7#7>,App<F,T8#6>,App<F,T9#5>,App<F,T10#4>,App<F,T11#3>,App<F,T12#2>,App<F,T13#1>)
      T10#4 extends Object declared in method <T1#13,T2#12,T3#11,T4#10,T5#9,T6#8,T7#7,T8#6,T9#5,T10#4,T11#3,T12#2,T13#1>group(App<F,T1#13>,App<F,T2#12>,App<F,T3#11>,App<F,T4#10>,App<F,T5#9>,App<F,T6#8>,App<F,T7#7>,App<F,T8#6>,App<F,T9#5>,App<F,T10#4>,App<F,T11#3>,App<F,T12#2>,App<F,T13#1>)
      T11#3 extends Object declared in method <T1#13,T2#12,T3#11,T4#10,T5#9,T6#8,T7#7,T8#6,T9#5,T10#4,T11#3,T12#2,T13#1>group(App<F,T1#13>,App<F,T2#12>,App<F,T3#11>,App<F,T4#10>,App<F,T5#9>,App<F,T6#8>,App<F,T7#7>,App<F,T8#6>,App<F,T9#5>,App<F,T10#4>,App<F,T11#3>,App<F,T12#2>,App<F,T13#1>)
      T12#2 extends Object declared in method <T1#13,T2#12,T3#11,T4#10,T5#9,T6#8,T7#7,T8#6,T9#5,T10#4,T11#3,T12#2,T13#1>group(App<F,T1#13>,App<F,T2#12>,App<F,T3#11>,App<F,T4#10>,App<F,T5#9>,App<F,T6#8>,App<F,T7#7>,App<F,T8#6>,App<F,T9#5>,App<F,T10#4>,App<F,T11#3>,App<F,T12#2>,App<F,T13#1>)
      T13#1 extends Object declared in method <T1#13,T2#12,T3#11,T4#10,T5#9,T6#8,T7#7,T8#6,T9#5,T10#4,T11#3,T12#2,T13#1>group(App<F,T1#13>,App<F,T2#12>,App<F,T3#11>,App<F,T4#10>,App<F,T5#9>,App<F,T6#8>,App<F,T7#7>,App<F,T8#6>,App<F,T9#5>,App<F,T10#4>,App<F,T11#3>,App<F,T12#2>,App<F,T13#1>)
      T1#14 extends Object declared in method <T1#14,T2#13,T3#12,T4#11,T5#10,T6#9,T7#8,T8#7,T9#6,T10#5,T11#4,T12#3,T13#2,T14#1>group(App<F,T1#14>,App<F,T2#13>,App<F,T3#12>,App<F,T4#11>,App<F,T5#10>,App<F,T6#9>,App<F,T7#8>,App<F,T8#7>,App<F,T9#6>,App<F,T10#5>,App<F,T11#4>,App<F,T12#3>,App<F,T13#2>,App<F,T14#1>)
      T2#13 extends Object declared in method <T1#14,T2#13,T3#12,T4#11,T5#10,T6#9,T7#8,T8#7,T9#6,T10#5,T11#4,T12#3,T13#2,T14#1>group(App<F,T1#14>,App<F,T2#13>,App<F,T3#12>,App<F,T4#11>,App<F,T5#10>,App<F,T6#9>,App<F,T7#8>,App<F,T8#7>,App<F,T9#6>,App<F,T10#5>,App<F,T11#4>,App<F,T12#3>,App<F,T13#2>,App<F,T14#1>)
      T3#12 extends Object declared in method <T1#14,T2#13,T3#12,T4#11,T5#10,T6#9,T7#8,T8#7,T9#6,T10#5,T11#4,T12#3,T13#2,T14#1>group(App<F,T1#14>,App<F,T2#13>,App<F,T3#12>,App<F,T4#11>,App<F,T5#10>,App<F,T6#9>,App<F,T7#8>,App<F,T8#7>,App<F,T9#6>,App<F,T10#5>,App<F,T11#4>,App<F,T12#3>,App<F,T13#2>,App<F,T14#1>)
      T4#11 extends Object declared in method <T1#14,T2#13,T3#12,T4#11,T5#10,T6#9,T7#8,T8#7,T9#6,T10#5,T11#4,T12#3,T13#2,T14#1>group(App<F,T1#14>,App<F,T2#13>,App<F,T3#12>,App<F,T4#11>,App<F,T5#10>,App<F,T6#9>,App<F,T7#8>,App<F,T8#7>,App<F,T9#6>,App<F,T10#5>,App<F,T11#4>,App<F,T12#3>,App<F,T13#2>,App<F,T14#1>)
      T5#10 extends Object declared in method <T1#14,T2#13,T3#12,T4#11,T5#10,T6#9,T7#8,T8#7,T9#6,T10#5,T11#4,T12#3,T13#2,T14#1>group(App<F,T1#14>,App<F,T2#13>,App<F,T3#12>,App<F,T4#11>,App<F,T5#10>,App<F,T6#9>,App<F,T7#8>,App<F,T8#7>,App<F,T9#6>,App<F,T10#5>,App<F,T11#4>,App<F,T12#3>,App<F,T13#2>,App<F,T14#1>)
      T6#9 extends Object declared in method <T1#14,T2#13,T3#12,T4#11,T5#10,T6#9,T7#8,T8#7,T9#6,T10#5,T11#4,T12#3,T13#2,T14#1>group(App<F,T1#14>,App<F,T2#13>,App<F,T3#12>,App<F,T4#11>,App<F,T5#10>,App<F,T6#9>,App<F,T7#8>,App<F,T8#7>,App<F,T9#6>,App<F,T10#5>,App<F,T11#4>,App<F,T12#3>,App<F,T13#2>,App<F,T14#1>)
      T7#8 extends Object declared in method <T1#14,T2#13,T3#12,T4#11,T5#10,T6#9,T7#8,T8#7,T9#6,T10#5,T11#4,T12#3,T13#2,T14#1>group(App<F,T1#14>,App<F,T2#13>,App<F,T3#12>,App<F,T4#11>,App<F,T5#10>,App<F,T6#9>,App<F,T7#8>,App<F,T8#7>,App<F,T9#6>,App<F,T10#5>,App<F,T11#4>,App<F,T12#3>,App<F,T13#2>,App<F,T14#1>)
      T8#7 extends Object declared in method <T1#14,T2#13,T3#12,T4#11,T5#10,T6#9,T7#8,T8#7,T9#6,T10#5,T11#4,T12#3,T13#2,T14#1>group(App<F,T1#14>,App<F,T2#13>,App<F,T3#12>,App<F,T4#11>,App<F,T5#10>,App<F,T6#9>,App<F,T7#8>,App<F,T8#7>,App<F,T9#6>,App<F,T10#5>,App<F,T11#4>,App<F,T12#3>,App<F,T13#2>,App<F,T14#1>)
      T9#6 extends Object declared in method <T1#14,T2#13,T3#12,T4#11,T5#10,T6#9,T7#8,T8#7,T9#6,T10#5,T11#4,T12#3,T13#2,T14#1>group(App<F,T1#14>,App<F,T2#13>,App<F,T3#12>,App<F,T4#11>,App<F,T5#10>,App<F,T6#9>,App<F,T7#8>,App<F,T8#7>,App<F,T9#6>,App<F,T10#5>,App<F,T11#4>,App<F,T12#3>,App<F,T13#2>,App<F,T14#1>)
      T10#5 extends Object declared in method <T1#14,T2#13,T3#12,T4#11,T5#10,T6#9,T7#8,T8#7,T9#6,T10#5,T11#4,T12#3,T13#2,T14#1>group(App<F,T1#14>,App<F,T2#13>,App<F,T3#12>,App<F,T4#11>,App<F,T5#10>,App<F,T6#9>,App<F,T7#8>,App<F,T8#7>,App<F,T9#6>,App<F,T10#5>,App<F,T11#4>,App<F,T12#3>,App<F,T13#2>,App<F,T14#1>)
      T11#4 extends Object declared in method <T1#14,T2#13,T3#12,T4#11,T5#10,T6#9,T7#8,T8#7,T9#6,T10#5,T11#4,T12#3,T13#2,T14#1>group(App<F,T1#14>,App<F,T2#13>,App<F,T3#12>,App<F,T4#11>,App<F,T5#10>,App<F,T6#9>,App<F,T7#8>,App<F,T8#7>,App<F,T9#6>,App<F,T10#5>,App<F,T11#4>,App<F,T12#3>,App<F,T13#2>,App<F,T14#1>)
      T12#3 extends Object declared in method <T1#14,T2#13,T3#12,T4#11,T5#10,T6#9,T7#8,T8#7,T9#6,T10#5,T11#4,T12#3,T13#2,T14#1>group(App<F,T1#14>,App<F,T2#13>,App<F,T3#12>,App<F,T4#11>,App<F,T5#10>,App<F,T6#9>,App<F,T7#8>,App<F,T8#7>,App<F,T9#6>,App<F,T10#5>,App<F,T11#4>,App<F,T12#3>,App<F,T13#2>,App<F,T14#1>)
      T13#2 extends Object declared in method <T1#14,T2#13,T3#12,T4#11,T5#10,T6#9,T7#8,T8#7,T9#6,T10#5,T11#4,T12#3,T13#2,T14#1>group(App<F,T1#14>,App<F,T2#13>,App<F,T3#12>,App<F,T4#11>,App<F,T5#10>,App<F,T6#9>,App<F,T7#8>,App<F,T8#7>,App<F,T9#6>,App<F,T10#5>,App<F,T11#4>,App<F,T12#3>,App<F,T13#2>,App<F,T14#1>)
      T14#1 extends Object declared in method <T1#14,T2#13,T3#12,T4#11,T5#10,T6#9,T7#8,T8#7,T9#6,T10#5,T11#4,T12#3,T13#2,T14#1>group(App<F,T1#14>,App<F,T2#13>,App<F,T3#12>,App<F,T4#11>,App<F,T5#10>,App<F,T6#9>,App<F,T7#8>,App<F,T8#7>,App<F,T9#6>,App<F,T10#5>,App<F,T11#4>,App<F,T12#3>,App<F,T13#2>,App<F,T14#1>)
      T1#15 extends Object declared in method <T1#15,T2#14,T3#13,T4#12,T5#11,T6#10,T7#9,T8#8,T9#7,T10#6,T11#5,T12#4,T13#3,T14#2,T15#1>group(App<F,T1#15>,App<F,T2#14>,App<F,T3#13>,App<F,T4#12>,App<F,T5#11>,App<F,T6#10>,App<F,T7#9>,App<F,T8#8>,App<F,T9#7>,App<F,T10#6>,App<F,T11#5>,App<F,T12#4>,App<F,T13#3>,App<F,T14#2>,App<F,T15#1>)
      T2#14 extends Object declared in method <T1#15,T2#14,T3#13,T4#12,T5#11,T6#10,T7#9,T8#8,T9#7,T10#6,T11#5,T12#4,T13#3,T14#2,T15#1>group(App<F,T1#15>,App<F,T2#14>,App<F,T3#13>,App<F,T4#12>,App<F,T5#11>,App<F,T6#10>,App<F,T7#9>,App<F,T8#8>,App<F,T9#7>,App<F,T10#6>,App<F,T11#5>,App<F,T12#4>,App<F,T13#3>,App<F,T14#2>,App<F,T15#1>)
      T3#13 extends Object declared in method <T1#15,T2#14,T3#13,T4#12,T5#11,T6#10,T7#9,T8#8,T9#7,T10#6,T11#5,T12#4,T13#3,T14#2,T15#1>group(App<F,T1#15>,App<F,T2#14>,App<F,T3#13>,App<F,T4#12>,App<F,T5#11>,App<F,T6#10>,App<F,T7#9>,App<F,T8#8>,App<F,T9#7>,App<F,T10#6>,App<F,T11#5>,App<F,T12#4>,App<F,T13#3>,App<F,T14#2>,App<F,T15#1>)
      T4#12 extends Object declared in method <T1#15,T2#14,T3#13,T4#12,T5#11,T6#10,T7#9,T8#8,T9#7,T10#6,T11#5,T12#4,T13#3,T14#2,T15#1>group(App<F,T1#15>,App<F,T2#14>,App<F,T3#13>,App<F,T4#12>,App<F,T5#11>,App<F,T6#10>,App<F,T7#9>,App<F,T8#8>,App<F,T9#7>,App<F,T10#6>,App<F,T11#5>,App<F,T12#4>,App<F,T13#3>,App<F,T14#2>,App<F,T15#1>)
      T5#11 extends Object declared in method <T1#15,T2#14,T3#13,T4#12,T5#11,T6#10,T7#9,T8#8,T9#7,T10#6,T11#5,T12#4,T13#3,T14#2,T15#1>group(App<F,T1#15>,App<F,T2#14>,App<F,T3#13>,App<F,T4#12>,App<F,T5#11>,App<F,T6#10>,App<F,T7#9>,App<F,T8#8>,App<F,T9#7>,App<F,T10#6>,App<F,T11#5>,App<F,T12#4>,App<F,T13#3>,App<F,T14#2>,App<F,T15#1>)
      T6#10 extends Object declared in method <T1#15,T2#14,T3#13,T4#12,T5#11,T6#10,T7#9,T8#8,T9#7,T10#6,T11#5,T12#4,T13#3,T14#2,T15#1>group(App<F,T1#15>,App<F,T2#14>,App<F,T3#13>,App<F,T4#12>,App<F,T5#11>,App<F,T6#10>,App<F,T7#9>,App<F,T8#8>,App<F,T9#7>,App<F,T10#6>,App<F,T11#5>,App<F,T12#4>,App<F,T13#3>,App<F,T14#2>,App<F,T15#1>)
      T7#9 extends Object declared in method <T1#15,T2#14,T3#13,T4#12,T5#11,T6#10,T7#9,T8#8,T9#7,T10#6,T11#5,T12#4,T13#3,T14#2,T15#1>group(App<F,T1#15>,App<F,T2#14>,App<F,T3#13>,App<F,T4#12>,App<F,T5#11>,App<F,T6#10>,App<F,T7#9>,App<F,T8#8>,App<F,T9#7>,App<F,T10#6>,App<F,T11#5>,App<F,T12#4>,App<F,T13#3>,App<F,T14#2>,App<F,T15#1>)
      T8#8 extends Object declared in method <T1#15,T2#14,T3#13,T4#12,T5#11,T6#10,T7#9,T8#8,T9#7,T10#6,T11#5,T12#4,T13#3,T14#2,T15#1>group(App<F,T1#15>,App<F,T2#14>,App<F,T3#13>,App<F,T4#12>,App<F,T5#11>,App<F,T6#10>,App<F,T7#9>,App<F,T8#8>,App<F,T9#7>,App<F,T10#6>,App<F,T11#5>,App<F,T12#4>,App<F,T13#3>,App<F,T14#2>,App<F,T15#1>)
      T9#7 extends Object declared in method <T1#15,T2#14,T3#13,T4#12,T5#11,T6#10,T7#9,T8#8,T9#7,T10#6,T11#5,T12#4,T13#3,T14#2,T15#1>group(App<F,T1#15>,App<F,T2#14>,App<F,T3#13>,App<F,T4#12>,App<F,T5#11>,App<F,T6#10>,App<F,T7#9>,App<F,T8#8>,App<F,T9#7>,App<F,T10#6>,App<F,T11#5>,App<F,T12#4>,App<F,T13#3>,App<F,T14#2>,App<F,T15#1>)
      T10#6 extends Object declared in method <T1#15,T2#14,T3#13,T4#12,T5#11,T6#10,T7#9,T8#8,T9#7,T10#6,T11#5,T12#4,T13#3,T14#2,T15#1>group(App<F,T1#15>,App<F,T2#14>,App<F,T3#13>,App<F,T4#12>,App<F,T5#11>,App<F,T6#10>,App<F,T7#9>,App<F,T8#8>,App<F,T9#7>,App<F,T10#6>,App<F,T11#5>,App<F,T12#4>,App<F,T13#3>,App<F,T14#2>,App<F,T15#1>)
      T11#5 extends Object declared in method <T1#15,T2#14,T3#13,T4#12,T5#11,T6#10,T7#9,T8#8,T9#7,T10#6,T11#5,T12#4,T13#3,T14#2,T15#1>group(App<F,T1#15>,App<F,T2#14>,App<F,T3#13>,App<F,T4#12>,App<F,T5#11>,App<F,T6#10>,App<F,T7#9>,App<F,T8#8>,App<F,T9#7>,App<F,T10#6>,App<F,T11#5>,App<F,T12#4>,App<F,T13#3>,App<F,T14#2>,App<F,T15#1>)
      T12#4 extends Object declared in method <T1#15,T2#14,T3#13,T4#12,T5#11,T6#10,T7#9,T8#8,T9#7,T10#6,T11#5,T12#4,T13#3,T14#2,T15#1>group(App<F,T1#15>,App<F,T2#14>,App<F,T3#13>,App<F,T4#12>,App<F,T5#11>,App<F,T6#10>,App<F,T7#9>,App<F,T8#8>,App<F,T9#7>,App<F,T10#6>,App<F,T11#5>,App<F,T12#4>,App<F,T13#3>,App<F,T14#2>,App<F,T15#1>)
      T13#3 extends Object declared in method <T1#15,T2#14,T3#13,T4#12,T5#11,T6#10,T7#9,T8#8,T9#7,T10#6,T11#5,T12#4,T13#3,T14#2,T15#1>group(App<F,T1#15>,App<F,T2#14>,App<F,T3#13>,App<F,T4#12>,App<F,T5#11>,App<F,T6#10>,App<F,T7#9>,App<F,T8#8>,App<F,T9#7>,App<F,T10#6>,App<F,T11#5>,App<F,T12#4>,App<F,T13#3>,App<F,T14#2>,App<F,T15#1>)
      T14#2 extends Object declared in method <T1#15,T2#14,T3#13,T4#12,T5#11,T6#10,T7#9,T8#8,T9#7,T10#6,T11#5,T12#4,T13#3,T14#2,T15#1>group(App<F,T1#15>,App<F,T2#14>,App<F,T3#13>,App<F,T4#12>,App<F,T5#11>,App<F,T6#10>,App<F,T7#9>,App<F,T8#8>,App<F,T9#7>,App<F,T10#6>,App<F,T11#5>,App<F,T12#4>,App<F,T13#3>,App<F,T14#2>,App<F,T15#1>)
      T15#1 extends Object declared in method <T1#15,T2#14,T3#13,T4#12,T5#11,T6#10,T7#9,T8#8,T9#7,T10#6,T11#5,T12#4,T13#3,T14#2,T15#1>group(App<F,T1#15>,App<F,T2#14>,App<F,T3#13>,App<F,T4#12>,App<F,T5#11>,App<F,T6#10>,App<F,T7#9>,App<F,T8#8>,App<F,T9#7>,App<F,T10#6>,App<F,T11#5>,App<F,T12#4>,App<F,T13#3>,App<F,T14#2>,App<F,T15#1>)
      T1#16 extends Object declared in method <T1#16,T2#15,T3#14,T4#13,T5#12,T6#11,T7#10,T8#9,T9#8,T10#7,T11#6,T12#5,T13#4,T14#3,T15#2,T16>group(App<F,T1#16>,App<F,T2#15>,App<F,T3#14>,App<F,T4#13>,App<F,T5#12>,App<F,T6#11>,App<F,T7#10>,App<F,T8#9>,App<F,T9#8>,App<F,T10#7>,App<F,T11#6>,App<F,T12#5>,App<F,T13#4>,App<F,T14#3>,App<F,T15#2>,App<F,T16>)
      T2#15 extends Object declared in method <T1#16,T2#15,T3#14,T4#13,T5#12,T6#11,T7#10,T8#9,T9#8,T10#7,T11#6,T12#5,T13#4,T14#3,T15#2,T16>group(App<F,T1#16>,App<F,T2#15>,App<F,T3#14>,App<F,T4#13>,App<F,T5#12>,App<F,T6#11>,App<F,T7#10>,App<F,T8#9>,App<F,T9#8>,App<F,T10#7>,App<F,T11#6>,App<F,T12#5>,App<F,T13#4>,App<F,T14#3>,App<F,T15#2>,App<F,T16>)
      T3#14 extends Object declared in method <T1#16,T2#15,T3#14,T4#13,T5#12,T6#11,T7#10,T8#9,T9#8,T10#7,T11#6,T12#5,T13#4,T14#3,T15#2,T16>group(App<F,T1#16>,App<F,T2#15>,App<F,T3#14>,App<F,T4#13>,App<F,T5#12>,App<F,T6#11>,App<F,T7#10>,App<F,T8#9>,App<F,T9#8>,App<F,T10#7>,App<F,T11#6>,App<F,T12#5>,App<F,T13#4>,App<F,T14#3>,App<F,T15#2>,App<F,T16>)
      T4#13 extends Object declared in method <T1#16,T2#15,T3#14,T4#13,T5#12,T6#11,T7#10,T8#9,T9#8,T10#7,T11#6,T12#5,T13#4,T14#3,T15#2,T16>group(App<F,T1#16>,App<F,T2#15>,App<F,T3#14>,App<F,T4#13>,App<F,T5#12>,App<F,T6#11>,App<F,T7#10>,App<F,T8#9>,App<F,T9#8>,App<F,T10#7>,App<F,T11#6>,App<F,T12#5>,App<F,T13#4>,App<F,T14#3>,App<F,T15#2>,App<F,T16>)
      T5#12 extends Object declared in method <T1#16,T2#15,T3#14,T4#13,T5#12,T6#11,T7#10,T8#9,T9#8,T10#7,T11#6,T12#5,T13#4,T14#3,T15#2,T16>group(App<F,T1#16>,App<F,T2#15>,App<F,T3#14>,App<F,T4#13>,App<F,T5#12>,App<F,T6#11>,App<F,T7#10>,App<F,T8#9>,App<F,T9#8>,App<F,T10#7>,App<F,T11#6>,App<F,T12#5>,App<F,T13#4>,App<F,T14#3>,App<F,T15#2>,App<F,T16>)
      T6#11 extends Object declared in method <T1#16,T2#15,T3#14,T4#13,T5#12,T6#11,T7#10,T8#9,T9#8,T10#7,T11#6,T12#5,T13#4,T14#3,T15#2,T16>group(App<F,T1#16>,App<F,T2#15>,App<F,T3#14>,App<F,T4#13>,App<F,T5#12>,App<F,T6#11>,App<F,T7#10>,App<F,T8#9>,App<F,T9#8>,App<F,T10#7>,App<F,T11#6>,App<F,T12#5>,App<F,T13#4>,App<F,T14#3>,App<F,T15#2>,App<F,T16>)
      T7#10 extends Object declared in method <T1#16,T2#15,T3#14,T4#13,T5#12,T6#11,T7#10,T8#9,T9#8,T10#7,T11#6,T12#5,T13#4,T14#3,T15#2,T16>group(App<F,T1#16>,App<F,T2#15>,App<F,T3#14>,App<F,T4#13>,App<F,T5#12>,App<F,T6#11>,App<F,T7#10>,App<F,T8#9>,App<F,T9#8>,App<F,T10#7>,App<F,T11#6>,App<F,T12#5>,App<F,T13#4>,App<F,T14#3>,App<F,T15#2>,App<F,T16>)
      T8#9 extends Object declared in method <T1#16,T2#15,T3#14,T4#13,T5#12,T6#11,T7#10,T8#9,T9#8,T10#7,T11#6,T12#5,T13#4,T14#3,T15#2,T16>group(App<F,T1#16>,App<F,T2#15>,App<F,T3#14>,App<F,T4#13>,App<F,T5#12>,App<F,T6#11>,App<F,T7#10>,App<F,T8#9>,App<F,T9#8>,App<F,T10#7>,App<F,T11#6>,App<F,T12#5>,App<F,T13#4>,App<F,T14#3>,App<F,T15#2>,App<F,T16>)
      T9#8 extends Object declared in method <T1#16,T2#15,T3#14,T4#13,T5#12,T6#11,T7#10,T8#9,T9#8,T10#7,T11#6,T12#5,T13#4,T14#3,T15#2,T16>group(App<F,T1#16>,App<F,T2#15>,App<F,T3#14>,App<F,T4#13>,App<F,T5#12>,App<F,T6#11>,App<F,T7#10>,App<F,T8#9>,App<F,T9#8>,App<F,T10#7>,App<F,T11#6>,App<F,T12#5>,App<F,T13#4>,App<F,T14#3>,App<F,T15#2>,App<F,T16>)
      T10#7 extends Object declared in method <T1#16,T2#15,T3#14,T4#13,T5#12,T6#11,T7#10,T8#9,T9#8,T10#7,T11#6,T12#5,T13#4,T14#3,T15#2,T16>group(App<F,T1#16>,App<F,T2#15>,App<F,T3#14>,App<F,T4#13>,App<F,T5#12>,App<F,T6#11>,App<F,T7#10>,App<F,T8#9>,App<F,T9#8>,App<F,T10#7>,App<F,T11#6>,App<F,T12#5>,App<F,T13#4>,App<F,T14#3>,App<F,T15#2>,App<F,T16>)
      T11#6 extends Object declared in method <T1#16,T2#15,T3#14,T4#13,T5#12,T6#11,T7#10,T8#9,T9#8,T10#7,T11#6,T12#5,T13#4,T14#3,T15#2,T16>group(App<F,T1#16>,App<F,T2#15>,App<F,T3#14>,App<F,T4#13>,App<F,T5#12>,App<F,T6#11>,App<F,T7#10>,App<F,T8#9>,App<F,T9#8>,App<F,T10#7>,App<F,T11#6>,App<F,T12#5>,App<F,T13#4>,App<F,T14#3>,App<F,T15#2>,App<F,T16>)
      T12#5 extends Object declared in method <T1#16,T2#15,T3#14,T4#13,T5#12,T6#11,T7#10,T8#9,T9#8,T10#7,T11#6,T12#5,T13#4,T14#3,T15#2,T16>group(App<F,T1#16>,App<F,T2#15>,App<F,T3#14>,App<F,T4#13>,App<F,T5#12>,App<F,T6#11>,App<F,T7#10>,App<F,T8#9>,App<F,T9#8>,App<F,T10#7>,App<F,T11#6>,App<F,T12#5>,App<F,T13#4>,App<F,T14#3>,App<F,T15#2>,App<F,T16>)
      T13#4 extends Object declared in method <T1#16,T2#15,T3#14,T4#13,T5#12,T6#11,T7#10,T8#9,T9#8,T10#7,T11#6,T12#5,T13#4,T14#3,T15#2,T16>group(App<F,T1#16>,App<F,T2#15>,App<F,T3#14>,App<F,T4#13>,App<F,T5#12>,App<F,T6#11>,App<F,T7#10>,App<F,T8#9>,App<F,T9#8>,App<F,T10#7>,App<F,T11#6>,App<F,T12#5>,App<F,T13#4>,App<F,T14#3>,App<F,T15#2>,App<F,T16>)
      T14#3 extends Object declared in method <T1#16,T2#15,T3#14,T4#13,T5#12,T6#11,T7#10,T8#9,T9#8,T10#7,T11#6,T12#5,T13#4,T14#3,T15#2,T16>group(App<F,T1#16>,App<F,T2#15>,App<F,T3#14>,App<F,T4#13>,App<F,T5#12>,App<F,T6#11>,App<F,T7#10>,App<F,T8#9>,App<F,T9#8>,App<F,T10#7>,App<F,T11#6>,App<F,T12#5>,App<F,T13#4>,App<F,T14#3>,App<F,T15#2>,App<F,T16>)
      T15#2 extends Object declared in method <T1#16,T2#15,T3#14,T4#13,T5#12,T6#11,T7#10,T8#9,T9#8,T10#7,T11#6,T12#5,T13#4,T14#3,T15#2,T16>group(App<F,T1#16>,App<F,T2#15>,App<F,T3#14>,App<F,T4#13>,App<F,T5#12>,App<F,T6#11>,App<F,T7#10>,App<F,T8#9>,App<F,T9#8>,App<F,T10#7>,App<F,T11#6>,App<F,T12#5>,App<F,T13#4>,App<F,T14#3>,App<F,T15#2>,App<F,T16>)
      T16 extends Object declared in method <T1#16,T2#15,T3#14,T4#13,T5#12,T6#11,T7#10,T8#9,T9#8,T10#7,T11#6,T12#5,T13#4,T14#3,T15#2,T16>group(App<F,T1#16>,App<F,T2#15>,App<F,T3#14>,App<F,T4#13>,App<F,T5#12>,App<F,T6#11>,App<F,T7#10>,App<F,T8#9>,App<F,T9#8>,App<F,T10#7>,App<F,T11#6>,App<F,T12#5>,App<F,T13#4>,App<F,T14#3>,App<F,T15#2>,App<F,T16>)
  /home/runner/work/TaCZ_Refabricated_Unofficial/TaCZ_Refabricated_Unofficial/src/main/java/cn/sh1rocu/tacz/industry/api/feed/EnBlocClipData.java:38: error: no suitable method found for group(RecordCodecBuilder<EnBlocClipData,Identifier>,RecordCodecBuilder<EnBlocClipData,Integer>,RecordCodecBuilder<EnBlocClipData,List<LoadedRound>>,RecordCodecBuilder<EnBlocClipData,Boolean>)
              instance -> instance.group(
                                  ^
      method Kind1.<T1#1>group(App<Mu<Object>,T1#1>) is not applicable
        (cannot infer type-variable(s) T1#1
          (actual and formal argument lists differ in length))
      method Kind1.<T1#2,T2#1>group(App<Mu<Object>,T1#2>,App<Mu<Object>,T2#1>) is not applicable
        (cannot infer type-variable(s) T1#2,T2#1
          (actual and formal argument lists differ in length))
      method Kind1.<T1#3,T2#2,T3#1>group(App<Mu<Object>,T1#3>,App<Mu<Object>,T2#2>,App<Mu<Object>,T3#1>) is not applicable
        (cannot infer type-variable(s) T1#3,T2#2,T3#1
          (actual and formal argument lists differ in length))
      method Kind1.<T1#4,T2#3,T3#2,T4#1>group(App<Mu<Object>,T1#4>,App<Mu<Object>,T2#3>,App<Mu<Object>,T3#2>,App<Mu<Object>,T4#1>) is not applicable
        (inference variable O has incompatible bounds
          equality constraints: Object
          upper bounds: Object,EnBlocClipData)
      method Kind1.<T1#5,T2#4,T3#3,T4#2,T5#1>group(App<Mu<Object>,T1#5>,App<Mu<Object>,T2#4>,App<Mu<Object>,T3#3>,App<Mu<Object>,T4#2>,App<Mu<Object>,T5#1>) is not applicable
        (cannot infer type-variable(s) T1#5,T2#4,T3#3,T4#2,T5#1
          (actual and formal argument lists differ in length))
      method Kind1.<T1#6,T2#5,T3#4,T4#3,T5#2,T6#1>group(App<Mu<Object>,T1#6>,App<Mu<Object>,T2#5>,App<Mu<Object>,T3#4>,App<Mu<Object>,T4#3>,App<Mu<Object>,T5#2>,App<Mu<Object>,T6#1>) is not applicable
        (cannot infer type-variable(s) T1#6,T2#5,T3#4,T4#3,T5#2,T6#1
          (actual and formal argument lists differ in length))
      method Kind1.<T1#7,T2#6,T3#5,T4#4,T5#3,T6#2,T7#1>group(App<Mu<Object>,T1#7>,App<Mu<Object>,T2#6>,App<Mu<Object>,T3#5>,App<Mu<Object>,T4#4>,App<Mu<Object>,T5#3>,App<Mu<Object>,T6#2>,App<Mu<Object>,T7#1>) is not applicable
        (cannot infer type-variable(s) T1#7,T2#6,T3#5,T4#4,T5#3,T6#2,T7#1
          (actual and formal argument lists differ in length))
      method Kind1.<T1#8,T2#7,T3#6,T4#5,T5#4,T6#3,T7#2,T8#1>group(App<Mu<Object>,T1#8>,App<Mu<Object>,T2#7>,App<Mu<Object>,T3#6>,App<Mu<Object>,T4#5>,App<Mu<Object>,T5#4>,App<Mu<Object>,T6#3>,App<Mu<Object>,T7#2>,App<Mu<Object>,T8#1>) is not applicable
        (cannot infer type-variable(s) T1#8,T2#7,T3#6,T4#5,T5#4,T6#3,T7#2,T8#1
          (actual and formal argument lists differ in length))
      method Kind1.<T1#9,T2#8,T3#7,T4#6,T5#5,T6#4,T7#3,T8#2,T9#1>group(App<Mu<Object>,T1#9>,App<Mu<Object>,T2#8>,App<Mu<Object>,T3#7>,App<Mu<Object>,T4#6>,App<Mu<Object>,T5#5>,App<Mu<Object>,T6#4>,App<Mu<Object>,T7#3>,App<Mu<Object>,T8#2>,App<Mu<Object>,T9#1>) is not applicable
        (cannot infer type-variable(s) T1#9,T2#8,T3#7,T4#6,T5#5,T6#4,T7#3,T8#2,T9#1
          (actual and formal argument lists differ in length))
      method Kind1.<T1#10,T2#9,T3#8,T4#7,T5#6,T6#5,T7#4,T8#3,T9#2,T10#1>group(App<Mu<Object>,T1#10>,App<Mu<Object>,T2#9>,App<Mu<Object>,T3#8>,App<Mu<Object>,T4#7>,App<Mu<Object>,T5#6>,App<Mu<Object>,T6#5>,App<Mu<Object>,T7#4>,App<Mu<Object>,T8#3>,App<Mu<Object>,T9#2>,App<Mu<Object>,T10#1>) is not applicable
        (cannot infer type-variable(s) T1#10,T2#9,T3#8,T4#7,T5#6,T6#5,T7#4,T8#3,T9#2,T10#1
          (actual and formal argument lists differ in length))
      method Kind1.<T1#11,T2#10,T3#9,T4#8,T5#7,T6#6,T7#5,T8#4,T9#3,T10#2,T11#1>group(App<Mu<Object>,T1#11>,App<Mu<Object>,T2#10>,App<Mu<Object>,T3#9>,App<Mu<Object>,T4#8>,App<Mu<Object>,T5#7>,App<Mu<Object>,T6#6>,App<Mu<Object>,T7#5>,App<Mu<Object>,T8#4>,App<Mu<Object>,T9#3>,App<Mu<Object>,T10#2>,App<Mu<Object>,T11#1>) is not applicable
        (cannot infer type-variable(s) T1#11,T2#10,T3#9,T4#8,T5#7,T6#6,T7#5,T8#4,T9#3,T10#2,T11#1
          (actual and formal argument lists differ in length))
      method Kind1.<T1#12,T2#11,T3#10,T4#9,T5#8,T6#7,T7#6,T8#5,T9#4,T10#3,T11#2,T12#1>group(App<Mu<Object>,T1#12>,App<Mu<Object>,T2#11>,App<Mu<Object>,T3#10>,App<Mu<Object>,T4#9>,App<Mu<Object>,T5#8>,App<Mu<Object>,T6#7>,App<Mu<Object>,T7#6>,App<Mu<Object>,T8#5>,App<Mu<Object>,T9#4>,App<Mu<Object>,T10#3>,App<Mu<Object>,T11#2>,App<Mu<Object>,T12#1>) is not applicable
        (cannot infer type-variable(s) T1#12,T2#11,T3#10,T4#9,T5#8,T6#7,T7#6,T8#5,T9#4,T10#3,T11#2,T12#1
          (actual and formal argument lists differ in length))
      method Kind1.<T1#13,T2#12,T3#11,T4#10,T5#9,T6#8,T7#7,T8#6,T9#5,T10#4,T11#3,T12#2,T13#1>group(App<Mu<Object>,T1#13>,App<Mu<Object>,T2#12>,App<Mu<Object>,T3#11>,App<Mu<Object>,T4#10>,App<Mu<Object>,T5#9>,App<Mu<Object>,T6#8>,App<Mu<Object>,T7#7>,App<Mu<Object>,T8#6>,App<Mu<Object>,T9#5>,App<Mu<Object>,T10#4>,App<Mu<Object>,T11#3>,App<Mu<Object>,T12#2>,App<Mu<Object>,T13#1>) is not applicable
        (cannot infer type-variable(s) T1#13,T2#12,T3#11,T4#10,T5#9,T6#8,T7#7,T8#6,T9#5,T10#4,T11#3,T12#2,T13#1
          (actual and formal argument lists differ in length))
      method Kind1.<T1#14,T2#13,T3#12,T4#11,T5#10,T6#9,T7#8,T8#7,T9#6,T10#5,T11#4,T12#3,T13#2,T14#1>group(App<Mu<Object>,T1#14>,App<Mu<Object>,T2#13>,App<Mu<Object>,T3#12>,App<Mu<Object>,T4#11>,App<Mu<Object>,T5#10>,App<Mu<Object>,T6#9>,App<Mu<Object>,T7#8>,App<Mu<Object>,T8#7>,App<Mu<Object>,T9#6>,App<Mu<Object>,T10#5>,App<Mu<Object>,T11#4>,App<Mu<Object>,T12#3>,App<Mu<Object>,T13#2>,App<Mu<Object>,T14#1>) is not applicable
        (cannot infer type-variable(s) T1#14,T2#13,T3#12,T4#11,T5#10,T6#9,T7#8,T8#7,T9#6,T10#5,T11#4,T12#3,T13#2,T14#1
          (actual and formal argument lists differ in length))
      method Kind1.<T1#15,T2#14,T3#13,T4#12,T5#11,T6#10,T7#9,T8#8,T9#7,T10#6,T11#5,T12#4,T13#3,T14#2,T15#1>group(App<Mu<Object>,T1#15>,App<Mu<Object>,T2#14>,App<Mu<Object>,T3#13>,App<Mu<Object>,T4#12>,App<Mu<Object>,T5#11>,App<Mu<Object>,T6#10>,App<Mu<Object>,T7#9>,App<Mu<Object>,T8#8>,App<Mu<Object>,T9#7>,App<Mu<Object>,T10#6>,App<Mu<Object>,T11#5>,App<Mu<Object>,T12#4>,App<Mu<Object>,T13#3>,App<Mu<Object>,T14#2>,App<Mu<Object>,T15#1>) is not applicable
        (cannot infer type-variable(s) T1#15,T2#14,T3#13,T4#12,T5#11,T6#10,T7#9,T8#8,T9#7,T10#6,T11#5,T12#4,T13#3,T14#2,T15#1
          (actual and formal argument lists differ in length))
      method Kind1.<T1#16,T2#15,T3#14,T4#13,T5#12,T6#11,T7#10,T8#9,T9#8,T10#7,T11#6,T12#5,T13#4,T14#3,T15#2,T16>group(App<Mu<Object>,T1#16>,App<Mu<Object>,T2#15>,App<Mu<Object>,T3#14>,App<Mu<Object>,T4#13>,App<Mu<Object>,T5#12>,App<Mu<Object>,T6#11>,App<Mu<Object>,T7#10>,App<Mu<Object>,T8#9>,App<Mu<Object>,T9#8>,App<Mu<Object>,T10#7>,App<Mu<Object>,T11#6>,App<Mu<Object>,T12#5>,App<Mu<Object>,T13#4>,App<Mu<Object>,T14#3>,App<Mu<Object>,T15#2>,App<Mu<Object>,T16>) is not applicable
        (cannot infer type-variable(s) T1#16,T2#15,T3#14,T4#13,T5#12,T6#11,T7#10,T8#9,T9#8,T10#7,T11#6,T12#5,T13#4,T14#3,T15#2,T16
          (actual and formal argument lists differ in length))
    where T1#1,F,T1#2,T2#1,T1#3,T2#2,T3#1,T1#4,T2#3,T3#2,T4#1,O,A,T1#5,T2#4,T3#3,T4#2,T5#1,T1#6,T2#5,T3#4,T4#3,T5#2,T6#1,T1#7,T2#6,T3#5,T4#4,T5#3,T6#2,T7#1,T1#8,T2#7,T3#6,T4#5,T5#4,T6#3,T7#2,T8#1,T1#9,T2#8,T3#7,T4#6,T5#5,T6#4,T7#3,T8#2,T9#1,T1#10,T2#9,T3#8,T4#7,T5#6,T6#5,T7#4,T8#3,T9#2,T10#1,T1#11,T2#10,T3#9,T4#8,T5#7,T6#6,T7#5,T8#4,T9#3,T10#2,T11#1,T1#12,T2#11,T3#10,T4#9,T5#8,T6#7,T7#6,T8#5,T9#4,T10#3,T11#2,T12#1,T1#13,T2#12,T3#11,T4#10,T5#9,T6#8,T7#7,T8#6,T9#5,T10#4,T11#3,T12#2,T13#1,T1#14,T2#13,T3#12,T4#11,T5#10,T6#9,T7#8,T8#7,T9#6,T10#5,T11#4,T12#3,T13#2,T14#1,T1#15,T2#14,T3#13,T4#12,T5#11,T6#10,T7#9,T8#8,T9#7,T10#6,T11#5,T12#4,T13#3,T14#2,T15#1,T1#16,T2#15,T3#14,T4#13,T5#12,T6#11,T7#10,T8#9,T9#8,T10#7,T11#6,T12#5,T13#4,T14#3,T15#2,T16 are type-variables:
      T1#1 extends Object declared in method <T1#1>group(App<F,T1#1>)
      F extends K1 declared in interface Kind1
      T1#2 extends Object declared in method <T1#2,T2#1>group(App<F,T1#2>,App<F,T2#1>)
      T2#1 extends Object declared in method <T1#2,T2#1>group(App<F,T1#2>,App<F,T2#1>)
      T1#3 extends Object declared in method <T1#3,T2#2,T3#1>group(App<F,T1#3>,App<F,T2#2>,App<F,T3#1>)
      T2#2 extends Object declared in method <T1#3,T2#2,T3#1>group(App<F,T1#3>,App<F,T2#2>,App<F,T3#1>)
      T3#1 extends Object declared in method <T1#3,T2#2,T3#1>group(App<F,T1#3>,App<F,T2#2>,App<F,T3#1>)
      T1#4 extends Object declared in method <T1#4,T2#3,T3#2,T4#1>group(App<F,T1#4>,App<F,T2#3>,App<F,T3#2>,App<F,T4#1>)
      T2#3 extends Object declared in method <T1#4,T2#3,T3#2,T4#1>group(App<F,T1#4>,App<F,T2#3>,App<F,T3#2>,App<F,T4#1>)
      T3#2 extends Object declared in method <T1#4,T2#3,T3#2,T4#1>group(App<F,T1#4>,App<F,T2#3>,App<F,T3#2>,App<F,T4#1>)
      T4#1 extends Object declared in method <T1#4,T2#3,T3#2,T4#1>group(App<F,T1#4>,App<F,T2#3>,App<F,T3#2>,App<F,T4#1>)
      O extends Object declared in method <O>forGetter(Function<O,A>)
      A extends Object declared in class MapCodec
      T1#5 extends Object declared in method <T1#5,T2#4,T3#3,T4#2,T5#1>group(App<F,T1#5>,App<F,T2#4>,App<F,T3#3>,App<F,T4#2>,App<F,T5#1>)
      T2#4 extends Object declared in method <T1#5,T2#4,T3#3,T4#2,T5#1>group(App<F,T1#5>,App<F,T2#4>,App<F,T3#3>,App<F,T4#2>,App<F,T5#1>)
      T3#3 extends Object declared in method <T1#5,T2#4,T3#3,T4#2,T5#1>group(App<F,T1#5>,App<F,T2#4>,App<F,T3#3>,App<F,T4#2>,App<F,T5#1>)
      T4#2 extends Object declared in method <T1#5,T2#4,T3#3,T4#2,T5#1>group(App<F,T1#5>,App<F,T2#4>,App<F,T3#3>,App<F,T4#2>,App<F,T5#1>)
      T5#1 extends Object declared in method <T1#5,T2#4,T3#3,T4#2,T5#1>group(App<F,T1#5>,App<F,T2#4>,App<F,T3#3>,App<F,T4#2>,App<F,T5#1>)
      T1#6 extends Object declared in method <T1#6,T2#5,T3#4,T4#3,T5#2,T6#1>group(App<F,T1#6>,App<F,T2#5>,App<F,T3#4>,App<F,T4#3>,App<F,T5#2>,App<F,T6#1>)
      T2#5 extends Object declared in method <T1#6,T2#5,T3#4,T4#3,T5#2,T6#1>group(App<F,T1#6>,App<F,T2#5>,App<F,T3#4>,App<F,T4#3>,App<F,T5#2>,App<F,T6#1>)
      T3#4 extends Object declared in method <T1#6,T2#5,T3#4,T4#3,T5#2,T6#1>group(App<F,T1#6>,App<F,T2#5>,App<F,T3#4>,App<F,T4#3>,App<F,T5#2>,App<F,T6#1>)
      T4#3 extends Object declared in method <T1#6,T2#5,T3#4,T4#3,T5#2,T6#1>group(App<F,T1#6>,App<F,T2#5>,App<F,T3#4>,App<F,T4#3>,App<F,T5#2>,App<F,T6#1>)
      T5#2 extends Object declared in method <T1#6,T2#5,T3#4,T4#3,T5#2,T6#1>group(App<F,T1#6>,App<F,T2#5>,App<F,T3#4>,App<F,T4#3>,App<F,T5#2>,App<F,T6#1>)
      T6#1 extends Object declared in method <T1#6,T2#5,T3#4,T4#3,T5#2,T6#1>group(App<F,T1#6>,App<F,T2#5>,App<F,T3#4>,App<F,T4#3>,App<F,T5#2>,App<F,T6#1>)
      T1#7 extends Object declared in method <T1#7,T2#6,T3#5,T4#4,T5#3,T6#2,T7#1>group(App<F,T1#7>,App<F,T2#6>,App<F,T3#5>,App<F,T4#4>,App<F,T5#3>,App<F,T6#2>,App<F,T7#1>)
      T2#6 extends Object declared in method <T1#7,T2#6,T3#5,T4#4,T5#3,T6#2,T7#1>group(App<F,T1#7>,App<F,T2#6>,App<F,T3#5>,App<F,T4#4>,App<F,T5#3>,App<F,T6#2>,App<F,T7#1>)
      T3#5 extends Object declared in method <T1#7,T2#6,T3#5,T4#4,T5#3,T6#2,T7#1>group(App<F,T1#7>,App<F,T2#6>,App<F,T3#5>,App<F,T4#4>,App<F,T5#3>,App<F,T6#2>,App<F,T7#1>)
      T4#4 extends Object declared in method <T1#7,T2#6,T3#5,T4#4,T5#3,T6#2,T7#1>group(App<F,T1#7>,App<F,T2#6>,App<F,T3#5>,App<F,T4#4>,App<F,T5#3>,App<F,T6#2>,App<F,T7#1>)
      T5#3 extends Object declared in method <T1#7,T2#6,T3#5,T4#4,T5#3,T6#2,T7#1>group(App<F,T1#7>,App<F,T2#6>,App<F,T3#5>,App<F,T4#4>,App<F,T5#3>,App<F,T6#2>,App<F,T7#1>)
      T6#2 extends Object declared in method <T1#7,T2#6,T3#5,T4#4,T5#3,T6#2,T7#1>group(App<F,T1#7>,App<F,T2#6>,App<F,T3#5>,App<F,T4#4>,App<F,T5#3>,App<F,T6#2>,App<F,T7#1>)
      T7#1 extends Object declared in method <T1#7,T2#6,T3#5,T4#4,T5#3,T6#2,T7#1>group(App<F,T1#7>,App<F,T2#6>,App<F,T3#5>,App<F,T4#4>,App<F,T5#3>,App<F,T6#2>,App<F,T7#1>)
      T1#8 extends Object declared in method <T1#8,T2#7,T3#6,T4#5,T5#4,T6#3,T7#2,T8#1>group(App<F,T1#8>,App<F,T2#7>,App<F,T3#6>,App<F,T4#5>,App<F,T5#4>,App<F,T6#3>,App<F,T7#2>,App<F,T8#1>)
      T2#7 extends Object declared in method <T1#8,T2#7,T3#6,T4#5,T5#4,T6#3,T7#2,T8#1>group(App<F,T1#8>,App<F,T2#7>,App<F,T3#6>,App<F,T4#5>,App<F,T5#4>,App<F,T6#3>,App<F,T7#2>,App<F,T8#1>)
      T3#6 extends Object declared in method <T1#8,T2#7,T3#6,T4#5,T5#4,T6#3,T7#2,T8#1>group(App<F,T1#8>,App<F,T2#7>,App<F,T3#6>,App<F,T4#5>,App<F,T5#4>,App<F,T6#3>,App<F,T7#2>,App<F,T8#1>)
      T4#5 extends Object declared in method <T1#8,T2#7,T3#6,T4#5,T5#4,T6#3,T7#2,T8#1>group(App<F,T1#8>,App<F,T2#7>,App<F,T3#6>,App<F,T4#5>,App<F,T5#4>,App<F,T6#3>,App<F,T7#2>,App<F,T8#1>)
      T5#4 extends Object declared in method <T1#8,T2#7,T3#6,T4#5,T5#4,T6#3,T7#2,T8#1>group(App<F,T1#8>,App<F,T2#7>,App<F,T3#6>,App<F,T4#5>,App<F,T5#4>,App<F,T6#3>,App<F,T7#2>,App<F,T8#1>)
      T6#3 extends Object declared in method <T1#8,T2#7,T3#6,T4#5,T5#4,T6#3,T7#2,T8#1>group(App<F,T1#8>,App<F,T2#7>,App<F,T3#6>,App<F,T4#5>,App<F,T5#4>,App<F,T6#3>,App<F,T7#2>,App<F,T8#1>)
      T7#2 extends Object declared in method <T1#8,T2#7,T3#6,T4#5,T5#4,T6#3,T7#2,T8#1>group(App<F,T1#8>,App<F,T2#7>,App<F,T3#6>,App<F,T4#5>,App<F,T5#4>,App<F,T6#3>,App<F,T7#2>,App<F,T8#1>)
      T8#1 extends Object declared in method <T1#8,T2#7,T3#6,T4#5,T5#4,T6#3,T7#2,T8#1>group(App<F,T1#8>,App<F,T2#7>,App<F,T3#6>,App<F,T4#5>,App<F,T5#4>,App<F,T6#3>,App<F,T7#2>,App<F,T8#1>)
      T1#9 extends Object declared in method <T1#9,T2#8,T3#7,T4#6,T5#5,T6#4,T7#3,T8#2,T9#1>group(App<F,T1#9>,App<F,T2#8>,App<F,T3#7>,App<F,T4#6>,App<F,T5#5>,App<F,T6#4>,App<F,T7#3>,App<F,T8#2>,App<F,T9#1>)
      T2#8 extends Object declared in method <T1#9,T2#8,T3#7,T4#6,T5#5,T6#4,T7#3,T8#2,T9#1>group(App<F,T1#9>,App<F,T2#8>,App<F,T3#7>,App<F,T4#6>,App<F,T5#5>,App<F,T6#4>,App<F,T7#3>,App<F,T8#2>,App<F,T9#1>)
      T3#7 extends Object declared in method <T1#9,T2#8,T3#7,T4#6,T5#5,T6#4,T7#3,T8#2,T9#1>group(App<F,T1#9>,App<F,T2#8>,App<F,T3#7>,App<F,T4#6>,App<F,T5#5>,App<F,T6#4>,App<F,T7#3>,App<F,T8#2>,App<F,T9#1>)
      T4#6 extends Object declared in method <T1#9,T2#8,T3#7,T4#6,T5#5,T6#4,T7#3,T8#2,T9#1>group(App<F,T1#9>,App<F,T2#8>,App<F,T3#7>,App<F,T4#6>,App<F,T5#5>,App<F,T6#4>,App<F,T7#3>,App<F,T8#2>,App<F,T9#1>)
      T5#5 extends Object declared in method <T1#9,T2#8,T3#7,T4#6,T5#5,T6#4,T7#3,T8#2,T9#1>group(App<F,T1#9>,App<F,T2#8>,App<F,T3#7>,App<F,T4#6>,App<F,T5#5>,App<F,T6#4>,App<F,T7#3>,App<F,T8#2>,App<F,T9#1>)
      T6#4 extends Object declared in method <T1#9,T2#8,T3#7,T4#6,T5#5,T6#4,T7#3,T8#2,T9#1>group(App<F,T1#9>,App<F,T2#8>,App<F,T3#7>,App<F,T4#6>,App<F,T5#5>,App<F,T6#4>,App<F,T7#3>,App<F,T8#2>,App<F,T9#1>)
      T7#3 extends Object declared in method <T1#9,T2#8,T3#7,T4#6,T5#5,T6#4,T7#3,T8#2,T9#1>group(App<F,T1#9>,App<F,T2#8>,App<F,T3#7>,App<F,T4#6>,App<F,T5#5>,App<F,T6#4>,App<F,T7#3>,App<F,T8#2>,App<F,T9#1>)
      T8#2 extends Object declared in method <T1#9,T2#8,T3#7,T4#6,T5#5,T6#4,T7#3,T8#2,T9#1>group(App<F,T1#9>,App<F,T2#8>,App<F,T3#7>,App<F,T4#6>,App<F,T5#5>,App<F,T6#4>,App<F,T7#3>,App<F,T8#2>,App<F,T9#1>)
      T9#1 extends Object declared in method <T1#9,T2#8,T3#7,T4#6,T5#5,T6#4,T7#3,T8#2,T9#1>group(App<F,T1#9>,App<F,T2#8>,App<F,T3#7>,App<F,T4#6>,App<F,T5#5>,App<F,T6#4>,App<F,T7#3>,App<F,T8#2>,App<F,T9#1>)
      T1#10 extends Object declared in method <T1#10,T2#9,T3#8,T4#7,T5#6,T6#5,T7#4,T8#3,T9#2,T10#1>group(App<F,T1#10>,App<F,T2#9>,App<F,T3#8>,App<F,T4#7>,App<F,T5#6>,App<F,T6#5>,App<F,T7#4>,App<F,T8#3>,App<F,T9#2>,App<F,T10#1>)
      T2#9 extends Object declared in method <T1#10,T2#9,T3#8,T4#7,T5#6,T6#5,T7#4,T8#3,T9#2,T10#1>group(App<F,T1#10>,App<F,T2#9>,App<F,T3#8>,App<F,T4#7>,App<F,T5#6>,App<F,T6#5>,App<F,T7#4>,App<F,T8#3>,App<F,T9#2>,App<F,T10#1>)
      T3#8 extends Object declared in method <T1#10,T2#9,T3#8,T4#7,T5#6,T6#5,T7#4,T8#3,T9#2,T10#1>group(App<F,T1#10>,App<F,T2#9>,App<F,T3#8>,App<F,T4#7>,App<F,T5#6>,App<F,T6#5>,App<F,T7#4>,App<F,T8#3>,App<F,T9#2>,App<F,T10#1>)
      T4#7 extends Object declared in method <T1#10,T2#9,T3#8,T4#7,T5#6,T6#5,T7#4,T8#3,T9#2,T10#1>group(App<F,T1#10>,App<F,T2#9>,App<F,T3#8>,App<F,T4#7>,App<F,T5#6>,App<F,T6#5>,App<F,T7#4>,App<F,T8#3>,App<F,T9#2>,App<F,T10#1>)
      T5#6 extends Object declared in method <T1#10,T2#9,T3#8,T4#7,T5#6,T6#5,T7#4,T8#3,T9#2,T10#1>group(App<F,T1#10>,App<F,T2#9>,App<F,T3#8>,App<F,T4#7>,App<F,T5#6>,App<F,T6#5>,App<F,T7#4>,App<F,T8#3>,App<F,T9#2>,App<F,T10#1>)
      T6#5 extends Object declared in method <T1#10,T2#9,T3#8,T4#7,T5#6,T6#5,T7#4,T8#3,T9#2,T10#1>group(App<F,T1#10>,App<F,T2#9>,App<F,T3#8>,App<F,T4#7>,App<F,T5#6>,App<F,T6#5>,App<F,T7#4>,App<F,T8#3>,App<F,T9#2>,App<F,T10#1>)
      T7#4 extends Object declared in method <T1#10,T2#9,T3#8,T4#7,T5#6,T6#5,T7#4,T8#3,T9#2,T10#1>group(App<F,T1#10>,App<F,T2#9>,App<F,T3#8>,App<F,T4#7>,App<F,T5#6>,App<F,T6#5>,App<F,T7#4>,App<F,T8#3>,App<F,T9#2>,App<F,T10#1>)
      T8#3 extends Object declared in method <T1#10,T2#9,T3#8,T4#7,T5#6,T6#5,T7#4,T8#3,T9#2,T10#1>group(App<F,T1#10>,App<F,T2#9>,App<F,T3#8>,App<F,T4#7>,App<F,T5#6>,App<F,T6#5>,App<F,T7#4>,App<F,T8#3>,App<F,T9#2>,App<F,T10#1>)
      T9#2 extends Object declared in method <T1#10,T2#9,T3#8,T4#7,T5#6,T6#5,T7#4,T8#3,T9#2,T10#1>group(App<F,T1#10>,App<F,T2#9>,App<F,T3#8>,App<F,T4#7>,App<F,T5#6>,App<F,T6#5>,App<F,T7#4>,App<F,T8#3>,App<F,T9#2>,App<F,T10#1>)
      T10#1 extends Object declared in method <T1#10,T2#9,T3#8,T4#7,T5#6,T6#5,T7#4,T8#3,T9#2,T10#1>group(App<F,T1#10>,App<F,T2#9>,App<F,T3#8>,App<F,T4#7>,App<F,T5#6>,App<F,T6#5>,App<F,T7#4>,App<F,T8#3>,App<F,T9#2>,App<F,T10#1>)
      T1#11 extends Object declared in method <T1#11,T2#10,T3#9,T4#8,T5#7,T6#6,T7#5,T8#4,T9#3,T10#2,T11#1>group(App<F,T1#11>,App<F,T2#10>,App<F,T3#9>,App<F,T4#8>,App<F,T5#7>,App<F,T6#6>,App<F,T7#5>,App<F,T8#4>,App<F,T9#3>,App<F,T10#2>,App<F,T11#1>)
      T2#10 extends Object declared in method <T1#11,T2#10,T3#9,T4#8,T5#7,T6#6,T7#5,T8#4,T9#3,T10#2,T11#1>group(App<F,T1#11>,App<F,T2#10>,App<F,T3#9>,App<F,T4#8>,App<F,T5#7>,App<F,T6#6>,App<F,T7#5>,App<F,T8#4>,App<F,T9#3>,App<F,T10#2>,App<F,T11#1>)
      T3#9 extends Object declared in method <T1#11,T2#10,T3#9,T4#8,T5#7,T6#6,T7#5,T8#4,T9#3,T10#2,T11#1>group(App<F,T1#11>,App<F,T2#10>,App<F,T3#9>,App<F,T4#8>,App<F,T5#7>,App<F,T6#6>,App<F,T7#5>,App<F,T8#4>,App<F,T9#3>,App<F,T10#2>,App<F,T11#1>)
      T4#8 extends Object declared in method <T1#11,T2#10,T3#9,T4#8,T5#7,T6#6,T7#5,T8#4,T9#3,T10#2,T11#1>group(App<F,T1#11>,App<F,T2#10>,App<F,T3#9>,App<F,T4#8>,App<F,T5#7>,App<F,T6#6>,App<F,T7#5>,App<F,T8#4>,App<F,T9#3>,App<F,T10#2>,App<F,T11#1>)
      T5#7 extends Object declared in method <T1#11,T2#10,T3#9,T4#8,T5#7,T6#6,T7#5,T8#4,T9#3,T10#2,T11#1>group(App<F,T1#11>,App<F,T2#10>,App<F,T3#9>,App<F,T4#8>,App<F,T5#7>,App<F,T6#6>,App<F,T7#5>,App<F,T8#4>,App<F,T9#3>,App<F,T10#2>,App<F,T11#1>)
      T6#6 extends Object declared in method <T1#11,T2#10,T3#9,T4#8,T5#7,T6#6,T7#5,T8#4,T9#3,T10#2,T11#1>group(App<F,T1#11>,App<F,T2#10>,App<F,T3#9>,App<F,T4#8>,App<F,T5#7>,App<F,T6#6>,App<F,T7#5>,App<F,T8#4>,App<F,T9#3>,App<F,T10#2>,App<F,T11#1>)
      T7#5 extends Object declared in method <T1#11,T2#10,T3#9,T4#8,T5#7,T6#6,T7#5,T8#4,T9#3,T10#2,T11#1>group(App<F,T1#11>,App<F,T2#10>,App<F,T3#9>,App<F,T4#8>,App<F,T5#7>,App<F,T6#6>,App<F,T7#5>,App<F,T8#4>,App<F,T9#3>,App<F,T10#2>,App<F,T11#1>)
      T8#4 extends Object declared in method <T1#11,T2#10,T3#9,T4#8,T5#7,T6#6,T7#5,T8#4,T9#3,T10#2,T11#1>group(App<F,T1#11>,App<F,T2#10>,App<F,T3#9>,App<F,T4#8>,App<F,T5#7>,App<F,T6#6>,App<F,T7#5>,App<F,T8#4>,App<F,T9#3>,App<F,T10#2>,App<F,T11#1>)
      T9#3 extends Object declared in method <T1#11,T2#10,T3#9,T4#8,T5#7,T6#6,T7#5,T8#4,T9#3,T10#2,T11#1>group(App<F,T1#11>,App<F,T2#10>,App<F,T3#9>,App<F,T4#8>,App<F,T5#7>,App<F,T6#6>,App<F,T7#5>,App<F,T8#4>,App<F,T9#3>,App<F,T10#2>,App<F,T11#1>)
      T10#2 extends Object declared in method <T1#11,T2#10,T3#9,T4#8,T5#7,T6#6,T7#5,T8#4,T9#3,T10#2,T11#1>group(App<F,T1#11>,App<F,T2#10>,App<F,T3#9>,App<F,T4#8>,App<F,T5#7>,App<F,T6#6>,App<F,T7#5>,App<F,T8#4>,App<F,T9#3>,App<F,T10#2>,App<F,T11#1>)
      T11#1 extends Object declared in method <T1#11,T2#10,T3#9,T4#8,T5#7,T6#6,T7#5,T8#4,T9#3,T10#2,T11#1>group(App<F,T1#11>,App<F,T2#10>,App<F,T3#9>,App<F,T4#8>,App<F,T5#7>,App<F,T6#6>,App<F,T7#5>,App<F,T8#4>,App<F,T9#3>,App<F,T10#2>,App<F,T11#1>)
      T1#12 extends Object declared in method <T1#12,T2#11,T3#10,T4#9,T5#8,T6#7,T7#6,T8#5,T9#4,T10#3,T11#2,T12#1>group(App<F,T1#12>,App<F,T2#11>,App<F,T3#10>,App<F,T4#9>,App<F,T5#8>,App<F,T6#7>,App<F,T7#6>,App<F,T8#5>,App<F,T9#4>,App<F,T10#3>,App<F,T11#2>,App<F,T12#1>)
      T2#11 extends Object declared in method <T1#12,T2#11,T3#10,T4#9,T5#8,T6#7,T7#6,T8#5,T9#4,T10#3,T11#2,T12#1>group(App<F,T1#12>,App<F,T2#11>,App<F,T3#10>,App<F,T4#9>,App<F,T5#8>,App<F,T6#7>,App<F,T7#6>,App<F,T8#5>,App<F,T9#4>,App<F,T10#3>,App<F,T11#2>,App<F,T12#1>)
      T3#10 extends Object declared in method <T1#12,T2#11,T3#10,T4#9,T5#8,T6#7,T7#6,T8#5,T9#4,T10#3,T11#2,T12#1>group(App<F,T1#12>,App<F,T2#11>,App<F,T3#10>,App<F,T4#9>,App<F,T5#8>,App<F,T6#7>,App<F,T7#6>,App<F,T8#5>,App<F,T9#4>,App<F,T10#3>,App<F,T11#2>,App<F,T12#1>)
      T4#9 extends Object declared in method <T1#12,T2#11,T3#10,T4#9,T5#8,T6#7,T7#6,T8#5,T9#4,T10#3,T11#2,T12#1>group(App<F,T1#12>,App<F,T2#11>,App<F,T3#10>,App<F,T4#9>,App<F,T5#8>,App<F,T6#7>,App<F,T7#6>,App<F,T8#5>,App<F,T9#4>,App<F,T10#3>,App<F,T11#2>,App<F,T12#1>)
      T5#8 extends Object declared in method <T1#12,T2#11,T3#10,T4#9,T5#8,T6#7,T7#6,T8#5,T9#4,T10#3,T11#2,T12#1>group(App<F,T1#12>,App<F,T2#11>,App<F,T3#10>,App<F,T4#9>,App<F,T5#8>,App<F,T6#7>,App<F,T7#6>,App<F,T8#5>,App<F,T9#4>,App<F,T10#3>,App<F,T11#2>,App<F,T12#1>)
      T6#7 extends Object declared in method <T1#12,T2#11,T3#10,T4#9,T5#8,T6#7,T7#6,T8#5,T9#4,T10#3,T11#2,T12#1>group(App<F,T1#12>,App<F,T2#11>,App<F,T3#10>,App<F,T4#9>,App<F,T5#8>,App<F,T6#7>,App<F,T7#6>,App<F,T8#5>,App<F,T9#4>,App<F,T10#3>,App<F,T11#2>,App<F,T12#1>)
      T7#6 extends Object declared in method <T1#12,T2#11,T3#10,T4#9,T5#8,T6#7,T7#6,T8#5,T9#4,T10#3,T11#2,T12#1>group(App<F,T1#12>,App<F,T2#11>,App<F,T3#10>,App<F,T4#9>,App<F,T5#8>,App<F,T6#7>,App<F,T7#6>,App<F,T8#5>,App<F,T9#4>,App<F,T10#3>,App<F,T11#2>,App<F,T12#1>)
      T8#5 extends Object declared in method <T1#12,T2#11,T3#10,T4#9,T5#8,T6#7,T7#6,T8#5,T9#4,T10#3,T11#2,T12#1>group(App<F,T1#12>,App<F,T2#11>,App<F,T3#10>,App<F,T4#9>,App<F,T5#8>,App<F,T6#7>,App<F,T7#6>,App<F,T8#5>,App<F,T9#4>,App<F,T10#3>,App<F,T11#2>,App<F,T12#1>)
      T9#4 extends Object declared in method <T1#12,T2#11,T3#10,T4#9,T5#8,T6#7,T7#6,T8#5,T9#4,T10#3,T11#2,T12#1>group(App<F,T1#12>,App<F,T2#11>,App<F,T3#10>,App<F,T4#9>,App<F,T5#8>,App<F,T6#7>,App<F,T7#6>,App<F,T8#5>,App<F,T9#4>,App<F,T10#3>,App<F,T11#2>,App<F,T12#1>)
      T10#3 extends Object declared in method <T1#12,T2#11,T3#10,T4#9,T5#8,T6#7,T7#6,T8#5,T9#4,T10#3,T11#2,T12#1>group(App<F,T1#12>,App<F,T2#11>,App<F,T3#10>,App<F,T4#9>,App<F,T5#8>,App<F,T6#7>,App<F,T7#6>,App<F,T8#5>,App<F,T9#4>,App<F,T10#3>,App<F,T11#2>,App<F,T12#1>)
      T11#2 extends Object declared in method <T1#12,T2#11,T3#10,T4#9,T5#8,T6#7,T7#6,T8#5,T9#4,T10#3,T11#2,T12#1>group(App<F,T1#12>,App<F,T2#11>,App<F,T3#10>,App<F,T4#9>,App<F,T5#8>,App<F,T6#7>,App<F,T7#6>,App<F,T8#5>,App<F,T9#4>,App<F,T10#3>,App<F,T11#2>,App<F,T12#1>)
      T12#1 extends Object declared in method <T1#12,T2#11,T3#10,T4#9,T5#8,T6#7,T7#6,T8#5,T9#4,T10#3,T11#2,T12#1>group(App<F,T1#12>,App<F,T2#11>,App<F,T3#10>,App<F,T4#9>,App<F,T5#8>,App<F,T6#7>,App<F,T7#6>,App<F,T8#5>,App<F,T9#4>,App<F,T10#3>,App<F,T11#2>,App<F,T12#1>)
      T1#13 extends Object declared in method <T1#13,T2#12,T3#11,T4#10,T5#9,T6#8,T7#7,T8#6,T9#5,T10#4,T11#3,T12#2,T13#1>group(App<F,T1#13>,App<F,T2#12>,App<F,T3#11>,App<F,T4#10>,App<F,T5#9>,App<F,T6#8>,App<F,T7#7>,App<F,T8#6>,App<F,T9#5>,App<F,T10#4>,App<F,T11#3>,App<F,T12#2>,App<F,T13#1>)
      T2#12 extends Object declared in method <T1#13,T2#12,T3#11,T4#10,T5#9,T6#8,T7#7,T8#6,T9#5,T10#4,T11#3,T12#2,T13#1>group(App<F,T1#13>,App<F,T2#12>,App<F,T3#11>,App<F,T4#10>,App<F,T5#9>,App<F,T6#8>,App<F,T7#7>,App<F,T8#6>,App<F,T9#5>,App<F,T10#4>,App<F,T11#3>,App<F,T12#2>,App<F,T13#1>)
      T3#11 extends Object declared in method <T1#13,T2#12,T3#11,T4#10,T5#9,T6#8,T7#7,T8#6,T9#5,T10#4,T11#3,T12#2,T13#1>group(App<F,T1#13>,App<F,T2#12>,App<F,T3#11>,App<F,T4#10>,App<F,T5#9>,App<F,T6#8>,App<F,T7#7>,App<F,T8#6>,App<F,T9#5>,App<F,T10#4>,App<F,T11#3>,App<F,T12#2>,App<F,T13#1>)
      T4#10 extends Object declared in method <T1#13,T2#12,T3#11,T4#10,T5#9,T6#8,T7#7,T8#6,T9#5,T10#4,T11#3,T12#2,T13#1>group(App<F,T1#13>,App<F,T2#12>,App<F,T3#11>,App<F,T4#10>,App<F,T5#9>,App<F,T6#8>,App<F,T7#7>,App<F,T8#6>,App<F,T9#5>,App<F,T10#4>,App<F,T11#3>,App<F,T12#2>,App<F,T13#1>)
      T5#9 extends Object declared in method <T1#13,T2#12,T3#11,T4#10,T5#9,T6#8,T7#7,T8#6,T9#5,T10#4,T11#3,T12#2,T13#1>group(App<F,T1#13>,App<F,T2#12>,App<F,T3#11>,App<F,T4#10>,App<F,T5#9>,App<F,T6#8>,App<F,T7#7>,App<F,T8#6>,App<F,T9#5>,App<F,T10#4>,App<F,T11#3>,App<F,T12#2>,App<F,T13#1>)
      T6#8 extends Object declared in method <T1#13,T2#12,T3#11,T4#10,T5#9,T6#8,T7#7,T8#6,T9#5,T10#4,T11#3,T12#2,T13#1>group(App<F,T1#13>,App<F,T2#12>,App<F,T3#11>,App<F,T4#10>,App<F,T5#9>,App<F,T6#8>,App<F,T7#7>,App<F,T8#6>,App<F,T9#5>,App<F,T10#4>,App<F,T11#3>,App<F,T12#2>,App<F,T13#1>)
      T7#7 extends Object declared in method <T1#13,T2#12,T3#11,T4#10,T5#9,T6#8,T7#7,T8#6,T9#5,T10#4,T11#3,T12#2,T13#1>group(App<F,T1#13>,App<F,T2#12>,App<F,T3#11>,App<F,T4#10>,App<F,T5#9>,App<F,T6#8>,App<F,T7#7>,App<F,T8#6>,App<F,T9#5>,App<F,T10#4>,App<F,T11#3>,App<F,T12#2>,App<F,T13#1>)
      T8#6 extends Object declared in method <T1#13,T2#12,T3#11,T4#10,T5#9,T6#8,T7#7,T8#6,T9#5,T10#4,T11#3,T12#2,T13#1>group(App<F,T1#13>,App<F,T2#12>,App<F,T3#11>,App<F,T4#10>,App<F,T5#9>,App<F,T6#8>,App<F,T7#7>,App<F,T8#6>,App<F,T9#5>,App<F,T10#4>,App<F,T11#3>,App<F,T12#2>,App<F,T13#1>)
      T9#5 extends Object declared in method <T1#13,T2#12,T3#11,T4#10,T5#9,T6#8,T7#7,T8#6,T9#5,T10#4,T11#3,T12#2,T13#1>group(App<F,T1#13>,App<F,T2#12>,App<F,T3#11>,App<F,T4#10>,App<F,T5#9>,App<F,T6#8>,App<F,T7#7>,App<F,T8#6>,App<F,T9#5>,App<F,T10#4>,App<F,T11#3>,App<F,T12#2>,App<F,T13#1>)
      T10#4 extends Object declared in method <T1#13,T2#12,T3#11,T4#10,T5#9,T6#8,T7#7,T8#6,T9#5,T10#4,T11#3,T12#2,T13#1>group(App<F,T1#13>,App<F,T2#12>,App<F,T3#11>,App<F,T4#10>,App<F,T5#9>,App<F,T6#8>,App<F,T7#7>,App<F,T8#6>,App<F,T9#5>,App<F,T10#4>,App<F,T11#3>,App<F,T12#2>,App<F,T13#1>)
      T11#3 extends Object declared in method <T1#13,T2#12,T3#11,T4#10,T5#9,T6#8,T7#7,T8#6,T9#5,T10#4,T11#3,T12#2,T13#1>group(App<F,T1#13>,App<F,T2#12>,App<F,T3#11>,App<F,T4#10>,App<F,T5#9>,App<F,T6#8>,App<F,T7#7>,App<F,T8#6>,App<F,T9#5>,App<F,T10#4>,App<F,T11#3>,App<F,T12#2>,App<F,T13#1>)
      T12#2 extends Object declared in method <T1#13,T2#12,T3#11,T4#10,T5#9,T6#8,T7#7,T8#6,T9#5,T10#4,T11#3,T12#2,T13#1>group(App<F,T1#13>,App<F,T2#12>,App<F,T3#11>,App<F,T4#10>,App<F,T5#9>,App<F,T6#8>,App<F,T7#7>,App<F,T8#6>,App<F,T9#5>,App<F,T10#4>,App<F,T11#3>,App<F,T12#2>,App<F,T13#1>)
      T13#1 extends Object declared in method <T1#13,T2#12,T3#11,T4#10,T5#9,T6#8,T7#7,T8#6,T9#5,T10#4,T11#3,T12#2,T13#1>group(App<F,T1#13>,App<F,T2#12>,App<F,T3#11>,App<F,T4#10>,App<F,T5#9>,App<F,T6#8>,App<F,T7#7>,App<F,T8#6>,App<F,T9#5>,App<F,T10#4>,App<F,T11#3>,App<F,T12#2>,App<F,T13#1>)
      T1#14 extends Object declared in method <T1#14,T2#13,T3#12,T4#11,T5#10,T6#9,T7#8,T8#7,T9#6,T10#5,T11#4,T12#3,T13#2,T14#1>group(App<F,T1#14>,App<F,T2#13>,App<F,T3#12>,App<F,T4#11>,App<F,T5#10>,App<F,T6#9>,App<F,T7#8>,App<F,T8#7>,App<F,T9#6>,App<F,T10#5>,App<F,T11#4>,App<F,T12#3>,App<F,T13#2>,App<F,T14#1>)
      T2#13 extends Object declared in method <T1#14,T2#13,T3#12,T4#11,T5#10,T6#9,T7#8,T8#7,T9#6,T10#5,T11#4,T12#3,T13#2,T14#1>group(App<F,T1#14>,App<F,T2#13>,App<F,T3#12>,App<F,T4#11>,App<F,T5#10>,App<F,T6#9>,App<F,T7#8>,App<F,T8#7>,App<F,T9#6>,App<F,T10#5>,App<F,T11#4>,App<F,T12#3>,App<F,T13#2>,App<F,T14#1>)
      T3#12 extends Object declared in method <T1#14,T2#13,T3#12,T4#11,T5#10,T6#9,T7#8,T8#7,T9#6,T10#5,T11#4,T12#3,T13#2,T14#1>group(App<F,T1#14>,App<F,T2#13>,App<F,T3#12>,App<F,T4#11>,App<F,T5#10>,App<F,T6#9>,App<F,T7#8>,App<F,T8#7>,App<F,T9#6>,App<F,T10#5>,App<F,T11#4>,App<F,T12#3>,App<F,T13#2>,App<F,T14#1>)
      T4#11 extends Object declared in method <T1#14,T2#13,T3#12,T4#11,T5#10,T6#9,T7#8,T8#7,T9#6,T10#5,T11#4,T12#3,T13#2,T14#1>group(App<F,T1#14>,App<F,T2#13>,App<F,T3#12>,App<F,T4#11>,App<F,T5#10>,App<F,T6#9>,App<F,T7#8>,App<F,T8#7>,App<F,T9#6>,App<F,T10#5>,App<F,T11#4>,App<F,T12#3>,App<F,T13#2>,App<F,T14#1>)
      T5#10 extends Object declared in method <T1#14,T2#13,T3#12,T4#11,T5#10,T6#9,T7#8,T8#7,T9#6,T10#5,T11#4,T12#3,T13#2,T14#1>group(App<F,T1#14>,App<F,T2#13>,App<F,T3#12>,App<F,T4#11>,App<F,T5#10>,App<F,T6#9>,App<F,T7#8>,App<F,T8#7>,App<F,T9#6>,App<F,T10#5>,App<F,T11#4>,App<F,T12#3>,App<F,T13#2>,App<F,T14#1>)
      T6#9 extends Object declared in method <T1#14,T2#13,T3#12,T4#11,T5#10,T6#9,T7#8,T8#7,T9#6,T10#5,T11#4,T12#3,T13#2,T14#1>group(App<F,T1#14>,App<F,T2#13>,App<F,T3#12>,App<F,T4#11>,App<F,T5#10>,App<F,T6#9>,App<F,T7#8>,App<F,T8#7>,App<F,T9#6>,App<F,T10#5>,App<F,T11#4>,App<F,T12#3>,App<F,T13#2>,App<F,T14#1>)
      T7#8 extends Object declared in method <T1#14,T2#13,T3#12,T4#11,T5#10,T6#9,T7#8,T8#7,T9#6,T10#5,T11#4,T12#3,T13#2,T14#1>group(App<F,T1#14>,App<F,T2#13>,App<F,T3#12>,App<F,T4#11>,App<F,T5#10>,App<F,T6#9>,App<F,T7#8>,App<F,T8#7>,App<F,T9#6>,App<F,T10#5>,App<F,T11#4>,App<F,T12#3>,App<F,T13#2>,App<F,T14#1>)
      T8#7 extends Object declared in method <T1#14,T2#13,T3#12,T4#11,T5#10,T6#9,T7#8,T8#7,T9#6,T10#5,T11#4,T12#3,T13#2,T14#1>group(App<F,T1#14>,App<F,T2#13>,App<F,T3#12>,App<F,T4#11>,App<F,T5#10>,App<F,T6#9>,App<F,T7#8>,App<F,T8#7>,App<F,T9#6>,App<F,T10#5>,App<F,T11#4>,App<F,T12#3>,App<F,T13#2>,App<F,T14#1>)
      T9#6 extends Object declared in method <T1#14,T2#13,T3#12,T4#11,T5#10,T6#9,T7#8,T8#7,T9#6,T10#5,T11#4,T12#3,T13#2,T14#1>group(App<F,T1#14>,App<F,T2#13>,App<F,T3#12>,App<F,T4#11>,App<F,T5#10>,App<F,T6#9>,App<F,T7#8>,App<F,T8#7>,App<F,T9#6>,App<F,T10#5>,App<F,T11#4>,App<F,T12#3>,App<F,T13#2>,App<F,T14#1>)
      T10#5 extends Object declared in method <T1#14,T2#13,T3#12,T4#11,T5#10,T6#9,T7#8,T8#7,T9#6,T10#5,T11#4,T12#3,T13#2,T14#1>group(App<F,T1#14>,App<F,T2#13>,App<F,T3#12>,App<F,T4#11>,App<F,T5#10>,App<F,T6#9>,App<F,T7#8>,App<F,T8#7>,App<F,T9#6>,App<F,T10#5>,App<F,T11#4>,App<F,T12#3>,App<F,T13#2>,App<F,T14#1>)
      T11#4 extends Object declared in method <T1#14,T2#13,T3#12,T4#11,T5#10,T6#9,T7#8,T8#7,T9#6,T10#5,T11#4,T12#3,T13#2,T14#1>group(App<F,T1#14>,App<F,T2#13>,App<F,T3#12>,App<F,T4#11>,App<F,T5#10>,App<F,T6#9>,App<F,T7#8>,App<F,T8#7>,App<F,T9#6>,App<F,T10#5>,App<F,T11#4>,App<F,T12#3>,App<F,T13#2>,App<F,T14#1>)
      T12#3 extends Object declared in method <T1#14,T2#13,T3#12,T4#11,T5#10,T6#9,T7#8,T8#7,T9#6,T10#5,T11#4,T12#3,T13#2,T14#1>group(App<F,T1#14>,App<F,T2#13>,App<F,T3#12>,App<F,T4#11>,App<F,T5#10>,App<F,T6#9>,App<F,T7#8>,App<F,T8#7>,App<F,T9#6>,App<F,T10#5>,App<F,T11#4>,App<F,T12#3>,App<F,T13#2>,App<F,T14#1>)
      T13#2 extends Object declared in method <T1#14,T2#13,T3#12,T4#11,T5#10,T6#9,T7#8,T8#7,T9#6,T10#5,T11#4,T12#3,T13#2,T14#1>group(App<F,T1#14>,App<F,T2#13>,App<F,T3#12>,App<F,T4#11>,App<F,T5#10>,App<F,T6#9>,App<F,T7#8>,App<F,T8#7>,App<F,T9#6>,App<F,T10#5>,App<F,T11#4>,App<F,T12#3>,App<F,T13#2>,App<F,T14#1>)
      T14#1 extends Object declared in method <T1#14,T2#13,T3#12,T4#11,T5#10,T6#9,T7#8,T8#7,T9#6,T10#5,T11#4,T12#3,T13#2,T14#1>group(App<F,T1#14>,App<F,T2#13>,App<F,T3#12>,App<F,T4#11>,App<F,T5#10>,App<F,T6#9>,App<F,T7#8>,App<F,T8#7>,App<F,T9#6>,App<F,T10#5>,App<F,T11#4>,App<F,T12#3>,App<F,T13#2>,App<F,T14#1>)
      T1#15 extends Object declared in method <T1#15,T2#14,T3#13,T4#12,T5#11,T6#10,T7#9,T8#8,T9#7,T10#6,T11#5,T12#4,T13#3,T14#2,T15#1>group(App<F,T1#15>,App<F,T2#14>,App<F,T3#13>,App<F,T4#12>,App<F,T5#11>,App<F,T6#10>,App<F,T7#9>,App<F,T8#8>,App<F,T9#7>,App<F,T10#6>,App<F,T11#5>,App<F,T12#4>,App<F,T13#3>,App<F,T14#2>,App<F,T15#1>)
      T2#14 extends Object declared in method <T1#15,T2#14,T3#13,T4#12,T5#11,T6#10,T7#9,T8#8,T9#7,T10#6,T11#5,T12#4,T13#3,T14#2,T15#1>group(App<F,T1#15>,App<F,T2#14>,App<F,T3#13>,App<F,T4#12>,App<F,T5#11>,App<F,T6#10>,App<F,T7#9>,App<F,T8#8>,App<F,T9#7>,App<F,T10#6>,App<F,T11#5>,App<F,T12#4>,App<F,T13#3>,App<F,T14#2>,App<F,T15#1>)
      T3#13 extends Object declared in method <T1#15,T2#14,T3#13,T4#12,T5#11,T6#10,T7#9,T8#8,T9#7,T10#6,T11#5,T12#4,T13#3,T14#2,T15#1>group(App<F,T1#15>,App<F,T2#14>,App<F,T3#13>,App<F,T4#12>,App<F,T5#11>,App<F,T6#10>,App<F,T7#9>,App<F,T8#8>,App<F,T9#7>,App<F,T10#6>,App<F,T11#5>,App<F,T12#4>,App<F,T13#3>,App<F,T14#2>,App<F,T15#1>)
      T4#12 extends Object declared in method <T1#15,T2#14,T3#13,T4#12,T5#11,T6#10,T7#9,T8#8,T9#7,T10#6,T11#5,T12#4,T13#3,T14#2,T15#1>group(App<F,T1#15>,App<F,T2#14>,App<F,T3#13>,App<F,T4#12>,App<F,T5#11>,App<F,T6#10>,App<F,T7#9>,App<F,T8#8>,App<F,T9#7>,App<F,T10#6>,App<F,T11#5>,App<F,T12#4>,App<F,T13#3>,App<F,T14#2>,App<F,T15#1>)
      T5#11 extends Object declared in method <T1#15,T2#14,T3#13,T4#12,T5#11,T6#10,T7#9,T8#8,T9#7,T10#6,T11#5,T12#4,T13#3,T14#2,T15#1>group(App<F,T1#15>,App<F,T2#14>,App<F,T3#13>,App<F,T4#12>,App<F,T5#11>,App<F,T6#10>,App<F,T7#9>,App<F,T8#8>,App<F,T9#7>,App<F,T10#6>,App<F,T11#5>,App<F,T12#4>,App<F,T13#3>,App<F,T14#2>,App<F,T15#1>)
      T6#10 extends Object declared in method <T1#15,T2#14,T3#13,T4#12,T5#11,T6#10,T7#9,T8#8,T9#7,T10#6,T11#5,T12#4,T13#3,T14#2,T15#1>group(App<F,T1#15>,App<F,T2#14>,App<F,T3#13>,App<F,T4#12>,App<F,T5#11>,App<F,T6#10>,App<F,T7#9>,App<F,T8#8>,App<F,T9#7>,App<F,T10#6>,App<F,T11#5>,App<F,T12#4>,App<F,T13#3>,App<F,T14#2>,App<F,T15#1>)
      T7#9 extends Object declared in method <T1#15,T2#14,T3#13,T4#12,T5#11,T6#10,T7#9,T8#8,T9#7,T10#6,T11#5,T12#4,T13#3,T14#2,T15#1>group(App<F,T1#15>,App<F,T2#14>,App<F,T3#13>,App<F,T4#12>,App<F,T5#11>,App<F,T6#10>,App<F,T7#9>,App<F,T8#8>,App<F,T9#7>,App<F,T10#6>,App<F,T11#5>,App<F,T12#4>,App<F,T13#3>,App<F,T14#2>,App<F,T15#1>)
      T8#8 extends Object declared in method <T1#15,T2#14,T3#13,T4#12,T5#11,T6#10,T7#9,T8#8,T9#7,T10#6,T11#5,T12#4,T13#3,T14#2,T15#1>group(App<F,T1#15>,App<F,T2#14>,App<F,T3#13>,App<F,T4#12>,App<F,T5#11>,App<F,T6#10>,App<F,T7#9>,App<F,T8#8>,App<F,T9#7>,App<F,T10#6>,App<F,T11#5>,App<F,T12#4>,App<F,T13#3>,App<F,T14#2>,App<F,T15#1>)
      T9#7 extends Object declared in method <T1#15,T2#14,T3#13,T4#12,T5#11,T6#10,T7#9,T8#8,T9#7,T10#6,T11#5,T12#4,T13#3,T14#2,T15#1>group(App<F,T1#15>,App<F,T2#14>,App<F,T3#13>,App<F,T4#12>,App<F,T5#11>,App<F,T6#10>,App<F,T7#9>,App<F,T8#8>,App<F,T9#7>,App<F,T10#6>,App<F,T11#5>,App<F,T12#4>,App<F,T13#3>,App<F,T14#2>,App<F,T15#1>)
      T10#6 extends Object declared in method <T1#15,T2#14,T3#13,T4#12,T5#11,T6#10,T7#9,T8#8,T9#7,T10#6,T11#5,T12#4,T13#3,T14#2,T15#1>group(App<F,T1#15>,App<F,T2#14>,App<F,T3#13>,App<F,T4#12>,App<F,T5#11>,App<F,T6#10>,App<F,T7#9>,App<F,T8#8>,App<F,T9#7>,App<F,T10#6>,App<F,T11#5>,App<F,T12#4>,App<F,T13#3>,App<F,T14#2>,App<F,T15#1>)
      T11#5 extends Object declared in method <T1#15,T2#14,T3#13,T4#12,T5#11,T6#10,T7#9,T8#8,T9#7,T10#6,T11#5,T12#4,T13#3,T14#2,T15#1>group(App<F,T1#15>,App<F,T2#14>,App<F,T3#13>,App<F,T4#12>,App<F,T5#11>,App<F,T6#10>,App<F,T7#9>,App<F,T8#8>,App<F,T9#7>,App<F,T10#6>,App<F,T11#5>,App<F,T12#4>,App<F,T13#3>,App<F,T14#2>,App<F,T15#1>)
      T12#4 extends Object declared in method <T1#15,T2#14,T3#13,T4#12,T5#11,T6#10,T7#9,T8#8,T9#7,T10#6,T11#5,T12#4,T13#3,T14#2,T15#1>group(App<F,T1#15>,App<F,T2#14>,App<F,T3#13>,App<F,T4#12>,App<F,T5#11>,App<F,T6#10>,App<F,T7#9>,App<F,T8#8>,App<F,T9#7>,App<F,T10#6>,App<F,T11#5>,App<F,T12#4>,App<F,T13#3>,App<F,T14#2>,App<F,T15#1>)
      T13#3 extends Object declared in method <T1#15,T2#14,T3#13,T4#12,T5#11,T6#10,T7#9,T8#8,T9#7,T10#6,T11#5,T12#4,T13#3,T14#2,T15#1>group(App<F,T1#15>,App<F,T2#14>,App<F,T3#13>,App<F,T4#12>,App<F,T5#11>,App<F,T6#10>,App<F,T7#9>,App<F,T8#8>,App<F,T9#7>,App<F,T10#6>,App<F,T11#5>,App<F,T12#4>,App<F,T13#3>,App<F,T14#2>,App<F,T15#1>)
      T14#2 extends Object declared in method <T1#15,T2#14,T3#13,T4#12,T5#11,T6#10,T7#9,T8#8,T9#7,T10#6,T11#5,T12#4,T13#3,T14#2,T15#1>group(App<F,T1#15>,App<F,T2#14>,App<F,T3#13>,App<F,T4#12>,App<F,T5#11>,App<F,T6#10>,App<F,T7#9>,App<F,T8#8>,App<F,T9#7>,App<F,T10#6>,App<F,T11#5>,App<F,T12#4>,App<F,T13#3>,App<F,T14#2>,App<F,T15#1>)
      T15#1 extends Object declared in method <T1#15,T2#14,T3#13,T4#12,T5#11,T6#10,T7#9,T8#8,T9#7,T10#6,T11#5,T12#4,T13#3,T14#2,T15#1>group(App<F,T1#15>,App<F,T2#14>,App<F,T3#13>,App<F,T4#12>,App<F,T5#11>,App<F,T6#10>,App<F,T7#9>,App<F,T8#8>,App<F,T9#7>,App<F,T10#6>,App<F,T11#5>,App<F,T12#4>,App<F,T13#3>,App<F,T14#2>,App<F,T15#1>)
      T1#16 extends Object declared in method <T1#16,T2#15,T3#14,T4#13,T5#12,T6#11,T7#10,T8#9,T9#8,T10#7,T11#6,T12#5,T13#4,T14#3,T15#2,T16>group(App<F,T1#16>,App<F,T2#15>,App<F,T3#14>,App<F,T4#13>,App<F,T5#12>,App<F,T6#11>,App<F,T7#10>,App<F,T8#9>,App<F,T9#8>,App<F,T10#7>,App<F,T11#6>,App<F,T12#5>,App<F,T13#4>,App<F,T14#3>,App<F,T15#2>,App<F,T16>)
      T2#15 extends Object declared in method <T1#16,T2#15,T3#14,T4#13,T5#12,T6#11,T7#10,T8#9,T9#8,T10#7,T11#6,T12#5,T13#4,T14#3,T15#2,T16>group(App<F,T1#16>,App<F,T2#15>,App<F,T3#14>,App<F,T4#13>,App<F,T5#12>,App<F,T6#11>,App<F,T7#10>,App<F,T8#9>,App<F,T9#8>,App<F,T10#7>,App<F,T11#6>,App<F,T12#5>,App<F,T13#4>,App<F,T14#3>,App<F,T15#2>,App<F,T16>)
      T3#14 extends Object declared in method <T1#16,T2#15,T3#14,T4#13,T5#12,T6#11,T7#10,T8#9,T9#8,T10#7,T11#6,T12#5,T13#4,T14#3,T15#2,T16>group(App<F,T1#16>,App<F,T2#15>,App<F,T3#14>,App<F,T4#13>,App<F,T5#12>,App<F,T6#11>,App<F,T7#10>,App<F,T8#9>,App<F,T9#8>,App<F,T10#7>,App<F,T11#6>,App<F,T12#5>,App<F,T13#4>,App<F,T14#3>,App<F,T15#2>,App<F,T16>)
      T4#13 extends Object declared in method <T1#16,T2#15,T3#14,T4#13,T5#12,T6#11,T7#10,T8#9,T9#8,T10#7,T11#6,T12#5,T13#4,T14#3,T15#2,T16>group(App<F,T1#16>,App<F,T2#15>,App<F,T3#14>,App<F,T4#13>,App<F,T5#12>,App<F,T6#11>,App<F,T7#10>,App<F,T8#9>,App<F,T9#8>,App<F,T10#7>,App<F,T11#6>,App<F,T12#5>,App<F,T13#4>,App<F,T14#3>,App<F,T15#2>,App<F,T16>)
      T5#12 extends Object declared in method <T1#16,T2#15,T3#14,T4#13,T5#12,T6#11,T7#10,T8#9,T9#8,T10#7,T11#6,T12#5,T13#4,T14#3,T15#2,T16>group(App<F,T1#16>,App<F,T2#15>,App<F,T3#14>,App<F,T4#13>,App<F,T5#12>,App<F,T6#11>,App<F,T7#10>,App<F,T8#9>,App<F,T9#8>,App<F,T10#7>,App<F,T11#6>,App<F,T12#5>,App<F,T13#4>,App<F,T14#3>,App<F,T15#2>,App<F,T16>)
      T6#11 extends Object declared in method <T1#16,T2#15,T3#14,T4#13,T5#12,T6#11,T7#10,T8#9,T9#8,T10#7,T11#6,T12#5,T13#4,T14#3,T15#2,T16>group(App<F,T1#16>,App<F,T2#15>,App<F,T3#14>,App<F,T4#13>,App<F,T5#12>,App<F,T6#11>,App<F,T7#10>,App<F,T8#9>,App<F,T9#8>,App<F,T10#7>,App<F,T11#6>,App<F,T12#5>,App<F,T13#4>,App<F,T14#3>,App<F,T15#2>,App<F,T16>)
      T7#10 extends Object declared in method <T1#16,T2#15,T3#14,T4#13,T5#12,T6#11,T7#10,T8#9,T9#8,T10#7,T11#6,T12#5,T13#4,T14#3,T15#2,T16>group(App<F,T1#16>,App<F,T2#15>,App<F,T3#14>,App<F,T4#13>,App<F,T5#12>,App<F,T6#11>,App<F,T7#10>,App<F,T8#9>,App<F,T9#8>,App<F,T10#7>,App<F,T11#6>,App<F,T12#5>,App<F,T13#4>,App<F,T14#3>,App<F,T15#2>,App<F,T16>)
      T8#9 extends Object declared in method <T1#16,T2#15,T3#14,T4#13,T5#12,T6#11,T7#10,T8#9,T9#8,T10#7,T11#6,T12#5,T13#4,T14#3,T15#2,T16>group(App<F,T1#16>,App<F,T2#15>,App<F,T3#14>,App<F,T4#13>,App<F,T5#12>,App<F,T6#11>,App<F,T7#10>,App<F,T8#9>,App<F,T9#8>,App<F,T10#7>,App<F,T11#6>,App<F,T12#5>,App<F,T13#4>,App<F,T14#3>,App<F,T15#2>,App<F,T16>)
      T9#8 extends Object declared in method <T1#16,T2#15,T3#14,T4#13,T5#12,T6#11,T7#10,T8#9,T9#8,T10#7,T11#6,T12#5,T13#4,T14#3,T15#2,T16>group(App<F,T1#16>,App<F,T2#15>,App<F,T3#14>,App<F,T4#13>,App<F,T5#12>,App<F,T6#11>,App<F,T7#10>,App<F,T8#9>,App<F,T9#8>,App<F,T10#7>,App<F,T11#6>,App<F,T12#5>,App<F,T13#4>,App<F,T14#3>,App<F,T15#2>,App<F,T16>)
      T10#7 extends Object declared in method <T1#16,T2#15,T3#14,T4#13,T5#12,T6#11,T7#10,T8#9,T9#8,T10#7,T11#6,T12#5,T13#4,T14#3,T15#2,T16>group(App<F,T1#16>,App<F,T2#15>,App<F,T3#14>,App<F,T4#13>,App<F,T5#12>,App<F,T6#11>,App<F,T7#10>,App<F,T8#9>,App<F,T9#8>,App<F,T10#7>,App<F,T11#6>,App<F,T12#5>,App<F,T13#4>,App<F,T14#3>,App<F,T15#2>,App<F,T16>)
      T11#6 extends Object declared in method <T1#16,T2#15,T3#14,T4#13,T5#12,T6#11,T7#10,T8#9,T9#8,T10#7,T11#6,T12#5,T13#4,T14#3,T15#2,T16>group(App<F,T1#16>,App<F,T2#15>,App<F,T3#14>,App<F,T4#13>,App<F,T5#12>,App<F,T6#11>,App<F,T7#10>,App<F,T8#9>,App<F,T9#8>,App<F,T10#7>,App<F,T11#6>,App<F,T12#5>,App<F,T13#4>,App<F,T14#3>,App<F,T15#2>,App<F,T16>)
      T12#5 extends Object declared in method <T1#16,T2#15,T3#14,T4#13,T5#12,T6#11,T7#10,T8#9,T9#8,T10#7,T11#6,T12#5,T13#4,T14#3,T15#2,T16>group(App<F,T1#16>,App<F,T2#15>,App<F,T3#14>,App<F,T4#13>,App<F,T5#12>,App<F,T6#11>,App<F,T7#10>,App<F,T8#9>,App<F,T9#8>,App<F,T10#7>,App<F,T11#6>,App<F,T12#5>,App<F,T13#4>,App<F,T14#3>,App<F,T15#2>,App<F,T16>)
      T13#4 extends Object declared in method <T1#16,T2#15,T3#14,T4#13,T5#12,T6#11,T7#10,T8#9,T9#8,T10#7,T11#6,T12#5,T13#4,T14#3,T15#2,T16>group(App<F,T1#16>,App<F,T2#15>,App<F,T3#14>,App<F,T4#13>,App<F,T5#12>,App<F,T6#11>,App<F,T7#10>,App<F,T8#9>,App<F,T9#8>,App<F,T10#7>,App<F,T11#6>,App<F,T12#5>,App<F,T13#4>,App<F,T14#3>,App<F,T15#2>,App<F,T16>)
      T14#3 extends Object declared in method <T1#16,T2#15,T3#14,T4#13,T5#12,T6#11,T7#10,T8#9,T9#8,T10#7,T11#6,T12#5,T13#4,T14#3,T15#2,T16>group(App<F,T1#16>,App<F,T2#15>,App<F,T3#14>,App<F,T4#13>,App<F,T5#12>,App<F,T6#11>,App<F,T7#10>,App<F,T8#9>,App<F,T9#8>,App<F,T10#7>,App<F,T11#6>,App<F,T12#5>,App<F,T13#4>,App<F,T14#3>,App<F,T15#2>,App<F,T16>)
      T15#2 extends Object declared in method <T1#16,T2#15,T3#14,T4#13,T5#12,T6#11,T7#10,T8#9,T9#8,T10#7,T11#6,T12#5,T13#4,T14#3,T15#2,T16>group(App<F,T1#16>,App<F,T2#15>,App<F,T3#14>,App<F,T4#13>,App<F,T5#12>,App<F,T6#11>,App<F,T7#10>,App<F,T8#9>,App<F,T9#8>,App<F,T10#7>,App<F,T11#6>,App<F,T12#5>,App<F,T13#4>,App<F,T14#3>,App<F,T15#2>,App<F,T16>)
      T16 extends Object declared in method <T1#16,T2#15,T3#14,T4#13,T5#12,T6#11,T7#10,T8#9,T9#8,T10#7,T11#6,T12#5,T13#4,T14#3,T15#2,T16>group(App<F,T1#16>,App<F,T2#15>,App<F,T3#14>,App<F,T4#13>,App<F,T5#12>,App<F,T6#11>,App<F,T7#10>,App<F,T8#9>,App<F,T9#8>,App<F,T10#7>,App<F,T11#6>,App<F,T12#5>,App<F,T13#4>,App<F,T14#3>,App<F,T15#2>,App<F,T16>)
  Note: Recompile with -Xlint:deprecation for details.
  /home/runner/work/TaCZ_Refabricated_Unofficial/TaCZ_Refabricated_Unofficial/src/main/java/cn/sh1rocu/tacz/industry/api/feed/BeltData.java:64: error: incompatible types: invalid method reference
      ).validate(BeltData::validateShape);
                 ^
      incompatible types: Object cannot be converted to BeltData
  /home/runner/work/TaCZ_Refabricated_Unofficial/TaCZ_Refabricated_Unofficial/src/main/java/cn/sh1rocu/tacz/industry/api/feed/BoxMagazineData.java:47: error: incompatible types: invalid method reference
      ).validate(BoxMagazineData::validateShape);
                 ^
      incompatible types: Object cannot be converted to BoxMagazineData
  /home/runner/work/TaCZ_Refabricated_Unofficial/TaCZ_Refabricated_Unofficial/src/main/java/cn/sh1rocu/tacz/industry/api/feed/TubularMagazineData.java:43: error: incompatible types: invalid method reference
      ).validate(TubularMagazineData::validateShape);
                 ^
      incompatible types: Object cannot be converted to TubularMagazineData
  /home/runner/work/TaCZ_Refabricated_Unofficial/TaCZ_Refabricated_Unofficial/src/main/java/cn/sh1rocu/tacz/industry/api/feed/CylinderData.java:89: error: incompatible types: invalid method reference
      ).validate(CylinderData::validateShape);
                 ^
      incompatible types: Object cannot be converted to CylinderData
  /home/runner/work/TaCZ_Refabricated_Unofficial/TaCZ_Refabricated_Unofficial/src/main/java/cn/sh1rocu/tacz/industry/api/feed/StripperClipData.java:41: error: incompatible types: invalid method reference
      ).validate(StripperClipData::validateShape);
                 ^
      incompatible types: Object cannot be converted to StripperClipData
  /home/runner/work/TaCZ_Refabricated_Unofficial/TaCZ_Refabricated_Unofficial/src/main/java/cn/sh1rocu/tacz/industry/api/feed/EnBlocClipData.java:44: error: incompatible types: invalid method reference
      ).validate(EnBlocClipData::validateShape);
                 ^
      incompatible types: Object cannot be converted to EnBlocClipData
  Note: Recompile with -Xlint:unchecked for details.
  Note: Some input files use or override a deprecated API.
  Note: Some messages have been simplified; recompile with -Xdiags:verbose to get full output
  Note: Some input files use unchecked or unsafe operations.
  12 errors

* Try:
> Check your code and dependencies to fix the compilation error(s)
> Run with --scan to get full insights from a Build Scan (powered by Develocity).

* Exception is:
org.gradle.api.tasks.TaskExecutionException: Execution failed for task ':compileJava' (registered by plugin class 'org.gradle.api.plugins.JavaBasePlugin').
	at org.gradle.api.internal.tasks.execution.ExecuteActionsTaskExecuter.lambda$executeIfValid$1(ExecuteActionsTaskExecuter.java:135)
	at org.gradle.internal.Try$Failure.ifSuccessfulOrElse(Try.java:288)
	at org.gradle.api.internal.tasks.execution.ExecuteActionsTaskExecuter.executeIfValid(ExecuteActionsTaskExecuter.java:133)
	at org.gradle.api.internal.tasks.execution.ExecuteActionsTaskExecuter.execute(ExecuteActionsTaskExecuter.java:121)
	at org.gradle.api.internal.tasks.execution.ProblemsTaskPathTrackingTaskExecuter.execute(ProblemsTaskPathTrackingTaskExecuter.java:41)
	at org.gradle.api.internal.tasks.execution.ResolveTaskExecutionModeExecuter.execute(ResolveTaskExecutionModeExecuter.java:51)
	at org.gradle.api.internal.tasks.execution.FinalizePropertiesTaskExecuter.execute(FinalizePropertiesTaskExecuter.java:46)
	at org.gradle.api.internal.tasks.execution.SkipTaskWithNoActionsExecuter.execute(SkipTaskWithNoActionsExecuter.java:57)
	at org.gradle.api.internal.tasks.execution.SkipOnlyIfTaskExecuter.execute(SkipOnlyIfTaskExecuter.java:74)
	at org.gradle.api.internal.tasks.execution.CatchExceptionTaskExecuter.execute(CatchExceptionTaskExecuter.java:36)
	at org.gradle.api.internal.tasks.execution.EventFiringTaskExecuter$1.executeTask(EventFiringTaskExecuter.java:77)
	at org.gradle.api.internal.tasks.execution.EventFiringTaskExecuter$1.call(EventFiringTaskExecuter.java:55)
	at org.gradle.api.internal.tasks.execution.EventFiringTaskExecuter$1.call(EventFiringTaskExecuter.java:52)
	at org.gradle.internal.operations.DefaultBuildOperationRunner$CallableBuildOperationWorker.execute(DefaultBuildOperationRunner.java:210)
	at org.gradle.internal.operations.DefaultBuildOperationRunner$CallableBuildOperationWorker.execute(DefaultBuildOperationRunner.java:205)
	at org.gradle.internal.operations.DefaultBuildOperationRunner$2.execute(DefaultBuildOperationRunner.java:67)
	at org.gradle.internal.operations.DefaultBuildOperationRunner$2.execute(DefaultBuildOperationRunner.java:60)
	at org.gradle.internal.operations.DefaultBuildOperationRunner.execute(DefaultBuildOperationRunner.java:167)
	at org.gradle.internal.operations.DefaultBuildOperationRunner.execute(DefaultBuildOperationRunner.java:60)
	at org.gradle.internal.operations.DefaultBuildOperationRunner.call(DefaultBuildOperationRunner.java:54)
	at org.gradle.api.internal.tasks.execution.EventFiringTaskExecuter.execute(EventFiringTaskExecuter.java:52)
	at org.gradle.execution.plan.DefaultNodeExecutor.executeLocalTaskNode(DefaultNodeExecutor.java:55)
	at org.gradle.execution.plan.DefaultNodeExecutor.execute(DefaultNodeExecutor.java:34)
	at org.gradle.execution.taskgraph.DefaultTaskExecutionGraph$InvokeNodeExecutorsAction.execute(DefaultTaskExecutionGraph.java:355)
	at org.gradle.execution.taskgraph.DefaultTaskExecutionGraph$InvokeNodeExecutorsAction.execute(DefaultTaskExecutionGraph.java:343)
	at org.gradle.execution.taskgraph.DefaultTaskExecutionGraph$BuildOperationAwareExecutionAction.lambda$execute$0(DefaultTaskExecutionGraph.java:339)
	at org.gradle.internal.operations.CurrentBuildOperationRef.with(CurrentBuildOperationRef.java:84)
	at org.gradle.execution.taskgraph.DefaultTaskExecutionGraph$BuildOperationAwareExecutionAction.execute(DefaultTaskExecutionGraph.java:339)
	at org.gradle.execution.taskgraph.DefaultTaskExecutionGraph$BuildOperationAwareExecutionAction.execute(DefaultTaskExecutionGraph.java:328)
	at org.gradle.execution.plan.DefaultPlanExecutor$ExecutorWorker.execute(DefaultPlanExecutor.java:459)
	at org.gradle.execution.plan.DefaultPlanExecutor$ExecutorWorker.run(DefaultPlanExecutor.java:376)
	at org.gradle.internal.concurrent.ExecutorPolicy$CatchAndRecordFailures.onExecute(ExecutorPolicy.java:64)
	at org.gradle.internal.concurrent.AbstractManagedExecutor$1.run(AbstractManagedExecutor.java:47)
Caused by: org.gradle.api.internal.tasks.compile.CompilationFailedException: Compilation failed; see the compiler output below.
/home/runner/work/TaCZ_Refabricated_Unofficial/TaCZ_Refabricated_Unofficial/src/main/java/cn/sh1rocu/tacz/industry/api/feed/BeltData.java:57: error: no suitable method found for group(RecordCodecBuilder<BeltData,Identifier>,RecordCodecBuilder<BeltData,Integer>,RecordCodecBuilder<BeltData,List<LoadedRound>>,RecordCodecBuilder<BeltData,BeltLinkType>,RecordCodecBuilder<BeltData,Boolean>)
            instance -> instance.group(
                                ^
    method Kind1.<T1#1>group(App<Mu<Object>,T1#1>) is not applicable
      (cannot infer type-variable(s) T1#1
        (actual and formal argument lists differ in length))
    method Kind1.<T1#2,T2#1>group(App<Mu<Object>,T1#2>,App<Mu<Object>,T2#1>) is not applicable
      (cannot infer type-variable(s) T1#2,T2#1
        (actual and formal argument lists differ in length))
    method Kind1.<T1#3,T2#2,T3#1>group(App<Mu<Object>,T1#3>,App<Mu<Object>,T2#2>,App<Mu<Object>,T3#1>) is not applicable
      (cannot infer type-variable(s) T1#3,T2#2,T3#1
        (actual and formal argument lists differ in length))
    method Kind1.<T1#4,T2#3,T3#2,T4#1>group(App<Mu<Object>,T1#4>,App<Mu<Object>,T2#3>,App<Mu<Object>,T3#2>,App<Mu<Object>,T4#1>) is not applicable
      (cannot infer type-variable(s) T1#4,T2#3,T3#2,T4#1
        (actual and formal argument lists differ in length))
    method Kind1.<T1#5,T2#4,T3#3,T4#2,T5#1>group(App<Mu<Object>,T1#5>,App<Mu<Object>,T2#4>,App<Mu<Object>,T3#3>,App<Mu<Object>,T4#2>,App<Mu<Object>,T5#1>) is not applicable
      (inference variable O has incompatible bounds
        equality constraints: Object
        upper bounds: Object,BeltData)
    method Kind1.<T1#6,T2#5,T3#4,T4#3,T5#2,T6#1>group(App<Mu<Object>,T1#6>,App<Mu<Object>,T2#5>,App<Mu<Object>,T3#4>,App<Mu<Object>,T4#3>,App<Mu<Object>,T5#2>,App<Mu<Object>,T6#1>) is not applicable
      (cannot infer type-variable(s) T1#6,T2#5,T3#4,T4#3,T5#2,T6#1
        (actual and formal argument lists differ in length))
    method Kind1.<T1#7,T2#6,T3#5,T4#4,T5#3,T6#2,T7#1>group(App<Mu<Object>,T1#7>,App<Mu<Object>,T2#6>,App<Mu<Object>,T3#5>,App<Mu<Object>,T4#4>,App<Mu<Object>,T5#3>,App<Mu<Object>,T6#2>,App<Mu<Object>,T7#1>) is not applicable
      (cannot infer type-variable(s) T1#7,T2#6,T3#5,T4#4,T5#3,T6#2,T7#1
        (actual and formal argument lists differ in length))
    method Kind1.<T1#8,T2#7,T3#6,T4#5,T5#4,T6#3,T7#2,T8#1>group(App<Mu<Object>,T1#8>,App<Mu<Object>,T2#7>,App<Mu<Object>,T3#6>,App<Mu<Object>,T4#5>,App<Mu<Object>,T5#4>,App<Mu<Object>,T6#3>,App<Mu<Object>,T7#2>,App<Mu<Object>,T8#1>) is not applicable
      (cannot infer type-variable(s) T1#8,T2#7,T3#6,T4#5,T5#4,T6#3,T7#2,T8#1
        (actual and formal argument lists differ in length))
    method Kind1.<T1#9,T2#8,T3#7,T4#6,T5#5,T6#4,T7#3,T8#2,T9#1>group(App<Mu<Object>,T1#9>,App<Mu<Object>,T2#8>,App<Mu<Object>,T3#7>,App<Mu<Object>,T4#6>,App<Mu<Object>,T5#5>,App<Mu<Object>,T6#4>,App<Mu<Object>,T7#3>,App<Mu<Object>,T8#2>,App<Mu<Object>,T9#1>) is not applicable
      (cannot infer type-variable(s) T1#9,T2#8,T3#7,T4#6,T5#5,T6#4,T7#3,T8#2,T9#1
        (actual and formal argument lists differ in length))
    method Kind1.<T1#10,T2#9,T3#8,T4#7,T5#6,T6#5,T7#4,T8#3,T9#2,T10#1>group(App<Mu<Object>,T1#10>,App<Mu<Object>,T2#9>,App<Mu<Object>,T3#8>,App<Mu<Object>,T4#7>,App<Mu<Object>,T5#6>,App<Mu<Object>,T6#5>,App<Mu<Object>,T7#4>,App<Mu<Object>,T8#3>,App<Mu<Object>,T9#2>,App<Mu<Object>,T10#1>) is not applicable
      (cannot infer type-variable(s) T1#10,T2#9,T3#8,T4#7,T5#6,T6#5,T7#4,T8#3,T9#2,T10#1
        (actual and formal argument lists differ in length))
    method Kind1.<T1#11,T2#10,T3#9,T4#8,T5#7,T6#6,T7#5,T8#4,T9#3,T10#2,T11#1>group(App<Mu<Object>,T1#11>,App<Mu<Object>,T2#10>,App<Mu<Object>,T3#9>,App<Mu<Object>,T4#8>,App<Mu<Object>,T5#7>,App<Mu<Object>,T6#6>,App<Mu<Object>,T7#5>,App<Mu<Object>,T8#4>,App<Mu<Object>,T9#3>,App<Mu<Object>,T10#2>,App<Mu<Object>,T11#1>) is not applicable
      (cannot infer type-variable(s) T1#11,T2#10,T3#9,T4#8,T5#7,T6#6,T7#5,T8#4,T9#3,T10#2,T11#1
        (actual and formal argument lists differ in length))
    method Kind1.<T1#12,T2#11,T3#10,T4#9,T5#8,T6#7,T7#6,T8#5,T9#4,T10#3,T11#2,T12#1>group(App<Mu<Object>,T1#12>,App<Mu<Object>,T2#11>,App<Mu<Object>,T3#10>,App<Mu<Object>,T4#9>,App<Mu<Object>,T5#8>,App<Mu<Object>,T6#7>,App<Mu<Object>,T7#6>,App<Mu<Object>,T8#5>,App<Mu<Object>,T9#4>,App<Mu<Object>,T10#3>,App<Mu<Object>,T11#2>,App<Mu<Object>,T12#1>) is not applicable
      (cannot infer type-variable(s) T1#12,T2#11,T3#10,T4#9,T5#8,T6#7,T7#6,T8#5,T9#4,T10#3,T11#2,T12#1
        (actual and formal argument lists differ in length))
    method Kind1.<T1#13,T2#12,T3#11,T4#10,T5#9,T6#8,T7#7,T8#6,T9#5,T10#4,T11#3,T12#2,T13#1>group(App<Mu<Object>,T1#13>,App<Mu<Object>,T2#12>,App<Mu<Object>,T3#11>,App<Mu<Object>,T4#10>,App<Mu<Object>,T5#9>,App<Mu<Object>,T6#8>,App<Mu<Object>,T7#7>,App<Mu<Object>,T8#6>,App<Mu<Object>,T9#5>,App<Mu<Object>,T10#4>,App<Mu<Object>,T11#3>,App<Mu<Object>,T12#2>,App<Mu<Object>,T13#1>) is not applicable
      (cannot infer type-variable(s) T1#13,T2#12,T3#11,T4#10,T5#9,T6#8,T7#7,T8#6,T9#5,T10#4,T11#3,T12#2,T13#1
        (actual and formal argument lists differ in length))
    method Kind1.<T1#14,T2#13,T3#12,T4#11,T5#10,T6#9,T7#8,T8#7,T9#6,T10#5,T11#4,T12#3,T13#2,T14#1>group(App<Mu<Object>,T1#14>,App<Mu<Object>,T2#13>,App<Mu<Object>,T3#12>,App<Mu<Object>,T4#11>,App<Mu<Object>,T5#10>,App<Mu<Object>,T6#9>,App<Mu<Object>,T7#8>,App<Mu<Object>,T8#7>,App<Mu<Object>,T9#6>,App<Mu<Object>,T10#5>,App<Mu<Object>,T11#4>,App<Mu<Object>,T12#3>,App<Mu<Object>,T13#2>,App<Mu<Object>,T14#1>) is not applicable
      (cannot infer type-variable(s) T1#14,T2#13,T3#12,T4#11,T5#10,T6#9,T7#8,T8#7,T9#6,T10#5,T11#4,T12#3,T13#2,T14#1
        (actual and formal argument lists differ in length))
    method Kind1.<T1#15,T2#14,T3#13,T4#12,T5#11,T6#10,T7#9,T8#8,T9#7,T10#6,T11#5,T12#4,T13#3,T14#2,T15#1>group(App<Mu<Object>,T1#15>,App<Mu<Object>,T2#14>,App<Mu<Object>,T3#13>,App<Mu<Object>,T4#12>,App<Mu<Object>,T5#11>,App<Mu<Object>,T6#10>,App<Mu<Object>,T7#9>,App<Mu<Object>,T8#8>,App<Mu<Object>,T9#7>,App<Mu<Object>,T10#6>,App<Mu<Object>,T11#5>,App<Mu<Object>,T12#4>,App<Mu<Object>,T13#3>,App<Mu<Object>,T14#2>,App<Mu<Object>,T15#1>) is not applicable
      (cannot infer type-variable(s) T1#15,T2#14,T3#13,T4#12,T5#11,T6#10,T7#9,T8#8,T9#7,T10#6,T11#5,T12#4,T13#3,T14#2,T15#1
        (actual and formal argument lists differ in length))
    method Kind1.<T1#16,T2#15,T3#14,T4#13,T5#12,T6#11,T7#10,T8#9,T9#8,T10#7,T11#6,T12#5,T13#4,T14#3,T15#2,T16>group(App<Mu<Object>,T1#16>,App<Mu<Object>,T2#15>,App<Mu<Object>,T3#14>,App<Mu<Object>,T4#13>,App<Mu<Object>,T5#12>,App<Mu<Object>,T6#11>,App<Mu<Object>,T7#10>,App<Mu<Object>,T8#9>,App<Mu<Object>,T9#8>,App<Mu<Object>,T10#7>,App<Mu<Object>,T11#6>,App<Mu<Object>,T12#5>,App<Mu<Object>,T13#4>,App<Mu<Object>,T14#3>,App<Mu<Object>,T15#2>,App<Mu<Object>,T16>) is not applicable
      (cannot infer type-variable(s) T1#16,T2#15,T3#14,T4#13,T5#12,T6#11,T7#10,T8#9,T9#8,T10#7,T11#6,T12#5,T13#4,T14#3,T15#2,T16
        (actual and formal argument lists differ in length))
  where T1#1,F,T1#2,T2#1,T1#3,T2#2,T3#1,T1#4,T2#3,T3#2,T4#1,T1#5,T2#4,T3#3,T4#2,T5#1,O,A,T1#6,T2#5,T3#4,T4#3,T5#2,T6#1,T1#7,T2#6,T3#5,T4#4,T5#3,T6#2,T7#1,T1#8,T2#7,T3#6,T4#5,T5#4,T6#3,T7#2,T8#1,T1#9,T2#8,T3#7,T4#6,T5#5,T6#4,T7#3,T8#2,T9#1,T1#10,T2#9,T3#8,T4#7,T5#6,T6#5,T7#4,T8#3,T9#2,T10#1,T1#11,T2#10,T3#9,T4#8,T5#7,T6#6,T7#5,T8#4,T9#3,T10#2,T11#1,T1#12,T2#11,T3#10,T4#9,T5#8,T6#7,T7#6,T8#5,T9#4,T10#3,T11#2,T12#1,T1#13,T2#12,T3#11,T4#10,T5#9,T6#8,T7#7,T8#6,T9#5,T10#4,T11#3,T12#2,T13#1,T1#14,T2#13,T3#12,T4#11,T5#10,T6#9,T7#8,T8#7,T9#6,T10#5,T11#4,T12#3,T13#2,T14#1,T1#15,T2#14,T3#13,T4#12,T5#11,T6#10,T7#9,T8#8,T9#7,T10#6,T11#5,T12#4,T13#3,T14#2,T15#1,T1#16,T2#15,T3#14,T4#13,T5#12,T6#11,T7#10,T8#9,T9#8,T10#7,T11#6,T12#5,T13#4,T14#3,T15#2,T16 are type-variables:
    T1#1 extends Object declared in method <T1#1>group(App<F,T1#1>)
    F extends K1 declared in interface Kind1
    T1#2 extends Object declared in method <T1#2,T2#1>group(App<F,T1#2>,App<F,T2#1>)
    T2#1 extends Object declared in method <T1#2,T2#1>group(App<F,T1#2>,App<F,T2#1>)
    T1#3 extends Object declared in method <T1#3,T2#2,T3#1>group(App<F,T1#3>,App<F,T2#2>,App<F,T3#1>)
    T2#2 extends Object declared in method <T1#3,T2#2,T3#1>group(App<F,T1#3>,App<F,T2#2>,App<F,T3#1>)
    T3#1 extends Object declared in method <T1#3,T2#2,T3#1>group(App<F,T1#3>,App<F,T2#2>,App<F,T3#1>)
    T1#4 extends Object declared in method <T1#4,T2#3,T3#2,T4#1>group(App<F,T1#4>,App<F,T2#3>,App<F,T3#2>,App<F,T4#1>)
    T2#3 extends Object declared in method <T1#4,T2#3,T3#2,T4#1>group(App<F,T1#4>,App<F,T2#3>,App<F,T3#2>,App<F,T4#1>)
    T3#2 extends Object declared in method <T1#4,T2#3,T3#2,T4#1>group(App<F,T1#4>,App<F,T2#3>,App<F,T3#2>,App<F,T4#1>)
    T4#1 extends Object declared in method <T1#4,T2#3,T3#2,T4#1>group(App<F,T1#4>,App<F,T2#3>,App<F,T3#2>,App<F,T4#1>)
    T1#5 extends Object declared in method <T1#5,T2#4,T3#3,T4#2,T5#1>group(App<F,T1#5>,App<F,T2#4>,App<F,T3#3>,App<F,T4#2>,App<F,T5#1>)
    T2#4 extends Object declared in method <T1#5,T2#4,T3#3,T4#2,T5#1>group(App<F,T1#5>,App<F,T2#4>,App<F,T3#3>,App<F,T4#2>,App<F,T5#1>)
    T3#3 extends Object declared in method <T1#5,T2#4,T3#3,T4#2,T5#1>group(App<F,T1#5>,App<F,T2#4>,App<F,T3#3>,App<F,T4#2>,App<F,T5#1>)
    T4#2 extends Object declared in method <T1#5,T2#4,T3#3,T4#2,T5#1>group(App<F,T1#5>,App<F,T2#4>,App<F,T3#3>,App<F,T4#2>,App<F,T5#1>)
    T5#1 extends Object declared in method <T1#5,T2#4,T3#3,T4#2,T5#1>group(App<F,T1#5>,App<F,T2#4>,App<F,T3#3>,App<F,T4#2>,App<F,T5#1>)
    O extends Object declared in method <O>forGetter(Function<O,A>)
    A extends Object declared in class MapCodec
    T1#6 extends Object declared in method <T1#6,T2#5,T3#4,T4#3,T5#2,T6#1>group(App<F,T1#6>,App<F,T2#5>,App<F,T3#4>,App<F,T4#3>,App<F,T5#2>,App<F,T6#1>)
    T2#5 extends Object declared in method <T1#6,T2#5,T3#4,T4#3,T5#2,T6#1>group(App<F,T1#6>,App<F,T2#5>,App<F,T3#4>,App<F,T4#3>,App<F,T5#2>,App<F,T6#1>)
    T3#4 extends Object declared in method <T1#6,T2#5,T3#4,T4#3,T5#2,T6#1>group(App<F,T1#6>,App<F,T2#5>,App<F,T3#4>,App<F,T4#3>,App<F,T5#2>,App<F,T6#1>)
    T4#3 extends Object declared in method <T1#6,T2#5,T3#4,T4#3,T5#2,T6#1>group(App<F,T1#6>,App<F,T2#5>,App<F,T3#4>,App<F,T4#3>,App<F,T5#2>,App<F,T6#1>)
    T5#2 extends Object declared in method <T1#6,T2#5,T3#4,T4#3,T5#2,T6#1>group(App<F,T1#6>,App<F,T2#5>,App<F,T3#4>,App<F,T4#3>,App<F,T5#2>,App<F,T6#1>)
    T6#1 extends Object declared in method <T1#6,T2#5,T3#4,T4#3,T5#2,T6#1>group(App<F,T1#6>,App<F,T2#5>,App<F,T3#4>,App<F,T4#3>,App<F,T5#2>,App<F,T6#1>)
    T1#7 extends Object declared in method <T1#7,T2#6,T3#5,T4#4,T5#3,T6#2,T7#1>group(App<F,T1#7>,App<F,T2#6>,App<F,T3#5>,App<F,T4#4>,App<F,T5#3>,App<F,T6#2>,App<F,T7#1>)
    T2#6 extends Object declared in method <T1#7,T2#6,T3#5,T4#4,T5#3,T6#2,T7#1>group(App<F,T1#7>,App<F,T2#6>,App<F,T3#5>,App<F,T4#4>,App<F,T5#3>,App<F,T6#2>,App<F,T7#1>)
    T3#5 extends Object declared in method <T1#7,T2#6,T3#5,T4#4,T5#3,T6#2,T7#1>group(App<F,T1#7>,App<F,T2#6>,App<F,T3#5>,App<F,T4#4>,App<F,T5#3>,App<F,T6#2>,App<F,T7#1>)
    T4#4 extends Object declared in method <T1#7,T2#6,T3#5,T4#4,T5#3,T6#2,T7#1>group(App<F,T1#7>,App<F,T2#6>,App<F,T3#5>,App<F,T4#4>,App<F,T5#3>,App<F,T6#2>,App<F,T7#1>)
    T5#3 extends Object declared in method <T1#7,T2#6,T3#5,T4#4,T5#3,T6#2,T7#1>group(App<F,T1#7>,App<F,T2#6>,App<F,T3#5>,App<F,T4#4>,App<F,T5#3>,App<F,T6#2>,App<F,T7#1>)
    T6#2 extends Object declared in method <T1#7,T2#6,T3#5,T4#4,T5#3,T6#2,T7#1>group(App<F,T1#7>,App<F,T2#6>,App<F,T3#5>,App<F,T4#4>,App<F,T5#3>,App<F,T6#2>,App<F,T7#1>)
    T7#1 extends Object declared in method <T1#7,T2#6,T3#5,T4#4,T5#3,T6#2,T7#1>group(App<F,T1#7>,App<F,T2#6>,App<F,T3#5>,App<F,T4#4>,App<F,T5#3>,App<F,T6#2>,App<F,T7#1>)
    T1#8 extends Object declared in method <T1#8,T2#7,T3#6,T4#5,T5#4,T6#3,T7#2,T8#1>group(App<F,T1#8>,App<F,T2#7>,App<F,T3#6>,App<F,T4#5>,App<F,T5#4>,App<F,T6#3>,App<F,T7#2>,App<F,T8#1>)
    T2#7 extends Object declared in method <T1#8,T2#7,T3#6,T4#5,T5#4,T6#3,T7#2,T8#1>group(App<F,T1#8>,App<F,T2#7>,App<F,T3#6>,App<F,T4#5>,App<F,T5#4>,App<F,T6#3>,App<F,T7#2>,App<F,T8#1>)
    T3#6 extends Object declared in method <T1#8,T2#7,T3#6,T4#5,T5#4,T6#3,T7#2,T8#1>group(App<F,T1#8>,App<F,T2#7>,App<F,T3#6>,App<F,T4#5>,App<F,T5#4>,App<F,T6#3>,App<F,T7#2>,App<F,T8#1>)
    T4#5 extends Object declared in method <T1#8,T2#7,T3#6,T4#5,T5#4,T6#3,T7#2,T8#1>group(App<F,T1#8>,App<F,T2#7>,App<F,T3#6>,App<F,T4#5>,App<F,T5#4>,App<F,T6#3>,App<F,T7#2>,App<F,T8#1>)
    T5#4 extends Object declared in method <T1#8,T2#7,T3#6,T4#5,T5#4,T6#3,T7#2,T8#1>group(App<F,T1#8>,App<F,T2#7>,App<F,T3#6>,App<F,T4#5>,App<F,T5#4>,App<F,T6#3>,App<F,T7#2>,App<F,T8#1>)
    T6#3 extends Object declared in method <T1#8,T2#7,T3#6,T4#5,T5#4,T6#3,T7#2,T8#1>group(App<F,T1#8>,App<F,T2#7>,App<F,T3#6>,App<F,T4#5>,App<F,T5#4>,App<F,T6#3>,App<F,T7#2>,App<F,T8#1>)
    T7#2 extends Object declared in method <T1#8,T2#7,T3#6,T4#5,T5#4,T6#3,T7#2,T8#1>group(App<F,T1#8>,App<F,T2#7>,App<F,T3#6>,App<F,T4#5>,App<F,T5#4>,App<F,T6#3>,App<F,T7#2>,App<F,T8#1>)
    T8#1 extends Object declared in method <T1#8,T2#7,T3#6,T4#5,T5#4,T6#3,T7#2,T8#1>group(App<F,T1#8>,App<F,T2#7>,App<F,T3#6>,App<F,T4#5>,App<F,T5#4>,App<F,T6#3>,App<F,T7#2>,App<F,T8#1>)
    T1#9 extends Object declared in method <T1#9,T2#8,T3#7,T4#6,T5#5,T6#4,T7#3,T8#2,T9#1>group(App<F,T1#9>,App<F,T2#8>,App<F,T3#7>,App<F,T4#6>,App<F,T5#5>,App<F,T6#4>,App<F,T7#3>,App<F,T8#2>,App<F,T9#1>)
    T2#8 extends Object declared in method <T1#9,T2#8,T3#7,T4#6,T5#5,T6#4,T7#3,T8#2,T9#1>group(App<F,T1#9>,App<F,T2#8>,App<F,T3#7>,App<F,T4#6>,App<F,T5#5>,App<F,T6#4>,App<F,T7#3>,App<F,T8#2>,App<F,T9#1>)
    T3#7 extends Object declared in method <T1#9,T2#8,T3#7,T4#6,T5#5,T6#4,T7#3,T8#2,T9#1>group(App<F,T1#9>,App<F,T2#8>,App<F,T3#7>,App<F,T4#6>,App<F,T5#5>,App<F,T6#4>,App<F,T7#3>,App<F,T8#2>,App<F,T9#1>)
    T4#6 extends Object declared in method <T1#9,T2#8,T3#7,T4#6,T5#5,T6#4,T7#3,T8#2,T9#1>group(App<F,T1#9>,App<F,T2#8>,App<F,T3#7>,App<F,T4#6>,App<F,T5#5>,App<F,T6#4>,App<F,T7#3>,App<F,T8#2>,App<F,T9#1>)
    T5#5 extends Object declared in method <T1#9,T2#8,T3#7,T4#6,T5#5,T6#4,T7#3,T8#2,T9#1>group(App<F,T1#9>,App<F,T2#8>,App<F,T3#7>,App<F,T4#6>,App<F,T5#5>,App<F,T6#4>,App<F,T7#3>,App<F,T8#2>,App<F,T9#1>)
    T6#4 extends Object declared in method <T1#9,T2#8,T3#7,T4#6,T5#5,T6#4,T7#3,T8#2,T9#1>group(App<F,T1#9>,App<F,T2#8>,App<F,T3#7>,App<F,T4#6>,App<F,T5#5>,App<F,T6#4>,App<F,T7#3>,App<F,T8#2>,App<F,T9#1>)
    T7#3 extends Object declared in method <T1#9,T2#8,T3#7,T4#6,T5#5,T6#4,T7#3,T8#2,T9#1>group(App<F,T1#9>,App<F,T2#8>,App<F,T3#7>,App<F,T4#6>,App<F,T5#5>,App<F,T6#4>,App<F,T7#3>,App<F,T8#2>,App<F,T9#1>)
    T8#2 extends Object declared in method <T1#9,T2#8,T3#7,T4#6,T5#5,T6#4,T7#3,T8#2,T9#1>group(App<F,T1#9>,App<F,T2#8>,App<F,T3#7>,App<F,T4#6>,App<F,T5#5>,App<F,T6#4>,App<F,T7#3>,App<F,T8#2>,App<F,T9#1>)
    T9#1 extends Object declared in method <T1#9,T2#8,T3#7,T4#6,T5#5,T6#4,T7#3,T8#2,T9#1>group(App<F,T1#9>,App<F,T2#8>,App<F,T3#7>,App<F,T4#6>,App<F,T5#5>,App<F,T6#4>,App<F,T7#3>,App<F,T8#2>,App<F,T9#1>)
    T1#10 extends Object declared in method <T1#10,T2#9,T3#8,T4#7,T5#6,T6#5,T7#4,T8#3,T9#2,T10#1>group(App<F,T1#10>,App<F,T2#9>,App<F,T3#8>,App<F,T4#7>,App<F,T5#6>,App<F,T6#5>,App<F,T7#4>,App<F,T8#3>,App<F,T9#2>,App<F,T10#1>)
    T2#9 extends Object declared in method <T1#10,T2#9,T3#8,T4#7,T5#6,T6#5,T7#4,T8#3,T9#2,T10#1>group(App<F,T1#10>,App<F,T2#9>,App<F,T3#8>,App<F,T4#7>,App<F,T5#6>,App<F,T6#5>,App<F,T7#4>,App<F,T8#3>,App<F,T9#2>,App<F,T10#1>)
    T3#8 extends Object declared in method <T1#10,T2#9,T3#8,T4#7,T5#6,T6#5,T7#4,T8#3,T9#2,T10#1>group(App<F,T1#10>,App<F,T2#9>,App<F,T3#8>,App<F,T4#7>,App<F,T5#6>,App<F,T6#5>,App<F,T7#4>,App<F,T8#3>,App<F,T9#2>,App<F,T10#1>)
    T4#7 extends Object declared in method <T1#10,T2#9,T3#8,T4#7,T5#6,T6#5,T7#4,T8#3,T9#2,T10#1>group(App<F,T1#10>,App<F,T2#9>,App<F,T3#8>,App<F,T4#7>,App<F,T5#6>,App<F,T6#5>,App<F,T7#4>,App<F,T8#3>,App<F,T9#2>,App<F,T10#1>)
    T5#6 extends Object declared in method <T1#10,T2#9,T3#8,T4#7,T5#6,T6#5,T7#4,T8#3,T9#2,T10#1>group(App<F,T1#10>,App<F,T2#9>,App<F,T3#8>,App<F,T4#7>,App<F,T5#6>,App<F,T6#5>,App<F,T7#4>,App<F,T8#3>,App<F,T9#2>,App<F,T10#1>)
    T6#5 extends Object declared in method <T1#10,T2#9,T3#8,T4#7,T5#6,T6#5,T7#4,T8#3,T9#2,T10#1>group(App<F,T1#10>,App<F,T2#9>,App<F,T3#8>,App<F,T4#7>,App<F,T5#6>,App<F,T6#5>,App<F,T7#4>,App<F,T8#3>,App<F,T9#2>,App<F,T10#1>)
    T7#4 extends Object declared in method <T1#10,T2#9,T3#8,T4#7,T5#6,T6#5,T7#4,T8#3,T9#2,T10#1>group(App<F,T1#10>,App<F,T2#9>,App<F,T3#8>,App<F,T4#7>,App<F,T5#6>,App<F,T6#5>,App<F,T7#4>,App<F,T8#3>,App<F,T9#2>,App<F,T10#1>)
    T8#3 extends Object declared in method <T1#10,T2#9,T3#8,T4#7,T5#6,T6#5,T7#4,T8#3,T9#2,T10#1>group(App<F,T1#10>,App<F,T2#9>,App<F,T3#8>,App<F,T4#7>,App<F,T5#6>,App<F,T6#5>,App<F,T7#4>,App<F,T8#3>,App<F,T9#2>,App<F,T10#1>)
    T9#2 extends Object declared in method <T1#10,T2#9,T3#8,T4#7,T5#6,T6#5,T7#4,T8#3,T9#2,T10#1>group(App<F,T1#10>,App<F,T2#9>,App<F,T3#8>,App<F,T4#7>,App<F,T5#6>,App<F,T6#5>,App<F,T7#4>,App<F,T8#3>,App<F,T9#2>,App<F,T10#1>)
    T10#1 extends Object declared in method <T1#10,T2#9,T3#8,T4#7,T5#6,T6#5,T7#4,T8#3,T9#2,T10#1>group(App<F,T1#10>,App<F,T2#9>,App<F,T3#8>,App<F,T4#7>,App<F,T5#6>,App<F,T6#5>,App<F,T7#4>,App<F,T8#3>,App<F,T9#2>,App<F,T10#1>)
    T1#11 extends Object declared in method <T1#11,T2#10,T3#9,T4#8,T5#7,T6#6,T7#5,T8#4,T9#3,T10#2,T11#1>group(App<F,T1#11>,App<F,T2#10>,App<F,T3#9>,App<F,T4#8>,App<F,T5#7>,App<F,T6#6>,App<F,T7#5>,App<F,T8#4>,App<F,T9#3>,App<F,T10#2>,App<F,T11#1>)
    T2#10 extends Object declared in method <T1#11,T2#10,T3#9,T4#8,T5#7,T6#6,T7#5,T8#4,T9#3,T10#2,T11#1>group(App<F,T1#11>,App<F,T2#10>,App<F,T3#9>,App<F,T4#8>,App<F,T5#7>,App<F,T6#6>,App<F,T7#5>,App<F,T8#4>,App<F,T9#3>,App<F,T10#2>,App<F,T11#1>)
    T3#9 extends Object declared in method <T1#11,T2#10,T3#9,T4#8,T5#7,T6#6,T7#5,T8#4,T9#3,T10#2,T11#1>group(App<F,T1#11>,App<F,T2#10>,App<F,T3#9>,App<F,T4#8>,App<F,T5#7>,App<F,T6#6>,App<F,T7#5>,App<F,T8#4>,App<F,T9#3>,App<F,T10#2>,App<F,T11#1>)
    T4#8 extends Object declared in method <T1#11,T2#10,T3#9,T4#8,T5#7,T6#6,T7#5,T8#4,T9#3,T10#2,T11#1>group(App<F,T1#11>,App<F,T2#10>,App<F,T3#9>,App<F,T4#8>,App<F,T5#7>,App<F,T6#6>,App<F,T7#5>,App<F,T8#4>,App<F,T9#3>,App<F,T10#2>,App<F,T11#1>)
    T5#7 extends Object declared in method <T1#11,T2#10,T3#9,T4#8,T5#7,T6#6,T7#5,T8#4,T9#3,T10#2,T11#1>group(App<F,T1#11>,App<F,T2#10>,App<F,T3#9>,App<F,T4#8>,App<F,T5#7>,App<F,T6#6>,App<F,T7#5>,App<F,T8#4>,App<F,T9#3>,App<F,T10#2>,App<F,T11#1>)
    T6#6 extends Object declared in method <T1#11,T2#10,T3#9,T4#8,T5#7,T6#6,T7#5,T8#4,T9#3,T10#2,T11#1>group(App<F,T1#11>,App<F,T2#10>,App<F,T3#9>,App<F,T4#8>,App<F,T5#7>,App<F,T6#6>,App<F,T7#5>,App<F,T8#4>,App<F,T9#3>,App<F,T10#2>,App<F,T11#1>)
    T7#5 extends Object declared in method <T1#11,T2#10,T3#9,T4#8,T5#7,T6#6,T7#5,T8#4,T9#3,T10#2,T11#1>group(App<F,T1#11>,App<F,T2#10>,App<F,T3#9>,App<F,T4#8>,App<F,T5#7>,App<F,T6#6>,App<F,T7#5>,App<F,T8#4>,App<F,T9#3>,App<F,T10#2>,App<F,T11#1>)
    T8#4 extends Object declared in method <T1#11,T2#10,T3#9,T4#8,T5#7,T6#6,T7#5,T8#4,T9#3,T10#2,T11#1>group(App<F,T1#11>,App<F,T2#10>,App<F,T3#9>,App<F,T4#8>,App<F,T5#7>,App<F,T6#6>,App<F,T7#5>,App<F,T8#4>,App<F,T9#3>,App<F,T10#2>,App<F,T11#1>)
    T9#3 extends Object declared in method <T1#11,T2#10,T3#9,T4#8,T5#7,T6#6,T7#5,T8#4,T9#3,T10#2,T11#1>group(App<F,T1#11>,App<F,T2#10>,App<F,T3#9>,App<F,T4#8>,App<F,T5#7>,App<F,T6#6>,App<F,T7#5>,App<F,T8#4>,App<F,T9#3>,App<F,T10#2>,App<F,T11#1>)
    T10#2 extends Object declared in method <T1#11,T2#10,T3#9,T4#8,T5#7,T6#6,T7#5,T8#4,T9#3,T10#2,T11#1>group(App<F,T1#11>,App<F,T2#10>,App<F,T3#9>,App<F,T4#8>,App<F,T5#7>,App<F,T6#6>,App<F,T7#5>,App<F,T8#4>,App<F,T9#3>,App<F,T10#2>,App<F,T11#1>)
    T11#1 extends Object declared in method <T1#11,T2#10,T3#9,T4#8,T5#7,T6#6,T7#5,T8#4,T9#3,T10#2,T11#1>group(App<F,T1#11>,App<F,T2#10>,App<F,T3#9>,App<F,T4#8>,App<F,T5#7>,App<F,T6#6>,App<F,T7#5>,App<F,T8#4>,App<F,T9#3>,App<F,T10#2>,App<F,T11#1>)
    T1#12 extends Object declared in method <T1#12,T2#11,T3#10,T4#9,T5#8,T6#7,T7#6,T8#5,T9#4,T10#3,T11#2,T12#1>group(App<F,T1#12>,App<F,T2#11>,App<F,T3#10>,App<F,T4#9>,App<F,T5#8>,App<F,T6#7>,App<F,T7#6>,App<F,T8#5>,App<F,T9#4>,App<F,T10#3>,App<F,T11#2>,App<F,T12#1>)
    T2#11 extends Object declared in method <T1#12,T2#11,T3#10,T4#9,T5#8,T6#7,T7#6,T8#5,T9#4,T10#3,T11#2,T12#1>group(App<F,T1#12>,App<F,T2#11>,App<F,T3#10>,App<F,T4#9>,App<F,T5#8>,App<F,T6#7>,App<F,T7#6>,App<F,T8#5>,App<F,T9#4>,App<F,T10#3>,App<F,T11#2>,App<F,T12#1>)
    T3#10 extends Object declared in method <T1#12,T2#11,T3#10,T4#9,T5#8,T6#7,T7#6,T8#5,T9#4,T10#3,T11#2,T12#1>group(App<F,T1#12>,App<F,T2#11>,App<F,T3#10>,App<F,T4#9>,App<F,T5#8>,App<F,T6#7>,App<F,T7#6>,App<F,T8#5>,App<F,T9#4>,App<F,T10#3>,App<F,T11#2>,App<F,T12#1>)
    T4#9 extends Object declared in method <T1#12,T2#11,T3#10,T4#9,T5#8,T6#7,T7#6,T8#5,T9#4,T10#3,T11#2,T12#1>group(App<F,T1#12>,App<F,T2#11>,App<F,T3#10>,App<F,T4#9>,App<F,T5#8>,App<F,T6#7>,App<F,T7#6>,App<F,T8#5>,App<F,T9#4>,App<F,T10#3>,App<F,T11#2>,App<F,T12#1>)
    T5#8 extends Object declared in method <T1#12,T2#11,T3#10,T4#9,T5#8,T6#7,T7#6,T8#5,T9#4,T10#3,T11#2,T12#1>group(App<F,T1#12>,App<F,T2#11>,App<F,T3#10>,App<F,T4#9>,App<F,T5#8>,App<F,T6#7>,App<F,T7#6>,App<F,T8#5>,App<F,T9#4>,App<F,T10#3>,App<F,T11#2>,App<F,T12#1>)
    T6#7 extends Object declared in method <T1#12,T2#11,T3#10,T4#9,T5#8,T6#7,T7#6,T8#5,T9#4,T10#3,T11#2,T12#1>group(App<F,T1#12>,App<F,T2#11>,App<F,T3#10>,App<F,T4#9>,App<F,T5#8>,App<F,T6#7>,App<F,T7#6>,App<F,T8#5>,App<F,T9#4>,App<F,T10#3>,App<F,T11#2>,App<F,T12#1>)
    T7#6 extends Object declared in method <T1#12,T2#11,T3#10,T4#9,T5#8,T6#7,T7#6,T8#5,T9#4,T10#3,T11#2,T12#1>group(App<F,T1#12>,App<F,T2#11>,App<F,T3#10>,App<F,T4#9>,App<F,T5#8>,App<F,T6#7>,App<F,T7#6>,App<F,T8#5>,App<F,T9#4>,App<F,T10#3>,App<F,T11#2>,App<F,T12#1>)
    T8#5 extends Object declared in method <T1#12,T2#11,T3#10,T4#9,T5#8,T6#7,T7#6,T8#5,T9#4,T10#3,T11#2,T12#1>group(App<F,T1#12>,App<F,T2#11>,App<F,T3#10>,App<F,T4#9>,App<F,T5#8>,App<F,T6#7>,App<F,T7#6>,App<F,T8#5>,App<F,T9#4>,App<F,T10#3>,App<F,T11#2>,App<F,T12#1>)
    T9#4 extends Object declared in method <T1#12,T2#11,T3#10,T4#9,T5#8,T6#7,T7#6,T8#5,T9#4,T10#3,T11#2,T12#1>group(App<F,T1#12>,App<F,T2#11>,App<F,T3#10>,App<F,T4#9>,App<F,T5#8>,App<F,T6#7>,App<F,T7#6>,App<F,T8#5>,App<F,T9#4>,App<F,T10#3>,App<F,T11#2>,App<F,T12#1>)
    T10#3 extends Object declared in method <T1#12,T2#11,T3#10,T4#9,T5#8,T6#7,T7#6,T8#5,T9#4,T10#3,T11#2,T12#1>group(App<F,T1#12>,App<F,T2#11>,App<F,T3#10>,App<F,T4#9>,App<F,T5#8>,App<F,T6#7>,App<F,T7#6>,App<F,T8#5>,App<F,T9#4>,App<F,T10#3>,App<F,T11#2>,App<F,T12#1>)
    T11#2 extends Object declared in method <T1#12,T2#11,T3#10,T4#9,T5#8,T6#7,T7#6,T8#5,T9#4,T10#3,T11#2,T12#1>group(App<F,T1#12>,App<F,T2#11>,App<F,T3#10>,App<F,T4#9>,App<F,T5#8>,App<F,T6#7>,App<F,T7#6>,App<F,T8#5>,App<F,T9#4>,App<F,T10#3>,App<F,T11#2>,App<F,T12#1>)
    T12#1 extends Object declared in method <T1#12,T2#11,T3#10,T4#9,T5#8,T6#7,T7#6,T8#5,T9#4,T10#3,T11#2,T12#1>group(App<F,T1#12>,App<F,T2#11>,App<F,T3#10>,App<F,T4#9>,App<F,T5#8>,App<F,T6#7>,App<F,T7#6>,App<F,T8#5>,App<F,T9#4>,App<F,T10#3>,App<F,T11#2>,App<F,T12#1>)
    T1#13 extends Object declared in method <T1#13,T2#12,T3#11,T4#10,T5#9,T6#8,T7#7,T8#6,T9#5,T10#4,T11#3,T12#2,T13#1>group(App<F,T1#13>,App<F,T2#12>,App<F,T3#11>,App<F,T4#10>,App<F,T5#9>,App<F,T6#8>,App<F,T7#7>,App<F,T8#6>,App<F,T9#5>,App<F,T10#4>,App<F,T11#3>,App<F,T12#2>,App<F,T13#1>)
    T2#12 extends Object declared in method <T1#13,T2#12,T3#11,T4#10,T5#9,T6#8,T7#7,T8#6,T9#5,T10#4,T11#3,T12#2,T13#1>group(App<F,T1#13>,App<F,T2#12>,App<F,T3#11>,App<F,T4#10>,App<F,T5#9>,App<F,T6#8>,App<F,T7#7>,App<F,T8#6>,App<F,T9#5>,App<F,T10#4>,App<F,T11#3>,App<F,T12#2>,App<F,T13#1>)
    T3#11 extends Object declared in method <T1#13,T2#12,T3#11,T4#10,T5#9,T6#8,T7#7,T8#6,T9#5,T10#4,T11#3,T12#2,T13#1>group(App<F,T1#13>,App<F,T2#12>,App<F,T3#11>,App<F,T4#10>,App<F,T5#9>,App<F,T6#8>,App<F,T7#7>,App<F,T8#6>,App<F,T9#5>,App<F,T10#4>,App<F,T11#3>,App<F,T12#2>,App<F,T13#1>)
    T4#10 extends Object declared in method <T1#13,T2#12,T3#11,T4#10,T5#9,T6#8,T7#7,T8#6,T9#5,T10#4,T11#3,T12#2,T13#1>group(App<F,T1#13>,App<F,T2#12>,App<F,T3#11>,App<F,T4#10>,App<F,T5#9>,App<F,T6#8>,App<F,T7#7>,App<F,T8#6>,App<F,T9#5>,App<F,T10#4>,App<F,T11#3>,App<F,T12#2>,App<F,T13#1>)
    T5#9 extends Object declared in method <T1#13,T2#12,T3#11,T4#10,T5#9,T6#8,T7#7,T8#6,T9#5,T10#4,T11#3,T12#2,T13#1>group(App<F,T1#13>,App<F,T2#12>,App<F,T3#11>,App<F,T4#10>,App<F,T5#9>,App<F,T6#8>,App<F,T7#7>,App<F,T8#6>,App<F,T9#5>,App<F,T10#4>,App<F,T11#3>,App<F,T12#2>,App<F,T13#1>)
    T6#8 extends Object declared in method <T1#13,T2#12,T3#11,T4#10,T5#9,T6#8,T7#7,T8#6,T9#5,T10#4,T11#3,T12#2,T13#1>group(App<F,T1#13>,App<F,T2#12>,App<F,T3#11>,App<F,T4#10>,App<F,T5#9>,App<F,T6#8>,App<F,T7#7>,App<F,T8#6>,App<F,T9#5>,App<F,T10#4>,App<F,T11#3>,App<F,T12#2>,App<F,T13#1>)
    T7#7 extends Object declared in method <T1#13,T2#12,T3#11,T4#10,T5#9,T6#8,T7#7,T8#6,T9#5,T10#4,T11#3,T12#2,T13#1>group(App<F,T1#13>,App<F,T2#12>,App<F,T3#11>,App<F,T4#10>,App<F,T5#9>,App<F,T6#8>,App<F,T7#7>,App<F,T8#6>,App<F,T9#5>,App<F,T10#4>,App<F,T11#3>,App<F,T12#2>,App<F,T13#1>)
    T8#6 extends Object declared in method <T1#13,T2#12,T3#11,T4#10,T5#9,T6#8,T7#7,T8#6,T9#5,T10#4,T11#3,T12#2,T13#1>group(App<F,T1#13>,App<F,T2#12>,App<F,T3#11>,App<F,T4#10>,App<F,T5#9>,App<F,T6#8>,App<F,T7#7>,App<F,T8#6>,App<F,T9#5>,App<F,T10#4>,App<F,T11#3>,App<F,T12#2>,App<F,T13#1>)
    T9#5 extends Object declared in method <T1#13,T2#12,T3#11,T4#10,T5#9,T6#8,T7#7,T8#6,T9#5,T10#4,T11#3,T12#2,T13#1>group(App<F,T1#13>,App<F,T2#12>,App<F,T3#11>,App<F,T4#10>,App<F,T5#9>,App<F,T6#8>,App<F,T7#7>,App<F,T8#6>,App<F,T9#5>,App<F,T10#4>,App<F,T11#3>,App<F,T12#2>,App<F,T13#1>)
    T10#4 extends Object declared in method <T1#13,T2#12,T3#11,T4#10,T5#9,T6#8,T7#7,T8#6,T9#5,T10#4,T11#3,T12#2,T13#1>group(App<F,T1#13>,App<F,T2#12>,App<F,T3#11>,App<F,T4#10>,App<F,T5#9>,App<F,T6#8>,App<F,T7#7>,App<F,T8#6>,App<F,T9#5>,App<F,T10#4>,App<F,T11#3>,App<F,T12#2>,App<F,T13#1>)
    T11#3 extends Object declared in method <T1#13,T2#12,T3#11,T4#10,T5#9,T6#8,T7#7,T8#6,T9#5,T10#4,T11#3,T12#2,T13#1>group(App<F,T1#13>,App<F,T2#12>,App<F,T3#11>,App<F,T4#10>,App<F,T5#9>,App<F,T6#8>,App<F,T7#7>,App<F,T8#6>,App<F,T9#5>,App<F,T10#4>,App<F,T11#3>,App<F,T12#2>,App<F,T13#1>)
    T12#2 extends Object declared in method <T1#13,T2#12,T3#11,T4#10,T5#9,T6#8,T7#7,T8#6,T9#5,T10#4,T11#3,T12#2,T13#1>group(App<F,T1#13>,App<F,T2#12>,App<F,T3#11>,App<F,T4#10>,App<F,T5#9>,App<F,T6#8>,App<F,T7#7>,App<F,T8#6>,App<F,T9#5>,App<F,T10#4>,App<F,T11#3>,App<F,T12#2>,App<F,T13#1>)
    T13#1 extends Object declared in method <T1#13,T2#12,T3#11,T4#10,T5#9,T6#8,T7#7,T8#6,T9#5,T10#4,T11#3,T12#2,T13#1>group(App<F,T1#13>,App<F,T2#12>,App<F,T3#11>,App<F,T4#10>,App<F,T5#9>,App<F,T6#8>,App<F,T7#7>,App<F,T8#6>,App<F,T9#5>,App<F,T10#4>,App<F,T11#3>,App<F,T12#2>,App<F,T13#1>)
    T1#14 extends Object declared in method <T1#14,T2#13,T3#12,T4#11,T5#10,T6#9,T7#8,T8#7,T9#6,T10#5,T11#4,T12#3,T13#2,T14#1>group(App<F,T1#14>,App<F,T2#13>,App<F,T3#12>,App<F,T4#11>,App<F,T5#10>,App<F,T6#9>,App<F,T7#8>,App<F,T8#7>,App<F,T9#6>,App<F,T10#5>,App<F,T11#4>,App<F,T12#3>,App<F,T13#2>,App<F,T14#1>)
    T2#13 extends Object declared in method <T1#14,T2#13,T3#12,T4#11,T5#10,T6#9,T7#8,T8#7,T9#6,T10#5,T11#4,T12#3,T13#2,T14#1>group(App<F,T1#14>,App<F,T2#13>,App<F,T3#12>,App<F,T4#11>,App<F,T5#10>,App<F,T6#9>,App<F,T7#8>,App<F,T8#7>,App<F,T9#6>,App<F,T10#5>,App<F,T11#4>,App<F,T12#3>,App<F,T13#2>,App<F,T14#1>)
    T3#12 extends Object declared in method <T1#14,T2#13,T3#12,T4#11,T5#10,T6#9,T7#8,T8#7,T9#6,T10#5,T11#4,T12#3,T13#2,T14#1>group(App<F,T1#14>,App<F,T2#13>,App<F,T3#12>,App<F,T4#11>,App<F,T5#10>,App<F,T6#9>,App<F,T7#8>,App<F,T8#7>,App<F,T9#6>,App<F,T10#5>,App<F,T11#4>,App<F,T12#3>,App<F,T13#2>,App<F,T14#1>)
    T4#11 extends Object declared in method <T1#14,T2#13,T3#12,T4#11,T5#10,T6#9,T7#8,T8#7,T9#6,T10#5,T11#4,T12#3,T13#2,T14#1>group(App<F,T1#14>,App<F,T2#13>,App<F,T3#12>,App<F,T4#11>,App<F,T5#10>,App<F,T6#9>,App<F,T7#8>,App<F,T8#7>,App<F,T9#6>,App<F,T10#5>,App<F,T11#4>,App<F,T12#3>,App<F,T13#2>,App<F,T14#1>)
    T5#10 extends Object declared in method <T1#14,T2#13,T3#12,T4#11,T5#10,T6#9,T7#8,T8#7,T9#6,T10#5,T11#4,T12#3,T13#2,T14#1>group(App<F,T1#14>,App<F,T2#13>,App<F,T3#12>,App<F,T4#11>,App<F,T5#10>,App<F,T6#9>,App<F,T7#8>,App<F,T8#7>,App<F,T9#6>,App<F,T10#5>,App<F,T11#4>,App<F,T12#3>,App<F,T13#2>,App<F,T14#1>)
    T6#9 extends Object declared in method <T1#14,T2#13,T3#12,T4#11,T5#10,T6#9,T7#8,T8#7,T9#6,T10#5,T11#4,T12#3,T13#2,T14#1>group(App<F,T1#14>,App<F,T2#13>,App<F,T3#12>,App<F,T4#11>,App<F,T5#10>,App<F,T6#9>,App<F,T7#8>,App<F,T8#7>,App<F,T9#6>,App<F,T10#5>,App<F,T11#4>,App<F,T12#3>,App<F,T13#2>,App<F,T14#1>)
    T7#8 extends Object declared in method <T1#14,T2#13,T3#12,T4#11,T5#10,T6#9,T7#8,T8#7,T9#6,T10#5,T11#4,T12#3,T13#2,T14#1>group(App<F,T1#14>,App<F,T2#13>,App<F,T3#12>,App<F,T4#11>,App<F,T5#10>,App<F,T6#9>,App<F,T7#8>,App<F,T8#7>,App<F,T9#6>,App<F,T10#5>,App<F,T11#4>,App<F,T12#3>,App<F,T13#2>,App<F,T14#1>)
    T8#7 extends Object declared in method <T1#14,T2#13,T3#12,T4#11,T5#10,T6#9,T7#8,T8#7,T9#6,T10#5,T11#4,T12#3,T13#2,T14#1>group(App<F,T1#14>,App<F,T2#13>,App<F,T3#12>,App<F,T4#11>,App<F,T5#10>,App<F,T6#9>,App<F,T7#8>,App<F,T8#7>,App<F,T9#6>,App<F,T10#5>,App<F,T11#4>,App<F,T12#3>,App<F,T13#2>,App<F,T14#1>)
    T9#6 extends Object declared in method <T1#14,T2#13,T3#12,T4#11,T5#10,T6#9,T7#8,T8#7,T9#6,T10#5,T11#4,T12#3,T13#2,T14#1>group(App<F,T1#14>,App<F,T2#13>,App<F,T3#12>,App<F,T4#11>,App<F,T5#10>,App<F,T6#9>,App<F,T7#8>,App<F,T8#7>,App<F,T9#6>,App<F,T10#5>,App<F,T11#4>,App<F,T12#3>,App<F,T13#2>,App<F,T14#1>)
    T10#5 extends Object declared in method <T1#14,T2#13,T3#12,T4#11,T5#10,T6#9,T7#8,T8#7,T9#6,T10#5,T11#4,T12#3,T13#2,T14#1>group(App<F,T1#14>,App<F,T2#13>,App<F,T3#12>,App<F,T4#11>,App<F,T5#10>,App<F,T6#9>,App<F,T7#8>,App<F,T8#7>,App<F,T9#6>,App<F,T10#5>,App<F,T11#4>,App<F,T12#3>,App<F,T13#2>,App<F,T14#1>)
    T11#4 extends Object declared in method <T1#14,T2#13,T3#12,T4#11,T5#10,T6#9,T7#8,T8#7,T9#6,T10#5,T11#4,T12#3,T13#2,T14#1>group(App<F,T1#14>,App<F,T2#13>,App<F,T3#12>,App<F,T4#11>,App<F,T5#10>,App<F,T6#9>,App<F,T7#8>,App<F,T8#7>,App<F,T9#6>,App<F,T10#5>,App<F,T11#4>,App<F,T12#3>,App<F,T13#2>,App<F,T14#1>)
    T12#3 extends Object declared in method <T1#14,T2#13,T3#12,T4#11,T5#10,T6#9,T7#8,T8#7,T9#6,T10#5,T11#4,T12#3,T13#2,T14#1>group(App<F,T1#14>,App<F,T2#13>,App<F,T3#12>,App<F,T4#11>,App<F,T5#10>,App<F,T6#9>,App<F,T7#8>,App<F,T8#7>,App<F,T9#6>,App<F,T10#5>,App<F,T11#4>,App<F,T12#3>,App<F,T13#2>,App<F,T14#1>)
    T13#2 extends Object declared in method <T1#14,T2#13,T3#12,T4#11,T5#10,T6#9,T7#8,T8#7,T9#6,T10#5,T11#4,T12#3,T13#2,T14#1>group(App<F,T1#14>,App<F,T2#13>,App<F,T3#12>,App<F,T4#11>,App<F,T5#10>,App<F,T6#9>,App<F,T7#8>,App<F,T8#7>,App<F,T9#6>,App<F,T10#5>,App<F,T11#4>,App<F,T12#3>,App<F,T13#2>,App<F,T14#1>)
    T14#1 extends Object declared in method <T1#14,T2#13,T3#12,T4#11,T5#10,T6#9,T7#8,T8#7,T9#6,T10#5,T11#4,T12#3,T13#2,T14#1>group(App<F,T1#14>,App<F,T2#13>,App<F,T3#12>,App<F,T4#11>,App<F,T5#10>,App<F,T6#9>,App<F,T7#8>,App<F,T8#7>,App<F,T9#6>,App<F,T10#5>,App<F,T11#4>,App<F,T12#3>,App<F,T13#2>,App<F,T14#1>)
    T1#15 extends Object declared in method <T1#15,T2#14,T3#13,T4#12,T5#11,T6#10,T7#9,T8#8,T9#7,T10#6,T11#5,T12#4,T13#3,T14#2,T15#1>group(App<F,T1#15>,App<F,T2#14>,App<F,T3#13>,App<F,T4#12>,App<F,T5#11>,App<F,T6#10>,App<F,T7#9>,App<F,T8#8>,App<F,T9#7>,App<F,T10#6>,App<F,T11#5>,App<F,T12#4>,App<F,T13#3>,App<F,T14#2>,App<F,T15#1>)
    T2#14 extends Object declared in method <T1#15,T2#14,T3#13,T4#12,T5#11,T6#10,T7#9,T8#8,T9#7,T10#6,T11#5,T12#4,T13#3,T14#2,T15#1>group(App<F,T1#15>,App<F,T2#14>,App<F,T3#13>,App<F,T4#12>,App<F,T5#11>,App<F,T6#10>,App<F,T7#9>,App<F,T8#8>,App<F,T9#7>,App<F,T10#6>,App<F,T11#5>,App<F,T12#4>,App<F,T13#3>,App<F,T14#2>,App<F,T15#1>)
    T3#13 extends Object declared in method <T1#15,T2#14,T3#13,T4#12,T5#11,T6#10,T7#9,T8#8,T9#7,T10#6,T11#5,T12#4,T13#3,T14#2,T15#1>group(App<F,T1#15>,App<F,T2#14>,App<F,T3#13>,App<F,T4#12>,App<F,T5#11>,App<F,T6#10>,App<F,T7#9>,App<F,T8#8>,App<F,T9#7>,App<F,T10#6>,App<F,T11#5>,App<F,T12#4>,App<F,T13#3>,App<F,T14#2>,App<F,T15#1>)
    T4#12 extends Object declared in method <T1#15,T2#14,T3#13,T4#12,T5#11,T6#10,T7#9,T8#8,T9#7,T10#6,T11#5,T12#4,T13#3,T14#2,T15#1>group(App<F,T1#15>,App<F,T2#14>,App<F,T3#13>,App<F,T4#12>,App<F,T5#11>,App<F,T6#10>,App<F,T7#9>,App<F,T8#8>,App<F,T9#7>,App<F,T10#6>,App<F,T11#5>,App<F,T12#4>,App<F,T13#3>,App<F,T14#2>,App<F,T15#1>)
    T5#11 extends Object declared in method <T1#15,T2#14,T3#13,T4#12,T5#11,T6#10,T7#9,T8#8,T9#7,T10#6,T11#5,T12#4,T13#3,T14#2,T15#1>group(App<F,T1#15>,App<F,T2#14>,App<F,T3#13>,App<F,T4#12>,App<F,T5#11>,App<F,T6#10>,App<F,T7#9>,App<F,T8#8>,App<F,T9#7>,App<F,T10#6>,App<F,T11#5>,App<F,T12#4>,App<F,T13#3>,App<F,T14#2>,App<F,T15#1>)
    T6#10 extends Object declared in method <T1#15,T2#14,T3#13,T4#12,T5#11,T6#10,T7#9,T8#8,T9#7,T10#6,T11#5,T12#4,T13#3,T14#2,T15#1>group(App<F,T1#15>,App<F,T2#14>,App<F,T3#13>,App<F,T4#12>,App<F,T5#11>,App<F,T6#10>,App<F,T7#9>,App<F,T8#8>,App<F,T9#7>,App<F,T10#6>,App<F,T11#5>,App<F,T12#4>,App<F,T13#3>,App<F,T14#2>,App<F,T15#1>)
    T7#9 extends Object declared in method <T1#15,T2#14,T3#13,T4#12,T5#11,T6#10,T7#9,T8#8,T9#7,T10#6,T11#5,T12#4,T13#3,T14#2,T15#1>group(App<F,T1#15>,App<F,T2#14>,App<F,T3#13>,App<F,T4#12>,App<F,T5#11>,App<F,T6#10>,App<F,T7#9>,App<F,T8#8>,App<F,T9#7>,App<F,T10#6>,App<F,T11#5>,App<F,T12#4>,App<F,T13#3>,App<F,T14#2>,App<F,T15#1>)
    T8#8 extends Object declared in method <T1#15,T2#14,T3#13,T4#12,T5#11,T6#10,T7#9,T8#8,T9#7,T10#6,T11#5,T12#4,T13#3,T14#2,T15#1>group(App<F,T1#15>,App<F,T2#14>,App<F,T3#13>,App<F,T4#12>,App<F,T5#11>,App<F,T6#10>,App<F,T7#9>,App<F,T8#8>,App<F,T9#7>,App<F,T10#6>,App<F,T11#5>,App<F,T12#4>,App<F,T13#3>,App<F,T14#2>,App<F,T15#1>)
    T9#7 extends Object declared in method <T1#15,T2#14,T3#13,T4#12,T5#11,T6#10,T7#9,T8#8,T9#7,T10#6,T11#5,T12#4,T13#3,T14#2,T15#1>group(App<F,T1#15>,App<F,T2#14>,App<F,T3#13>,App<F,T4#12>,App<F,T5#11>,App<F,T6#10>,App<F,T7#9>,App<F,T8#8>,App<F,T9#7>,App<F,T10#6>,App<F,T11#5>,App<F,T12#4>,App<F,T13#3>,App<F,T14#2>,App<F,T15#1>)
    T10#6 extends Object declared in method <T1#15,T2#14,T3#13,T4#12,T5#11,T6#10,T7#9,T8#8,T9#7,T10#6,T11#5,T12#4,T13#3,T14#2,T15#1>group(App<F,T1#15>,App<F,T2#14>,App<F,T3#13>,App<F,T4#12>,App<F,T5#11>,App<F,T6#10>,App<F,T7#9>,App<F,T8#8>,App<F,T9#7>,App<F,T10#6>,App<F,T11#5>,App<F,T12#4>,App<F,T13#3>,App<F,T14#2>,App<F,T15#1>)
    T11#5 extends Object declared in method <T1#15,T2#14,T3#13,T4#12,T5#11,T6#10,T7#9,T8#8,T9#7,T10#6,T11#5,T12#4,T13#3,T14#2,T15#1>group(App<F,T1#15>,App<F,T2#14>,App<F,T3#13>,App<F,T4#12>,App<F,T5#11>,App<F,T6#10>,App<F,T7#9>,App<F,T8#8>,App<F,T9#7>,App<F,T10#6>,App<F,T11#5>,App<F,T12#4>,App<F,T13#3>,App<F,T14#2>,App<F,T15#1>)
    T12#4 extends Object declared in method <T1#15,T2#14,T3#13,T4#12,T5#11,T6#10,T7#9,T8#8,T9#7,T10#6,T11#5,T12#4,T13#3,T14#2,T15#1>group(App<F,T1#15>,App<F,T2#14>,App<F,T3#13>,App<F,T4#12>,App<F,T5#11>,App<F,T6#10>,App<F,T7#9>,App<F,T8#8>,App<F,T9#7>,App<F,T10#6>,App<F,T11#5>,App<F,T12#4>,App<F,T13#3>,App<F,T14#2>,App<F,T15#1>)
    T13#3 extends Object declared in method <T1#15,T2#14,T3#13,T4#12,T5#11,T6#10,T7#9,T8#8,T9#7,T10#6,T11#5,T12#4,T13#3,T14#2,T15#1>group(App<F,T1#15>,App<F,T2#14>,App<F,T3#13>,App<F,T4#12>,App<F,T5#11>,App<F,T6#10>,App<F,T7#9>,App<F,T8#8>,App<F,T9#7>,App<F,T10#6>,App<F,T11#5>,App<F,T12#4>,App<F,T13#3>,App<F,T14#2>,App<F,T15#1>)
    T14#2 extends Object declared in method <T1#15,T2#14,T3#13,T4#12,T5#11,T6#10,T7#9,T8#8,T9#7,T10#6,T11#5,T12#4,T13#3,T14#2,T15#1>group(App<F,T1#15>,App<F,T2#14>,App<F,T3#13>,App<F,T4#12>,App<F,T5#11>,App<F,T6#10>,App<F,T7#9>,App<F,T8#8>,App<F,T9#7>,App<F,T10#6>,App<F,T11#5>,App<F,T12#4>,App<F,T13#3>,App<F,T14#2>,App<F,T15#1>)
    T15#1 extends Object declared in method <T1#15,T2#14,T3#13,T4#12,T5#11,T6#10,T7#9,T8#8,T9#7,T10#6,T11#5,T12#4,T13#3,T14#2,T15#1>group(App<F,T1#15>,App<F,T2#14>,App<F,T3#13>,App<F,T4#12>,App<F,T5#11>,App<F,T6#10>,App<F,T7#9>,App<F,T8#8>,App<F,T9#7>,App<F,T10#6>,App<F,T11#5>,App<F,T12#4>,App<F,T13#3>,App<F,T14#2>,App<F,T15#1>)
    T1#16 extends Object declared in method <T1#16,T2#15,T3#14,T4#13,T5#12,T6#11,T7#10,T8#9,T9#8,T10#7,T11#6,T12#5,T13#4,T14#3,T15#2,T16>group(App<F,T1#16>,App<F,T2#15>,App<F,T3#14>,App<F,T4#13>,App<F,T5#12>,App<F,T6#11>,App<F,T7#10>,App<F,T8#9>,App<F,T9#8>,App<F,T10#7>,App<F,T11#6>,App<F,T12#5>,App<F,T13#4>,App<F,T14#3>,App<F,T15#2>,App<F,T16>)
    T2#15 extends Object declared in method <T1#16,T2#15,T3#14,T4#13,T5#12,T6#11,T7#10,T8#9,T9#8,T10#7,T11#6,T12#5,T13#4,T14#3,T15#2,T16>group(App<F,T1#16>,App<F,T2#15>,App<F,T3#14>,App<F,T4#13>,App<F,T5#12>,App<F,T6#11>,App<F,T7#10>,App<F,T8#9>,App<F,T9#8>,App<F,T10#7>,App<F,T11#6>,App<F,T12#5>,App<F,T13#4>,App<F,T14#3>,App<F,T15#2>,App<F,T16>)
    T3#14 extends Object declared in method <T1#16,T2#15,T3#14,T4#13,T5#12,T6#11,T7#10,T8#9,T9#8,T10#7,T11#6,T12#5,T13#4,T14#3,T15#2,T16>group(App<F,T1#16>,App<F,T2#15>,App<F,T3#14>,App<F,T4#13>,App<F,T5#12>,App<F,T6#11>,App<F,T7#10>,App<F,T8#9>,App<F,T9#8>,App<F,T10#7>,App<F,T11#6>,App<F,T12#5>,App<F,T13#4>,App<F,T14#3>,App<F,T15#2>,App<F,T16>)
    T4#13 extends Object declared in method <T1#16,T2#15,T3#14,T4#13,T5#12,T6#11,T7#10,T8#9,T9#8,T10#7,T11#6,T12#5,T13#4,T14#3,T15#2,T16>group(App<F,T1#16>,App<F,T2#15>,App<F,T3#14>,App<F,T4#13>,App<F,T5#12>,App<F,T6#11>,App<F,T7#10>,App<F,T8#9>,App<F,T9#8>,App<F,T10#7>,App<F,T11#6>,App<F,T12#5>,App<F,T13#4>,App<F,T14#3>,App<F,T15#2>,App<F,T16>)
    T5#12 extends Object declared in method <T1#16,T2#15,T3#14,T4#13,T5#12,T6#11,T7#10,T8#9,T9#8,T10#7,T11#6,T12#5,T13#4,T14#3,T15#2,T16>group(App<F,T1#16>,App<F,T2#15>,App<F,T3#14>,App<F,T4#13>,App<F,T5#12>,App<F,T6#11>,App<F,T7#10>,App<F,T8#9>,App<F,T9#8>,App<F,T10#7>,App<F,T11#6>,App<F,T12#5>,App<F,T13#4>,App<F,T14#3>,App<F,T15#2>,App<F,T16>)
    T6#11 extends Object declared in method <T1#16,T2#15,T3#14,T4#13,T5#12,T6#11,T7#10,T8#9,T9#8,T10#7,T11#6,T12#5,T13#4,T14#3,T15#2,T16>group(App<F,T1#16>,App<F,T2#15>,App<F,T3#14>,App<F,T4#13>,App<F,T5#12>,App<F,T6#11>,App<F,T7#10>,App<F,T8#9>,App<F,T9#8>,App<F,T10#7>,App<F,T11#6>,App<F,T12#5>,App<F,T13#4>,App<F,T14#3>,App<F,T15#2>,App<F,T16>)
    T7#10 extends Object declared in method <T1#16,T2#15,T3#14,T4#13,T5#12,T6#11,T7#10,T8#9,T9#8,T10#7,T11#6,T12#5,T13#4,T14#3,T15#2,T16>group(App<F,T1#16>,App<F,T2#15>,App<F,T3#14>,App<F,T4#13>,App<F,T5#12>,App<F,T6#11>,App<F,T7#10>,App<F,T8#9>,App<F,T9#8>,App<F,T10#7>,App<F,T11#6>,App<F,T12#5>,App<F,T13#4>,App<F,T14#3>,App<F,T15#2>,App<F,T16>)
    T8#9 extends Object declared in method <T1#16,T2#15,T3#14,T4#13,T5#12,T6#11,T7#10,T8#9,T9#8,T10#7,T11#6,T12#5,T13#4,T14#3,T15#2,T16>group(App<F,T1#16>,App<F,T2#15>,App<F,T3#14>,App<F,T4#13>,App<F,T5#12>,App<F,T6#11>,App<F,T7#10>,App<F,T8#9>,App<F,T9#8>,App<F,T10#7>,App<F,T11#6>,App<F,T12#5>,App<F,T13#4>,App<F,T14#3>,App<F,T15#2>,App<F,T16>)
    T9#8 extends Object declared in method <T1#16,T2#15,T3#14,T4#13,T5#12,T6#11,T7#10,T8#9,T9#8,T10#7,T11#6,T12#5,T13#4,T14#3,T15#2,T16>group(App<F,T1#16>,App<F,T2#15>,App<F,T3#14>,App<F,T4#13>,App<F,T5#12>,App<F,T6#11>,App<F,T7#10>,App<F,T8#9>,App<F,T9#8>,App<F,T10#7>,App<F,T11#6>,App<F,T12#5>,App<F,T13#4>,App<F,T14#3>,App<F,T15#2>,App<F,T16>)
    T10#7 extends Object declared in method <T1#16,T2#15,T3#14,T4#13,T5#12,T6#11,T7#10,T8#9,T9#8,T10#7,T11#6,T12#5,T13#4,T14#3,T15#2,T16>group(App<F,T1#16>,App<F,T2#15>,App<F,T3#14>,App<F,T4#13>,App<F,T5#12>,App<F,T6#11>,App<F,T7#10>,App<F,T8#9>,App<F,T9#8>,App<F,T10#7>,App<F,T11#6>,App<F,T12#5>,App<F,T13#4>,App<F,T14#3>,App<F,T15#2>,App<F,T16>)
    T11#6 extends Object declared in method <T1#16,T2#15,T3#14,T4#13,T5#12,T6#11,T7#10,T8#9,T9#8,T10#7,T11#6,T12#5,T13#4,T14#3,T15#2,T16>group(App<F,T1#16>,App<F,T2#15>,App<F,T3#14>,App<F,T4#13>,App<F,T5#12>,App<F,T6#11>,App<F,T7#10>,App<F,T8#9>,App<F,T9#8>,App<F,T10#7>,App<F,T11#6>,App<F,T12#5>,App<F,T13#4>,App<F,T14#3>,App<F,T15#2>,App<F,T16>)
    T12#5 extends Object declared in method <T1#16,T2#15,T3#14,T4#13,T5#12,T6#11,T7#10,T8#9,T9#8,T10#7,T11#6,T12#5,T13#4,T14#3,T15#2,T16>group(App<F,T1#16>,App<F,T2#15>,App<F,T3#14>,App<F,T4#13>,App<F,T5#12>,App<F,T6#11>,App<F,T7#10>,App<F,T8#9>,App<F,T9#8>,App<F,T10#7>,App<F,T11#6>,App<F,T12#5>,App<F,T13#4>,App<F,T14#3>,App<F,T15#2>,App<F,T16>)
    T13#4 extends Object declared in method <T1#16,T2#15,T3#14,T4#13,T5#12,T6#11,T7#10,T8#9,T9#8,T10#7,T11#6,T12#5,T13#4,T14#3,T15#2,T16>group(App<F,T1#16>,App<F,T2#15>,App<F,T3#14>,App<F,T4#13>,App<F,T5#12>,App<F,T6#11>,App<F,T7#10>,App<F,T8#9>,App<F,T9#8>,App<F,T10#7>,App<F,T11#6>,App<F,T12#5>,App<F,T13#4>,App<F,T14#3>,App<F,T15#2>,App<F,T16>)
    T14#3 extends Object declared in method <T1#16,T2#15,T3#14,T4#13,T5#12,T6#11,T7#10,T8#9,T9#8,T10#7,T11#6,T12#5,T13#4,T14#3,T15#2,T16>group(App<F,T1#16>,App<F,T2#15>,App<F,T3#14>,App<F,T4#13>,App<F,T5#12>,App<F,T6#11>,App<F,T7#10>,App<F,T8#9>,App<F,T9#8>,App<F,T10#7>,App<F,T11#6>,App<F,T12#5>,App<F,T13#4>,App<F,T14#3>,App<F,T15#2>,App<F,T16>)
    T15#2 extends Object declared in method <T1#16,T2#15,T3#14,T4#13,T5#12,T6#11,T7#10,T8#9,T9#8,T10#7,T11#6,T12#5,T13#4,T14#3,T15#2,T16>group(App<F,T1#16>,App<F,T2#15>,App<F,T3#14>,App<F,T4#13>,App<F,T5#12>,App<F,T6#11>,App<F,T7#10>,App<F,T8#9>,App<F,T9#8>,App<F,T10#7>,App<F,T11#6>,App<F,T12#5>,App<F,T13#4>,App<F,T14#3>,App<F,T15#2>,App<F,T16>)
    T16 extends Object declared in method <T1#16,T2#15,T3#14,T4#13,T5#12,T6#11,T7#10,T8#9,T9#8,T10#7,T11#6,T12#5,T13#4,T14#3,T15#2,T16>group(App<F,T1#16>,App<F,T2#15>,App<F,T3#14>,App<F,T4#13>,App<F,T5#12>,App<F,T6#11>,App<F,T7#10>,App<F,T8#9>,App<F,T9#8>,App<F,T10#7>,App<F,T11#6>,App<F,T12#5>,App<F,T13#4>,App<F,T14#3>,App<F,T15#2>,App<F,T16>)
/home/runner/work/TaCZ_Refabricated_Unofficial/TaCZ_Refabricated_Unofficial/src/main/java/cn/sh1rocu/tacz/industry/api/feed/BeltData.java:64: error: incompatible types: invalid method reference
    ).validate(BeltData::validateShape);
               ^
    incompatible types: Object cannot be converted to BeltData
/home/runner/work/TaCZ_Refabricated_Unofficial/TaCZ_Refabricated_Unofficial/src/main/java/cn/sh1rocu/tacz/industry/api/feed/BoxMagazineData.java:40: error: no suitable method found for group(RecordCodecBuilder<BoxMagazineData,Identifier>,RecordCodecBuilder<BoxMagazineData,Integer>,RecordCodecBuilder<BoxMagazineData,List<LoadedRound>>,RecordCodecBuilder<BoxMagazineData,Float>,RecordCodecBuilder<BoxMagazineData,Float>)
            instance -> instance.group(
                                ^
    method Kind1.<T1#1>group(App<Mu<Object>,T1#1>) is not applicable
      (cannot infer type-variable(s) T1#1
        (actual and formal argument lists differ in length))
    method Kind1.<T1#2,T2#1>group(App<Mu<Object>,T1#2>,App<Mu<Object>,T2#1>) is not applicable
      (cannot infer type-variable(s) T1#2,T2#1
        (actual and formal argument lists differ in length))
    method Kind1.<T1#3,T2#2,T3#1>group(App<Mu<Object>,T1#3>,App<Mu<Object>,T2#2>,App<Mu<Object>,T3#1>) is not applicable
      (cannot infer type-variable(s) T1#3,T2#2,T3#1
        (actual and formal argument lists differ in length))
    method Kind1.<T1#4,T2#3,T3#2,T4#1>group(App<Mu<Object>,T1#4>,App<Mu<Object>,T2#3>,App<Mu<Object>,T3#2>,App<Mu<Object>,T4#1>) is not applicable
      (cannot infer type-variable(s) T1#4,T2#3,T3#2,T4#1
        (actual and formal argument lists differ in length))
    method Kind1.<T1#5,T2#4,T3#3,T4#2,T5#1>group(App<Mu<Object>,T1#5>,App<Mu<Object>,T2#4>,App<Mu<Object>,T3#3>,App<Mu<Object>,T4#2>,App<Mu<Object>,T5#1>) is not applicable
      (inference variable O has incompatible bounds
        equality constraints: Object
        upper bounds: Object,BoxMagazineData)
    method Kind1.<T1#6,T2#5,T3#4,T4#3,T5#2,T6#1>group(App<Mu<Object>,T1#6>,App<Mu<Object>,T2#5>,App<Mu<Object>,T3#4>,App<Mu<Object>,T4#3>,App<Mu<Object>,T5#2>,App<Mu<Object>,T6#1>) is not applicable
      (cannot infer type-variable(s) T1#6,T2#5,T3#4,T4#3,T5#2,T6#1
        (actual and formal argument lists differ in length))
    method Kind1.<T1#7,T2#6,T3#5,T4#4,T5#3,T6#2,T7#1>group(App<Mu<Object>,T1#7>,App<Mu<Object>,T2#6>,App<Mu<Object>,T3#5>,App<Mu<Object>,T4#4>,App<Mu<Object>,T5#3>,App<Mu<Object>,T6#2>,App<Mu<Object>,T7#1>) is not applicable
      (cannot infer type-variable(s) T1#7,T2#6,T3#5,T4#4,T5#3,T6#2,T7#1
        (actual and formal argument lists differ in length))
    method Kind1.<T1#8,T2#7,T3#6,T4#5,T5#4,T6#3,T7#2,T8#1>group(App<Mu<Object>,T1#8>,App<Mu<Object>,T2#7>,App<Mu<Object>,T3#6>,App<Mu<Object>,T4#5>,App<Mu<Object>,T5#4>,App<Mu<Object>,T6#3>,App<Mu<Object>,T7#2>,App<Mu<Object>,T8#1>) is not applicable
      (cannot infer type-variable(s) T1#8,T2#7,T3#6,T4#5,T5#4,T6#3,T7#2,T8#1
        (actual and formal argument lists differ in length))
    method Kind1.<T1#9,T2#8,T3#7,T4#6,T5#5,T6#4,T7#3,T8#2,T9#1>group(App<Mu<Object>,T1#9>,App<Mu<Object>,T2#8>,App<Mu<Object>,T3#7>,App<Mu<Object>,T4#6>,App<Mu<Object>,T5#5>,App<Mu<Object>,T6#4>,App<Mu<Object>,T7#3>,App<Mu<Object>,T8#2>,App<Mu<Object>,T9#1>) is not applicable
      (cannot infer type-variable(s) T1#9,T2#8,T3#7,T4#6,T5#5,T6#4,T7#3,T8#2,T9#1
        (actual and formal argument lists differ in length))
    method Kind1.<T1#10,T2#9,T3#8,T4#7,T5#6,T6#5,T7#4,T8#3,T9#2,T10#1>group(App<Mu<Object>,T1#10>,App<Mu<Object>,T2#9>,App<Mu<Object>,T3#8>,App<Mu<Object>,T4#7>,App<Mu<Object>,T5#6>,App<Mu<Object>,T6#5>,App<Mu<Object>,T7#4>,App<Mu<Object>,T8#3>,App<Mu<Object>,T9#2>,App<Mu<Object>,T10#1>) is not applicable
      (cannot infer type-variable(s) T1#10,T2#9,T3#8,T4#7,T5#6,T6#5,T7#4,T8#3,T9#2,T10#1
        (actual and formal argument lists differ in length))
    method Kind1.<T1#11,T2#10,T3#9,T4#8,T5#7,T6#6,T7#5,T8#4,T9#3,T10#2,T11#1>group(App<Mu<Object>,T1#11>,App<Mu<Object>,T2#10>,App<Mu<Object>,T3#9>,App<Mu<Object>,T4#8>,App<Mu<Object>,T5#7>,App<Mu<Object>,T6#6>,App<Mu<Object>,T7#5>,App<Mu<Object>,T8#4>,App<Mu<Object>,T9#3>,App<Mu<Object>,T10#2>,App<Mu<Object>,T11#1>) is not applicable
      (cannot infer type-variable(s) T1#11,T2#10,T3#9,T4#8,T5#7,T6#6,T7#5,T8#4,T9#3,T10#2,T11#1
        (actual and formal argument lists differ in length))
    method Kind1.<T1#12,T2#11,T3#10,T4#9,T5#8,T6#7,T7#6,T8#5,T9#4,T10#3,T11#2,T12#1>group(App<Mu<Object>,T1#12>,App<Mu<Object>,T2#11>,App<Mu<Object>,T3#10>,App<Mu<Object>,T4#9>,App<Mu<Object>,T5#8>,App<Mu<Object>,T6#7>,App<Mu<Object>,T7#6>,App<Mu<Object>,T8#5>,App<Mu<Object>,T9#4>,App<Mu<Object>,T10#3>,App<Mu<Object>,T11#2>,App<Mu<Object>,T12#1>) is not applicable
      (cannot infer type-variable(s) T1#12,T2#11,T3#10,T4#9,T5#8,T6#7,T7#6,T8#5,T9#4,T10#3,T11#2,T12#1
        (actual and formal argument lists differ in length))
    method Kind1.<T1#13,T2#12,T3#11,T4#10,T5#9,T6#8,T7#7,T8#6,T9#5,T10#4,T11#3,T12#2,T13#1>group(App<Mu<Object>,T1#13>,App<Mu<Object>,T2#12>,App<Mu<Object>,T3#11>,App<Mu<Object>,T4#10>,App<Mu<Object>,T5#9>,App<Mu<Object>,T6#8>,App<Mu<Object>,T7#7>,App<Mu<Object>,T8#6>,App<Mu<Object>,T9#5>,App<Mu<Object>,T10#4>,App<Mu<Object>,T11#3>,App<Mu<Object>,T12#2>,App<Mu<Object>,T13#1>) is not applicable
      (cannot infer type-variable(s) T1#13,T2#12,T3#11,T4#10,T5#9,T6#8,T7#7,T8#6,T9#5,T10#4,T11#3,T12#2,T13#1
        (actual and formal argument lists differ in length))
    method Kind1.<T1#14,T2#13,T3#12,T4#11,T5#10,T6#9,T7#8,T8#7,T9#6,T10#5,T11#4,T12#3,T13#2,T14#1>group(App<Mu<Object>,T1#14>,App<Mu<Object>,T2#13>,App<Mu<Object>,T3#12>,App<Mu<Object>,T4#11>,App<Mu<Object>,T5#10>,App<Mu<Object>,T6#9>,App<Mu<Object>,T7#8>,App<Mu<Object>,T8#7>,App<Mu<Object>,T9#6>,App<Mu<Object>,T10#5>,App<Mu<Object>,T11#4>,App<Mu<Object>,T12#3>,App<Mu<Object>,T13#2>,App<Mu<Object>,T14#1>) is not applicable
      (cannot infer type-variable(s) T1#14,T2#13,T3#12,T4#11,T5#10,T6#9,T7#8,T8#7,T9#6,T10#5,T11#4,T12#3,T13#2,T14#1
        (actual and formal argument lists differ in length))
    method Kind1.<T1#15,T2#14,T3#13,T4#12,T5#11,T6#10,T7#9,T8#8,T9#7,T10#6,T11#5,T12#4,T13#3,T14#2,T15#1>group(App<Mu<Object>,T1#15>,App<Mu<Object>,T2#14>,App<Mu<Object>,T3#13>,App<Mu<Object>,T4#12>,App<Mu<Object>,T5#11>,App<Mu<Object>,T6#10>,App<Mu<Object>,T7#9>,App<Mu<Object>,T8#8>,App<Mu<Object>,T9#7>,App<Mu<Object>,T10#6>,App<Mu<Object>,T11#5>,App<Mu<Object>,T12#4>,App<Mu<Object>,T13#3>,App<Mu<Object>,T14#2>,App<Mu<Object>,T15#1>) is not applicable
      (cannot infer type-variable(s) T1#15,T2#14,T3#13,T4#12,T5#11,T6#10,T7#9,T8#8,T9#7,T10#6,T11#5,T12#4,T13#3,T14#2,T15#1
        (actual and formal argument lists differ in length))
    method Kind1.<T1#16,T2#15,T3#14,T4#13,T5#12,T6#11,T7#10,T8#9,T9#8,T10#7,T11#6,T12#5,T13#4,T14#3,T15#2,T16>group(App<Mu<Object>,T1#16>,App<Mu<Object>,T2#15>,App<Mu<Object>,T3#14>,App<Mu<Object>,T4#13>,App<Mu<Object>,T5#12>,App<Mu<Object>,T6#11>,App<Mu<Object>,T7#10>,App<Mu<Object>,T8#9>,App<Mu<Object>,T9#8>,App<Mu<Object>,T10#7>,App<Mu<Object>,T11#6>,App<Mu<Object>,T12#5>,App<Mu<Object>,T13#4>,App<Mu<Object>,T14#3>,App<Mu<Object>,T15#2>,App<Mu<Object>,T16>) is not applicable
      (cannot infer type-variable(s) T1#16,T2#15,T3#14,T4#13,T5#12,T6#11,T7#10,T8#9,T9#8,T10#7,T11#6,T12#5,T13#4,T14#3,T15#2,T16
        (actual and formal argument lists differ in length))
  where T1#1,F,T1#2,T2#1,T1#3,T2#2,T3#1,T1#4,T2#3,T3#2,T4#1,T1#5,T2#4,T3#3,T4#2,T5#1,O,A,T1#6,T2#5,T3#4,T4#3,T5#2,T6#1,T1#7,T2#6,T3#5,T4#4,T5#3,T6#2,T7#1,T1#8,T2#7,T3#6,T4#5,T5#4,T6#3,T7#2,T8#1,T1#9,T2#8,T3#7,T4#6,T5#5,T6#4,T7#3,T8#2,T9#1,T1#10,T2#9,T3#8,T4#7,T5#6,T6#5,T7#4,T8#3,T9#2,T10#1,T1#11,T2#10,T3#9,T4#8,T5#7,T6#6,T7#5,T8#4,T9#3,T10#2,T11#1,T1#12,T2#11,T3#10,T4#9,T5#8,T6#7,T7#6,T8#5,T9#4,T10#3,T11#2,T12#1,T1#13,T2#12,T3#11,T4#10,T5#9,T6#8,T7#7,T8#6,T9#5,T10#4,T11#3,T12#2,T13#1,T1#14,T2#13,T3#12,T4#11,T5#10,T6#9,T7#8,T8#7,T9#6,T10#5,T11#4,T12#3,T13#2,T14#1,T1#15,T2#14,T3#13,T4#12,T5#11,T6#10,T7#9,T8#8,T9#7,T10#6,T11#5,T12#4,T13#3,T14#2,T15#1,T1#16,T2#15,T3#14,T4#13,T5#12,T6#11,T7#10,T8#9,T9#8,T10#7,T11#6,T12#5,T13#4,T14#3,T15#2,T16 are type-variables:
    T1#1 extends Object declared in method <T1#1>group(App<F,T1#1>)
    F extends K1 declared in interface Kind1
    T1#2 extends Object declared in method <T1#2,T2#1>group(App<F,T1#2>,App<F,T2#1>)
    T2#1 extends Object declared in method <T1#2,T2#1>group(App<F,T1#2>,App<F,T2#1>)
    T1#3 extends Object declared in method <T1#3,T2#2,T3#1>group(App<F,T1#3>,App<F,T2#2>,App<F,T3#1>)
    T2#2 extends Object declared in method <T1#3,T2#2,T3#1>group(App<F,T1#3>,App<F,T2#2>,App<F,T3#1>)
    T3#1 extends Object declared in method <T1#3,T2#2,T3#1>group(App<F,T1#3>,App<F,T2#2>,App<F,T3#1>)
    T1#4 extends Object declared in method <T1#4,T2#3,T3#2,T4#1>group(App<F,T1#4>,App<F,T2#3>,App<F,T3#2>,App<F,T4#1>)
    T2#3 extends Object declared in method <T1#4,T2#3,T3#2,T4#1>group(App<F,T1#4>,App<F,T2#3>,App<F,T3#2>,App<F,T4#1>)
    T3#2 extends Object declared in method <T1#4,T2#3,T3#2,T4#1>group(App<F,T1#4>,App<F,T2#3>,App<F,T3#2>,App<F,T4#1>)
    T4#1 extends Object declared in method <T1#4,T2#3,T3#2,T4#1>group(App<F,T1#4>,App<F,T2#3>,App<F,T3#2>,App<F,T4#1>)
    T1#5 extends Object declared in method <T1#5,T2#4,T3#3,T4#2,T5#1>group(App<F,T1#5>,App<F,T2#4>,App<F,T3#3>,App<F,T4#2>,App<F,T5#1>)
    T2#4 extends Object declared in method <T1#5,T2#4,T3#3,T4#2,T5#1>group(App<F,T1#5>,App<F,T2#4>,App<F,T3#3>,App<F,T4#2>,App<F,T5#1>)
    T3#3 extends Object declared in method <T1#5,T2#4,T3#3,T4#2,T5#1>group(App<F,T1#5>,App<F,T2#4>,App<F,T3#3>,App<F,T4#2>,App<F,T5#1>)
    T4#2 extends Object declared in method <T1#5,T2#4,T3#3,T4#2,T5#1>group(App<F,T1#5>,App<F,T2#4>,App<F,T3#3>,App<F,T4#2>,App<F,T5#1>)
    T5#1 extends Object declared in method <T1#5,T2#4,T3#3,T4#2,T5#1>group(App<F,T1#5>,App<F,T2#4>,App<F,T3#3>,App<F,T4#2>,App<F,T5#1>)
    O extends Object declared in method <O>forGetter(Function<O,A>)
    A extends Object declared in class MapCodec
    T1#6 extends Object declared in method <T1#6,T2#5,T3#4,T4#3,T5#2,T6#1>group(App<F,T1#6>,App<F,T2#5>,App<F,T3#4>,App<F,T4#3>,App<F,T5#2>,App<F,T6#1>)
    T2#5 extends Object declared in method <T1#6,T2#5,T3#4,T4#3,T5#2,T6#1>group(App<F,T1#6>,App<F,T2#5>,App<F,T3#4>,App<F,T4#3>,App<F,T5#2>,App<F,T6#1>)
    T3#4 extends Object declared in method <T1#6,T2#5,T3#4,T4#3,T5#2,T6#1>group(App<F,T1#6>,App<F,T2#5>,App<F,T3#4>,App<F,T4#3>,App<F,T5#2>,App<F,T6#1>)
    T4#3 extends Object declared in method <T1#6,T2#5,T3#4,T4#3,T5#2,T6#1>group(App<F,T1#6>,App<F,T2#5>,App<F,T3#4>,App<F,T4#3>,App<F,T5#2>,App<F,T6#1>)
    T5#2 extends Object declared in method <T1#6,T2#5,T3#4,T4#3,T5#2,T6#1>group(App<F,T1#6>,App<F,T2#5>,App<F,T3#4>,App<F,T4#3>,App<F,T5#2>,App<F,T6#1>)
    T6#1 extends Object declared in method <T1#6,T2#5,T3#4,T4#3,T5#2,T6#1>group(App<F,T1#6>,App<F,T2#5>,App<F,T3#4>,App<F,T4#3>,App<F,T5#2>,App<F,T6#1>)
    T1#7 extends Object declared in method <T1#7,T2#6,T3#5,T4#4,T5#3,T6#2,T7#1>group(App<F,T1#7>,App<F,T2#6>,App<F,T3#5>,App<F,T4#4>,App<F,T5#3>,App<F,T6#2>,App<F,T7#1>)
    T2#6 extends Object declared in method <T1#7,T2#6,T3#5,T4#4,T5#3,T6#2,T7#1>group(App<F,T1#7>,App<F,T2#6>,App<F,T3#5>,App<F,T4#4>,App<F,T5#3>,App<F,T6#2>,App<F,T7#1>)
    T3#5 extends Object declared in method <T1#7,T2#6,T3#5,T4#4,T5#3,T6#2,T7#1>group(App<F,T1#7>,App<F,T2#6>,App<F,T3#5>,App<F,T4#4>,App<F,T5#3>,App<F,T6#2>,App<F,T7#1>)
    T4#4 extends Object declared in method <T1#7,T2#6,T3#5,T4#4,T5#3,T6#2,T7#1>group(App<F,T1#7>,App<F,T2#6>,App<F,T3#5>,App<F,T4#4>,App<F,T5#3>,App<F,T6#2>,App<F,T7#1>)
    T5#3 extends Object declared in method <T1#7,T2#6,T3#5,T4#4,T5#3,T6#2,T7#1>group(App<F,T1#7>,App<F,T2#6>,App<F,T3#5>,App<F,T4#4>,App<F,T5#3>,App<F,T6#2>,App<F,T7#1>)
    T6#2 extends Object declared in method <T1#7,T2#6,T3#5,T4#4,T5#3,T6#2,T7#1>group(App<F,T1#7>,App<F,T2#6>,App<F,T3#5>,App<F,T4#4>,App<F,T5#3>,App<F,T6#2>,App<F,T7#1>)
    T7#1 extends Object declared in method <T1#7,T2#6,T3#5,T4#4,T5#3,T6#2,T7#1>group(App<F,T1#7>,App<F,T2#6>,App<F,T3#5>,App<F,T4#4>,App<F,T5#3>,App<F,T6#2>,App<F,T7#1>)
    T1#8 extends Object declared in method <T1#8,T2#7,T3#6,T4#5,T5#4,T6#3,T7#2,T8#1>group(App<F,T1#8>,App<F,T2#7>,App<F,T3#6>,App<F,T4#5>,App<F,T5#4>,App<F,T6#3>,App<F,T7#2>,App<F,T8#1>)
    T2#7 extends Object declared in method <T1#8,T2#7,T3#6,T4#5,T5#4,T6#3,T7#2,T8#1>group(App<F,T1#8>,App<F,T2#7>,App<F,T3#6>,App<F,T4#5>,App<F,T5#4>,App<F,T6#3>,App<F,T7#2>,App<F,T8#1>)
    T3#6 extends Object declared in method <T1#8,T2#7,T3#6,T4#5,T5#4,T6#3,T7#2,T8#1>group(App<F,T1#8>,App<F,T2#7>,App<F,T3#6>,App<F,T4#5>,App<F,T5#4>,App<F,T6#3>,App<F,T7#2>,App<F,T8#1>)
    T4#5 extends Object declared in method <T1#8,T2#7,T3#6,T4#5,T5#4,T6#3,T7#2,T8#1>group(App<F,T1#8>,App<F,T2#7>,App<F,T3#6>,App<F,T4#5>,App<F,T5#4>,App<F,T6#3>,App<F,T7#2>,App<F,T8#1>)
    T5#4 extends Object declared in method <T1#8,T2#7,T3#6,T4#5,T5#4,T6#3,T7#2,T8#1>group(App<F,T1#8>,App<F,T2#7>,App<F,T3#6>,App<F,T4#5>,App<F,T5#4>,App<F,T6#3>,App<F,T7#2>,App<F,T8#1>)
    T6#3 extends Object declared in method <T1#8,T2#7,T3#6,T4#5,T5#4,T6#3,T7#2,T8#1>group(App<F,T1#8>,App<F,T2#7>,App<F,T3#6>,App<F,T4#5>,App<F,T5#4>,App<F,T6#3>,App<F,T7#2>,App<F,T8#1>)
    T7#2 extends Object declared in method <T1#8,T2#7,T3#6,T4#5,T5#4,T6#3,T7#2,T8#1>group(App<F,T1#8>,App<F,T2#7>,App<F,T3#6>,App<F,T4#5>,App<F,T5#4>,App<F,T6#3>,App<F,T7#2>,App<F,T8#1>)
    T8#1 extends Object declared in method <T1#8,T2#7,T3#6,T4#5,T5#4,T6#3,T7#2,T8#1>group(App<F,T1#8>,App<F,T2#7>,App<F,T3#6>,App<F,T4#5>,App<F,T5#4>,App<F,T6#3>,App<F,T7#2>,App<F,T8#1>)
    T1#9 extends Object declared in method <T1#9,T2#8,T3#7,T4#6,T5#5,T6#4,T7#3,T8#2,T9#1>group(App<F,T1#9>,App<F,T2#8>,App<F,T3#7>,App<F,T4#6>,App<F,T5#5>,App<F,T6#4>,App<F,T7#3>,App<F,T8#2>,App<F,T9#1>)
    T2#8 extends Object declared in method <T1#9,T2#8,T3#7,T4#6,T5#5,T6#4,T7#3,T8#2,T9#1>group(App<F,T1#9>,App<F,T2#8>,App<F,T3#7>,App<F,T4#6>,App<F,T5#5>,App<F,T6#4>,App<F,T7#3>,App<F,T8#2>,App<F,T9#1>)
    T3#7 extends Object declared in method <T1#9,T2#8,T3#7,T4#6,T5#5,T6#4,T7#3,T8#2,T9#1>group(App<F,T1#9>,App<F,T2#8>,App<F,T3#7>,App<F,T4#6>,App<F,T5#5>,App<F,T6#4>,App<F,T7#3>,App<F,T8#2>,App<F,T9#1>)
    T4#6 extends Object declared in method <T1#9,T2#8,T3#7,T4#6,T5#5,T6#4,T7#3,T8#2,T9#1>group(App<F,T1#9>,App<F,T2#8>,App<F,T3#7>,App<F,T4#6>,App<F,T5#5>,App<F,T6#4>,App<F,T7#3>,App<F,T8#2>,App<F,T9#1>)
    T5#5 extends Object declared in method <T1#9,T2#8,T3#7,T4#6,T5#5,T6#4,T7#3,T8#2,T9#1>group(App<F,T1#9>,App<F,T2#8>,App<F,T3#7>,App<F,T4#6>,App<F,T5#5>,App<F,T6#4>,App<F,T7#3>,App<F,T8#2>,App<F,T9#1>)
    T6#4 extends Object declared in method <T1#9,T2#8,T3#7,T4#6,T5#5,T6#4,T7#3,T8#2,T9#1>group(App<F,T1#9>,App<F,T2#8>,App<F,T3#7>,App<F,T4#6>,App<F,T5#5>,App<F,T6#4>,App<F,T7#3>,App<F,T8#2>,App<F,T9#1>)
    T7#3 extends Object declared in method <T1#9,T2#8,T3#7,T4#6,T5#5,T6#4,T7#3,T8#2,T9#1>group(App<F,T1#9>,App<F,T2#8>,App<F,T3#7>,App<F,T4#6>,App<F,T5#5>,App<F,T6#4>,App<F,T7#3>,App<F,T8#2>,App<F,T9#1>)
    T8#2 extends Object declared in method <T1#9,T2#8,T3#7,T4#6,T5#5,T6#4,T7#3,T8#2,T9#1>group(App<F,T1#9>,App<F,T2#8>,App<F,T3#7>,App<F,T4#6>,App<F,T5#5>,App<F,T6#4>,App<F,T7#3>,App<F,T8#2>,App<F,T9#1>)
    T9#1 extends Object declared in method <T1#9,T2#8,T3#7,T4#6,T5#5,T6#4,T7#3,T8#2,T9#1>group(App<F,T1#9>,App<F,T2#8>,App<F,T3#7>,App<F,T4#6>,App<F,T5#5>,App<F,T6#4>,App<F,T7#3>,App<F,T8#2>,App<F,T9#1>)
    T1#10 extends Object declared in method <T1#10,T2#9,T3#8,T4#7,T5#6,T6#5,T7#4,T8#3,T9#2,T10#1>group(App<F,T1#10>,App<F,T2#9>,App<F,T3#8>,App<F,T4#7>,App<F,T5#6>,App<F,T6#5>,App<F,T7#4>,App<F,T8#3>,App<F,T9#2>,App<F,T10#1>)
    T2#9 extends Object declared in method <T1#10,T2#9,T3#8,T4#7,T5#6,T6#5,T7#4,T8#3,T9#2,T10#1>group(App<F,T1#10>,App<F,T2#9>,App<F,T3#8>,App<F,T4#7>,App<F,T5#6>,App<F,T6#5>,App<F,T7#4>,App<F,T8#3>,App<F,T9#2>,App<F,T10#1>)
    T3#8 extends Object declared in method <T1#10,T2#9,T3#8,T4#7,T5#6,T6#5,T7#4,T8#3,T9#2,T10#1>group(App<F,T1#10>,App<F,T2#9>,App<F,T3#8>,App<F,T4#7>,App<F,T5#6>,App<F,T6#5>,App<F,T7#4>,App<F,T8#3>,App<F,T9#2>,App<F,T10#1>)
    T4#7 extends Object declared in method <T1#10,T2#9,T3#8,T4#7,T5#6,T6#5,T7#4,T8#3,T9#2,T10#1>group(App<F,T1#10>,App<F,T2#9>,App<F,T3#8>,App<F,T4#7>,App<F,T5#6>,App<F,T6#5>,App<F,T7#4>,App<F,T8#3>,App<F,T9#2>,App<F,T10#1>)
    T5#6 extends Object declared in method <T1#10,T2#9,T3#8,T4#7,T5#6,T6#5,T7#4,T8#3,T9#2,T10#1>group(App<F,T1#10>,App<F,T2#9>,App<F,T3#8>,App<F,T4#7>,App<F,T5#6>,App<F,T6#5>,App<F,T7#4>,App<F,T8#3>,App<F,T9#2>,App<F,T10#1>)
    T6#5 extends Object declared in method <T1#10,T2#9,T3#8,T4#7,T5#6,T6#5,T7#4,T8#3,T9#2,T10#1>group(App<F,T1#10>,App<F,T2#9>,App<F,T3#8>,App<F,T4#7>,App<F,T5#6>,App<F,T6#5>,App<F,T7#4>,App<F,T8#3>,App<F,T9#2>,App<F,T10#1>)
    T7#4 extends Object declared in method <T1#10,T2#9,T3#8,T4#7,T5#6,T6#5,T7#4,T8#3,T9#2,T10#1>group(App<F,T1#10>,App<F,T2#9>,App<F,T3#8>,App<F,T4#7>,App<F,T5#6>,App<F,T6#5>,App<F,T7#4>,App<F,T8#3>,App<F,T9#2>,App<F,T10#1>)
    T8#3 extends Object declared in method <T1#10,T2#9,T3#8,T4#7,T5#6,T6#5,T7#4,T8#3,T9#2,T10#1>group(App<F,T1#10>,App<F,T2#9>,App<F,T3#8>,App<F,T4#7>,App<F,T5#6>,App<F,T6#5>,App<F,T7#4>,App<F,T8#3>,App<F,T9#2>,App<F,T10#1>)
    T9#2 extends Object declared in method <T1#10,T2#9,T3#8,T4#7,T5#6,T6#5,T7#4,T8#3,T9#2,T10#1>group(App<F,T1#10>,App<F,T2#9>,App<F,T3#8>,App<F,T4#7>,App<F,T5#6>,App<F,T6#5>,App<F,T7#4>,App<F,T8#3>,App<F,T9#2>,App<F,T10#1>)
    T10#1 extends Object declared in method <T1#10,T2#9,T3#8,T4#7,T5#6,T6#5,T7#4,T8#3,T9#2,T10#1>group(App<F,T1#10>,App<F,T2#9>,App<F,T3#8>,App<F,T4#7>,App<F,T5#6>,App<F,T6#5>,App<F,T7#4>,App<F,T8#3>,App<F,T9#2>,App<F,T10#1>)
    T1#11 extends Object declared in method <T1#11,T2#10,T3#9,T4#8,T5#7,T6#6,T7#5,T8#4,T9#3,T10#2,T11#1>group(App<F,T1#11>,App<F,T2#10>,App<F,T3#9>,App<F,T4#8>,App<F,T5#7>,App<F,T6#6>,App<F,T7#5>,App<F,T8#4>,App<F,T9#3>,App<F,T10#2>,App<F,T11#1>)
    T2#10 extends Object declared in method <T1#11,T2#10,T3#9,T4#8,T5#7,T6#6,T7#5,T8#4,T9#3,T10#2,T11#1>group(App<F,T1#11>,App<F,T2#10>,App<F,T3#9>,App<F,T4#8>,App<F,T5#7>,App<F,T6#6>,App<F,T7#5>,App<F,T8#4>,App<F,T9#3>,App<F,T10#2>,App<F,T11#1>)
    T3#9 extends Object declared in method <T1#11,T2#10,T3#9,T4#8,T5#7,T6#6,T7#5,T8#4,T9#3,T10#2,T11#1>group(App<F,T1#11>,App<F,T2#10>,App<F,T3#9>,App<F,T4#8>,App<F,T5#7>,App<F,T6#6>,App<F,T7#5>,App<F,T8#4>,App<F,T9#3>,App<F,T10#2>,App<F,T11#1>)
    T4#8 extends Object declared in method <T1#11,T2#10,T3#9,T4#8,T5#7,T6#6,T7#5,T8#4,T9#3,T10#2,T11#1>group(App<F,T1#11>,App<F,T2#10>,App<F,T3#9>,App<F,T4#8>,App<F,T5#7>,App<F,T6#6>,App<F,T7#5>,App<F,T8#4>,App<F,T9#3>,App<F,T10#2>,App<F,T11#1>)
    T5#7 extends Object declared in method <T1#11,T2#10,T3#9,T4#8,T5#7,T6#6,T7#5,T8#4,T9#3,T10#2,T11#1>group(App<F,T1#11>,App<F,T2#10>,App<F,T3#9>,App<F,T4#8>,App<F,T5#7>,App<F,T6#6>,App<F,T7#5>,App<F,T8#4>,App<F,T9#3>,App<F,T10#2>,App<F,T11#1>)
    T6#6 extends Object declared in method <T1#11,T2#10,T3#9,T4#8,T5#7,T6#6,T7#5,T8#4,T9#3,T10#2,T11#1>group(App<F,T1#11>,App<F,T2#10>,App<F,T3#9>,App<F,T4#8>,App<F,T5#7>,App<F,T6#6>,App<F,T7#5>,App<F,T8#4>,App<F,T9#3>,App<F,T10#2>,App<F,T11#1>)
    T7#5 extends Object declared in method <T1#11,T2#10,T3#9,T4#8,T5#7,T6#6,T7#5,T8#4,T9#3,T10#2,T11#1>group(App<F,T1#11>,App<F,T2#10>,App<F,T3#9>,App<F,T4#8>,App<F,T5#7>,App<F,T6#6>,App<F,T7#5>,App<F,T8#4>,App<F,T9#3>,App<F,T10#2>,App<F,T11#1>)
    T8#4 extends Object declared in method <T1#11,T2#10,T3#9,T4#8,T5#7,T6#6,T7#5,T8#4,T9#3,T10#2,T11#1>group(App<F,T1#11>,App<F,T2#10>,App<F,T3#9>,App<F,T4#8>,App<F,T5#7>,App<F,T6#6>,App<F,T7#5>,App<F,T8#4>,App<F,T9#3>,App<F,T10#2>,App<F,T11#1>)
    T9#3 extends Object declared in method <T1#11,T2#10,T3#9,T4#8,T5#7,T6#6,T7#5,T8#4,T9#3,T10#2,T11#1>group(App<F,T1#11>,App<F,T2#10>,App<F,T3#9>,App<F,T4#8>,App<F,T5#7>,App<F,T6#6>,App<F,T7#5>,App<F,T8#4>,App<F,T9#3>,App<F,T10#2>,App<F,T11#1>)
    T10#2 extends Object declared in method <T1#11,T2#10,T3#9,T4#8,T5#7,T6#6,T7#5,T8#4,T9#3,T10#2,T11#1>group(App<F,T1#11>,App<F,T2#10>,App<F,T3#9>,App<F,T4#8>,App<F,T5#7>,App<F,T6#6>,App<F,T7#5>,App<F,T8#4>,App<F,T9#3>,App<F,T10#2>,App<F,T11#1>)
    T11#1 extends Object declared in method <T1#11,T2#10,T3#9,T4#8,T5#7,T6#6,T7#5,T8#4,T9#3,T10#2,T11#1>group(App<F,T1#11>,App<F,T2#10>,App<F,T3#9>,App<F,T4#8>,App<F,T5#7>,App<F,T6#6>,App<F,T7#5>,App<F,T8#4>,App<F,T9#3>,App<F,T10#2>,App<F,T11#1>)
    T1#12 extends Object declared in method <T1#12,T2#11,T3#10,T4#9,T5#8,T6#7,T7#6,T8#5,T9#4,T10#3,T11#2,T12#1>group(App<F,T1#12>,App<F,T2#11>,App<F,T3#10>,App<F,T4#9>,App<F,T5#8>,App<F,T6#7>,App<F,T7#6>,App<F,T8#5>,App<F,T9#4>,App<F,T10#3>,App<F,T11#2>,App<F,T12#1>)
    T2#11 extends Object declared in method <T1#12,T2#11,T3#10,T4#9,T5#8,T6#7,T7#6,T8#5,T9#4,T10#3,T11#2,T12#1>group(App<F,T1#12>,App<F,T2#11>,App<F,T3#10>,App<F,T4#9>,App<F,T5#8>,App<F,T6#7>,App<F,T7#6>,App<F,T8#5>,App<F,T9#4>,App<F,T10#3>,App<F,T11#2>,App<F,T12#1>)
    T3#10 extends Object declared in method <T1#12,T2#11,T3#10,T4#9,T5#8,T6#7,T7#6,T8#5,T9#4,T10#3,T11#2,T12#1>group(App<F,T1#12>,App<F,T2#11>,App<F,T3#10>,App<F,T4#9>,App<F,T5#8>,App<F,T6#7>,App<F,T7#6>,App<F,T8#5>,App<F,T9#4>,App<F,T10#3>,App<F,T11#2>,App<F,T12#1>)
    T4#9 extends Object declared in method <T1#12,T2#11,T3#10,T4#9,T5#8,T6#7,T7#6,T8#5,T9#4,T10#3,T11#2,T12#1>group(App<F,T1#12>,App<F,T2#11>,App<F,T3#10>,App<F,T4#9>,App<F,T5#8>,App<F,T6#7>,App<F,T7#6>,App<F,T8#5>,App<F,T9#4>,App<F,T10#3>,App<F,T11#2>,App<F,T12#1>)
    T5#8 extends Object declared in method <T1#12,T2#11,T3#10,T4#9,T5#8,T6#7,T7#6,T8#5,T9#4,T10#3,T11#2,T12#1>group(App<F,T1#12>,App<F,T2#11>,App<F,T3#10>,App<F,T4#9>,App<F,T5#8>,App<F,T6#7>,App<F,T7#6>,App<F,T8#5>,App<F,T9#4>,App<F,T10#3>,App<F,T11#2>,App<F,T12#1>)
    T6#7 extends Object declared in method <T1#12,T2#11,T3#10,T4#9,T5#8,T6#7,T7#6,T8#5,T9#4,T10#3,T11#2,T12#1>group(App<F,T1#12>,App<F,T2#11>,App<F,T3#10>,App<F,T4#9>,App<F,T5#8>,App<F,T6#7>,App<F,T7#6>,App<F,T8#5>,App<F,T9#4>,App<F,T10#3>,App<F,T11#2>,App<F,T12#1>)
    T7#6 extends Object declared in method <T1#12,T2#11,T3#10,T4#9,T5#8,T6#7,T7#6,T8#5,T9#4,T10#3,T11#2,T12#1>group(App<F,T1#12>,App<F,T2#11>,App<F,T3#10>,App<F,T4#9>,App<F,T5#8>,App<F,T6#7>,App<F,T7#6>,App<F,T8#5>,App<F,T9#4>,App<F,T10#3>,App<F,T11#2>,App<F,T12#1>)
    T8#5 extends Object declared in method <T1#12,T2#11,T3#10,T4#9,T5#8,T6#7,T7#6,T8#5,T9#4,T10#3,T11#2,T12#1>group(App<F,T1#12>,App<F,T2#11>,App<F,T3#10>,App<F,T4#9>,App<F,T5#8>,App<F,T6#7>,App<F,T7#6>,App<F,T8#5>,App<F,T9#4>,App<F,T10#3>,App<F,T11#2>,App<F,T12#1>)
    T9#4 extends Object declared in method <T1#12,T2#11,T3#10,T4#9,T5#8,T6#7,T7#6,T8#5,T9#4,T10#3,T11#2,T12#1>group(App<F,T1#12>,App<F,T2#11>,App<F,T3#10>,App<F,T4#9>,App<F,T5#8>,App<F,T6#7>,App<F,T7#6>,App<F,T8#5>,App<F,T9#4>,App<F,T10#3>,App<F,T11#2>,App<F,T12#1>)
    T10#3 extends Object declared in method <T1#12,T2#11,T3#10,T4#9,T5#8,T6#7,T7#6,T8#5,T9#4,T10#3,T11#2,T12#1>group(App<F,T1#12>,App<F,T2#11>,App<F,T3#10>,App<F,T4#9>,App<F,T5#8>,App<F,T6#7>,App<F,T7#6>,App<F,T8#5>,App<F,T9#4>,App<F,T10#3>,App<F,T11#2>,App<F,T12#1>)
    T11#2 extends Object declared in method <T1#12,T2#11,T3#10,T4#9,T5#8,T6#7,T7#6,T8#5,T9#4,T10#3,T11#2,T12#1>group(App<F,T1#12>,App<F,T2#11>,App<F,T3#10>,App<F,T4#9>,App<F,T5#8>,App<F,T6#7>,App<F,T7#6>,App<F,T8#5>,App<F,T9#4>,App<F,T10#3>,App<F,T11#2>,App<F,T12#1>)
    T12#1 extends Object declared in method <T1#12,T2#11,T3#10,T4#9,T5#8,T6#7,T7#6,T8#5,T9#4,T10#3,T11#2,T12#1>group(App<F,T1#12>,App<F,T2#11>,App<F,T3#10>,App<F,T4#9>,App<F,T5#8>,App<F,T6#7>,App<F,T7#6>,App<F,T8#5>,App<F,T9#4>,App<F,T10#3>,App<F,T11#2>,App<F,T12#1>)
    T1#13 extends Object declared in method <T1#13,T2#12,T3#11,T4#10,T5#9,T6#8,T7#7,T8#6,T9#5,T10#4,T11#3,T12#2,T13#1>group(App<F,T1#13>,App<F,T2#12>,App<F,T3#11>,App<F,T4#10>,App<F,T5#9>,App<F,T6#8>,App<F,T7#7>,App<F,T8#6>,App<F,T9#5>,App<F,T10#4>,App<F,T11#3>,App<F,T12#2>,App<F,T13#1>)
    T2#12 extends Object declared in method <T1#13,T2#12,T3#11,T4#10,T5#9,T6#8,T7#7,T8#6,T9#5,T10#4,T11#3,T12#2,T13#1>group(App<F,T1#13>,App<F,T2#12>,App<F,T3#11>,App<F,T4#10>,App<F,T5#9>,App<F,T6#8>,App<F,T7#7>,App<F,T8#6>,App<F,T9#5>,App<F,T10#4>,App<F,T11#3>,App<F,T12#2>,App<F,T13#1>)
    T3#11 extends Object declared in method <T1#13,T2#12,T3#11,T4#10,T5#9,T6#8,T7#7,T8#6,T9#5,T10#4,T11#3,T12#2,T13#1>group(App<F,T1#13>,App<F,T2#12>,App<F,T3#11>,App<F,T4#10>,App<F,T5#9>,App<F,T6#8>,App<F,T7#7>,App<F,T8#6>,App<F,T9#5>,App<F,T10#4>,App<F,T11#3>,App<F,T12#2>,App<F,T13#1>)
    T4#10 extends Object declared in method <T1#13,T2#12,T3#11,T4#10,T5#9,T6#8,T7#7,T8#6,T9#5,T10#4,T11#3,T12#2,T13#1>group(App<F,T1#13>,App<F,T2#12>,App<F,T3#11>,App<F,T4#10>,App<F,T5#9>,App<F,T6#8>,App<F,T7#7>,App<F,T8#6>,App<F,T9#5>,App<F,T10#4>,App<F,T11#3>,App<F,T12#2>,App<F,T13#1>)
    T5#9 extends Object declared in method <T1#13,T2#12,T3#11,T4#10,T5#9,T6#8,T7#7,T8#6,T9#5,T10#4,T11#3,T12#2,T13#1>group(App<F,T1#13>,App<F,T2#12>,App<F,T3#11>,App<F,T4#10>,App<F,T5#9>,App<F,T6#8>,App<F,T7#7>,App<F,T8#6>,App<F,T9#5>,App<F,T10#4>,App<F,T11#3>,App<F,T12#2>,App<F,T13#1>)
    T6#8 extends Object declared in method <T1#13,T2#12,T3#11,T4#10,T5#9,T6#8,T7#7,T8#6,T9#5,T10#4,T11#3,T12#2,T13#1>group(App<F,T1#13>,App<F,T2#12>,App<F,T3#11>,App<F,T4#10>,App<F,T5#9>,App<F,T6#8>,App<F,T7#7>,App<F,T8#6>,App<F,T9#5>,App<F,T10#4>,App<F,T11#3>,App<F,T12#2>,App<F,T13#1>)
    T7#7 extends Object declared in method <T1#13,T2#12,T3#11,T4#10,T5#9,T6#8,T7#7,T8#6,T9#5,T10#4,T11#3,T12#2,T13#1>group(App<F,T1#13>,App<F,T2#12>,App<F,T3#11>,App<F,T4#10>,App<F,T5#9>,App<F,T6#8>,App<F,T7#7>,App<F,T8#6>,App<F,T9#5>,App<F,T10#4>,App<F,T11#3>,App<F,T12#2>,App<F,T13#1>)
    T8#6 extends Object declared in method <T1#13,T2#12,T3#11,T4#10,T5#9,T6#8,T7#7,T8#6,T9#5,T10#4,T11#3,T12#2,T13#1>group(App<F,T1#13>,App<F,T2#12>,App<F,T3#11>,App<F,T4#10>,App<F,T5#9>,App<F,T6#8>,App<F,T7#7>,App<F,T8#6>,App<F,T9#5>,App<F,T10#4>,App<F,T11#3>,App<F,T12#2>,App<F,T13#1>)
    T9#5 extends Object declared in method <T1#13,T2#12,T3#11,T4#10,T5#9,T6#8,T7#7,T8#6,T9#5,T10#4,T11#3,T12#2,T13#1>group(App<F,T1#13>,App<F,T2#12>,App<F,T3#11>,App<F,T4#10>,App<F,T5#9>,App<F,T6#8>,App<F,T7#7>,App<F,T8#6>,App<F,T9#5>,App<F,T10#4>,App<F,T11#3>,App<F,T12#2>,App<F,T13#1>)
    T10#4 extends Object declared in method <T1#13,T2#12,T3#11,T4#10,T5#9,T6#8,T7#7,T8#6,T9#5,T10#4,T11#3,T12#2,T13#1>group(App<F,T1#13>,App<F,T2#12>,App<F,T3#11>,App<F,T4#10>,App<F,T5#9>,App<F,T6#8>,App<F,T7#7>,App<F,T8#6>,App<F,T9#5>,App<F,T10#4>,App<F,T11#3>,App<F,T12#2>,App<F,T13#1>)
    T11#3 extends Object declared in method <T1#13,T2#12,T3#11,T4#10,T5#9,T6#8,T7#7,T8#6,T9#5,T10#4,T11#3,T12#2,T13#1>group(App<F,T1#13>,App<F,T2#12>,App<F,T3#11>,App<F,T4#10>,App<F,T5#9>,App<F,T6#8>,App<F,T7#7>,App<F,T8#6>,App<F,T9#5>,App<F,T10#4>,App<F,T11#3>,App<F,T12#2>,App<F,T13#1>)
    T12#2 extends Object declared in method <T1#13,T2#12,T3#11,T4#10,T5#9,T6#8,T7#7,T8#6,T9#5,T10#4,T11#3,T12#2,T13#1>group(App<F,T1#13>,App<F,T2#12>,App<F,T3#11>,App<F,T4#10>,App<F,T5#9>,App<F,T6#8>,App<F,T7#7>,App<F,T8#6>,App<F,T9#5>,App<F,T10#4>,App<F,T11#3>,App<F,T12#2>,App<F,T13#1>)
    T13#1 extends Object declared in method <T1#13,T2#12,T3#11,T4#10,T5#9,T6#8,T7#7,T8#6,T9#5,T10#4,T11#3,T12#2,T13#1>group(App<F,T1#13>,App<F,T2#12>,App<F,T3#11>,App<F,T4#10>,App<F,T5#9>,App<F,T6#8>,App<F,T7#7>,App<F,T8#6>,App<F,T9#5>,App<F,T10#4>,App<F,T11#3>,App<F,T12#2>,App<F,T13#1>)
    T1#14 extends Object declared in method <T1#14,T2#13,T3#12,T4#11,T5#10,T6#9,T7#8,T8#7,T9#6,T10#5,T11#4,T12#3,T13#2,T14#1>group(App<F,T1#14>,App<F,T2#13>,App<F,T3#12>,App<F,T4#11>,App<F,T5#10>,App<F,T6#9>,App<F,T7#8>,App<F,T8#7>,App<F,T9#6>,App<F,T10#5>,App<F,T11#4>,App<F,T12#3>,App<F,T13#2>,App<F,T14#1>)
    T2#13 extends Object declared in method <T1#14,T2#13,T3#12,T4#11,T5#10,T6#9,T7#8,T8#7,T9#6,T10#5,T11#4,T12#3,T13#2,T14#1>group(App<F,T1#14>,App<F,T2#13>,App<F,T3#12>,App<F,T4#11>,App<F,T5#10>,App<F,T6#9>,App<F,T7#8>,App<F,T8#7>,App<F,T9#6>,App<F,T10#5>,App<F,T11#4>,App<F,T12#3>,App<F,T13#2>,App<F,T14#1>)
    T3#12 extends Object declared in method <T1#14,T2#13,T3#12,T4#11,T5#10,T6#9,T7#8,T8#7,T9#6,T10#5,T11#4,T12#3,T13#2,T14#1>group(App<F,T1#14>,App<F,T2#13>,App<F,T3#12>,App<F,T4#11>,App<F,T5#10>,App<F,T6#9>,App<F,T7#8>,App<F,T8#7>,App<F,T9#6>,App<F,T10#5>,App<F,T11#4>,App<F,T12#3>,App<F,T13#2>,App<F,T14#1>)
    T4#11 extends Object declared in method <T1#14,T2#13,T3#12,T4#11,T5#10,T6#9,T7#8,T8#7,T9#6,T10#5,T11#4,T12#3,T13#2,T14#1>group(App<F,T1#14>,App<F,T2#13>,App<F,T3#12>,App<F,T4#11>,App<F,T5#10>,App<F,T6#9>,App<F,T7#8>,App<F,T8#7>,App<F,T9#6>,App<F,T10#5>,App<F,T11#4>,App<F,T12#3>,App<F,T13#2>,App<F,T14#1>)
    T5#10 extends Object declared in method <T1#14,T2#13,T3#12,T4#11,T5#10,T6#9,T7#8,T8#7,T9#6,T10#5,T11#4,T12#3,T13#2,T14#1>group(App<F,T1#14>,App<F,T2#13>,App<F,T3#12>,App<F,T4#11>,App<F,T5#10>,App<F,T6#9>,App<F,T7#8>,App<F,T8#7>,App<F,T9#6>,App<F,T10#5>,App<F,T11#4>,App<F,T12#3>,App<F,T13#2>,App<F,T14#1>)
    T6#9 extends Object declared in method <T1#14,T2#13,T3#12,T4#11,T5#10,T6#9,T7#8,T8#7,T9#6,T10#5,T11#4,T12#3,T13#2,T14#1>group(App<F,T1#14>,App<F,T2#13>,App<F,T3#12>,App<F,T4#11>,App<F,T5#10>,App<F,T6#9>,App<F,T7#8>,App<F,T8#7>,App<F,T9#6>,App<F,T10#5>,App<F,T11#4>,App<F,T12#3>,App<F,T13#2>,App<F,T14#1>)
    T7#8 extends Object declared in method <T1#14,T2#13,T3#12,T4#11,T5#10,T6#9,T7#8,T8#7,T9#6,T10#5,T11#4,T12#3,T13#2,T14#1>group(App<F,T1#14>,App<F,T2#13>,App<F,T3#12>,App<F,T4#11>,App<F,T5#10>,App<F,T6#9>,App<F,T7#8>,App<F,T8#7>,App<F,T9#6>,App<F,T10#5>,App<F,T11#4>,App<F,T12#3>,App<F,T13#2>,App<F,T14#1>)
    T8#7 extends Object declared in method <T1#14,T2#13,T3#12,T4#11,T5#10,T6#9,T7#8,T8#7,T9#6,T10#5,T11#4,T12#3,T13#2,T14#1>group(App<F,T1#14>,App<F,T2#13>,App<F,T3#12>,App<F,T4#11>,App<F,T5#10>,App<F,T6#9>,App<F,T7#8>,App<F,T8#7>,App<F,T9#6>,App<F,T10#5>,App<F,T11#4>,App<F,T12#3>,App<F,T13#2>,App<F,T14#1>)
    T9#6 extends Object declared in method <T1#14,T2#13,T3#12,T4#11,T5#10,T6#9,T7#8,T8#7,T9#6,T10#5,T11#4,T12#3,T13#2,T14#1>group(App<F,T1#14>,App<F,T2#13>,App<F,T3#12>,App<F,T4#11>,App<F,T5#10>,App<F,T6#9>,App<F,T7#8>,App<F,T8#7>,App<F,T9#6>,App<F,T10#5>,App<F,T11#4>,App<F,T12#3>,App<F,T13#2>,App<F,T14#1>)
    T10#5 extends Object declared in method <T1#14,T2#13,T3#12,T4#11,T5#10,T6#9,T7#8,T8#7,T9#6,T10#5,T11#4,T12#3,T13#2,T14#1>group(App<F,T1#14>,App<F,T2#13>,App<F,T3#12>,App<F,T4#11>,App<F,T5#10>,App<F,T6#9>,App<F,T7#8>,App<F,T8#7>,App<F,T9#6>,App<F,T10#5>,App<F,T11#4>,App<F,T12#3>,App<F,T13#2>,App<F,T14#1>)
    T11#4 extends Object declared in method <T1#14,T2#13,T3#12,T4#11,T5#10,T6#9,T7#8,T8#7,T9#6,T10#5,T11#4,T12#3,T13#2,T14#1>group(App<F,T1#14>,App<F,T2#13>,App<F,T3#12>,App<F,T4#11>,App<F,T5#10>,App<F,T6#9>,App<F,T7#8>,App<F,T8#7>,App<F,T9#6>,App<F,T10#5>,App<F,T11#4>,App<F,T12#3>,App<F,T13#2>,App<F,T14#1>)
    T12#3 extends Object declared in method <T1#14,T2#13,T3#12,T4#11,T5#10,T6#9,T7#8,T8#7,T9#6,T10#5,T11#4,T12#3,T13#2,T14#1>group(App<F,T1#14>,App<F,T2#13>,App<F,T3#12>,App<F,T4#11>,App<F,T5#10>,App<F,T6#9>,App<F,T7#8>,App<F,T8#7>,App<F,T9#6>,App<F,T10#5>,App<F,T11#4>,App<F,T12#3>,App<F,T13#2>,App<F,T14#1>)
    T13#2 extends Object declared in method <T1#14,T2#13,T3#12,T4#11,T5#10,T6#9,T7#8,T8#7,T9#6,T10#5,T11#4,T12#3,T13#2,T14#1>group(App<F,T1#14>,App<F,T2#13>,App<F,T3#12>,App<F,T4#11>,App<F,T5#10>,App<F,T6#9>,App<F,T7#8>,App<F,T8#7>,App<F,T9#6>,App<F,T10#5>,App<F,T11#4>,App<F,T12#3>,App<F,T13#2>,App<F,T14#1>)
    T14#1 extends Object declared in method <T1#14,T2#13,T3#12,T4#11,T5#10,T6#9,T7#8,T8#7,T9#6,T10#5,T11#4,T12#3,T13#2,T14#1>group(App<F,T1#14>,App<F,T2#13>,App<F,T3#12>,App<F,T4#11>,App<F,T5#10>,App<F,T6#9>,App<F,T7#8>,App<F,T8#7>,App<F,T9#6>,App<F,T10#5>,App<F,T11#4>,App<F,T12#3>,App<F,T13#2>,App<F,T14#1>)
    T1#15 extends Object declared in method <T1#15,T2#14,T3#13,T4#12,T5#11,T6#10,T7#9,T8#8,T9#7,T10#6,T11#5,T12#4,T13#3,T14#2,T15#1>group(App<F,T1#15>,App<F,T2#14>,App<F,T3#13>,App<F,T4#12>,App<F,T5#11>,App<F,T6#10>,App<F,T7#9>,App<F,T8#8>,App<F,T9#7>,App<F,T10#6>,App<F,T11#5>,App<F,T12#4>,App<F,T13#3>,App<F,T14#2>,App<F,T15#1>)
    T2#14 extends Object declared in method <T1#15,T2#14,T3#13,T4#12,T5#11,T6#10,T7#9,T8#8,T9#7,T10#6,T11#5,T12#4,T13#3,T14#2,T15#1>group(App<F,T1#15>,App<F,T2#14>,App<F,T3#13>,App<F,T4#12>,App<F,T5#11>,App<F,T6#10>,App<F,T7#9>,App<F,T8#8>,App<F,T9#7>,App<F,T10#6>,App<F,T11#5>,App<F,T12#4>,App<F,T13#3>,App<F,T14#2>,App<F,T15#1>)
    T3#13 extends Object declared in method <T1#15,T2#14,T3#13,T4#12,T5#11,T6#10,T7#9,T8#8,T9#7,T10#6,T11#5,T12#4,T13#3,T14#2,T15#1>group(App<F,T1#15>,App<F,T2#14>,App<F,T3#13>,App<F,T4#12>,App<F,T5#11>,App<F,T6#10>,App<F,T7#9>,App<F,T8#8>,App<F,T9#7>,App<F,T10#6>,App<F,T11#5>,App<F,T12#4>,App<F,T13#3>,App<F,T14#2>,App<F,T15#1>)
    T4#12 extends Object declared in method <T1#15,T2#14,T3#13,T4#12,T5#11,T6#10,T7#9,T8#8,T9#7,T10#6,T11#5,T12#4,T13#3,T14#2,T15#1>group(App<F,T1#15>,App<F,T2#14>,App<F,T3#13>,App<F,T4#12>,App<F,T5#11>,App<F,T6#10>,App<F,T7#9>,App<F,T8#8>,App<F,T9#7>,App<F,T10#6>,App<F,T11#5>,App<F,T12#4>,App<F,T13#3>,App<F,T14#2>,App<F,T15#1>)
    T5#11 extends Object declared in method <T1#15,T2#14,T3#13,T4#12,T5#11,T6#10,T7#9,T8#8,T9#7,T10#6,T11#5,T12#4,T13#3,T14#2,T15#1>group(App<F,T1#15>,App<F,T2#14>,App<F,T3#13>,App<F,T4#12>,App<F,T5#11>,App<F,T6#10>,App<F,T7#9>,App<F,T8#8>,App<F,T9#7>,App<F,T10#6>,App<F,T11#5>,App<F,T12#4>,App<F,T13#3>,App<F,T14#2>,App<F,T15#1>)
    T6#10 extends Object declared in method <T1#15,T2#14,T3#13,T4#12,T5#11,T6#10,T7#9,T8#8,T9#7,T10#6,T11#5,T12#4,T13#3,T14#2,T15#1>group(App<F,T1#15>,App<F,T2#14>,App<F,T3#13>,App<F,T4#12>,App<F,T5#11>,App<F,T6#10>,App<F,T7#9>,App<F,T8#8>,App<F,T9#7>,App<F,T10#6>,App<F,T11#5>,App<F,T12#4>,App<F,T13#3>,App<F,T14#2>,App<F,T15#1>)
    T7#9 extends Object declared in method <T1#15,T2#14,T3#13,T4#12,T5#11,T6#10,T7#9,T8#8,T9#7,T10#6,T11#5,T12#4,T13#3,T14#2,T15#1>group(App<F,T1#15>,App<F,T2#14>,App<F,T3#13>,App<F,T4#12>,App<F,T5#11>,App<F,T6#10>,App<F,T7#9>,App<F,T8#8>,App<F,T9#7>,App<F,T10#6>,App<F,T11#5>,App<F,T12#4>,App<F,T13#3>,App<F,T14#2>,App<F,T15#1>)
    T8#8 extends Object declared in method <T1#15,T2#14,T3#13,T4#12,T5#11,T6#10,T7#9,T8#8,T9#7,T10#6,T11#5,T12#4,T13#3,T14#2,T15#1>group(App<F,T1#15>,App<F,T2#14>,App<F,T3#13>,App<F,T4#12>,App<F,T5#11>,App<F,T6#10>,App<F,T7#9>,App<F,T8#8>,App<F,T9#7>,App<F,T10#6>,App<F,T11#5>,App<F,T12#4>,App<F,T13#3>,App<F,T14#2>,App<F,T15#1>)
    T9#7 extends Object declared in method <T1#15,T2#14,T3#13,T4#12,T5#11,T6#10,T7#9,T8#8,T9#7,T10#6,T11#5,T12#4,T13#3,T14#2,T15#1>group(App<F,T1#15>,App<F,T2#14>,App<F,T3#13>,App<F,T4#12>,App<F,T5#11>,App<F,T6#10>,App<F,T7#9>,App<F,T8#8>,App<F,T9#7>,App<F,T10#6>,App<F,T11#5>,App<F,T12#4>,App<F,T13#3>,App<F,T14#2>,App<F,T15#1>)
    T10#6 extends Object declared in method <T1#15,T2#14,T3#13,T4#12,T5#11,T6#10,T7#9,T8#8,T9#7,T10#6,T11#5,T12#4,T13#3,T14#2,T15#1>group(App<F,T1#15>,App<F,T2#14>,App<F,T3#13>,App<F,T4#12>,App<F,T5#11>,App<F,T6#10>,App<F,T7#9>,App<F,T8#8>,App<F,T9#7>,App<F,T10#6>,App<F,T11#5>,App<F,T12#4>,App<F,T13#3>,App<F,T14#2>,App<F,T15#1>)
    T11#5 extends Object declared in method <T1#15,T2#14,T3#13,T4#12,T5#11,T6#10,T7#9,T8#8,T9#7,T10#6,T11#5,T12#4,T13#3,T14#2,T15#1>group(App<F,T1#15>,App<F,T2#14>,App<F,T3#13>,App<F,T4#12>,App<F,T5#11>,App<F,T6#10>,App<F,T7#9>,App<F,T8#8>,App<F,T9#7>,App<F,T10#6>,App<F,T11#5>,App<F,T12#4>,App<F,T13#3>,App<F,T14#2>,App<F,T15#1>)
    T12#4 extends Object declared in method <T1#15,T2#14,T3#13,T4#12,T5#11,T6#10,T7#9,T8#8,T9#7,T10#6,T11#5,T12#4,T13#3,T14#2,T15#1>group(App<F,T1#15>,App<F,T2#14>,App<F,T3#13>,App<F,T4#12>,App<F,T5#11>,App<F,T6#10>,App<F,T7#9>,App<F,T8#8>,App<F,T9#7>,App<F,T10#6>,App<F,T11#5>,App<F,T12#4>,App<F,T13#3>,App<F,T14#2>,App<F,T15#1>)
    T13#3 extends Object declared in method <T1#15,T2#14,T3#13,T4#12,T5#11,T6#10,T7#9,T8#8,T9#7,T10#6,T11#5,T12#4,T13#3,T14#2,T15#1>group(App<F,T1#15>,App<F,T2#14>,App<F,T3#13>,App<F,T4#12>,App<F,T5#11>,App<F,T6#10>,App<F,T7#9>,App<F,T8#8>,App<F,T9#7>,App<F,T10#6>,App<F,T11#5>,App<F,T12#4>,App<F,T13#3>,App<F,T14#2>,App<F,T15#1>)
    T14#2 extends Object declared in method <T1#15,T2#14,T3#13,T4#12,T5#11,T6#10,T7#9,T8#8,T9#7,T10#6,T11#5,T12#4,T13#3,T14#2,T15#1>group(App<F,T1#15>,App<F,T2#14>,App<F,T3#13>,App<F,T4#12>,App<F,T5#11>,App<F,T6#10>,App<F,T7#9>,App<F,T8#8>,App<F,T9#7>,App<F,T10#6>,App<F,T11#5>,App<F,T12#4>,App<F,T13#3>,App<F,T14#2>,App<F,T15#1>)
    T15#1 extends Object declared in method <T1#15,T2#14,T3#13,T4#12,T5#11,T6#10,T7#9,T8#8,T9#7,T10#6,T11#5,T12#4,T13#3,T14#2,T15#1>group(App<F,T1#15>,App<F,T2#14>,App<F,T3#13>,App<F,T4#12>,App<F,T5#11>,App<F,T6#10>,App<F,T7#9>,App<F,T8#8>,App<F,T9#7>,App<F,T10#6>,App<F,T11#5>,App<F,T12#4>,App<F,T13#3>,App<F,T14#2>,App<F,T15#1>)
    T1#16 extends Object declared in method <T1#16,T2#15,T3#14,T4#13,T5#12,T6#11,T7#10,T8#9,T9#8,T10#7,T11#6,T12#5,T13#4,T14#3,T15#2,T16>group(App<F,T1#16>,App<F,T2#15>,App<F,T3#14>,App<F,T4#13>,App<F,T5#12>,App<F,T6#11>,App<F,T7#10>,App<F,T8#9>,App<F,T9#8>,App<F,T10#7>,App<F,T11#6>,App<F,T12#5>,App<F,T13#4>,App<F,T14#3>,App<F,T15#2>,App<F,T16>)
    T2#15 extends Object declared in method <T1#16,T2#15,T3#14,T4#13,T5#12,T6#11,T7#10,T8#9,T9#8,T10#7,T11#6,T12#5,T13#4,T14#3,T15#2,T16>group(App<F,T1#16>,App<F,T2#15>,App<F,T3#14>,App<F,T4#13>,App<F,T5#12>,App<F,T6#11>,App<F,T7#10>,App<F,T8#9>,App<F,T9#8>,App<F,T10#7>,App<F,T11#6>,App<F,T12#5>,App<F,T13#4>,App<F,T14#3>,App<F,T15#2>,App<F,T16>)
    T3#14 extends Object declared in method <T1#16,T2#15,T3#14,T4#13,T5#12,T6#11,T7#10,T8#9,T9#8,T10#7,T11#6,T12#5,T13#4,T14#3,T15#2,T16>group(App<F,T1#16>,App<F,T2#15>,App<F,T3#14>,App<F,T4#13>,App<F,T5#12>,App<F,T6#11>,App<F,T7#10>,App<F,T8#9>,App<F,T9#8>,App<F,T10#7>,App<F,T11#6>,App<F,T12#5>,App<F,T13#4>,App<F,T14#3>,App<F,T15#2>,App<F,T16>)
    T4#13 extends Object declared in method <T1#16,T2#15,T3#14,T4#13,T5#12,T6#11,T7#10,T8#9,T9#8,T10#7,T11#6,T12#5,T13#4,T14#3,T15#2,T16>group(App<F,T1#16>,App<F,T2#15>,App<F,T3#14>,App<F,T4#13>,App<F,T5#12>,App<F,T6#11>,App<F,T7#10>,App<F,T8#9>,App<F,T9#8>,App<F,T10#7>,App<F,T11#6>,App<F,T12#5>,App<F,T13#4>,App<F,T14#3>,App<F,T15#2>,App<F,T16>)
    T5#12 extends Object declared in method <T1#16,T2#15,T3#14,T4#13,T5#12,T6#11,T7#10,T8#9,T9#8,T10#7,T11#6,T12#5,T13#4,T14#3,T15#2,T16>group(App<F,T1#16>,App<F,T2#15>,App<F,T3#14>,App<F,T4#13>,App<F,T5#12>,App<F,T6#11>,App<F,T7#10>,App<F,T8#9>,App<F,T9#8>,App<F,T10#7>,App<F,T11#6>,App<F,T12#5>,App<F,T13#4>,App<F,T14#3>,App<F,T15#2>,App<F,T16>)
    T6#11 extends Object declared in method <T1#16,T2#15,T3#14,T4#13,T5#12,T6#11,T7#10,T8#9,T9#8,T10#7,T11#6,T12#5,T13#4,T14#3,T15#2,T16>group(App<F,T1#16>,App<F,T2#15>,App<F,T3#14>,App<F,T4#13>,App<F,T5#12>,App<F,T6#11>,App<F,T7#10>,App<F,T8#9>,App<F,T9#8>,App<F,T10#7>,App<F,T11#6>,App<F,T12#5>,App<F,T13#4>,App<F,T14#3>,App<F,T15#2>,App<F,T16>)
    T7#10 extends Object declared in method <T1#16,T2#15,T3#14,T4#13,T5#12,T6#11,T7#10,T8#9,T9#8,T10#7,T11#6,T12#5,T13#4,T14#3,T15#2,T16>group(App<F,T1#16>,App<F,T2#15>,App<F,T3#14>,App<F,T4#13>,App<F,T5#12>,App<F,T6#11>,App<F,T7#10>,App<F,T8#9>,App<F,T9#8>,App<F,T10#7>,App<F,T11#6>,App<F,T12#5>,App<F,T13#4>,App<F,T14#3>,App<F,T15#2>,App<F,T16>)
    T8#9 extends Object declared in method <T1#16,T2#15,T3#14,T4#13,T5#12,T6#11,T7#10,T8#9,T9#8,T10#7,T11#6,T12#5,T13#4,T14#3,T15#2,T16>group(App<F,T1#16>,App<F,T2#15>,App<F,T3#14>,App<F,T4#13>,App<F,T5#12>,App<F,T6#11>,App<F,T7#10>,App<F,T8#9>,App<F,T9#8>,App<F,T10#7>,App<F,T11#6>,App<F,T12#5>,App<F,T13#4>,App<F,T14#3>,App<F,T15#2>,App<F,T16>)
    T9#8 extends Object declared in method <T1#16,T2#15,T3#14,T4#13,T5#12,T6#11,T7#10,T8#9,T9#8,T10#7,T11#6,T12#5,T13#4,T14#3,T15#2,T16>group(App<F,T1#16>,App<F,T2#15>,App<F,T3#14>,App<F,T4#13>,App<F,T5#12>,App<F,T6#11>,App<F,T7#10>,App<F,T8#9>,App<F,T9#8>,App<F,T10#7>,App<F,T11#6>,App<F,T12#5>,App<F,T13#4>,App<F,T14#3>,App<F,T15#2>,App<F,T16>)
    T10#7 extends Object declared in method <T1#16,T2#15,T3#14,T4#13,T5#12,T6#11,T7#10,T8#9,T9#8,T10#7,T11#6,T12#5,T13#4,T14#3,T15#2,T16>group(App<F,T1#16>,App<F,T2#15>,App<F,T3#14>,App<F,T4#13>,App<F,T5#12>,App<F,T6#11>,App<F,T7#10>,App<F,T8#9>,App<F,T9#8>,App<F,T10#7>,App<F,T11#6>,App<F,T12#5>,App<F,T13#4>,App<F,T14#3>,App<F,T15#2>,App<F,T16>)
    T11#6 extends Object declared in method <T1#16,T2#15,T3#14,T4#13,T5#12,T6#11,T7#10,T8#9,T9#8,T10#7,T11#6,T12#5,T13#4,T14#3,T15#2,T16>group(App<F,T1#16>,App<F,T2#15>,App<F,T3#14>,App<F,T4#13>,App<F,T5#12>,App<F,T6#11>,App<F,T7#10>,App<F,T8#9>,App<F,T9#8>,App<F,T10#7>,App<F,T11#6>,App<F,T12#5>,App<F,T13#4>,App<F,T14#3>,App<F,T15#2>,App<F,T16>)
    T12#5 extends Object declared in method <T1#16,T2#15,T3#14,T4#13,T5#12,T6#11,T7#10,T8#9,T9#8,T10#7,T11#6,T12#5,T13#4,T14#3,T15#2,T16>group(App<F,T1#16>,App<F,T2#15>,App<F,T3#14>,App<F,T4#13>,App<F,T5#12>,App<F,T6#11>,App<F,T7#10>,App<F,T8#9>,App<F,T9#8>,App<F,T10#7>,App<F,T11#6>,App<F,T12#5>,App<F,T13#4>,App<F,T14#3>,App<F,T15#2>,App<F,T16>)
    T13#4 extends Object declared in method <T1#16,T2#15,T3#14,T4#13,T5#12,T6#11,T7#10,T8#9,T9#8,T10#7,T11#6,T12#5,T13#4,T14#3,T15#2,T16>group(App<F,T1#16>,App<F,T2#15>,App<F,T3#14>,App<F,T4#13>,App<F,T5#12>,App<F,T6#11>,App<F,T7#10>,App<F,T8#9>,App<F,T9#8>,App<F,T10#7>,App<F,T11#6>,App<F,T12#5>,App<F,T13#4>,App<F,T14#3>,App<F,T15#2>,App<F,T16>)
    T14#3 extends Object declared in method <T1#16,T2#15,T3#14,T4#13,T5#12,T6#11,T7#10,T8#9,T9#8,T10#7,T11#6,T12#5,T13#4,T14#3,T15#2,T16>group(App<F,T1#16>,App<F,T2#15>,App<F,T3#14>,App<F,T4#13>,App<F,T5#12>,App<F,T6#11>,App<F,T7#10>,App<F,T8#9>,App<F,T9#8>,App<F,T10#7>,App<F,T11#6>,App<F,T12#5>,App<F,T13#4>,App<F,T14#3>,App<F,T15#2>,App<F,T16>)
    T15#2 extends Object declared in method <T1#16,T2#15,T3#14,T4#13,T5#12,T6#11,T7#10,T8#9,T9#8,T10#7,T11#6,T12#5,T13#4,T14#3,T15#2,T16>group(App<F,T1#16>,App<F,T2#15>,App<F,T3#14>,App<F,T4#13>,App<F,T5#12>,App<F,T6#11>,App<F,T7#10>,App<F,T8#9>,App<F,T9#8>,App<F,T10#7>,App<F,T11#6>,App<F,T12#5>,App<F,T13#4>,App<F,T14#3>,App<F,T15#2>,App<F,T16>)
    T16 extends Object declared in method <T1#16,T2#15,T3#14,T4#13,T5#12,T6#11,T7#10,T8#9,T9#8,T10#7,T11#6,T12#5,T13#4,T14#3,T15#2,T16>group(App<F,T1#16>,App<F,T2#15>,App<F,T3#14>,App<F,T4#13>,App<F,T5#12>,App<F,T6#11>,App<F,T7#10>,App<F,T8#9>,App<F,T9#8>,App<F,T10#7>,App<F,T11#6>,App<F,T12#5>,App<F,T13#4>,App<F,T14#3>,App<F,T15#2>,App<F,T16>)
/home/runner/work/TaCZ_Refabricated_Unofficial/TaCZ_Refabricated_Unofficial/src/main/java/cn/sh1rocu/tacz/industry/api/feed/BoxMagazineData.java:47: error: incompatible types: invalid method reference
    ).validate(BoxMagazineData::validateShape);
               ^
    incompatible types: Object cannot be converted to BoxMagazineData
/home/runner/work/TaCZ_Refabricated_Unofficial/TaCZ_Refabricated_Unofficial/src/main/java/cn/sh1rocu/tacz/industry/api/feed/TubularMagazineData.java:37: error: no suitable method found for group(RecordCodecBuilder<TubularMagazineData,Identifier>,RecordCodecBuilder<TubularMagazineData,Integer>,RecordCodecBuilder<TubularMagazineData,List<LoadedRound>>,RecordCodecBuilder<TubularMagazineData,Float>)
            instance -> instance.group(
                                ^
    method Kind1.<T1#1>group(App<Mu<Object>,T1#1>) is not applicable
      (cannot infer type-variable(s) T1#1
        (actual and formal argument lists differ in length))
    method Kind1.<T1#2,T2#1>group(App<Mu<Object>,T1#2>,App<Mu<Object>,T2#1>) is not applicable
      (cannot infer type-variable(s) T1#2,T2#1
        (actual and formal argument lists differ in length))
    method Kind1.<T1#3,T2#2,T3#1>group(App<Mu<Object>,T1#3>,App<Mu<Object>,T2#2>,App<Mu<Object>,T3#1>) is not applicable
      (cannot infer type-variable(s) T1#3,T2#2,T3#1
        (actual and formal argument lists differ in length))
    method Kind1.<T1#4,T2#3,T3#2,T4#1>group(App<Mu<Object>,T1#4>,App<Mu<Object>,T2#3>,App<Mu<Object>,T3#2>,App<Mu<Object>,T4#1>) is not applicable
      (inference variable O has incompatible bounds
        equality constraints: Object
        upper bounds: Object,TubularMagazineData)
    method Kind1.<T1#5,T2#4,T3#3,T4#2,T5#1>group(App<Mu<Object>,T1#5>,App<Mu<Object>,T2#4>,App<Mu<Object>,T3#3>,App<Mu<Object>,T4#2>,App<Mu<Object>,T5#1>) is not applicable
      (cannot infer type-variable(s) T1#5,T2#4,T3#3,T4#2,T5#1
        (actual and formal argument lists differ in length))
    method Kind1.<T1#6,T2#5,T3#4,T4#3,T5#2,T6#1>group(App<Mu<Object>,T1#6>,App<Mu<Object>,T2#5>,App<Mu<Object>,T3#4>,App<Mu<Object>,T4#3>,App<Mu<Object>,T5#2>,App<Mu<Object>,T6#1>) is not applicable
      (cannot infer type-variable(s) T1#6,T2#5,T3#4,T4#3,T5#2,T6#1
        (actual and formal argument lists differ in length))
    method Kind1.<T1#7,T2#6,T3#5,T4#4,T5#3,T6#2,T7#1>group(App<Mu<Object>,T1#7>,App<Mu<Object>,T2#6>,App<Mu<Object>,T3#5>,App<Mu<Object>,T4#4>,App<Mu<Object>,T5#3>,App<Mu<Object>,T6#2>,App<Mu<Object>,T7#1>) is not applicable
      (cannot infer type-variable(s) T1#7,T2#6,T3#5,T4#4,T5#3,T6#2,T7#1
        (actual and formal argument lists differ in length))
    method Kind1.<T1#8,T2#7,T3#6,T4#5,T5#4,T6#3,T7#2,T8#1>group(App<Mu<Object>,T1#8>,App<Mu<Object>,T2#7>,App<Mu<Object>,T3#6>,App<Mu<Object>,T4#5>,App<Mu<Object>,T5#4>,App<Mu<Object>,T6#3>,App<Mu<Object>,T7#2>,App<Mu<Object>,T8#1>) is not applicable
      (cannot infer type-variable(s) T1#8,T2#7,T3#6,T4#5,T5#4,T6#3,T7#2,T8#1
        (actual and formal argument lists differ in length))
    method Kind1.<T1#9,T2#8,T3#7,T4#6,T5#5,T6#4,T7#3,T8#2,T9#1>group(App<Mu<Object>,T1#9>,App<Mu<Object>,T2#8>,App<Mu<Object>,T3#7>,App<Mu<Object>,T4#6>,App<Mu<Object>,T5#5>,App<Mu<Object>,T6#4>,App<Mu<Object>,T7#3>,App<Mu<Object>,T8#2>,App<Mu<Object>,T9#1>) is not applicable
      (cannot infer type-variable(s) T1#9,T2#8,T3#7,T4#6,T5#5,T6#4,T7#3,T8#2,T9#1
        (actual and formal argument lists differ in length))
    method Kind1.<T1#10,T2#9,T3#8,T4#7,T5#6,T6#5,T7#4,T8#3,T9#2,T10#1>group(App<Mu<Object>,T1#10>,App<Mu<Object>,T2#9>,App<Mu<Object>,T3#8>,App<Mu<Object>,T4#7>,App<Mu<Object>,T5#6>,App<Mu<Object>,T6#5>,App<Mu<Object>,T7#4>,App<Mu<Object>,T8#3>,App<Mu<Object>,T9#2>,App<Mu<Object>,T10#1>) is not applicable
      (cannot infer type-variable(s) T1#10,T2#9,T3#8,T4#7,T5#6,T6#5,T7#4,T8#3,T9#2,T10#1
        (actual and formal argument lists differ in length))
    method Kind1.<T1#11,T2#10,T3#9,T4#8,T5#7,T6#6,T7#5,T8#4,T9#3,T10#2,T11#1>group(App<Mu<Object>,T1#11>,App<Mu<Object>,T2#10>,App<Mu<Object>,T3#9>,App<Mu<Object>,T4#8>,App<Mu<Object>,T5#7>,App<Mu<Object>,T6#6>,App<Mu<Object>,T7#5>,App<Mu<Object>,T8#4>,App<Mu<Object>,T9#3>,App<Mu<Object>,T10#2>,App<Mu<Object>,T11#1>) is not applicable
      (cannot infer type-variable(s) T1#11,T2#10,T3#9,T4#8,T5#7,T6#6,T7#5,T8#4,T9#3,T10#2,T11#1
        (actual and formal argument lists differ in length))
    method Kind1.<T1#12,T2#11,T3#10,T4#9,T5#8,T6#7,T7#6,T8#5,T9#4,T10#3,T11#2,T12#1>group(App<Mu<Object>,T1#12>,App<Mu<Object>,T2#11>,App<Mu<Object>,T3#10>,App<Mu<Object>,T4#9>,App<Mu<Object>,T5#8>,App<Mu<Object>,T6#7>,App<Mu<Object>,T7#6>,App<Mu<Object>,T8#5>,App<Mu<Object>,T9#4>,App<Mu<Object>,T10#3>,App<Mu<Object>,T11#2>,App<Mu<Object>,T12#1>) is not applicable
      (cannot infer type-variable(s) T1#12,T2#11,T3#10,T4#9,T5#8,T6#7,T7#6,T8#5,T9#4,T10#3,T11#2,T12#1
        (actual and formal argument lists differ in length))
    method Kind1.<T1#13,T2#12,T3#11,T4#10,T5#9,T6#8,T7#7,T8#6,T9#5,T10#4,T11#3,T12#2,T13#1>group(App<Mu<Object>,T1#13>,App<Mu<Object>,T2#12>,App<Mu<Object>,T3#11>,App<Mu<Object>,T4#10>,App<Mu<Object>,T5#9>,App<Mu<Object>,T6#8>,App<Mu<Object>,T7#7>,App<Mu<Object>,T8#6>,App<Mu<Object>,T9#5>,App<Mu<Object>,T10#4>,App<Mu<Object>,T11#3>,App<Mu<Object>,T12#2>,App<Mu<Object>,T13#1>) is not applicable
      (cannot infer type-variable(s) T1#13,T2#12,T3#11,T4#10,T5#9,T6#8,T7#7,T8#6,T9#5,T10#4,T11#3,T12#2,T13#1
        (actual and formal argument lists differ in length))
    method Kind1.<T1#14,T2#13,T3#12,T4#11,T5#10,T6#9,T7#8,T8#7,T9#6,T10#5,T11#4,T12#3,T13#2,T14#1>group(App<Mu<Object>,T1#14>,App<Mu<Object>,T2#13>,App<Mu<Object>,T3#12>,App<Mu<Object>,T4#11>,App<Mu<Object>,T5#10>,App<Mu<Object>,T6#9>,App<Mu<Object>,T7#8>,App<Mu<Object>,T8#7>,App<Mu<Object>,T9#6>,App<Mu<Object>,T10#5>,App<Mu<Object>,T11#4>,App<Mu<Object>,T12#3>,App<Mu<Object>,T13#2>,App<Mu<Object>,T14#1>) is not applicable
      (cannot infer type-variable(s) T1#14,T2#13,T3#12,T4#11,T5#10,T6#9,T7#8,T8#7,T9#6,T10#5,T11#4,T12#3,T13#2,T14#1
        (actual and formal argument lists differ in length))
    method Kind1.<T1#15,T2#14,T3#13,T4#12,T5#11,T6#10,T7#9,T8#8,T9#7,T10#6,T11#5,T12#4,T13#3,T14#2,T15#1>group(App<Mu<Object>,T1#15>,App<Mu<Object>,T2#14>,App<Mu<Object>,T3#13>,App<Mu<Object>,T4#12>,App<Mu<Object>,T5#11>,App<Mu<Object>,T6#10>,App<Mu<Object>,T7#9>,App<Mu<Object>,T8#8>,App<Mu<Object>,T9#7>,App<Mu<Object>,T10#6>,App<Mu<Object>,T11#5>,App<Mu<Object>,T12#4>,App<Mu<Object>,T13#3>,App<Mu<Object>,T14#2>,App<Mu<Object>,T15#1>) is not applicable
      (cannot infer type-variable(s) T1#15,T2#14,T3#13,T4#12,T5#11,T6#10,T7#9,T8#8,T9#7,T10#6,T11#5,T12#4,T13#3,T14#2,T15#1
        (actual and formal argument lists differ in length))
    method Kind1.<T1#16,T2#15,T3#14,T4#13,T5#12,T6#11,T7#10,T8#9,T9#8,T10#7,T11#6,T12#5,T13#4,T14#3,T15#2,T16>group(App<Mu<Object>,T1#16>,App<Mu<Object>,T2#15>,App<Mu<Object>,T3#14>,App<Mu<Object>,T4#13>,App<Mu<Object>,T5#12>,App<Mu<Object>,T6#11>,App<Mu<Object>,T7#10>,App<Mu<Object>,T8#9>,App<Mu<Object>,T9#8>,App<Mu<Object>,T10#7>,App<Mu<Object>,T11#6>,App<Mu<Object>,T12#5>,App<Mu<Object>,T13#4>,App<Mu<Object>,T14#3>,App<Mu<Object>,T15#2>,App<Mu<Object>,T16>) is not applicable
      (cannot infer type-variable(s) T1#16,T2#15,T3#14,T4#13,T5#12,T6#11,T7#10,T8#9,T9#8,T10#7,T11#6,T12#5,T13#4,T14#3,T15#2,T16
        (actual and formal argument lists differ in length))
  where T1#1,F,T1#2,T2#1,T1#3,T2#2,T3#1,T1#4,T2#3,T3#2,T4#1,O,A,T1#5,T2#4,T3#3,T4#2,T5#1,T1#6,T2#5,T3#4,T4#3,T5#2,T6#1,T1#7,T2#6,T3#5,T4#4,T5#3,T6#2,T7#1,T1#8,T2#7,T3#6,T4#5,T5#4,T6#3,T7#2,T8#1,T1#9,T2#8,T3#7,T4#6,T5#5,T6#4,T7#3,T8#2,T9#1,T1#10,T2#9,T3#8,T4#7,T5#6,T6#5,T7#4,T8#3,T9#2,T10#1,T1#11,T2#10,T3#9,T4#8,T5#7,T6#6,T7#5,T8#4,T9#3,T10#2,T11#1,T1#12,T2#11,T3#10,T4#9,T5#8,T6#7,T7#6,T8#5,T9#4,T10#3,T11#2,T12#1,T1#13,T2#12,T3#11,T4#10,T5#9,T6#8,T7#7,T8#6,T9#5,T10#4,T11#3,T12#2,T13#1,T1#14,T2#13,T3#12,T4#11,T5#10,T6#9,T7#8,T8#7,T9#6,T10#5,T11#4,T12#3,T13#2,T14#1,T1#15,T2#14,T3#13,T4#12,T5#11,T6#10,T7#9,T8#8,T9#7,T10#6,T11#5,T12#4,T13#3,T14#2,T15#1,T1#16,T2#15,T3#14,T4#13,T5#12,T6#11,T7#10,T8#9,T9#8,T10#7,T11#6,T12#5,T13#4,T14#3,T15#2,T16 are type-variables:
    T1#1 extends Object declared in method <T1#1>group(App<F,T1#1>)
    F extends K1 declared in interface Kind1
    T1#2 extends Object declared in method <T1#2,T2#1>group(App<F,T1#2>,App<F,T2#1>)
    T2#1 extends Object declared in method <T1#2,T2#1>group(App<F,T1#2>,App<F,T2#1>)
    T1#3 extends Object declared in method <T1#3,T2#2,T3#1>group(App<F,T1#3>,App<F,T2#2>,App<F,T3#1>)
    T2#2 extends Object declared in method <T1#3,T2#2,T3#1>group(App<F,T1#3>,App<F,T2#2>,App<F,T3#1>)
    T3#1 extends Object declared in method <T1#3,T2#2,T3#1>group(App<F,T1#3>,App<F,T2#2>,App<F,T3#1>)
    T1#4 extends Object declared in method <T1#4,T2#3,T3#2,T4#1>group(App<F,T1#4>,App<F,T2#3>,App<F,T3#2>,App<F,T4#1>)
    T2#3 extends Object declared in method <T1#4,T2#3,T3#2,T4#1>group(App<F,T1#4>,App<F,T2#3>,App<F,T3#2>,App<F,T4#1>)
    T3#2 extends Object declared in method <T1#4,T2#3,T3#2,T4#1>group(App<F,T1#4>,App<F,T2#3>,App<F,T3#2>,App<F,T4#1>)
    T4#1 extends Object declared in method <T1#4,T2#3,T3#2,T4#1>group(App<F,T1#4>,App<F,T2#3>,App<F,T3#2>,App<F,T4#1>)
    O extends Object declared in method <O>forGetter(Function<O,A>)
    A extends Object declared in class MapCodec
    T1#5 extends Object declared in method <T1#5,T2#4,T3#3,T4#2,T5#1>group(App<F,T1#5>,App<F,T2#4>,App<F,T3#3>,App<F,T4#2>,App<F,T5#1>)
    T2#4 extends Object declared in method <T1#5,T2#4,T3#3,T4#2,T5#1>group(App<F,T1#5>,App<F,T2#4>,App<F,T3#3>,App<F,T4#2>,App<F,T5#1>)
    T3#3 extends Object declared in method <T1#5,T2#4,T3#3,T4#2,T5#1>group(App<F,T1#5>,App<F,T2#4>,App<F,T3#3>,App<F,T4#2>,App<F,T5#1>)
    T4#2 extends Object declared in method <T1#5,T2#4,T3#3,T4#2,T5#1>group(App<F,T1#5>,App<F,T2#4>,App<F,T3#3>,App<F,T4#2>,App<F,T5#1>)
    T5#1 extends Object declared in method <T1#5,T2#4,T3#3,T4#2,T5#1>group(App<F,T1#5>,App<F,T2#4>,App<F,T3#3>,App<F,T4#2>,App<F,T5#1>)
    T1#6 extends Object declared in method <T1#6,T2#5,T3#4,T4#3,T5#2,T6#1>group(App<F,T1#6>,App<F,T2#5>,App<F,T3#4>,App<F,T4#3>,App<F,T5#2>,App<F,T6#1>)
    T2#5 extends Object declared in method <T1#6,T2#5,T3#4,T4#3,T5#2,T6#1>group(App<F,T1#6>,App<F,T2#5>,App<F,T3#4>,App<F,T4#3>,App<F,T5#2>,App<F,T6#1>)
    T3#4 extends Object declared in method <T1#6,T2#5,T3#4,T4#3,T5#2,T6#1>group(App<F,T1#6>,App<F,T2#5>,App<F,T3#4>,App<F,T4#3>,App<F,T5#2>,App<F,T6#1>)
    T4#3 extends Object declared in method <T1#6,T2#5,T3#4,T4#3,T5#2,T6#1>group(App<F,T1#6>,App<F,T2#5>,App<F,T3#4>,App<F,T4#3>,App<F,T5#2>,App<F,T6#1>)
    T5#2 extends Object declared in method <T1#6,T2#5,T3#4,T4#3,T5#2,T6#1>group(App<F,T1#6>,App<F,T2#5>,App<F,T3#4>,App<F,T4#3>,App<F,T5#2>,App<F,T6#1>)
    T6#1 extends Object declared in method <T1#6,T2#5,T3#4,T4#3,T5#2,T6#1>group(App<F,T1#6>,App<F,T2#5>,App<F,T3#4>,App<F,T4#3>,App<F,T5#2>,App<F,T6#1>)
    T1#7 extends Object declared in method <T1#7,T2#6,T3#5,T4#4,T5#3,T6#2,T7#1>group(App<F,T1#7>,App<F,T2#6>,App<F,T3#5>,App<F,T4#4>,App<F,T5#3>,App<F,T6#2>,App<F,T7#1>)
    T2#6 extends Object declared in method <T1#7,T2#6,T3#5,T4#4,T5#3,T6#2,T7#1>group(App<F,T1#7>,App<F,T2#6>,App<F,T3#5>,App<F,T4#4>,App<F,T5#3>,App<F,T6#2>,App<F,T7#1>)
    T3#5 extends Object declared in method <T1#7,T2#6,T3#5,T4#4,T5#3,T6#2,T7#1>group(App<F,T1#7>,App<F,T2#6>,App<F,T3#5>,App<F,T4#4>,App<F,T5#3>,App<F,T6#2>,App<F,T7#1>)
    T4#4 extends Object declared in method <T1#7,T2#6,T3#5,T4#4,T5#3,T6#2,T7#1>group(App<F,T1#7>,App<F,T2#6>,App<F,T3#5>,App<F,T4#4>,App<F,T5#3>,App<F,T6#2>,App<F,T7#1>)
    T5#3 extends Object declared in method <T1#7,T2#6,T3#5,T4#4,T5#3,T6#2,T7#1>group(App<F,T1#7>,App<F,T2#6>,App<F,T3#5>,App<F,T4#4>,App<F,T5#3>,App<F,T6#2>,App<F,T7#1>)
    T6#2 extends Object declared in method <T1#7,T2#6,T3#5,T4#4,T5#3,T6#2,T7#1>group(App<F,T1#7>,App<F,T2#6>,App<F,T3#5>,App<F,T4#4>,App<F,T5#3>,App<F,T6#2>,App<F,T7#1>)
    T7#1 extends Object declared in method <T1#7,T2#6,T3#5,T4#4,T5#3,T6#2,T7#1>group(App<F,T1#7>,App<F,T2#6>,App<F,T3#5>,App<F,T4#4>,App<F,T5#3>,App<F,T6#2>,App<F,T7#1>)
    T1#8 extends Object declared in method <T1#8,T2#7,T3#6,T4#5,T5#4,T6#3,T7#2,T8#1>group(App<F,T1#8>,App<F,T2#7>,App<F,T3#6>,App<F,T4#5>,App<F,T5#4>,App<F,T6#3>,App<F,T7#2>,App<F,T8#1>)
    T2#7 extends Object declared in method <T1#8,T2#7,T3#6,T4#5,T5#4,T6#3,T7#2,T8#1>group(App<F,T1#8>,App<F,T2#7>,App<F,T3#6>,App<F,T4#5>,App<F,T5#4>,App<F,T6#3>,App<F,T7#2>,App<F,T8#1>)
    T3#6 extends Object declared in method <T1#8,T2#7,T3#6,T4#5,T5#4,T6#3,T7#2,T8#1>group(App<F,T1#8>,App<F,T2#7>,App<F,T3#6>,App<F,T4#5>,App<F,T5#4>,App<F,T6#3>,App<F,T7#2>,App<F,T8#1>)
    T4#5 extends Object declared in method <T1#8,T2#7,T3#6,T4#5,T5#4,T6#3,T7#2,T8#1>group(App<F,T1#8>,App<F,T2#7>,App<F,T3#6>,App<F,T4#5>,App<F,T5#4>,App<F,T6#3>,App<F,T7#2>,App<F,T8#1>)
    T5#4 extends Object declared in method <T1#8,T2#7,T3#6,T4#5,T5#4,T6#3,T7#2,T8#1>group(App<F,T1#8>,App<F,T2#7>,App<F,T3#6>,App<F,T4#5>,App<F,T5#4>,App<F,T6#3>,App<F,T7#2>,App<F,T8#1>)
    T6#3 extends Object declared in method <T1#8,T2#7,T3#6,T4#5,T5#4,T6#3,T7#2,T8#1>group(App<F,T1#8>,App<F,T2#7>,App<F,T3#6>,App<F,T4#5>,App<F,T5#4>,App<F,T6#3>,App<F,T7#2>,App<F,T8#1>)
    T7#2 extends Object declared in method <T1#8,T2#7,T3#6,T4#5,T5#4,T6#3,T7#2,T8#1>group(App<F,T1#8>,App<F,T2#7>,App<F,T3#6>,App<F,T4#5>,App<F,T5#4>,App<F,T6#3>,App<F,T7#2>,App<F,T8#1>)
    T8#1 extends Object declared in method <T1#8,T2#7,T3#6,T4#5,T5#4,T6#3,T7#2,T8#1>group(App<F,T1#8>,App<F,T2#7>,App<F,T3#6>,App<F,T4#5>,App<F,T5#4>,App<F,T6#3>,App<F,T7#2>,App<F,T8#1>)
    T1#9 extends Object declared in method <T1#9,T2#8,T3#7,T4#6,T5#5,T6#4,T7#3,T8#2,T9#1>group(App<F,T1#9>,App<F,T2#8>,App<F,T3#7>,App<F,T4#6>,App<F,T5#5>,App<F,T6#4>,App<F,T7#3>,App<F,T8#2>,App<F,T9#1>)
    T2#8 extends Object declared in method <T1#9,T2#8,T3#7,T4#6,T5#5,T6#4,T7#3,T8#2,T9#1>group(App<F,T1#9>,App<F,T2#8>,App<F,T3#7>,App<F,T4#6>,App<F,T5#5>,App<F,T6#4>,App<F,T7#3>,App<F,T8#2>,App<F,T9#1>)
    T3#7 extends Object declared in method <T1#9,T2#8,T3#7,T4#6,T5#5,T6#4,T7#3,T8#2,T9#1>group(App<F,T1#9>,App<F,T2#8>,App<F,T3#7>,App<F,T4#6>,App<F,T5#5>,App<F,T6#4>,App<F,T7#3>,App<F,T8#2>,App<F,T9#1>)
    T4#6 extends Object declared in method <T1#9,T2#8,T3#7,T4#6,T5#5,T6#4,T7#3,T8#2,T9#1>group(App<F,T1#9>,App<F,T2#8>,App<F,T3#7>,App<F,T4#6>,App<F,T5#5>,App<F,T6#4>,App<F,T7#3>,App<F,T8#2>,App<F,T9#1>)
    T5#5 extends Object declared in method <T1#9,T2#8,T3#7,T4#6,T5#5,T6#4,T7#3,T8#2,T9#1>group(App<F,T1#9>,App<F,T2#8>,App<F,T3#7>,App<F,T4#6>,App<F,T5#5>,App<F,T6#4>,App<F,T7#3>,App<F,T8#2>,App<F,T9#1>)
    T6#4 extends Object declared in method <T1#9,T2#8,T3#7,T4#6,T5#5,T6#4,T7#3,T8#2,T9#1>group(App<F,T1#9>,App<F,T2#8>,App<F,T3#7>,App<F,T4#6>,App<F,T5#5>,App<F,T6#4>,App<F,T7#3>,App<F,T8#2>,App<F,T9#1>)
    T7#3 extends Object declared in method <T1#9,T2#8,T3#7,T4#6,T5#5,T6#4,T7#3,T8#2,T9#1>group(App<F,T1#9>,App<F,T2#8>,App<F,T3#7>,App<F,T4#6>,App<F,T5#5>,App<F,T6#4>,App<F,T7#3>,App<F,T8#2>,App<F,T9#1>)
    T8#2 extends Object declared in method <T1#9,T2#8,T3#7,T4#6,T5#5,T6#4,T7#3,T8#2,T9#1>group(App<F,T1#9>,App<F,T2#8>,App<F,T3#7>,App<F,T4#6>,App<F,T5#5>,App<F,T6#4>,App<F,T7#3>,App<F,T8#2>,App<F,T9#1>)
    T9#1 extends Object declared in method <T1#9,T2#8,T3#7,T4#6,T5#5,T6#4,T7#3,T8#2,T9#1>group(App<F,T1#9>,App<F,T2#8>,App<F,T3#7>,App<F,T4#6>,App<F,T5#5>,App<F,T6#4>,App<F,T7#3>,App<F,T8#2>,App<F,T9#1>)
    T1#10 extends Object declared in method <T1#10,T2#9,T3#8,T4#7,T5#6,T6#5,T7#4,T8#3,T9#2,T10#1>group(App<F,T1#10>,App<F,T2#9>,App<F,T3#8>,App<F,T4#7>,App<F,T5#6>,App<F,T6#5>,App<F,T7#4>,App<F,T8#3>,App<F,T9#2>,App<F,T10#1>)
    T2#9 extends Object declared in method <T1#10,T2#9,T3#8,T4#7,T5#6,T6#5,T7#4,T8#3,T9#2,T10#1>group(App<F,T1#10>,App<F,T2#9>,App<F,T3#8>,App<F,T4#7>,App<F,T5#6>,App<F,T6#5>,App<F,T7#4>,App<F,T8#3>,App<F,T9#2>,App<F,T10#1>)
    T3#8 extends Object declared in method <T1#10,T2#9,T3#8,T4#7,T5#6,T6#5,T7#4,T8#3,T9#2,T10#1>group(App<F,T1#10>,App<F,T2#9>,App<F,T3#8>,App<F,T4#7>,App<F,T5#6>,App<F,T6#5>,App<F,T7#4>,App<F,T8#3>,App<F,T9#2>,App<F,T10#1>)
    T4#7 extends Object declared in method <T1#10,T2#9,T3#8,T4#7,T5#6,T6#5,T7#4,T8#3,T9#2,T10#1>group(App<F,T1#10>,App<F,T2#9>,App<F,T3#8>,App<F,T4#7>,App<F,T5#6>,App<F,T6#5>,App<F,T7#4>,App<F,T8#3>,App<F,T9#2>,App<F,T10#1>)
    T5#6 extends Object declared in method <T1#10,T2#9,T3#8,T4#7,T5#6,T6#5,T7#4,T8#3,T9#2,T10#1>group(App<F,T1#10>,App<F,T2#9>,App<F,T3#8>,App<F,T4#7>,App<F,T5#6>,App<F,T6#5>,App<F,T7#4>,App<F,T8#3>,App<F,T9#2>,App<F,T10#1>)
    T6#5 extends Object declared in method <T1#10,T2#9,T3#8,T4#7,T5#6,T6#5,T7#4,T8#3,T9#2,T10#1>group(App<F,T1#10>,App<F,T2#9>,App<F,T3#8>,App<F,T4#7>,App<F,T5#6>,App<F,T6#5>,App<F,T7#4>,App<F,T8#3>,App<F,T9#2>,App<F,T10#1>)
    T7#4 extends Object declared in method <T1#10,T2#9,T3#8,T4#7,T5#6,T6#5,T7#4,T8#3,T9#2,T10#1>group(App<F,T1#10>,App<F,T2#9>,App<F,T3#8>,App<F,T4#7>,App<F,T5#6>,App<F,T6#5>,App<F,T7#4>,App<F,T8#3>,App<F,T9#2>,App<F,T10#1>)
    T8#3 extends Object declared in method <T1#10,T2#9,T3#8,T4#7,T5#6,T6#5,T7#4,T8#3,T9#2,T10#1>group(App<F,T1#10>,App<F,T2#9>,App<F,T3#8>,App<F,T4#7>,App<F,T5#6>,App<F,T6#5>,App<F,T7#4>,App<F,T8#3>,App<F,T9#2>,App<F,T10#1>)
    T9#2 extends Object declared in method <T1#10,T2#9,T3#8,T4#7,T5#6,T6#5,T7#4,T8#3,T9#2,T10#1>group(App<F,T1#10>,App<F,T2#9>,App<F,T3#8>,App<F,T4#7>,App<F,T5#6>,App<F,T6#5>,App<F,T7#4>,App<F,T8#3>,App<F,T9#2>,App<F,T10#1>)
    T10#1 extends Object declared in method <T1#10,T2#9,T3#8,T4#7,T5#6,T6#5,T7#4,T8#3,T9#2,T10#1>group(App<F,T1#10>,App<F,T2#9>,App<F,T3#8>,App<F,T4#7>,App<F,T5#6>,App<F,T6#5>,App<F,T7#4>,App<F,T8#3>,App<F,T9#2>,App<F,T10#1>)
    T1#11 extends Object declared in method <T1#11,T2#10,T3#9,T4#8,T5#7,T6#6,T7#5,T8#4,T9#3,T10#2,T11#1>group(App<F,T1#11>,App<F,T2#10>,App<F,T3#9>,App<F,T4#8>,App<F,T5#7>,App<F,T6#6>,App<F,T7#5>,App<F,T8#4>,App<F,T9#3>,App<F,T10#2>,App<F,T11#1>)
    T2#10 extends Object declared in method <T1#11,T2#10,T3#9,T4#8,T5#7,T6#6,T7#5,T8#4,T9#3,T10#2,T11#1>group(App<F,T1#11>,App<F,T2#10>,App<F,T3#9>,App<F,T4#8>,App<F,T5#7>,App<F,T6#6>,App<F,T7#5>,App<F,T8#4>,App<F,T9#3>,App<F,T10#2>,App<F,T11#1>)
    T3#9 extends Object declared in method <T1#11,T2#10,T3#9,T4#8,T5#7,T6#6,T7#5,T8#4,T9#3,T10#2,T11#1>group(App<F,T1#11>,App<F,T2#10>,App<F,T3#9>,App<F,T4#8>,App<F,T5#7>,App<F,T6#6>,App<F,T7#5>,App<F,T8#4>,App<F,T9#3>,App<F,T10#2>,App<F,T11#1>)
    T4#8 extends Object declared in method <T1#11,T2#10,T3#9,T4#8,T5#7,T6#6,T7#5,T8#4,T9#3,T10#2,T11#1>group(App<F,T1#11>,App<F,T2#10>,App<F,T3#9>,App<F,T4#8>,App<F,T5#7>,App<F,T6#6>,App<F,T7#5>,App<F,T8#4>,App<F,T9#3>,App<F,T10#2>,App<F,T11#1>)
    T5#7 extends Object declared in method <T1#11,T2#10,T3#9,T4#8,T5#7,T6#6,T7#5,T8#4,T9#3,T10#2,T11#1>group(App<F,T1#11>,App<F,T2#10>,App<F,T3#9>,App<F,T4#8>,App<F,T5#7>,App<F,T6#6>,App<F,T7#5>,App<F,T8#4>,App<F,T9#3>,App<F,T10#2>,App<F,T11#1>)
    T6#6 extends Object declared in method <T1#11,T2#10,T3#9,T4#8,T5#7,T6#6,T7#5,T8#4,T9#3,T10#2,T11#1>group(App<F,T1#11>,App<F,T2#10>,App<F,T3#9>,App<F,T4#8>,App<F,T5#7>,App<F,T6#6>,App<F,T7#5>,App<F,T8#4>,App<F,T9#3>,App<F,T10#2>,App<F,T11#1>)
    T7#5 extends Object declared in method <T1#11,T2#10,T3#9,T4#8,T5#7,T6#6,T7#5,T8#4,T9#3,T10#2,T11#1>group(App<F,T1#11>,App<F,T2#10>,App<F,T3#9>,App<F,T4#8>,App<F,T5#7>,App<F,T6#6>,App<F,T7#5>,App<F,T8#4>,App<F,T9#3>,App<F,T10#2>,App<F,T11#1>)
    T8#4 extends Object declared in method <T1#11,T2#10,T3#9,T4#8,T5#7,T6#6,T7#5,T8#4,T9#3,T10#2,T11#1>group(App<F,T1#11>,App<F,T2#10>,App<F,T3#9>,App<F,T4#8>,App<F,T5#7>,App<F,T6#6>,App<F,T7#5>,App<F,T8#4>,App<F,T9#3>,App<F,T10#2>,App<F,T11#1>)
    T9#3 extends Object declared in method <T1#11,T2#10,T3#9,T4#8,T5#7,T6#6,T7#5,T8#4,T9#3,T10#2,T11#1>group(App<F,T1#11>,App<F,T2#10>,App<F,T3#9>,App<F,T4#8>,App<F,T5#7>,App<F,T6#6>,App<F,T7#5>,App<F,T8#4>,App<F,T9#3>,App<F,T10#2>,App<F,T11#1>)
    T10#2 extends Object declared in method <T1#11,T2#10,T3#9,T4#8,T5#7,T6#6,T7#5,T8#4,T9#3,T10#2,T11#1>group(App<F,T1#11>,App<F,T2#10>,App<F,T3#9>,App<F,T4#8>,App<F,T5#7>,App<F,T6#6>,App<F,T7#5>,App<F,T8#4>,App<F,T9#3>,App<F,T10#2>,App<F,T11#1>)
    T11#1 extends Object declared in method <T1#11,T2#10,T3#9,T4#8,T5#7,T6#6,T7#5,T8#4,T9#3,T10#2,T11#1>group(App<F,T1#11>,App<F,T2#10>,App<F,T3#9>,App<F,T4#8>,App<F,T5#7>,App<F,T6#6>,App<F,T7#5>,App<F,T8#4>,App<F,T9#3>,App<F,T10#2>,App<F,T11#1>)
    T1#12 extends Object declared in method <T1#12,T2#11,T3#10,T4#9,T5#8,T6#7,T7#6,T8#5,T9#4,T10#3,T11#2,T12#1>group(App<F,T1#12>,App<F,T2#11>,App<F,T3#10>,App<F,T4#9>,App<F,T5#8>,App<F,T6#7>,App<F,T7#6>,App<F,T8#5>,App<F,T9#4>,App<F,T10#3>,App<F,T11#2>,App<F,T12#1>)
    T2#11 extends Object declared in method <T1#12,T2#11,T3#10,T4#9,T5#8,T6#7,T7#6,T8#5,T9#4,T10#3,T11#2,T12#1>group(App<F,T1#12>,App<F,T2#11>,App<F,T3#10>,App<F,T4#9>,App<F,T5#8>,App<F,T6#7>,App<F,T7#6>,App<F,T8#5>,App<F,T9#4>,App<F,T10#3>,App<F,T11#2>,App<F,T12#1>)
    T3#10 extends Object declared in method <T1#12,T2#11,T3#10,T4#9,T5#8,T6#7,T7#6,T8#5,T9#4,T10#3,T11#2,T12#1>group(App<F,T1#12>,App<F,T2#11>,App<F,T3#10>,App<F,T4#9>,App<F,T5#8>,App<F,T6#7>,App<F,T7#6>,App<F,T8#5>,App<F,T9#4>,App<F,T10#3>,App<F,T11#2>,App<F,T12#1>)
    T4#9 extends Object declared in method <T1#12,T2#11,T3#10,T4#9,T5#8,T6#7,T7#6,T8#5,T9#4,T10#3,T11#2,T12#1>group(App<F,T1#12>,App<F,T2#11>,App<F,T3#10>,App<F,T4#9>,App<F,T5#8>,App<F,T6#7>,App<F,T7#6>,App<F,T8#5>,App<F,T9#4>,App<F,T10#3>,App<F,T11#2>,App<F,T12#1>)
    T5#8 extends Object declared in method <T1#12,T2#11,T3#10,T4#9,T5#8,T6#7,T7#6,T8#5,T9#4,T10#3,T11#2,T12#1>group(App<F,T1#12>,App<F,T2#11>,App<F,T3#10>,App<F,T4#9>,App<F,T5#8>,App<F,T6#7>,App<F,T7#6>,App<F,T8#5>,App<F,T9#4>,App<F,T10#3>,App<F,T11#2>,App<F,T12#1>)
    T6#7 extends Object declared in method <T1#12,T2#11,T3#10,T4#9,T5#8,T6#7,T7#6,T8#5,T9#4,T10#3,T11#2,T12#1>group(App<F,T1#12>,App<F,T2#11>,App<F,T3#10>,App<F,T4#9>,App<F,T5#8>,App<F,T6#7>,App<F,T7#6>,App<F,T8#5>,App<F,T9#4>,App<F,T10#3>,App<F,T11#2>,App<F,T12#1>)
    T7#6 extends Object declared in method <T1#12,T2#11,T3#10,T4#9,T5#8,T6#7,T7#6,T8#5,T9#4,T10#3,T11#2,T12#1>group(App<F,T1#12>,App<F,T2#11>,App<F,T3#10>,App<F,T4#9>,App<F,T5#8>,App<F,T6#7>,App<F,T7#6>,App<F,T8#5>,App<F,T9#4>,App<F,T10#3>,App<F,T11#2>,App<F,T12#1>)
    T8#5 extends Object declared in method <T1#12,T2#11,T3#10,T4#9,T5#8,T6#7,T7#6,T8#5,T9#4,T10#3,T11#2,T12#1>group(App<F,T1#12>,App<F,T2#11>,App<F,T3#10>,App<F,T4#9>,App<F,T5#8>,App<F,T6#7>,App<F,T7#6>,App<F,T8#5>,App<F,T9#4>,App<F,T10#3>,App<F,T11#2>,App<F,T12#1>)
    T9#4 extends Object declared in method <T1#12,T2#11,T3#10,T4#9,T5#8,T6#7,T7#6,T8#5,T9#4,T10#3,T11#2,T12#1>group(App<F,T1#12>,App<F,T2#11>,App<F,T3#10>,App<F,T4#9>,App<F,T5#8>,App<F,T6#7>,App<F,T7#6>,App<F,T8#5>,App<F,T9#4>,App<F,T10#3>,App<F,T11#2>,App<F,T12#1>)
    T10#3 extends Object declared in method <T1#12,T2#11,T3#10,T4#9,T5#8,T6#7,T7#6,T8#5,T9#4,T10#3,T11#2,T12#1>group(App<F,T1#12>,App<F,T2#11>,App<F,T3#10>,App<F,T4#9>,App<F,T5#8>,App<F,T6#7>,App<F,T7#6>,App<F,T8#5>,App<F,T9#4>,App<F,T10#3>,App<F,T11#2>,App<F,T12#1>)
    T11#2 extends Object declared in method <T1#12,T2#11,T3#10,T4#9,T5#8,T6#7,T7#6,T8#5,T9#4,T10#3,T11#2,T12#1>group(App<F,T1#12>,App<F,T2#11>,App<F,T3#10>,App<F,T4#9>,App<F,T5#8>,App<F,T6#7>,App<F,T7#6>,App<F,T8#5>,App<F,T9#4>,App<F,T10#3>,App<F,T11#2>,App<F,T12#1>)
    T12#1 extends Object declared in method <T1#12,T2#11,T3#10,T4#9,T5#8,T6#7,T7#6,T8#5,T9#4,T10#3,T11#2,T12#1>group(App<F,T1#12>,App<F,T2#11>,App<F,T3#10>,App<F,T4#9>,App<F,T5#8>,App<F,T6#7>,App<F,T7#6>,App<F,T8#5>,App<F,T9#4>,App<F,T10#3>,App<F,T11#2>,App<F,T12#1>)
    T1#13 extends Object declared in method <T1#13,T2#12,T3#11,T4#10,T5#9,T6#8,T7#7,T8#6,T9#5,T10#4,T11#3,T12#2,T13#1>group(App<F,T1#13>,App<F,T2#12>,App<F,T3#11>,App<F,T4#10>,App<F,T5#9>,App<F,T6#8>,App<F,T7#7>,App<F,T8#6>,App<F,T9#5>,App<F,T10#4>,App<F,T11#3>,App<F,T12#2>,App<F,T13#1>)
    T2#12 extends Object declared in method <T1#13,T2#12,T3#11,T4#10,T5#9,T6#8,T7#7,T8#6,T9#5,T10#4,T11#3,T12#2,T13#1>group(App<F,T1#13>,App<F,T2#12>,App<F,T3#11>,App<F,T4#10>,App<F,T5#9>,App<F,T6#8>,App<F,T7#7>,App<F,T8#6>,App<F,T9#5>,App<F,T10#4>,App<F,T11#3>,App<F,T12#2>,App<F,T13#1>)
    T3#11 extends Object declared in method <T1#13,T2#12,T3#11,T4#10,T5#9,T6#8,T7#7,T8#6,T9#5,T10#4,T11#3,T12#2,T13#1>group(App<F,T1#13>,App<F,T2#12>,App<F,T3#11>,App<F,T4#10>,App<F,T5#9>,App<F,T6#8>,App<F,T7#7>,App<F,T8#6>,App<F,T9#5>,App<F,T10#4>,App<F,T11#3>,App<F,T12#2>,App<F,T13#1>)
    T4#10 extends Object declared in method <T1#13,T2#12,T3#11,T4#10,T5#9,T6#8,T7#7,T8#6,T9#5,T10#4,T11#3,T12#2,T13#1>group(App<F,T1#13>,App<F,T2#12>,App<F,T3#11>,App<F,T4#10>,App<F,T5#9>,App<F,T6#8>,App<F,T7#7>,App<F,T8#6>,App<F,T9#5>,App<F,T10#4>,App<F,T11#3>,App<F,T12#2>,App<F,T13#1>)
    T5#9 extends Object declared in method <T1#13,T2#12,T3#11,T4#10,T5#9,T6#8,T7#7,T8#6,T9#5,T10#4,T11#3,T12#2,T13#1>group(App<F,T1#13>,App<F,T2#12>,App<F,T3#11>,App<F,T4#10>,App<F,T5#9>,App<F,T6#8>,App<F,T7#7>,App<F,T8#6>,App<F,T9#5>,App<F,T10#4>,App<F,T11#3>,App<F,T12#2>,App<F,T13#1>)
    T6#8 extends Object declared in method <T1#13,T2#12,T3#11,T4#10,T5#9,T6#8,T7#7,T8#6,T9#5,T10#4,T11#3,T12#2,T13#1>group(App<F,T1#13>,App<F,T2#12>,App<F,T3#11>,App<F,T4#10>,App<F,T5#9>,App<F,T6#8>,App<F,T7#7>,App<F,T8#6>,App<F,T9#5>,App<F,T10#4>,App<F,T11#3>,App<F,T12#2>,App<F,T13#1>)
    T7#7 extends Object declared in method <T1#13,T2#12,T3#11,T4#10,T5#9,T6#8,T7#7,T8#6,T9#5,T10#4,T11#3,T12#2,T13#1>group(App<F,T1#13>,App<F,T2#12>,App<F,T3#11>,App<F,T4#10>,App<F,T5#9>,App<F,T6#8>,App<F,T7#7>,App<F,T8#6>,App<F,T9#5>,App<F,T10#4>,App<F,T11#3>,App<F,T12#2>,App<F,T13#1>)
    T8#6 extends Object declared in method <T1#13,T2#12,T3#11,T4#10,T5#9,T6#8,T7#7,T8#6,T9#5,T10#4,T11#3,T12#2,T13#1>group(App<F,T1#13>,App<F,T2#12>,App<F,T3#11>,App<F,T4#10>,App<F,T5#9>,App<F,T6#8>,App<F,T7#7>,App<F,T8#6>,App<F,T9#5>,App<F,T10#4>,App<F,T11#3>,App<F,T12#2>,App<F,T13#1>)
    T9#5 extends Object declared in method <T1#13,T2#12,T3#11,T4#10,T5#9,T6#8,T7#7,T8#6,T9#5,T10#4,T11#3,T12#2,T13#1>group(App<F,T1#13>,App<F,T2#12>,App<F,T3#11>,App<F,T4#10>,App<F,T5#9>,App<F,T6#8>,App<F,T7#7>,App<F,T8#6>,App<F,T9#5>,App<F,T10#4>,App<F,T11#3>,App<F,T12#2>,App<F,T13#1>)
    T10#4 extends Object declared in method <T1#13,T2#12,T3#11,T4#10,T5#9,T6#8,T7#7,T8#6,T9#5,T10#4,T11#3,T12#2,T13#1>group(App<F,T1#13>,App<F,T2#12>,App<F,T3#11>,App<F,T4#10>,App<F,T5#9>,App<F,T6#8>,App<F,T7#7>,App<F,T8#6>,App<F,T9#5>,App<F,T10#4>,App<F,T11#3>,App<F,T12#2>,App<F,T13#1>)
    T11#3 extends Object declared in method <T1#13,T2#12,T3#11,T4#10,T5#9,T6#8,T7#7,T8#6,T9#5,T10#4,T11#3,T12#2,T13#1>group(App<F,T1#13>,App<F,T2#12>,App<F,T3#11>,App<F,T4#10>,App<F,T5#9>,App<F,T6#8>,App<F,T7#7>,App<F,T8#6>,App<F,T9#5>,App<F,T10#4>,App<F,T11#3>,App<F,T12#2>,App<F,T13#1>)
    T12#2 extends Object declared in method <T1#13,T2#12,T3#11,T4#10,T5#9,T6#8,T7#7,T8#6,T9#5,T10#4,T11#3,T12#2,T13#1>group(App<F,T1#13>,App<F,T2#12>,App<F,T3#11>,App<F,T4#10>,App<F,T5#9>,App<F,T6#8>,App<F,T7#7>,App<F,T8#6>,App<F,T9#5>,App<F,T10#4>,App<F,T11#3>,App<F,T12#2>,App<F,T13#1>)
    T13#1 extends Object declared in method <T1#13,T2#12,T3#11,T4#10,T5#9,T6#8,T7#7,T8#6,T9#5,T10#4,T11#3,T12#2,T13#1>group(App<F,T1#13>,App<F,T2#12>,App<F,T3#11>,App<F,T4#10>,App<F,T5#9>,App<F,T6#8>,App<F,T7#7>,App<F,T8#6>,App<F,T9#5>,App<F,T10#4>,App<F,T11#3>,App<F,T12#2>,App<F,T13#1>)
    T1#14 extends Object declared in method <T1#14,T2#13,T3#12,T4#11,T5#10,T6#9,T7#8,T8#7,T9#6,T10#5,T11#4,T12#3,T13#2,T14#1>group(App<F,T1#14>,App<F,T2#13>,App<F,T3#12>,App<F,T4#11>,App<F,T5#10>,App<F,T6#9>,App<F,T7#8>,App<F,T8#7>,App<F,T9#6>,App<F,T10#5>,App<F,T11#4>,App<F,T12#3>,App<F,T13#2>,App<F,T14#1>)
    T2#13 extends Object declared in method <T1#14,T2#13,T3#12,T4#11,T5#10,T6#9,T7#8,T8#7,T9#6,T10#5,T11#4,T12#3,T13#2,T14#1>group(App<F,T1#14>,App<F,T2#13>,App<F,T3#12>,App<F,T4#11>,App<F,T5#10>,App<F,T6#9>,App<F,T7#8>,App<F,T8#7>,App<F,T9#6>,App<F,T10#5>,App<F,T11#4>,App<F,T12#3>,App<F,T13#2>,App<F,T14#1>)
    T3#12 extends Object declared in method <T1#14,T2#13,T3#12,T4#11,T5#10,T6#9,T7#8,T8#7,T9#6,T10#5,T11#4,T12#3,T13#2,T14#1>group(App<F,T1#14>,App<F,T2#13>,App<F,T3#12>,App<F,T4#11>,App<F,T5#10>,App<F,T6#9>,App<F,T7#8>,App<F,T8#7>,App<F,T9#6>,App<F,T10#5>,App<F,T11#4>,App<F,T12#3>,App<F,T13#2>,App<F,T14#1>)
    T4#11 extends Object declared in method <T1#14,T2#13,T3#12,T4#11,T5#10,T6#9,T7#8,T8#7,T9#6,T10#5,T11#4,T12#3,T13#2,T14#1>group(App<F,T1#14>,App<F,T2#13>,App<F,T3#12>,App<F,T4#11>,App<F,T5#10>,App<F,T6#9>,App<F,T7#8>,App<F,T8#7>,App<F,T9#6>,App<F,T10#5>,App<F,T11#4>,App<F,T12#3>,App<F,T13#2>,App<F,T14#1>)
    T5#10 extends Object declared in method <T1#14,T2#13,T3#12,T4#11,T5#10,T6#9,T7#8,T8#7,T9#6,T10#5,T11#4,T12#3,T13#2,T14#1>group(App<F,T1#14>,App<F,T2#13>,App<F,T3#12>,App<F,T4#11>,App<F,T5#10>,App<F,T6#9>,App<F,T7#8>,App<F,T8#7>,App<F,T9#6>,App<F,T10#5>,App<F,T11#4>,App<F,T12#3>,App<F,T13#2>,App<F,T14#1>)
    T6#9 extends Object declared in method <T1#14,T2#13,T3#12,T4#11,T5#10,T6#9,T7#8,T8#7,T9#6,T10#5,T11#4,T12#3,T13#2,T14#1>group(App<F,T1#14>,App<F,T2#13>,App<F,T3#12>,App<F,T4#11>,App<F,T5#10>,App<F,T6#9>,App<F,T7#8>,App<F,T8#7>,App<F,T9#6>,App<F,T10#5>,App<F,T11#4>,App<F,T12#3>,App<F,T13#2>,App<F,T14#1>)
    T7#8 extends Object declared in method <T1#14,T2#13,T3#12,T4#11,T5#10,T6#9,T7#8,T8#7,T9#6,T10#5,T11#4,T12#3,T13#2,T14#1>group(App<F,T1#14>,App<F,T2#13>,App<F,T3#12>,App<F,T4#11>,App<F,T5#10>,App<F,T6#9>,App<F,T7#8>,App<F,T8#7>,App<F,T9#6>,App<F,T10#5>,App<F,T11#4>,App<F,T12#3>,App<F,T13#2>,App<F,T14#1>)
    T8#7 extends Object declared in method <T1#14,T2#13,T3#12,T4#11,T5#10,T6#9,T7#8,T8#7,T9#6,T10#5,T11#4,T12#3,T13#2,T14#1>group(App<F,T1#14>,App<F,T2#13>,App<F,T3#12>,App<F,T4#11>,App<F,T5#10>,App<F,T6#9>,App<F,T7#8>,App<F,T8#7>,App<F,T9#6>,App<F,T10#5>,App<F,T11#4>,App<F,T12#3>,App<F,T13#2>,App<F,T14#1>)
    T9#6 extends Object declared in method <T1#14,T2#13,T3#12,T4#11,T5#10,T6#9,T7#8,T8#7,T9#6,T10#5,T11#4,T12#3,T13#2,T14#1>group(App<F,T1#14>,App<F,T2#13>,App<F,T3#12>,App<F,T4#11>,App<F,T5#10>,App<F,T6#9>,App<F,T7#8>,App<F,T8#7>,App<F,T9#6>,App<F,T10#5>,App<F,T11#4>,App<F,T12#3>,App<F,T13#2>,App<F,T14#1>)
    T10#5 extends Object declared in method <T1#14,T2#13,T3#12,T4#11,T5#10,T6#9,T7#8,T8#7,T9#6,T10#5,T11#4,T12#3,T13#2,T14#1>group(App<F,T1#14>,App<F,T2#13>,App<F,T3#12>,App<F,T4#11>,App<F,T5#10>,App<F,T6#9>,App<F,T7#8>,App<F,T8#7>,App<F,T9#6>,App<F,T10#5>,App<F,T11#4>,App<F,T12#3>,App<F,T13#2>,App<F,T14#1>)
    T11#4 extends Object declared in method <T1#14,T2#13,T3#12,T4#11,T5#10,T6#9,T7#8,T8#7,T9#6,T10#5,T11#4,T12#3,T13#2,T14#1>group(App<F,T1#14>,App<F,T2#13>,App<F,T3#12>,App<F,T4#11>,App<F,T5#10>,App<F,T6#9>,App<F,T7#8>,App<F,T8#7>,App<F,T9#6>,App<F,T10#5>,App<F,T11#4>,App<F,T12#3>,App<F,T13#2>,App<F,T14#1>)
    T12#3 extends Object declared in method <T1#14,T2#13,T3#12,T4#11,T5#10,T6#9,T7#8,T8#7,T9#6,T10#5,T11#4,T12#3,T13#2,T14#1>group(App<F,T1#14>,App<F,T2#13>,App<F,T3#12>,App<F,T4#11>,App<F,T5#10>,App<F,T6#9>,App<F,T7#8>,App<F,T8#7>,App<F,T9#6>,App<F,T10#5>,App<F,T11#4>,App<F,T12#3>,App<F,T13#2>,App<F,T14#1>)
    T13#2 extends Object declared in method <T1#14,T2#13,T3#12,T4#11,T5#10,T6#9,T7#8,T8#7,T9#6,T10#5,T11#4,T12#3,T13#2,T14#1>group(App<F,T1#14>,App<F,T2#13>,App<F,T3#12>,App<F,T4#11>,App<F,T5#10>,App<F,T6#9>,App<F,T7#8>,App<F,T8#7>,App<F,T9#6>,App<F,T10#5>,App<F,T11#4>,App<F,T12#3>,App<F,T13#2>,App<F,T14#1>)
    T14#1 extends Object declared in method <T1#14,T2#13,T3#12,T4#11,T5#10,T6#9,T7#8,T8#7,T9#6,T10#5,T11#4,T12#3,T13#2,T14#1>group(App<F,T1#14>,App<F,T2#13>,App<F,T3#12>,App<F,T4#11>,App<F,T5#10>,App<F,T6#9>,App<F,T7#8>,App<F,T8#7>,App<F,T9#6>,App<F,T10#5>,App<F,T11#4>,App<F,T12#3>,App<F,T13#2>,App<F,T14#1>)
    T1#15 extends Object declared in method <T1#15,T2#14,T3#13,T4#12,T5#11,T6#10,T7#9,T8#8,T9#7,T10#6,T11#5,T12#4,T13#3,T14#2,T15#1>group(App<F,T1#15>,App<F,T2#14>,App<F,T3#13>,App<F,T4#12>,App<F,T5#11>,App<F,T6#10>,App<F,T7#9>,App<F,T8#8>,App<F,T9#7>,App<F,T10#6>,App<F,T11#5>,App<F,T12#4>,App<F,T13#3>,App<F,T14#2>,App<F,T15#1>)
    T2#14 extends Object declared in method <T1#15,T2#14,T3#13,T4#12,T5#11,T6#10,T7#9,T8#8,T9#7,T10#6,T11#5,T12#4,T13#3,T14#2,T15#1>group(App<F,T1#15>,App<F,T2#14>,App<F,T3#13>,App<F,T4#12>,App<F,T5#11>,App<F,T6#10>,App<F,T7#9>,App<F,T8#8>,App<F,T9#7>,App<F,T10#6>,App<F,T11#5>,App<F,T12#4>,App<F,T13#3>,App<F,T14#2>,App<F,T15#1>)
    T3#13 extends Object declared in method <T1#15,T2#14,T3#13,T4#12,T5#11,T6#10,T7#9,T8#8,T9#7,T10#6,T11#5,T12#4,T13#3,T14#2,T15#1>group(App<F,T1#15>,App<F,T2#14>,App<F,T3#13>,App<F,T4#12>,App<F,T5#11>,App<F,T6#10>,App<F,T7#9>,App<F,T8#8>,App<F,T9#7>,App<F,T10#6>,App<F,T11#5>,App<F,T12#4>,App<F,T13#3>,App<F,T14#2>,App<F,T15#1>)
    T4#12 extends Object declared in method <T1#15,T2#14,T3#13,T4#12,T5#11,T6#10,T7#9,T8#8,T9#7,T10#6,T11#5,T12#4,T13#3,T14#2,T15#1>group(App<F,T1#15>,App<F,T2#14>,App<F,T3#13>,App<F,T4#12>,App<F,T5#11>,App<F,T6#10>,App<F,T7#9>,App<F,T8#8>,App<F,T9#7>,App<F,T10#6>,App<F,T11#5>,App<F,T12#4>,App<F,T13#3>,App<F,T14#2>,App<F,T15#1>)
    T5#11 extends Object declared in method <T1#15,T2#14,T3#13,T4#12,T5#11,T6#10,T7#9,T8#8,T9#7,T10#6,T11#5,T12#4,T13#3,T14#2,T15#1>group(App<F,T1#15>,App<F,T2#14>,App<F,T3#13>,App<F,T4#12>,App<F,T5#11>,App<F,T6#10>,App<F,T7#9>,App<F,T8#8>,App<F,T9#7>,App<F,T10#6>,App<F,T11#5>,App<F,T12#4>,App<F,T13#3>,App<F,T14#2>,App<F,T15#1>)
    T6#10 extends Object declared in method <T1#15,T2#14,T3#13,T4#12,T5#11,T6#10,T7#9,T8#8,T9#7,T10#6,T11#5,T12#4,T13#3,T14#2,T15#1>group(App<F,T1#15>,App<F,T2#14>,App<F,T3#13>,App<F,T4#12>,App<F,T5#11>,App<F,T6#10>,App<F,T7#9>,App<F,T8#8>,App<F,T9#7>,App<F,T10#6>,App<F,T11#5>,App<F,T12#4>,App<F,T13#3>,App<F,T14#2>,App<F,T15#1>)
    T7#9 extends Object declared in method <T1#15,T2#14,T3#13,T4#12,T5#11,T6#10,T7#9,T8#8,T9#7,T10#6,T11#5,T12#4,T13#3,T14#2,T15#1>group(App<F,T1#15>,App<F,T2#14>,App<F,T3#13>,App<F,T4#12>,App<F,T5#11>,App<F,T6#10>,App<F,T7#9>,App<F,T8#8>,App<F,T9#7>,App<F,T10#6>,App<F,T11#5>,App<F,T12#4>,App<F,T13#3>,App<F,T14#2>,App<F,T15#1>)
    T8#8 extends Object declared in method <T1#15,T2#14,T3#13,T4#12,T5#11,T6#10,T7#9,T8#8,T9#7,T10#6,T11#5,T12#4,T13#3,T14#2,T15#1>group(App<F,T1#15>,App<F,T2#14>,App<F,T3#13>,App<F,T4#12>,App<F,T5#11>,App<F,T6#10>,App<F,T7#9>,App<F,T8#8>,App<F,T9#7>,App<F,T10#6>,App<F,T11#5>,App<F,T12#4>,App<F,T13#3>,App<F,T14#2>,App<F,T15#1>)
    T9#7 extends Object declared in method <T1#15,T2#14,T3#13,T4#12,T5#11,T6#10,T7#9,T8#8,T9#7,T10#6,T11#5,T12#4,T13#3,T14#2,T15#1>group(App<F,T1#15>,App<F,T2#14>,App<F,T3#13>,App<F,T4#12>,App<F,T5#11>,App<F,T6#10>,App<F,T7#9>,App<F,T8#8>,App<F,T9#7>,App<F,T10#6>,App<F,T11#5>,App<F,T12#4>,App<F,T13#3>,App<F,T14#2>,App<F,T15#1>)
    T10#6 extends Object declared in method <T1#15,T2#14,T3#13,T4#12,T5#11,T6#10,T7#9,T8#8,T9#7,T10#6,T11#5,T12#4,T13#3,T14#2,T15#1>group(App<F,T1#15>,App<F,T2#14>,App<F,T3#13>,App<F,T4#12>,App<F,T5#11>,App<F,T6#10>,App<F,T7#9>,App<F,T8#8>,App<F,T9#7>,App<F,T10#6>,App<F,T11#5>,App<F,T12#4>,App<F,T13#3>,App<F,T14#2>,App<F,T15#1>)
    T11#5 extends Object declared in method <T1#15,T2#14,T3#13,T4#12,T5#11,T6#10,T7#9,T8#8,T9#7,T10#6,T11#5,T12#4,T13#3,T14#2,T15#1>group(App<F,T1#15>,App<F,T2#14>,App<F,T3#13>,App<F,T4#12>,App<F,T5#11>,App<F,T6#10>,App<F,T7#9>,App<F,T8#8>,App<F,T9#7>,App<F,T10#6>,App<F,T11#5>,App<F,T12#4>,App<F,T13#3>,App<F,T14#2>,App<F,T15#1>)
    T12#4 extends Object declared in method <T1#15,T2#14,T3#13,T4#12,T5#11,T6#10,T7#9,T8#8,T9#7,T10#6,T11#5,T12#4,T13#3,T14#2,T15#1>group(App<F,T1#15>,App<F,T2#14>,App<F,T3#13>,App<F,T4#12>,App<F,T5#11>,App<F,T6#10>,App<F,T7#9>,App<F,T8#8>,App<F,T9#7>,App<F,T10#6>,App<F,T11#5>,App<F,T12#4>,App<F,T13#3>,App<F,T14#2>,App<F,T15#1>)
    T13#3 extends Object declared in method <T1#15,T2#14,T3#13,T4#12,T5#11,T6#10,T7#9,T8#8,T9#7,T10#6,T11#5,T12#4,T13#3,T14#2,T15#1>group(App<F,T1#15>,App<F,T2#14>,App<F,T3#13>,App<F,T4#12>,App<F,T5#11>,App<F,T6#10>,App<F,T7#9>,App<F,T8#8>,App<F,T9#7>,App<F,T10#6>,App<F,T11#5>,App<F,T12#4>,App<F,T13#3>,App<F,T14#2>,App<F,T15#1>)
    T14#2 extends Object declared in method <T1#15,T2#14,T3#13,T4#12,T5#11,T6#10,T7#9,T8#8,T9#7,T10#6,T11#5,T12#4,T13#3,T14#2,T15#1>group(App<F,T1#15>,App<F,T2#14>,App<F,T3#13>,App<F,T4#12>,App<F,T5#11>,App<F,T6#10>,App<F,T7#9>,App<F,T8#8>,App<F,T9#7>,App<F,T10#6>,App<F,T11#5>,App<F,T12#4>,App<F,T13#3>,App<F,T14#2>,App<F,T15#1>)
    T15#1 extends Object declared in method <T1#15,T2#14,T3#13,T4#12,T5#11,T6#10,T7#9,T8#8,T9#7,T10#6,T11#5,T12#4,T13#3,T14#2,T15#1>group(App<F,T1#15>,App<F,T2#14>,App<F,T3#13>,App<F,T4#12>,App<F,T5#11>,App<F,T6#10>,App<F,T7#9>,App<F,T8#8>,App<F,T9#7>,App<F,T10#6>,App<F,T11#5>,App<F,T12#4>,App<F,T13#3>,App<F,T14#2>,App<F,T15#1>)
    T1#16 extends Object declared in method <T1#16,T2#15,T3#14,T4#13,T5#12,T6#11,T7#10,T8#9,T9#8,T10#7,T11#6,T12#5,T13#4,T14#3,T15#2,T16>group(App<F,T1#16>,App<F,T2#15>,App<F,T3#14>,App<F,T4#13>,App<F,T5#12>,App<F,T6#11>,App<F,T7#10>,App<F,T8#9>,App<F,T9#8>,App<F,T10#7>,App<F,T11#6>,App<F,T12#5>,App<F,T13#4>,App<F,T14#3>,App<F,T15#2>,App<F,T16>)
    T2#15 extends Object declared in method <T1#16,T2#15,T3#14,T4#13,T5#12,T6#11,T7#10,T8#9,T9#8,T10#7,T11#6,T12#5,T13#4,T14#3,T15#2,T16>group(App<F,T1#16>,App<F,T2#15>,App<F,T3#14>,App<F,T4#13>,App<F,T5#12>,App<F,T6#11>,App<F,T7#10>,App<F,T8#9>,App<F,T9#8>,App<F,T10#7>,App<F,T11#6>,App<F,T12#5>,App<F,T13#4>,App<F,T14#3>,App<F,T15#2>,App<F,T16>)
    T3#14 extends Object declared in method <T1#16,T2#15,T3#14,T4#13,T5#12,T6#11,T7#10,T8#9,T9#8,T10#7,T11#6,T12#5,T13#4,T14#3,T15#2,T16>group(App<F,T1#16>,App<F,T2#15>,App<F,T3#14>,App<F,T4#13>,App<F,T5#12>,App<F,T6#11>,App<F,T7#10>,App<F,T8#9>,App<F,T9#8>,App<F,T10#7>,App<F,T11#6>,App<F,T12#5>,App<F,T13#4>,App<F,T14#3>,App<F,T15#2>,App<F,T16>)
    T4#13 extends Object declared in method <T1#16,T2#15,T3#14,T4#13,T5#12,T6#11,T7#10,T8#9,T9#8,T10#7,T11#6,T12#5,T13#4,T14#3,T15#2,T16>group(App<F,T1#16>,App<F,T2#15>,App<F,T3#14>,App<F,T4#13>,App<F,T5#12>,App<F,T6#11>,App<F,T7#10>,App<F,T8#9>,App<F,T9#8>,App<F,T10#7>,App<F,T11#6>,App<F,T12#5>,App<F,T13#4>,App<F,T14#3>,App<F,T15#2>,App<F,T16>)
    T5#12 extends Object declared in method <T1#16,T2#15,T3#14,T4#13,T5#12,T6#11,T7#10,T8#9,T9#8,T10#7,T11#6,T12#5,T13#4,T14#3,T15#2,T16>group(App<F,T1#16>,App<F,T2#15>,App<F,T3#14>,App<F,T4#13>,App<F,T5#12>,App<F,T6#11>,App<F,T7#10>,App<F,T8#9>,App<F,T9#8>,App<F,T10#7>,App<F,T11#6>,App<F,T12#5>,App<F,T13#4>,App<F,T14#3>,App<F,T15#2>,App<F,T16>)
    T6#11 extends Object declared in method <T1#16,T2#15,T3#14,T4#13,T5#12,T6#11,T7#10,T8#9,T9#8,T10#7,T11#6,T12#5,T13#4,T14#3,T15#2,T16>group(App<F,T1#16>,App<F,T2#15>,App<F,T3#14>,App<F,T4#13>,App<F,T5#12>,App<F,T6#11>,App<F,T7#10>,App<F,T8#9>,App<F,T9#8>,App<F,T10#7>,App<F,T11#6>,App<F,T12#5>,App<F,T13#4>,App<F,T14#3>,App<F,T15#2>,App<F,T16>)
    T7#10 extends Object declared in method <T1#16,T2#15,T3#14,T4#13,T5#12,T6#11,T7#10,T8#9,T9#8,T10#7,T11#6,T12#5,T13#4,T14#3,T15#2,T16>group(App<F,T1#16>,App<F,T2#15>,App<F,T3#14>,App<F,T4#13>,App<F,T5#12>,App<F,T6#11>,App<F,T7#10>,App<F,T8#9>,App<F,T9#8>,App<F,T10#7>,App<F,T11#6>,App<F,T12#5>,App<F,T13#4>,App<F,T14#3>,App<F,T15#2>,App<F,T16>)
    T8#9 extends Object declared in method <T1#16,T2#15,T3#14,T4#13,T5#12,T6#11,T7#10,T8#9,T9#8,T10#7,T11#6,T12#5,T13#4,T14#3,T15#2,T16>group(App<F,T1#16>,App<F,T2#15>,App<F,T3#14>,App<F,T4#13>,App<F,T5#12>,App<F,T6#11>,App<F,T7#10>,App<F,T8#9>,App<F,T9#8>,App<F,T10#7>,App<F,T11#6>,App<F,T12#5>,App<F,T13#4>,App<F,T14#3>,App<F,T15#2>,App<F,T16>)
    T9#8 extends Object declared in method <T1#16,T2#15,T3#14,T4#13,T5#12,T6#11,T7#10,T8#9,T9#8,T10#7,T11#6,T12#5,T13#4,T14#3,T15#2,T16>group(App<F,T1#16>,App<F,T2#15>,App<F,T3#14>,App<F,T4#13>,App<F,T5#12>,App<F,T6#11>,App<F,T7#10>,App<F,T8#9>,App<F,T9#8>,App<F,T10#7>,App<F,T11#6>,App<F,T12#5>,App<F,T13#4>,App<F,T14#3>,App<F,T15#2>,App<F,T16>)
    T10#7 extends Object declared in method <T1#16,T2#15,T3#14,T4#13,T5#12,T6#11,T7#10,T8#9,T9#8,T10#7,T11#6,T12#5,T13#4,T14#3,T15#2,T16>group(App<F,T1#16>,App<F,T2#15>,App<F,T3#14>,App<F,T4#13>,App<F,T5#12>,App<F,T6#11>,App<F,T7#10>,App<F,T8#9>,App<F,T9#8>,App<F,T10#7>,App<F,T11#6>,App<F,T12#5>,App<F,T13#4>,App<F,T14#3>,App<F,T15#2>,App<F,T16>)
    T11#6 extends Object declared in method <T1#16,T2#15,T3#14,T4#13,T5#12,T6#11,T7#10,T8#9,T9#8,T10#7,T11#6,T12#5,T13#4,T14#3,T15#2,T16>group(App<F,T1#16>,App<F,T2#15>,App<F,T3#14>,App<F,T4#13>,App<F,T5#12>,App<F,T6#11>,App<F,T7#10>,App<F,T8#9>,App<F,T9#8>,App<F,T10#7>,App<F,T11#6>,App<F,T12#5>,App<F,T13#4>,App<F,T14#3>,App<F,T15#2>,App<F,T16>)
    T12#5 extends Object declared in method <T1#16,T2#15,T3#14,T4#13,T5#12,T6#11,T7#10,T8#9,T9#8,T10#7,T11#6,T12#5,T13#4,T14#3,T15#2,T16>group(App<F,T1#16>,App<F,T2#15>,App<F,T3#14>,App<F,T4#13>,App<F,T5#12>,App<F,T6#11>,App<F,T7#10>,App<F,T8#9>,App<F,T9#8>,App<F,T10#7>,App<F,T11#6>,App<F,T12#5>,App<F,T13#4>,App<F,T14#3>,App<F,T15#2>,App<F,T16>)
    T13#4 extends Object declared in method <T1#16,T2#15,T3#14,T4#13,T5#12,T6#11,T7#10,T8#9,T9#8,T10#7,T11#6,T12#5,T13#4,T14#3,T15#2,T16>group(App<F,T1#16>,App<F,T2#15>,App<F,T3#14>,App<F,T4#13>,App<F,T5#12>,App<F,T6#11>,App<F,T7#10>,App<F,T8#9>,App<F,T9#8>,App<F,T10#7>,App<F,T11#6>,App<F,T12#5>,App<F,T13#4>,App<F,T14#3>,App<F,T15#2>,App<F,T16>)
    T14#3 extends Object declared in method <T1#16,T2#15,T3#14,T4#13,T5#12,T6#11,T7#10,T8#9,T9#8,T10#7,T11#6,T12#5,T13#4,T14#3,T15#2,T16>group(App<F,T1#16>,App<F,T2#15>,App<F,T3#14>,App<F,T4#13>,App<F,T5#12>,App<F,T6#11>,App<F,T7#10>,App<F,T8#9>,App<F,T9#8>,App<F,T10#7>,App<F,T11#6>,App<F,T12#5>,App<F,T13#4>,App<F,T14#3>,App<F,T15#2>,App<F,T16>)
    T15#2 extends Object declared in method <T1#16,T2#15,T3#14,T4#13,T5#12,T6#11,T7#10,T8#9,T9#8,T10#7,T11#6,T12#5,T13#4,T14#3,T15#2,T16>group(App<F,T1#16>,App<F,T2#15>,App<F,T3#14>,App<F,T4#13>,App<F,T5#12>,App<F,T6#11>,App<F,T7#10>,App<F,T8#9>,App<F,T9#8>,App<F,T10#7>,App<F,T11#6>,App<F,T12#5>,App<F,T13#4>,App<F,T14#3>,App<F,T15#2>,App<F,T16>)
    T16 extends Object declared in method <T1#16,T2#15,T3#14,T4#13,T5#12,T6#11,T7#10,T8#9,T9#8,T10#7,T11#6,T12#5,T13#4,T14#3,T15#2,T16>group(App<F,T1#16>,App<F,T2#15>,App<F,T3#14>,App<F,T4#13>,App<F,T5#12>,App<F,T6#11>,App<F,T7#10>,App<F,T8#9>,App<F,T9#8>,App<F,T10#7>,App<F,T11#6>,App<F,T12#5>,App<F,T13#4>,App<F,T14#3>,App<F,T15#2>,App<F,T16>)
/home/runner/work/TaCZ_Refabricated_Unofficial/TaCZ_Refabricated_Unofficial/src/main/java/cn/sh1rocu/tacz/industry/api/feed/TubularMagazineData.java:43: error: incompatible types: invalid method reference
    ).validate(TubularMagazineData::validateShape);
               ^
    incompatible types: Object cannot be converted to TubularMagazineData
/home/runner/work/TaCZ_Refabricated_Unofficial/TaCZ_Refabricated_Unofficial/src/main/java/cn/sh1rocu/tacz/industry/api/feed/CylinderData.java:84: error: no suitable method found for group(RecordCodecBuilder<CylinderData,Identifier>,RecordCodecBuilder<CylinderData,List<CylinderSlot>>,RecordCodecBuilder<CylinderData,Integer>)
            instance -> instance.group(
                                ^
    method Kind1.<T1#1>group(App<Mu<Object>,T1#1>) is not applicable
      (cannot infer type-variable(s) T1#1
        (actual and formal argument lists differ in length))
    method Kind1.<T1#2,T2#1>group(App<Mu<Object>,T1#2>,App<Mu<Object>,T2#1>) is not applicable
      (cannot infer type-variable(s) T1#2,T2#1
        (actual and formal argument lists differ in length))
    method Kind1.<T1#3,T2#2,T3#1>group(App<Mu<Object>,T1#3>,App<Mu<Object>,T2#2>,App<Mu<Object>,T3#1>) is not applicable
      (inference variable O has incompatible bounds
        equality constraints: Object
        upper bounds: Object,CylinderData)
    method Kind1.<T1#4,T2#3,T3#2,T4#1>group(App<Mu<Object>,T1#4>,App<Mu<Object>,T2#3>,App<Mu<Object>,T3#2>,App<Mu<Object>,T4#1>) is not applicable
      (cannot infer type-variable(s) T1#4,T2#3,T3#2,T4#1
        (actual and formal argument lists differ in length))
    method Kind1.<T1#5,T2#4,T3#3,T4#2,T5#1>group(App<Mu<Object>,T1#5>,App<Mu<Object>,T2#4>,App<Mu<Object>,T3#3>,App<Mu<Object>,T4#2>,App<Mu<Object>,T5#1>) is not applicable
      (cannot infer type-variable(s) T1#5,T2#4,T3#3,T4#2,T5#1
        (actual and formal argument lists differ in length))
    method Kind1.<T1#6,T2#5,T3#4,T4#3,T5#2,T6#1>group(App<Mu<Object>,T1#6>,App<Mu<Object>,T2#5>,App<Mu<Object>,T3#4>,App<Mu<Object>,T4#3>,App<Mu<Object>,T5#2>,App<Mu<Object>,T6#1>) is not applicable
      (cannot infer type-variable(s) T1#6,T2#5,T3#4,T4#3,T5#2,T6#1
        (actual and formal argument lists differ in length))
    method Kind1.<T1#7,T2#6,T3#5,T4#4,T5#3,T6#2,T7#1>group(App<Mu<Object>,T1#7>,App<Mu<Object>,T2#6>,App<Mu<Object>,T3#5>,App<Mu<Object>,T4#4>,App<Mu<Object>,T5#3>,App<Mu<Object>,T6#2>,App<Mu<Object>,T7#1>) is not applicable
      (cannot infer type-variable(s) T1#7,T2#6,T3#5,T4#4,T5#3,T6#2,T7#1
        (actual and formal argument lists differ in length))
    method Kind1.<T1#8,T2#7,T3#6,T4#5,T5#4,T6#3,T7#2,T8#1>group(App<Mu<Object>,T1#8>,App<Mu<Object>,T2#7>,App<Mu<Object>,T3#6>,App<Mu<Object>,T4#5>,App<Mu<Object>,T5#4>,App<Mu<Object>,T6#3>,App<Mu<Object>,T7#2>,App<Mu<Object>,T8#1>) is not applicable
      (cannot infer type-variable(s) T1#8,T2#7,T3#6,T4#5,T5#4,T6#3,T7#2,T8#1
        (actual and formal argument lists differ in length))
    method Kind1.<T1#9,T2#8,T3#7,T4#6,T5#5,T6#4,T7#3,T8#2,T9#1>group(App<Mu<Object>,T1#9>,App<Mu<Object>,T2#8>,App<Mu<Object>,T3#7>,App<Mu<Object>,T4#6>,App<Mu<Object>,T5#5>,App<Mu<Object>,T6#4>,App<Mu<Object>,T7#3>,App<Mu<Object>,T8#2>,App<Mu<Object>,T9#1>) is not applicable
      (cannot infer type-variable(s) T1#9,T2#8,T3#7,T4#6,T5#5,T6#4,T7#3,T8#2,T9#1
        (actual and formal argument lists differ in length))
    method Kind1.<T1#10,T2#9,T3#8,T4#7,T5#6,T6#5,T7#4,T8#3,T9#2,T10#1>group(App<Mu<Object>,T1#10>,App<Mu<Object>,T2#9>,App<Mu<Object>,T3#8>,App<Mu<Object>,T4#7>,App<Mu<Object>,T5#6>,App<Mu<Object>,T6#5>,App<Mu<Object>,T7#4>,App<Mu<Object>,T8#3>,App<Mu<Object>,T9#2>,App<Mu<Object>,T10#1>) is not applicable
      (cannot infer type-variable(s) T1#10,T2#9,T3#8,T4#7,T5#6,T6#5,T7#4,T8#3,T9#2,T10#1
        (actual and formal argument lists differ in length))
    method Kind1.<T1#11,T2#10,T3#9,T4#8,T5#7,T6#6,T7#5,T8#4,T9#3,T10#2,T11#1>group(App<Mu<Object>,T1#11>,App<Mu<Object>,T2#10>,App<Mu<Object>,T3#9>,App<Mu<Object>,T4#8>,App<Mu<Object>,T5#7>,App<Mu<Object>,T6#6>,App<Mu<Object>,T7#5>,App<Mu<Object>,T8#4>,App<Mu<Object>,T9#3>,App<Mu<Object>,T10#2>,App<Mu<Object>,T11#1>) is not applicable
      (cannot infer type-variable(s) T1#11,T2#10,T3#9,T4#8,T5#7,T6#6,T7#5,T8#4,T9#3,T10#2,T11#1
        (actual and formal argument lists differ in length))
    method Kind1.<T1#12,T2#11,T3#10,T4#9,T5#8,T6#7,T7#6,T8#5,T9#4,T10#3,T11#2,T12#1>group(App<Mu<Object>,T1#12>,App<Mu<Object>,T2#11>,App<Mu<Object>,T3#10>,App<Mu<Object>,T4#9>,App<Mu<Object>,T5#8>,App<Mu<Object>,T6#7>,App<Mu<Object>,T7#6>,App<Mu<Object>,T8#5>,App<Mu<Object>,T9#4>,App<Mu<Object>,T10#3>,App<Mu<Object>,T11#2>,App<Mu<Object>,T12#1>) is not applicable
      (cannot infer type-variable(s) T1#12,T2#11,T3#10,T4#9,T5#8,T6#7,T7#6,T8#5,T9#4,T10#3,T11#2,T12#1
        (actual and formal argument lists differ in length))
    method Kind1.<T1#13,T2#12,T3#11,T4#10,T5#9,T6#8,T7#7,T8#6,T9#5,T10#4,T11#3,T12#2,T13#1>group(App<Mu<Object>,T1#13>,App<Mu<Object>,T2#12>,App<Mu<Object>,T3#11>,App<Mu<Object>,T4#10>,App<Mu<Object>,T5#9>,App<Mu<Object>,T6#8>,App<Mu<Object>,T7#7>,App<Mu<Object>,T8#6>,App<Mu<Object>,T9#5>,App<Mu<Object>,T10#4>,App<Mu<Object>,T11#3>,App<Mu<Object>,T12#2>,App<Mu<Object>,T13#1>) is not applicable
      (cannot infer type-variable(s) T1#13,T2#12,T3#11,T4#10,T5#9,T6#8,T7#7,T8#6,T9#5,T10#4,T11#3,T12#2,T13#1
        (actual and formal argument lists differ in length))
    method Kind1.<T1#14,T2#13,T3#12,T4#11,T5#10,T6#9,T7#8,T8#7,T9#6,T10#5,T11#4,T12#3,T13#2,T14#1>group(App<Mu<Object>,T1#14>,App<Mu<Object>,T2#13>,App<Mu<Object>,T3#12>,App<Mu<Object>,T4#11>,App<Mu<Object>,T5#10>,App<Mu<Object>,T6#9>,App<Mu<Object>,T7#8>,App<Mu<Object>,T8#7>,App<Mu<Object>,T9#6>,App<Mu<Object>,T10#5>,App<Mu<Object>,T11#4>,App<Mu<Object>,T12#3>,App<Mu<Object>,T13#2>,App<Mu<Object>,T14#1>) is not applicable
      (cannot infer type-variable(s) T1#14,T2#13,T3#12,T4#11,T5#10,T6#9,T7#8,T8#7,T9#6,T10#5,T11#4,T12#3,T13#2,T14#1
        (actual and formal argument lists differ in length))
    method Kind1.<T1#15,T2#14,T3#13,T4#12,T5#11,T6#10,T7#9,T8#8,T9#7,T10#6,T11#5,T12#4,T13#3,T14#2,T15#1>group(App<Mu<Object>,T1#15>,App<Mu<Object>,T2#14>,App<Mu<Object>,T3#13>,App<Mu<Object>,T4#12>,App<Mu<Object>,T5#11>,App<Mu<Object>,T6#10>,App<Mu<Object>,T7#9>,App<Mu<Object>,T8#8>,App<Mu<Object>,T9#7>,App<Mu<Object>,T10#6>,App<Mu<Object>,T11#5>,App<Mu<Object>,T12#4>,App<Mu<Object>,T13#3>,App<Mu<Object>,T14#2>,App<Mu<Object>,T15#1>) is not applicable
      (cannot infer type-variable(s) T1#15,T2#14,T3#13,T4#12,T5#11,T6#10,T7#9,T8#8,T9#7,T10#6,T11#5,T12#4,T13#3,T14#2,T15#1
        (actual and formal argument lists differ in length))
    method Kind1.<T1#16,T2#15,T3#14,T4#13,T5#12,T6#11,T7#10,T8#9,T9#8,T10#7,T11#6,T12#5,T13#4,T14#3,T15#2,T16>group(App<Mu<Object>,T1#16>,App<Mu<Object>,T2#15>,App<Mu<Object>,T3#14>,App<Mu<Object>,T4#13>,App<Mu<Object>,T5#12>,App<Mu<Object>,T6#11>,App<Mu<Object>,T7#10>,App<Mu<Object>,T8#9>,App<Mu<Object>,T9#8>,App<Mu<Object>,T10#7>,App<Mu<Object>,T11#6>,App<Mu<Object>,T12#5>,App<Mu<Object>,T13#4>,App<Mu<Object>,T14#3>,App<Mu<Object>,T15#2>,App<Mu<Object>,T16>) is not applicable
      (cannot infer type-variable(s) T1#16,T2#15,T3#14,T4#13,T5#12,T6#11,T7#10,T8#9,T9#8,T10#7,T11#6,T12#5,T13#4,T14#3,T15#2,T16
        (actual and formal argument lists differ in length))
  where T1#1,F,T1#2,T2#1,T1#3,T2#2,T3#1,O,A,T1#4,T2#3,T3#2,T4#1,T1#5,T2#4,T3#3,T4#2,T5#1,T1#6,T2#5,T3#4,T4#3,T5#2,T6#1,T1#7,T2#6,T3#5,T4#4,T5#3,T6#2,T7#1,T1#8,T2#7,T3#6,T4#5,T5#4,T6#3,T7#2,T8#1,T1#9,T2#8,T3#7,T4#6,T5#5,T6#4,T7#3,T8#2,T9#1,T1#10,T2#9,T3#8,T4#7,T5#6,T6#5,T7#4,T8#3,T9#2,T10#1,T1#11,T2#10,T3#9,T4#8,T5#7,T6#6,T7#5,T8#4,T9#3,T10#2,T11#1,T1#12,T2#11,T3#10,T4#9,T5#8,T6#7,T7#6,T8#5,T9#4,T10#3,T11#2,T12#1,T1#13,T2#12,T3#11,T4#10,T5#9,T6#8,T7#7,T8#6,T9#5,T10#4,T11#3,T12#2,T13#1,T1#14,T2#13,T3#12,T4#11,T5#10,T6#9,T7#8,T8#7,T9#6,T10#5,T11#4,T12#3,T13#2,T14#1,T1#15,T2#14,T3#13,T4#12,T5#11,T6#10,T7#9,T8#8,T9#7,T10#6,T11#5,T12#4,T13#3,T14#2,T15#1,T1#16,T2#15,T3#14,T4#13,T5#12,T6#11,T7#10,T8#9,T9#8,T10#7,T11#6,T12#5,T13#4,T14#3,T15#2,T16 are type-variables:
    T1#1 extends Object declared in method <T1#1>group(App<F,T1#1>)
    F extends K1 declared in interface Kind1
    T1#2 extends Object declared in method <T1#2,T2#1>group(App<F,T1#2>,App<F,T2#1>)
    T2#1 extends Object declared in method <T1#2,T2#1>group(App<F,T1#2>,App<F,T2#1>)
    T1#3 extends Object declared in method <T1#3,T2#2,T3#1>group(App<F,T1#3>,App<F,T2#2>,App<F,T3#1>)
    T2#2 extends Object declared in method <T1#3,T2#2,T3#1>group(App<F,T1#3>,App<F,T2#2>,App<F,T3#1>)
    T3#1 extends Object declared in method <T1#3,T2#2,T3#1>group(App<F,T1#3>,App<F,T2#2>,App<F,T3#1>)
    O extends Object declared in method <O>forGetter(Function<O,A>)
    A extends Object declared in class MapCodec
    T1#4 extends Object declared in method <T1#4,T2#3,T3#2,T4#1>group(App<F,T1#4>,App<F,T2#3>,App<F,T3#2>,App<F,T4#1>)
    T2#3 extends Object declared in method <T1#4,T2#3,T3#2,T4#1>group(App<F,T1#4>,App<F,T2#3>,App<F,T3#2>,App<F,T4#1>)
    T3#2 extends Object declared in method <T1#4,T2#3,T3#2,T4#1>group(App<F,T1#4>,App<F,T2#3>,App<F,T3#2>,App<F,T4#1>)
    T4#1 extends Object declared in method <T1#4,T2#3,T3#2,T4#1>group(App<F,T1#4>,App<F,T2#3>,App<F,T3#2>,App<F,T4#1>)
    T1#5 extends Object declared in method <T1#5,T2#4,T3#3,T4#2,T5#1>group(App<F,T1#5>,App<F,T2#4>,App<F,T3#3>,App<F,T4#2>,App<F,T5#1>)
    T2#4 extends Object declared in method <T1#5,T2#4,T3#3,T4#2,T5#1>group(App<F,T1#5>,App<F,T2#4>,App<F,T3#3>,App<F,T4#2>,App<F,T5#1>)
    T3#3 extends Object declared in method <T1#5,T2#4,T3#3,T4#2,T5#1>group(App<F,T1#5>,App<F,T2#4>,App<F,T3#3>,App<F,T4#2>,App<F,T5#1>)
    T4#2 extends Object declared in method <T1#5,T2#4,T3#3,T4#2,T5#1>group(App<F,T1#5>,App<F,T2#4>,App<F,T3#3>,App<F,T4#2>,App<F,T5#1>)
    T5#1 extends Object declared in method <T1#5,T2#4,T3#3,T4#2,T5#1>group(App<F,T1#5>,App<F,T2#4>,App<F,T3#3>,App<F,T4#2>,App<F,T5#1>)
    T1#6 extends Object declared in method <T1#6,T2#5,T3#4,T4#3,T5#2,T6#1>group(App<F,T1#6>,App<F,T2#5>,App<F,T3#4>,App<F,T4#3>,App<F,T5#2>,App<F,T6#1>)
    T2#5 extends Object declared in method <T1#6,T2#5,T3#4,T4#3,T5#2,T6#1>group(App<F,T1#6>,App<F,T2#5>,App<F,T3#4>,App<F,T4#3>,App<F,T5#2>,App<F,T6#1>)
    T3#4 extends Object declared in method <T1#6,T2#5,T3#4,T4#3,T5#2,T6#1>group(App<F,T1#6>,App<F,T2#5>,App<F,T3#4>,App<F,T4#3>,App<F,T5#2>,App<F,T6#1>)
    T4#3 extends Object declared in method <T1#6,T2#5,T3#4,T4#3,T5#2,T6#1>group(App<F,T1#6>,App<F,T2#5>,App<F,T3#4>,App<F,T4#3>,App<F,T5#2>,App<F,T6#1>)
    T5#2 extends Object declared in method <T1#6,T2#5,T3#4,T4#3,T5#2,T6#1>group(App<F,T1#6>,App<F,T2#5>,App<F,T3#4>,App<F,T4#3>,App<F,T5#2>,App<F,T6#1>)
    T6#1 extends Object declared in method <T1#6,T2#5,T3#4,T4#3,T5#2,T6#1>group(App<F,T1#6>,App<F,T2#5>,App<F,T3#4>,App<F,T4#3>,App<F,T5#2>,App<F,T6#1>)
    T1#7 extends Object declared in method <T1#7,T2#6,T3#5,T4#4,T5#3,T6#2,T7#1>group(App<F,T1#7>,App<F,T2#6>,App<F,T3#5>,App<F,T4#4>,App<F,T5#3>,App<F,T6#2>,App<F,T7#1>)
    T2#6 extends Object declared in method <T1#7,T2#6,T3#5,T4#4,T5#3,T6#2,T7#1>group(App<F,T1#7>,App<F,T2#6>,App<F,T3#5>,App<F,T4#4>,App<F,T5#3>,App<F,T6#2>,App<F,T7#1>)
    T3#5 extends Object declared in method <T1#7,T2#6,T3#5,T4#4,T5#3,T6#2,T7#1>group(App<F,T1#7>,App<F,T2#6>,App<F,T3#5>,App<F,T4#4>,App<F,T5#3>,App<F,T6#2>,App<F,T7#1>)
    T4#4 extends Object declared in method <T1#7,T2#6,T3#5,T4#4,T5#3,T6#2,T7#1>group(App<F,T1#7>,App<F,T2#6>,App<F,T3#5>,App<F,T4#4>,App<F,T5#3>,App<F,T6#2>,App<F,T7#1>)
    T5#3 extends Object declared in method <T1#7,T2#6,T3#5,T4#4,T5#3,T6#2,T7#1>group(App<F,T1#7>,App<F,T2#6>,App<F,T3#5>,App<F,T4#4>,App<F,T5#3>,App<F,T6#2>,App<F,T7#1>)
    T6#2 extends Object declared in method <T1#7,T2#6,T3#5,T4#4,T5#3,T6#2,T7#1>group(App<F,T1#7>,App<F,T2#6>,App<F,T3#5>,App<F,T4#4>,App<F,T5#3>,App<F,T6#2>,App<F,T7#1>)
    T7#1 extends Object declared in method <T1#7,T2#6,T3#5,T4#4,T5#3,T6#2,T7#1>group(App<F,T1#7>,App<F,T2#6>,App<F,T3#5>,App<F,T4#4>,App<F,T5#3>,App<F,T6#2>,App<F,T7#1>)
    T1#8 extends Object declared in method <T1#8,T2#7,T3#6,T4#5,T5#4,T6#3,T7#2,T8#1>group(App<F,T1#8>,App<F,T2#7>,App<F,T3#6>,App<F,T4#5>,App<F,T5#4>,App<F,T6#3>,App<F,T7#2>,App<F,T8#1>)
    T2#7 extends Object declared in method <T1#8,T2#7,T3#6,T4#5,T5#4,T6#3,T7#2,T8#1>group(App<F,T1#8>,App<F,T2#7>,App<F,T3#6>,App<F,T4#5>,App<F,T5#4>,App<F,T6#3>,App<F,T7#2>,App<F,T8#1>)
    T3#6 extends Object declared in method <T1#8,T2#7,T3#6,T4#5,T5#4,T6#3,T7#2,T8#1>group(App<F,T1#8>,App<F,T2#7>,App<F,T3#6>,App<F,T4#5>,App<F,T5#4>,App<F,T6#3>,App<F,T7#2>,App<F,T8#1>)
    T4#5 extends Object declared in method <T1#8,T2#7,T3#6,T4#5,T5#4,T6#3,T7#2,T8#1>group(App<F,T1#8>,App<F,T2#7>,App<F,T3#6>,App<F,T4#5>,App<F,T5#4>,App<F,T6#3>,App<F,T7#2>,App<F,T8#1>)
    T5#4 extends Object declared in method <T1#8,T2#7,T3#6,T4#5,T5#4,T6#3,T7#2,T8#1>group(App<F,T1#8>,App<F,T2#7>,App<F,T3#6>,App<F,T4#5>,App<F,T5#4>,App<F,T6#3>,App<F,T7#2>,App<F,T8#1>)
    T6#3 extends Object declared in method <T1#8,T2#7,T3#6,T4#5,T5#4,T6#3,T7#2,T8#1>group(App<F,T1#8>,App<F,T2#7>,App<F,T3#6>,App<F,T4#5>,App<F,T5#4>,App<F,T6#3>,App<F,T7#2>,App<F,T8#1>)
    T7#2 extends Object declared in method <T1#8,T2#7,T3#6,T4#5,T5#4,T6#3,T7#2,T8#1>group(App<F,T1#8>,App<F,T2#7>,App<F,T3#6>,App<F,T4#5>,App<F,T5#4>,App<F,T6#3>,App<F,T7#2>,App<F,T8#1>)
    T8#1 extends Object declared in method <T1#8,T2#7,T3#6,T4#5,T5#4,T6#3,T7#2,T8#1>group(App<F,T1#8>,App<F,T2#7>,App<F,T3#6>,App<F,T4#5>,App<F,T5#4>,App<F,T6#3>,App<F,T7#2>,App<F,T8#1>)
    T1#9 extends Object declared in method <T1#9,T2#8,T3#7,T4#6,T5#5,T6#4,T7#3,T8#2,T9#1>group(App<F,T1#9>,App<F,T2#8>,App<F,T3#7>,App<F,T4#6>,App<F,T5#5>,App<F,T6#4>,App<F,T7#3>,App<F,T8#2>,App<F,T9#1>)
    T2#8 extends Object declared in method <T1#9,T2#8,T3#7,T4#6,T5#5,T6#4,T7#3,T8#2,T9#1>group(App<F,T1#9>,App<F,T2#8>,App<F,T3#7>,App<F,T4#6>,App<F,T5#5>,App<F,T6#4>,App<F,T7#3>,App<F,T8#2>,App<F,T9#1>)
    T3#7 extends Object declared in method <T1#9,T2#8,T3#7,T4#6,T5#5,T6#4,T7#3,T8#2,T9#1>group(App<F,T1#9>,App<F,T2#8>,App<F,T3#7>,App<F,T4#6>,App<F,T5#5>,App<F,T6#4>,App<F,T7#3>,App<F,T8#2>,App<F,T9#1>)
    T4#6 extends Object declared in method <T1#9,T2#8,T3#7,T4#6,T5#5,T6#4,T7#3,T8#2,T9#1>group(App<F,T1#9>,App<F,T2#8>,App<F,T3#7>,App<F,T4#6>,App<F,T5#5>,App<F,T6#4>,App<F,T7#3>,App<F,T8#2>,App<F,T9#1>)
    T5#5 extends Object declared in method <T1#9,T2#8,T3#7,T4#6,T5#5,T6#4,T7#3,T8#2,T9#1>group(App<F,T1#9>,App<F,T2#8>,App<F,T3#7>,App<F,T4#6>,App<F,T5#5>,App<F,T6#4>,App<F,T7#3>,App<F,T8#2>,App<F,T9#1>)
    T6#4 extends Object declared in method <T1#9,T2#8,T3#7,T4#6,T5#5,T6#4,T7#3,T8#2,T9#1>group(App<F,T1#9>,App<F,T2#8>,App<F,T3#7>,App<F,T4#6>,App<F,T5#5>,App<F,T6#4>,App<F,T7#3>,App<F,T8#2>,App<F,T9#1>)
    T7#3 extends Object declared in method <T1#9,T2#8,T3#7,T4#6,T5#5,T6#4,T7#3,T8#2,T9#1>group(App<F,T1#9>,App<F,T2#8>,App<F,T3#7>,App<F,T4#6>,App<F,T5#5>,App<F,T6#4>,App<F,T7#3>,App<F,T8#2>,App<F,T9#1>)
    T8#2 extends Object declared in method <T1#9,T2#8,T3#7,T4#6,T5#5,T6#4,T7#3,T8#2,T9#1>group(App<F,T1#9>,App<F,T2#8>,App<F,T3#7>,App<F,T4#6>,App<F,T5#5>,App<F,T6#4>,App<F,T7#3>,App<F,T8#2>,App<F,T9#1>)
    T9#1 extends Object declared in method <T1#9,T2#8,T3#7,T4#6,T5#5,T6#4,T7#3,T8#2,T9#1>group(App<F,T1#9>,App<F,T2#8>,App<F,T3#7>,App<F,T4#6>,App<F,T5#5>,App<F,T6#4>,App<F,T7#3>,App<F,T8#2>,App<F,T9#1>)
    T1#10 extends Object declared in method <T1#10,T2#9,T3#8,T4#7,T5#6,T6#5,T7#4,T8#3,T9#2,T10#1>group(App<F,T1#10>,App<F,T2#9>,App<F,T3#8>,App<F,T4#7>,App<F,T5#6>,App<F,T6#5>,App<F,T7#4>,App<F,T8#3>,App<F,T9#2>,App<F,T10#1>)
    T2#9 extends Object declared in method <T1#10,T2#9,T3#8,T4#7,T5#6,T6#5,T7#4,T8#3,T9#2,T10#1>group(App<F,T1#10>,App<F,T2#9>,App<F,T3#8>,App<F,T4#7>,App<F,T5#6>,App<F,T6#5>,App<F,T7#4>,App<F,T8#3>,App<F,T9#2>,App<F,T10#1>)
    T3#8 extends Object declared in method <T1#10,T2#9,T3#8,T4#7,T5#6,T6#5,T7#4,T8#3,T9#2,T10#1>group(App<F,T1#10>,App<F,T2#9>,App<F,T3#8>,App<F,T4#7>,App<F,T5#6>,App<F,T6#5>,App<F,T7#4>,App<F,T8#3>,App<F,T9#2>,App<F,T10#1>)
    T4#7 extends Object declared in method <T1#10,T2#9,T3#8,T4#7,T5#6,T6#5,T7#4,T8#3,T9#2,T10#1>group(App<F,T1#10>,App<F,T2#9>,App<F,T3#8>,App<F,T4#7>,App<F,T5#6>,App<F,T6#5>,App<F,T7#4>,App<F,T8#3>,App<F,T9#2>,App<F,T10#1>)
    T5#6 extends Object declared in method <T1#10,T2#9,T3#8,T4#7,T5#6,T6#5,T7#4,T8#3,T9#2,T10#1>group(App<F,T1#10>,App<F,T2#9>,App<F,T3#8>,App<F,T4#7>,App<F,T5#6>,App<F,T6#5>,App<F,T7#4>,App<F,T8#3>,App<F,T9#2>,App<F,T10#1>)
    T6#5 extends Object declared in method <T1#10,T2#9,T3#8,T4#7,T5#6,T6#5,T7#4,T8#3,T9#2,T10#1>group(App<F,T1#10>,App<F,T2#9>,App<F,T3#8>,App<F,T4#7>,App<F,T5#6>,App<F,T6#5>,App<F,T7#4>,App<F,T8#3>,App<F,T9#2>,App<F,T10#1>)
    T7#4 extends Object declared in method <T1#10,T2#9,T3#8,T4#7,T5#6,T6#5,T7#4,T8#3,T9#2,T10#1>group(App<F,T1#10>,App<F,T2#9>,App<F,T3#8>,App<F,T4#7>,App<F,T5#6>,App<F,T6#5>,App<F,T7#4>,App<F,T8#3>,App<F,T9#2>,App<F,T10#1>)
    T8#3 extends Object declared in method <T1#10,T2#9,T3#8,T4#7,T5#6,T6#5,T7#4,T8#3,T9#2,T10#1>group(App<F,T1#10>,App<F,T2#9>,App<F,T3#8>,App<F,T4#7>,App<F,T5#6>,App<F,T6#5>,App<F,T7#4>,App<F,T8#3>,App<F,T9#2>,App<F,T10#1>)
    T9#2 extends Object declared in method <T1#10,T2#9,T3#8,T4#7,T5#6,T6#5,T7#4,T8#3,T9#2,T10#1>group(App<F,T1#10>,App<F,T2#9>,App<F,T3#8>,App<F,T4#7>,App<F,T5#6>,App<F,T6#5>,App<F,T7#4>,App<F,T8#3>,App<F,T9#2>,App<F,T10#1>)
    T10#1 extends Object declared in method <T1#10,T2#9,T3#8,T4#7,T5#6,T6#5,T7#4,T8#3,T9#2,T10#1>group(App<F,T1#10>,App<F,T2#9>,App<F,T3#8>,App<F,T4#7>,App<F,T5#6>,App<F,T6#5>,App<F,T7#4>,App<F,T8#3>,App<F,T9#2>,App<F,T10#1>)
    T1#11 extends Object declared in method <T1#11,T2#10,T3#9,T4#8,T5#7,T6#6,T7#5,T8#4,T9#3,T10#2,T11#1>group(App<F,T1#11>,App<F,T2#10>,App<F,T3#9>,App<F,T4#8>,App<F,T5#7>,App<F,T6#6>,App<F,T7#5>,App<F,T8#4>,App<F,T9#3>,App<F,T10#2>,App<F,T11#1>)
    T2#10 extends Object declared in method <T1#11,T2#10,T3#9,T4#8,T5#7,T6#6,T7#5,T8#4,T9#3,T10#2,T11#1>group(App<F,T1#11>,App<F,T2#10>,App<F,T3#9>,App<F,T4#8>,App<F,T5#7>,App<F,T6#6>,App<F,T7#5>,App<F,T8#4>,App<F,T9#3>,App<F,T10#2>,App<F,T11#1>)
    T3#9 extends Object declared in method <T1#11,T2#10,T3#9,T4#8,T5#7,T6#6,T7#5,T8#4,T9#3,T10#2,T11#1>group(App<F,T1#11>,App<F,T2#10>,App<F,T3#9>,App<F,T4#8>,App<F,T5#7>,App<F,T6#6>,App<F,T7#5>,App<F,T8#4>,App<F,T9#3>,App<F,T10#2>,App<F,T11#1>)
    T4#8 extends Object declared in method <T1#11,T2#10,T3#9,T4#8,T5#7,T6#6,T7#5,T8#4,T9#3,T10#2,T11#1>group(App<F,T1#11>,App<F,T2#10>,App<F,T3#9>,App<F,T4#8>,App<F,T5#7>,App<F,T6#6>,App<F,T7#5>,App<F,T8#4>,App<F,T9#3>,App<F,T10#2>,App<F,T11#1>)
    T5#7 extends Object declared in method <T1#11,T2#10,T3#9,T4#8,T5#7,T6#6,T7#5,T8#4,T9#3,T10#2,T11#1>group(App<F,T1#11>,App<F,T2#10>,App<F,T3#9>,App<F,T4#8>,App<F,T5#7>,App<F,T6#6>,App<F,T7#5>,App<F,T8#4>,App<F,T9#3>,App<F,T10#2>,App<F,T11#1>)
    T6#6 extends Object declared in method <T1#11,T2#10,T3#9,T4#8,T5#7,T6#6,T7#5,T8#4,T9#3,T10#2,T11#1>group(App<F,T1#11>,App<F,T2#10>,App<F,T3#9>,App<F,T4#8>,App<F,T5#7>,App<F,T6#6>,App<F,T7#5>,App<F,T8#4>,App<F,T9#3>,App<F,T10#2>,App<F,T11#1>)
    T7#5 extends Object declared in method <T1#11,T2#10,T3#9,T4#8,T5#7,T6#6,T7#5,T8#4,T9#3,T10#2,T11#1>group(App<F,T1#11>,App<F,T2#10>,App<F,T3#9>,App<F,T4#8>,App<F,T5#7>,App<F,T6#6>,App<F,T7#5>,App<F,T8#4>,App<F,T9#3>,App<F,T10#2>,App<F,T11#1>)
    T8#4 extends Object declared in method <T1#11,T2#10,T3#9,T4#8,T5#7,T6#6,T7#5,T8#4,T9#3,T10#2,T11#1>group(App<F,T1#11>,App<F,T2#10>,App<F,T3#9>,App<F,T4#8>,App<F,T5#7>,App<F,T6#6>,App<F,T7#5>,App<F,T8#4>,App<F,T9#3>,App<F,T10#2>,App<F,T11#1>)
    T9#3 extends Object declared in method <T1#11,T2#10,T3#9,T4#8,T5#7,T6#6,T7#5,T8#4,T9#3,T10#2,T11#1>group(App<F,T1#11>,App<F,T2#10>,App<F,T3#9>,App<F,T4#8>,App<F,T5#7>,App<F,T6#6>,App<F,T7#5>,App<F,T8#4>,App<F,T9#3>,App<F,T10#2>,App<F,T11#1>)
    T10#2 extends Object declared in method <T1#11,T2#10,T3#9,T4#8,T5#7,T6#6,T7#5,T8#4,T9#3,T10#2,T11#1>group(App<F,T1#11>,App<F,T2#10>,App<F,T3#9>,App<F,T4#8>,App<F,T5#7>,App<F,T6#6>,App<F,T7#5>,App<F,T8#4>,App<F,T9#3>,App<F,T10#2>,App<F,T11#1>)
    T11#1 extends Object declared in method <T1#11,T2#10,T3#9,T4#8,T5#7,T6#6,T7#5,T8#4,T9#3,T10#2,T11#1>group(App<F,T1#11>,App<F,T2#10>,App<F,T3#9>,App<F,T4#8>,App<F,T5#7>,App<F,T6#6>,App<F,T7#5>,App<F,T8#4>,App<F,T9#3>,App<F,T10#2>,App<F,T11#1>)
    T1#12 extends Object declared in method <T1#12,T2#11,T3#10,T4#9,T5#8,T6#7,T7#6,T8#5,T9#4,T10#3,T11#2,T12#1>group(App<F,T1#12>,App<F,T2#11>,App<F,T3#10>,App<F,T4#9>,App<F,T5#8>,App<F,T6#7>,App<F,T7#6>,App<F,T8#5>,App<F,T9#4>,App<F,T10#3>,App<F,T11#2>,App<F,T12#1>)
    T2#11 extends Object declared in method <T1#12,T2#11,T3#10,T4#9,T5#8,T6#7,T7#6,T8#5,T9#4,T10#3,T11#2,T12#1>group(App<F,T1#12>,App<F,T2#11>,App<F,T3#10>,App<F,T4#9>,App<F,T5#8>,App<F,T6#7>,App<F,T7#6>,App<F,T8#5>,App<F,T9#4>,App<F,T10#3>,App<F,T11#2>,App<F,T12#1>)
    T3#10 extends Object declared in method <T1#12,T2#11,T3#10,T4#9,T5#8,T6#7,T7#6,T8#5,T9#4,T10#3,T11#2,T12#1>group(App<F,T1#12>,App<F,T2#11>,App<F,T3#10>,App<F,T4#9>,App<F,T5#8>,App<F,T6#7>,App<F,T7#6>,App<F,T8#5>,App<F,T9#4>,App<F,T10#3>,App<F,T11#2>,App<F,T12#1>)
    T4#9 extends Object declared in method <T1#12,T2#11,T3#10,T4#9,T5#8,T6#7,T7#6,T8#5,T9#4,T10#3,T11#2,T12#1>group(App<F,T1#12>,App<F,T2#11>,App<F,T3#10>,App<F,T4#9>,App<F,T5#8>,App<F,T6#7>,App<F,T7#6>,App<F,T8#5>,App<F,T9#4>,App<F,T10#3>,App<F,T11#2>,App<F,T12#1>)
    T5#8 extends Object declared in method <T1#12,T2#11,T3#10,T4#9,T5#8,T6#7,T7#6,T8#5,T9#4,T10#3,T11#2,T12#1>group(App<F,T1#12>,App<F,T2#11>,App<F,T3#10>,App<F,T4#9>,App<F,T5#8>,App<F,T6#7>,App<F,T7#6>,App<F,T8#5>,App<F,T9#4>,App<F,T10#3>,App<F,T11#2>,App<F,T12#1>)
    T6#7 extends Object declared in method <T1#12,T2#11,T3#10,T4#9,T5#8,T6#7,T7#6,T8#5,T9#4,T10#3,T11#2,T12#1>group(App<F,T1#12>,App<F,T2#11>,App<F,T3#10>,App<F,T4#9>,App<F,T5#8>,App<F,T6#7>,App<F,T7#6>,App<F,T8#5>,App<F,T9#4>,App<F,T10#3>,App<F,T11#2>,App<F,T12#1>)
    T7#6 extends Object declared in method <T1#12,T2#11,T3#10,T4#9,T5#8,T6#7,T7#6,T8#5,T9#4,T10#3,T11#2,T12#1>group(App<F,T1#12>,App<F,T2#11>,App<F,T3#10>,App<F,T4#9>,App<F,T5#8>,App<F,T6#7>,App<F,T7#6>,App<F,T8#5>,App<F,T9#4>,App<F,T10#3>,App<F,T11#2>,App<F,T12#1>)
    T8#5 extends Object declared in method <T1#12,T2#11,T3#10,T4#9,T5#8,T6#7,T7#6,T8#5,T9#4,T10#3,T11#2,T12#1>group(App<F,T1#12>,App<F,T2#11>,App<F,T3#10>,App<F,T4#9>,App<F,T5#8>,App<F,T6#7>,App<F,T7#6>,App<F,T8#5>,App<F,T9#4>,App<F,T10#3>,App<F,T11#2>,App<F,T12#1>)
    T9#4 extends Object declared in method <T1#12,T2#11,T3#10,T4#9,T5#8,T6#7,T7#6,T8#5,T9#4,T10#3,T11#2,T12#1>group(App<F,T1#12>,App<F,T2#11>,App<F,T3#10>,App<F,T4#9>,App<F,T5#8>,App<F,T6#7>,App<F,T7#6>,App<F,T8#5>,App<F,T9#4>,App<F,T10#3>,App<F,T11#2>,App<F,T12#1>)
    T10#3 extends Object declared in method <T1#12,T2#11,T3#10,T4#9,T5#8,T6#7,T7#6,T8#5,T9#4,T10#3,T11#2,T12#1>group(App<F,T1#12>,App<F,T2#11>,App<F,T3#10>,App<F,T4#9>,App<F,T5#8>,App<F,T6#7>,App<F,T7#6>,App<F,T8#5>,App<F,T9#4>,App<F,T10#3>,App<F,T11#2>,App<F,T12#1>)
    T11#2 extends Object declared in method <T1#12,T2#11,T3#10,T4#9,T5#8,T6#7,T7#6,T8#5,T9#4,T10#3,T11#2,T12#1>group(App<F,T1#12>,App<F,T2#11>,App<F,T3#10>,App<F,T4#9>,App<F,T5#8>,App<F,T6#7>,App<F,T7#6>,App<F,T8#5>,App<F,T9#4>,App<F,T10#3>,App<F,T11#2>,App<F,T12#1>)
    T12#1 extends Object declared in method <T1#12,T2#11,T3#10,T4#9,T5#8,T6#7,T7#6,T8#5,T9#4,T10#3,T11#2,T12#1>group(App<F,T1#12>,App<F,T2#11>,App<F,T3#10>,App<F,T4#9>,App<F,T5#8>,App<F,T6#7>,App<F,T7#6>,App<F,T8#5>,App<F,T9#4>,App<F,T10#3>,App<F,T11#2>,App<F,T12#1>)
    T1#13 extends Object declared in method <T1#13,T2#12,T3#11,T4#10,T5#9,T6#8,T7#7,T8#6,T9#5,T10#4,T11#3,T12#2,T13#1>group(App<F,T1#13>,App<F,T2#12>,App<F,T3#11>,App<F,T4#10>,App<F,T5#9>,App<F,T6#8>,App<F,T7#7>,App<F,T8#6>,App<F,T9#5>,App<F,T10#4>,App<F,T11#3>,App<F,T12#2>,App<F,T13#1>)
    T2#12 extends Object declared in method <T1#13,T2#12,T3#11,T4#10,T5#9,T6#8,T7#7,T8#6,T9#5,T10#4,T11#3,T12#2,T13#1>group(App<F,T1#13>,App<F,T2#12>,App<F,T3#11>,App<F,T4#10>,App<F,T5#9>,App<F,T6#8>,App<F,T7#7>,App<F,T8#6>,App<F,T9#5>,App<F,T10#4>,App<F,T11#3>,App<F,T12#2>,App<F,T13#1>)
    T3#11 extends Object declared in method <T1#13,T2#12,T3#11,T4#10,T5#9,T6#8,T7#7,T8#6,T9#5,T10#4,T11#3,T12#2,T13#1>group(App<F,T1#13>,App<F,T2#12>,App<F,T3#11>,App<F,T4#10>,App<F,T5#9>,App<F,T6#8>,App<F,T7#7>,App<F,T8#6>,App<F,T9#5>,App<F,T10#4>,App<F,T11#3>,App<F,T12#2>,App<F,T13#1>)
    T4#10 extends Object declared in method <T1#13,T2#12,T3#11,T4#10,T5#9,T6#8,T7#7,T8#6,T9#5,T10#4,T11#3,T12#2,T13#1>group(App<F,T1#13>,App<F,T2#12>,App<F,T3#11>,App<F,T4#10>,App<F,T5#9>,App<F,T6#8>,App<F,T7#7>,App<F,T8#6>,App<F,T9#5>,App<F,T10#4>,App<F,T11#3>,App<F,T12#2>,App<F,T13#1>)
    T5#9 extends Object declared in method <T1#13,T2#12,T3#11,T4#10,T5#9,T6#8,T7#7,T8#6,T9#5,T10#4,T11#3,T12#2,T13#1>group(App<F,T1#13>,App<F,T2#12>,App<F,T3#11>,App<F,T4#10>,App<F,T5#9>,App<F,T6#8>,App<F,T7#7>,App<F,T8#6>,App<F,T9#5>,App<F,T10#4>,App<F,T11#3>,App<F,T12#2>,App<F,T13#1>)
    T6#8 extends Object declared in method <T1#13,T2#12,T3#11,T4#10,T5#9,T6#8,T7#7,T8#6,T9#5,T10#4,T11#3,T12#2,T13#1>group(App<F,T1#13>,App<F,T2#12>,App<F,T3#11>,App<F,T4#10>,App<F,T5#9>,App<F,T6#8>,App<F,T7#7>,App<F,T8#6>,App<F,T9#5>,App<F,T10#4>,App<F,T11#3>,App<F,T12#2>,App<F,T13#1>)
    T7#7 extends Object declared in method <T1#13,T2#12,T3#11,T4#10,T5#9,T6#8,T7#7,T8#6,T9#5,T10#4,T11#3,T12#2,T13#1>group(App<F,T1#13>,App<F,T2#12>,App<F,T3#11>,App<F,T4#10>,App<F,T5#9>,App<F,T6#8>,App<F,T7#7>,App<F,T8#6>,App<F,T9#5>,App<F,T10#4>,App<F,T11#3>,App<F,T12#2>,App<F,T13#1>)
    T8#6 extends Object declared in method <T1#13,T2#12,T3#11,T4#10,T5#9,T6#8,T7#7,T8#6,T9#5,T10#4,T11#3,T12#2,T13#1>group(App<F,T1#13>,App<F,T2#12>,App<F,T3#11>,App<F,T4#10>,App<F,T5#9>,App<F,T6#8>,App<F,T7#7>,App<F,T8#6>,App<F,T9#5>,App<F,T10#4>,App<F,T11#3>,App<F,T12#2>,App<F,T13#1>)
    T9#5 extends Object declared in method <T1#13,T2#12,T3#11,T4#10,T5#9,T6#8,T7#7,T8#6,T9#5,T10#4,T11#3,T12#2,T13#1>group(App<F,T1#13>,App<F,T2#12>,App<F,T3#11>,App<F,T4#10>,App<F,T5#9>,App<F,T6#8>,App<F,T7#7>,App<F,T8#6>,App<F,T9#5>,App<F,T10#4>,App<F,T11#3>,App<F,T12#2>,App<F,T13#1>)
    T10#4 extends Object declared in method <T1#13,T2#12,T3#11,T4#10,T5#9,T6#8,T7#7,T8#6,T9#5,T10#4,T11#3,T12#2,T13#1>group(App<F,T1#13>,App<F,T2#12>,App<F,T3#11>,App<F,T4#10>,App<F,T5#9>,App<F,T6#8>,App<F,T7#7>,App<F,T8#6>,App<F,T9#5>,App<F,T10#4>,App<F,T11#3>,App<F,T12#2>,App<F,T13#1>)
    T11#3 extends Object declared in method <T1#13,T2#12,T3#11,T4#10,T5#9,T6#8,T7#7,T8#6,T9#5,T10#4,T11#3,T12#2,T13#1>group(App<F,T1#13>,App<F,T2#12>,App<F,T3#11>,App<F,T4#10>,App<F,T5#9>,App<F,T6#8>,App<F,T7#7>,App<F,T8#6>,App<F,T9#5>,App<F,T10#4>,App<F,T11#3>,App<F,T12#2>,App<F,T13#1>)
    T12#2 extends Object declared in method <T1#13,T2#12,T3#11,T4#10,T5#9,T6#8,T7#7,T8#6,T9#5,T10#4,T11#3,T12#2,T13#1>group(App<F,T1#13>,App<F,T2#12>,App<F,T3#11>,App<F,T4#10>,App<F,T5#9>,App<F,T6#8>,App<F,T7#7>,App<F,T8#6>,App<F,T9#5>,App<F,T10#4>,App<F,T11#3>,App<F,T12#2>,App<F,T13#1>)
    T13#1 extends Object declared in method <T1#13,T2#12,T3#11,T4#10,T5#9,T6#8,T7#7,T8#6,T9#5,T10#4,T11#3,T12#2,T13#1>group(App<F,T1#13>,App<F,T2#12>,App<F,T3#11>,App<F,T4#10>,App<F,T5#9>,App<F,T6#8>,App<F,T7#7>,App<F,T8#6>,App<F,T9#5>,App<F,T10#4>,App<F,T11#3>,App<F,T12#2>,App<F,T13#1>)
    T1#14 extends Object declared in method <T1#14,T2#13,T3#12,T4#11,T5#10,T6#9,T7#8,T8#7,T9#6,T10#5,T11#4,T12#3,T13#2,T14#1>group(App<F,T1#14>,App<F,T2#13>,App<F,T3#12>,App<F,T4#11>,App<F,T5#10>,App<F,T6#9>,App<F,T7#8>,App<F,T8#7>,App<F,T9#6>,App<F,T10#5>,App<F,T11#4>,App<F,T12#3>,App<F,T13#2>,App<F,T14#1>)
    T2#13 extends Object declared in method <T1#14,T2#13,T3#12,T4#11,T5#10,T6#9,T7#8,T8#7,T9#6,T10#5,T11#4,T12#3,T13#2,T14#1>group(App<F,T1#14>,App<F,T2#13>,App<F,T3#12>,App<F,T4#11>,App<F,T5#10>,App<F,T6#9>,App<F,T7#8>,App<F,T8#7>,App<F,T9#6>,App<F,T10#5>,App<F,T11#4>,App<F,T12#3>,App<F,T13#2>,App<F,T14#1>)
    T3#12 extends Object declared in method <T1#14,T2#13,T3#12,T4#11,T5#10,T6#9,T7#8,T8#7,T9#6,T10#5,T11#4,T12#3,T13#2,T14#1>group(App<F,T1#14>,App<F,T2#13>,App<F,T3#12>,App<F,T4#11>,App<F,T5#10>,App<F,T6#9>,App<F,T7#8>,App<F,T8#7>,App<F,T9#6>,App<F,T10#5>,App<F,T11#4>,App<F,T12#3>,App<F,T13#2>,App<F,T14#1>)
    T4#11 extends Object declared in method <T1#14,T2#13,T3#12,T4#11,T5#10,T6#9,T7#8,T8#7,T9#6,T10#5,T11#4,T12#3,T13#2,T14#1>group(App<F,T1#14>,App<F,T2#13>,App<F,T3#12>,App<F,T4#11>,App<F,T5#10>,App<F,T6#9>,App<F,T7#8>,App<F,T8#7>,App<F,T9#6>,App<F,T10#5>,App<F,T11#4>,App<F,T12#3>,App<F,T13#2>,App<F,T14#1>)
    T5#10 extends Object declared in method <T1#14,T2#13,T3#12,T4#11,T5#10,T6#9,T7#8,T8#7,T9#6,T10#5,T11#4,T12#3,T13#2,T14#1>group(App<F,T1#14>,App<F,T2#13>,App<F,T3#12>,App<F,T4#11>,App<F,T5#10>,App<F,T6#9>,App<F,T7#8>,App<F,T8#7>,App<F,T9#6>,App<F,T10#5>,App<F,T11#4>,App<F,T12#3>,App<F,T13#2>,App<F,T14#1>)
    T6#9 extends Object declared in method <T1#14,T2#13,T3#12,T4#11,T5#10,T6#9,T7#8,T8#7,T9#6,T10#5,T11#4,T12#3,T13#2,T14#1>group(App<F,T1#14>,App<F,T2#13>,App<F,T3#12>,App<F,T4#11>,App<F,T5#10>,App<F,T6#9>,App<F,T7#8>,App<F,T8#7>,App<F,T9#6>,App<F,T10#5>,App<F,T11#4>,App<F,T12#3>,App<F,T13#2>,App<F,T14#1>)
    T7#8 extends Object declared in method <T1#14,T2#13,T3#12,T4#11,T5#10,T6#9,T7#8,T8#7,T9#6,T10#5,T11#4,T12#3,T13#2,T14#1>group(App<F,T1#14>,App<F,T2#13>,App<F,T3#12>,App<F,T4#11>,App<F,T5#10>,App<F,T6#9>,App<F,T7#8>,App<F,T8#7>,App<F,T9#6>,App<F,T10#5>,App<F,T11#4>,App<F,T12#3>,App<F,T13#2>,App<F,T14#1>)
    T8#7 extends Object declared in method <T1#14,T2#13,T3#12,T4#11,T5#10,T6#9,T7#8,T8#7,T9#6,T10#5,T11#4,T12#3,T13#2,T14#1>group(App<F,T1#14>,App<F,T2#13>,App<F,T3#12>,App<F,T4#11>,App<F,T5#10>,App<F,T6#9>,App<F,T7#8>,App<F,T8#7>,App<F,T9#6>,App<F,T10#5>,App<F,T11#4>,App<F,T12#3>,App<F,T13#2>,App<F,T14#1>)
    T9#6 extends Object declared in method <T1#14,T2#13,T3#12,T4#11,T5#10,T6#9,T7#8,T8#7,T9#6,T10#5,T11#4,T12#3,T13#2,T14#1>group(App<F,T1#14>,App<F,T2#13>,App<F,T3#12>,App<F,T4#11>,App<F,T5#10>,App<F,T6#9>,App<F,T7#8>,App<F,T8#7>,App<F,T9#6>,App<F,T10#5>,App<F,T11#4>,App<F,T12#3>,App<F,T13#2>,App<F,T14#1>)
    T10#5 extends Object declared in method <T1#14,T2#13,T3#12,T4#11,T5#10,T6#9,T7#8,T8#7,T9#6,T10#5,T11#4,T12#3,T13#2,T14#1>group(App<F,T1#14>,App<F,T2#13>,App<F,T3#12>,App<F,T4#11>,App<F,T5#10>,App<F,T6#9>,App<F,T7#8>,App<F,T8#7>,App<F,T9#6>,App<F,T10#5>,App<F,T11#4>,App<F,T12#3>,App<F,T13#2>,App<F,T14#1>)
    T11#4 extends Object declared in method <T1#14,T2#13,T3#12,T4#11,T5#10,T6#9,T7#8,T8#7,T9#6,T10#5,T11#4,T12#3,T13#2,T14#1>group(App<F,T1#14>,App<F,T2#13>,App<F,T3#12>,App<F,T4#11>,App<F,T5#10>,App<F,T6#9>,App<F,T7#8>,App<F,T8#7>,App<F,T9#6>,App<F,T10#5>,App<F,T11#4>,App<F,T12#3>,App<F,T13#2>,App<F,T14#1>)
    T12#3 extends Object declared in method <T1#14,T2#13,T3#12,T4#11,T5#10,T6#9,T7#8,T8#7,T9#6,T10#5,T11#4,T12#3,T13#2,T14#1>group(App<F,T1#14>,App<F,T2#13>,App<F,T3#12>,App<F,T4#11>,App<F,T5#10>,App<F,T6#9>,App<F,T7#8>,App<F,T8#7>,App<F,T9#6>,App<F,T10#5>,App<F,T11#4>,App<F,T12#3>,App<F,T13#2>,App<F,T14#1>)
    T13#2 extends Object declared in method <T1#14,T2#13,T3#12,T4#11,T5#10,T6#9,T7#8,T8#7,T9#6,T10#5,T11#4,T12#3,T13#2,T14#1>group(App<F,T1#14>,App<F,T2#13>,App<F,T3#12>,App<F,T4#11>,App<F,T5#10>,App<F,T6#9>,App<F,T7#8>,App<F,T8#7>,App<F,T9#6>,App<F,T10#5>,App<F,T11#4>,App<F,T12#3>,App<F,T13#2>,App<F,T14#1>)
    T14#1 extends Object declared in method <T1#14,T2#13,T3#12,T4#11,T5#10,T6#9,T7#8,T8#7,T9#6,T10#5,T11#4,T12#3,T13#2,T14#1>group(App<F,T1#14>,App<F,T2#13>,App<F,T3#12>,App<F,T4#11>,App<F,T5#10>,App<F,T6#9>,App<F,T7#8>,App<F,T8#7>,App<F,T9#6>,App<F,T10#5>,App<F,T11#4>,App<F,T12#3>,App<F,T13#2>,App<F,T14#1>)
    T1#15 extends Object declared in method <T1#15,T2#14,T3#13,T4#12,T5#11,T6#10,T7#9,T8#8,T9#7,T10#6,T11#5,T12#4,T13#3,T14#2,T15#1>group(App<F,T1#15>,App<F,T2#14>,App<F,T3#13>,App<F,T4#12>,App<F,T5#11>,App<F,T6#10>,App<F,T7#9>,App<F,T8#8>,App<F,T9#7>,App<F,T10#6>,App<F,T11#5>,App<F,T12#4>,App<F,T13#3>,App<F,T14#2>,App<F,T15#1>)
    T2#14 extends Object declared in method <T1#15,T2#14,T3#13,T4#12,T5#11,T6#10,T7#9,T8#8,T9#7,T10#6,T11#5,T12#4,T13#3,T14#2,T15#1>group(App<F,T1#15>,App<F,T2#14>,App<F,T3#13>,App<F,T4#12>,App<F,T5#11>,App<F,T6#10>,App<F,T7#9>,App<F,T8#8>,App<F,T9#7>,App<F,T10#6>,App<F,T11#5>,App<F,T12#4>,App<F,T13#3>,App<F,T14#2>,App<F,T15#1>)
    T3#13 extends Object declared in method <T1#15,T2#14,T3#13,T4#12,T5#11,T6#10,T7#9,T8#8,T9#7,T10#6,T11#5,T12#4,T13#3,T14#2,T15#1>group(App<F,T1#15>,App<F,T2#14>,App<F,T3#13>,App<F,T4#12>,App<F,T5#11>,App<F,T6#10>,App<F,T7#9>,App<F,T8#8>,App<F,T9#7>,App<F,T10#6>,App<F,T11#5>,App<F,T12#4>,App<F,T13#3>,App<F,T14#2>,App<F,T15#1>)
    T4#12 extends Object declared in method <T1#15,T2#14,T3#13,T4#12,T5#11,T6#10,T7#9,T8#8,T9#7,T10#6,T11#5,T12#4,T13#3,T14#2,T15#1>group(App<F,T1#15>,App<F,T2#14>,App<F,T3#13>,App<F,T4#12>,App<F,T5#11>,App<F,T6#10>,App<F,T7#9>,App<F,T8#8>,App<F,T9#7>,App<F,T10#6>,App<F,T11#5>,App<F,T12#4>,App<F,T13#3>,App<F,T14#2>,App<F,T15#1>)
    T5#11 extends Object declared in method <T1#15,T2#14,T3#13,T4#12,T5#11,T6#10,T7#9,T8#8,T9#7,T10#6,T11#5,T12#4,T13#3,T14#2,T15#1>group(App<F,T1#15>,App<F,T2#14>,App<F,T3#13>,App<F,T4#12>,App<F,T5#11>,App<F,T6#10>,App<F,T7#9>,App<F,T8#8>,App<F,T9#7>,App<F,T10#6>,App<F,T11#5>,App<F,T12#4>,App<F,T13#3>,App<F,T14#2>,App<F,T15#1>)
    T6#10 extends Object declared in method <T1#15,T2#14,T3#13,T4#12,T5#11,T6#10,T7#9,T8#8,T9#7,T10#6,T11#5,T12#4,T13#3,T14#2,T15#1>group(App<F,T1#15>,App<F,T2#14>,App<F,T3#13>,App<F,T4#12>,App<F,T5#11>,App<F,T6#10>,App<F,T7#9>,App<F,T8#8>,App<F,T9#7>,App<F,T10#6>,App<F,T11#5>,App<F,T12#4>,App<F,T13#3>,App<F,T14#2>,App<F,T15#1>)
    T7#9 extends Object declared in method <T1#15,T2#14,T3#13,T4#12,T5#11,T6#10,T7#9,T8#8,T9#7,T10#6,T11#5,T12#4,T13#3,T14#2,T15#1>group(App<F,T1#15>,App<F,T2#14>,App<F,T3#13>,App<F,T4#12>,App<F,T5#11>,App<F,T6#10>,App<F,T7#9>,App<F,T8#8>,App<F,T9#7>,App<F,T10#6>,App<F,T11#5>,App<F,T12#4>,App<F,T13#3>,App<F,T14#2>,App<F,T15#1>)
    T8#8 extends Object declared in method <T1#15,T2#14,T3#13,T4#12,T5#11,T6#10,T7#9,T8#8,T9#7,T10#6,T11#5,T12#4,T13#3,T14#2,T15#1>group(App<F,T1#15>,App<F,T2#14>,App<F,T3#13>,App<F,T4#12>,App<F,T5#11>,App<F,T6#10>,App<F,T7#9>,App<F,T8#8>,App<F,T9#7>,App<F,T10#6>,App<F,T11#5>,App<F,T12#4>,App<F,T13#3>,App<F,T14#2>,App<F,T15#1>)
    T9#7 extends Object declared in method <T1#15,T2#14,T3#13,T4#12,T5#11,T6#10,T7#9,T8#8,T9#7,T10#6,T11#5,T12#4,T13#3,T14#2,T15#1>group(App<F,T1#15>,App<F,T2#14>,App<F,T3#13>,App<F,T4#12>,App<F,T5#11>,App<F,T6#10>,App<F,T7#9>,App<F,T8#8>,App<F,T9#7>,App<F,T10#6>,App<F,T11#5>,App<F,T12#4>,App<F,T13#3>,App<F,T14#2>,App<F,T15#1>)
    T10#6 extends Object declared in method <T1#15,T2#14,T3#13,T4#12,T5#11,T6#10,T7#9,T8#8,T9#7,T10#6,T11#5,T12#4,T13#3,T14#2,T15#1>group(App<F,T1#15>,App<F,T2#14>,App<F,T3#13>,App<F,T4#12>,App<F,T5#11>,App<F,T6#10>,App<F,T7#9>,App<F,T8#8>,App<F,T9#7>,App<F,T10#6>,App<F,T11#5>,App<F,T12#4>,App<F,T13#3>,App<F,T14#2>,App<F,T15#1>)
    T11#5 extends Object declared in method <T1#15,T2#14,T3#13,T4#12,T5#11,T6#10,T7#9,T8#8,T9#7,T10#6,T11#5,T12#4,T13#3,T14#2,T15#1>group(App<F,T1#15>,App<F,T2#14>,App<F,T3#13>,App<F,T4#12>,App<F,T5#11>,App<F,T6#10>,App<F,T7#9>,App<F,T8#8>,App<F,T9#7>,App<F,T10#6>,App<F,T11#5>,App<F,T12#4>,App<F,T13#3>,App<F,T14#2>,App<F,T15#1>)
    T12#4 extends Object declared in method <T1#15,T2#14,T3#13,T4#12,T5#11,T6#10,T7#9,T8#8,T9#7,T10#6,T11#5,T12#4,T13#3,T14#2,T15#1>group(App<F,T1#15>,App<F,T2#14>,App<F,T3#13>,App<F,T4#12>,App<F,T5#11>,App<F,T6#10>,App<F,T7#9>,App<F,T8#8>,App<F,T9#7>,App<F,T10#6>,App<F,T11#5>,App<F,T12#4>,App<F,T13#3>,App<F,T14#2>,App<F,T15#1>)
    T13#3 extends Object declared in method <T1#15,T2#14,T3#13,T4#12,T5#11,T6#10,T7#9,T8#8,T9#7,T10#6,T11#5,T12#4,T13#3,T14#2,T15#1>group(App<F,T1#15>,App<F,T2#14>,App<F,T3#13>,App<F,T4#12>,App<F,T5#11>,App<F,T6#10>,App<F,T7#9>,App<F,T8#8>,App<F,T9#7>,App<F,T10#6>,App<F,T11#5>,App<F,T12#4>,App<F,T13#3>,App<F,T14#2>,App<F,T15#1>)
    T14#2 extends Object declared in method <T1#15,T2#14,T3#13,T4#12,T5#11,T6#10,T7#9,T8#8,T9#7,T10#6,T11#5,T12#4,T13#3,T14#2,T15#1>group(App<F,T1#15>,App<F,T2#14>,App<F,T3#13>,App<F,T4#12>,App<F,T5#11>,App<F,T6#10>,App<F,T7#9>,App<F,T8#8>,App<F,T9#7>,App<F,T10#6>,App<F,T11#5>,App<F,T12#4>,App<F,T13#3>,App<F,T14#2>,App<F,T15#1>)
    T15#1 extends Object declared in method <T1#15,T2#14,T3#13,T4#12,T5#11,T6#10,T7#9,T8#8,T9#7,T10#6,T11#5,T12#4,T13#3,T14#2,T15#1>group(App<F,T1#15>,App<F,T2#14>,App<F,T3#13>,App<F,T4#12>,App<F,T5#11>,App<F,T6#10>,App<F,T7#9>,App<F,T8#8>,App<F,T9#7>,App<F,T10#6>,App<F,T11#5>,App<F,T12#4>,App<F,T13#3>,App<F,T14#2>,App<F,T15#1>)
    T1#16 extends Object declared in method <T1#16,T2#15,T3#14,T4#13,T5#12,T6#11,T7#10,T8#9,T9#8,T10#7,T11#6,T12#5,T13#4,T14#3,T15#2,T16>group(App<F,T1#16>,App<F,T2#15>,App<F,T3#14>,App<F,T4#13>,App<F,T5#12>,App<F,T6#11>,App<F,T7#10>,App<F,T8#9>,App<F,T9#8>,App<F,T10#7>,App<F,T11#6>,App<F,T12#5>,App<F,T13#4>,App<F,T14#3>,App<F,T15#2>,App<F,T16>)
    T2#15 extends Object declared in method <T1#16,T2#15,T3#14,T4#13,T5#12,T6#11,T7#10,T8#9,T9#8,T10#7,T11#6,T12#5,T13#4,T14#3,T15#2,T16>group(App<F,T1#16>,App<F,T2#15>,App<F,T3#14>,App<F,T4#13>,App<F,T5#12>,App<F,T6#11>,App<F,T7#10>,App<F,T8#9>,App<F,T9#8>,App<F,T10#7>,App<F,T11#6>,App<F,T12#5>,App<F,T13#4>,App<F,T14#3>,App<F,T15#2>,App<F,T16>)
    T3#14 extends Object declared in method <T1#16,T2#15,T3#14,T4#13,T5#12,T6#11,T7#10,T8#9,T9#8,T10#7,T11#6,T12#5,T13#4,T14#3,T15#2,T16>group(App<F,T1#16>,App<F,T2#15>,App<F,T3#14>,App<F,T4#13>,App<F,T5#12>,App<F,T6#11>,App<F,T7#10>,App<F,T8#9>,App<F,T9#8>,App<F,T10#7>,App<F,T11#6>,App<F,T12#5>,App<F,T13#4>,App<F,T14#3>,App<F,T15#2>,App<F,T16>)
    T4#13 extends Object declared in method <T1#16,T2#15,T3#14,T4#13,T5#12,T6#11,T7#10,T8#9,T9#8,T10#7,T11#6,T12#5,T13#4,T14#3,T15#2,T16>group(App<F,T1#16>,App<F,T2#15>,App<F,T3#14>,App<F,T4#13>,App<F,T5#12>,App<F,T6#11>,App<F,T7#10>,App<F,T8#9>,App<F,T9#8>,App<F,T10#7>,App<F,T11#6>,App<F,T12#5>,App<F,T13#4>,App<F,T14#3>,App<F,T15#2>,App<F,T16>)
    T5#12 extends Object declared in method <T1#16,T2#15,T3#14,T4#13,T5#12,T6#11,T7#10,T8#9,T9#8,T10#7,T11#6,T12#5,T13#4,T14#3,T15#2,T16>group(App<F,T1#16>,App<F,T2#15>,App<F,T3#14>,App<F,T4#13>,App<F,T5#12>,App<F,T6#11>,App<F,T7#10>,App<F,T8#9>,App<F,T9#8>,App<F,T10#7>,App<F,T11#6>,App<F,T12#5>,App<F,T13#4>,App<F,T14#3>,App<F,T15#2>,App<F,T16>)
    T6#11 extends Object declared in method <T1#16,T2#15,T3#14,T4#13,T5#12,T6#11,T7#10,T8#9,T9#8,T10#7,T11#6,T12#5,T13#4,T14#3,T15#2,T16>group(App<F,T1#16>,App<F,T2#15>,App<F,T3#14>,App<F,T4#13>,App<F,T5#12>,App<F,T6#11>,App<F,T7#10>,App<F,T8#9>,App<F,T9#8>,App<F,T10#7>,App<F,T11#6>,App<F,T12#5>,App<F,T13#4>,App<F,T14#3>,App<F,T15#2>,App<F,T16>)
    T7#10 extends Object declared in method <T1#16,T2#15,T3#14,T4#13,T5#12,T6#11,T7#10,T8#9,T9#8,T10#7,T11#6,T12#5,T13#4,T14#3,T15#2,T16>group(App<F,T1#16>,App<F,T2#15>,App<F,T3#14>,App<F,T4#13>,App<F,T5#12>,App<F,T6#11>,App<F,T7#10>,App<F,T8#9>,App<F,T9#8>,App<F,T10#7>,App<F,T11#6>,App<F,T12#5>,App<F,T13#4>,App<F,T14#3>,App<F,T15#2>,App<F,T16>)
    T8#9 extends Object declared in method <T1#16,T2#15,T3#14,T4#13,T5#12,T6#11,T7#10,T8#9,T9#8,T10#7,T11#6,T12#5,T13#4,T14#3,T15#2,T16>group(App<F,T1#16>,App<F,T2#15>,App<F,T3#14>,App<F,T4#13>,App<F,T5#12>,App<F,T6#11>,App<F,T7#10>,App<F,T8#9>,App<F,T9#8>,App<F,T10#7>,App<F,T11#6>,App<F,T12#5>,App<F,T13#4>,App<F,T14#3>,App<F,T15#2>,App<F,T16>)
    T9#8 extends Object declared in method <T1#16,T2#15,T3#14,T4#13,T5#12,T6#11,T7#10,T8#9,T9#8,T10#7,T11#6,T12#5,T13#4,T14#3,T15#2,T16>group(App<F,T1#16>,App<F,T2#15>,App<F,T3#14>,App<F,T4#13>,App<F,T5#12>,App<F,T6#11>,App<F,T7#10>,App<F,T8#9>,App<F,T9#8>,App<F,T10#7>,App<F,T11#6>,App<F,T12#5>,App<F,T13#4>,App<F,T14#3>,App<F,T15#2>,App<F,T16>)
    T10#7 extends Object declared in method <T1#16,T2#15,T3#14,T4#13,T5#12,T6#11,T7#10,T8#9,T9#8,T10#7,T11#6,T12#5,T13#4,T14#3,T15#2,T16>group(App<F,T1#16>,App<F,T2#15>,App<F,T3#14>,App<F,T4#13>,App<F,T5#12>,App<F,T6#11>,App<F,T7#10>,App<F,T8#9>,App<F,T9#8>,App<F,T10#7>,App<F,T11#6>,App<F,T12#5>,App<F,T13#4>,App<F,T14#3>,App<F,T15#2>,App<F,T16>)
    T11#6 extends Object declared in method <T1#16,T2#15,T3#14,T4#13,T5#12,T6#11,T7#10,T8#9,T9#8,T10#7,T11#6,T12#5,T13#4,T14#3,T15#2,T16>group(App<F,T1#16>,App<F,T2#15>,App<F,T3#14>,App<F,T4#13>,App<F,T5#12>,App<F,T6#11>,App<F,T7#10>,App<F,T8#9>,App<F,T9#8>,App<F,T10#7>,App<F,T11#6>,App<F,T12#5>,App<F,T13#4>,App<F,T14#3>,App<F,T15#2>,App<F,T16>)
    T12#5 extends Object declared in method <T1#16,T2#15,T3#14,T4#13,T5#12,T6#11,T7#10,T8#9,T9#8,T10#7,T11#6,T12#5,T13#4,T14#3,T15#2,T16>group(App<F,T1#16>,App<F,T2#15>,App<F,T3#14>,App<F,T4#13>,App<F,T5#12>,App<F,T6#11>,App<F,T7#10>,App<F,T8#9>,App<F,T9#8>,App<F,T10#7>,App<F,T11#6>,App<F,T12#5>,App<F,T13#4>,App<F,T14#3>,App<F,T15#2>,App<F,T16>)
    T13#4 extends Object declared in method <T1#16,T2#15,T3#14,T4#13,T5#12,T6#11,T7#10,T8#9,T9#8,T10#7,T11#6,T12#5,T13#4,T14#3,T15#2,T16>group(App<F,T1#16>,App<F,T2#15>,App<F,T3#14>,App<F,T4#13>,App<F,T5#12>,App<F,T6#11>,App<F,T7#10>,App<F,T8#9>,App<F,T9#8>,App<F,T10#7>,App<F,T11#6>,App<F,T12#5>,App<F,T13#4>,App<F,T14#3>,App<F,T15#2>,App<F,T16>)
    T14#3 extends Object declared in method <T1#16,T2#15,T3#14,T4#13,T5#12,T6#11,T7#10,T8#9,T9#8,T10#7,T11#6,T12#5,T13#4,T14#3,T15#2,T16>group(App<F,T1#16>,App<F,T2#15>,App<F,T3#14>,App<F,T4#13>,App<F,T5#12>,App<F,T6#11>,App<F,T7#10>,App<F,T8#9>,App<F,T9#8>,App<F,T10#7>,App<F,T11#6>,App<F,T12#5>,App<F,T13#4>,App<F,T14#3>,App<F,T15#2>,App<F,T16>)
    T15#2 extends Object declared in method <T1#16,T2#15,T3#14,T4#13,T5#12,T6#11,T7#10,T8#9,T9#8,T10#7,T11#6,T12#5,T13#4,T14#3,T15#2,T16>group(App<F,T1#16>,App<F,T2#15>,App<F,T3#14>,App<F,T4#13>,App<F,T5#12>,App<F,T6#11>,App<F,T7#10>,App<F,T8#9>,App<F,T9#8>,App<F,T10#7>,App<F,T11#6>,App<F,T12#5>,App<F,T13#4>,App<F,T14#3>,App<F,T15#2>,App<F,T16>)
    T16 extends Object declared in method <T1#16,T2#15,T3#14,T4#13,T5#12,T6#11,T7#10,T8#9,T9#8,T10#7,T11#6,T12#5,T13#4,T14#3,T15#2,T16>group(App<F,T1#16>,App<F,T2#15>,App<F,T3#14>,App<F,T4#13>,App<F,T5#12>,App<F,T6#11>,App<F,T7#10>,App<F,T8#9>,App<F,T9#8>,App<F,T10#7>,App<F,T11#6>,App<F,T12#5>,App<F,T13#4>,App<F,T14#3>,App<F,T15#2>,App<F,T16>)
/home/runner/work/TaCZ_Refabricated_Unofficial/TaCZ_Refabricated_Unofficial/src/main/java/cn/sh1rocu/tacz/industry/api/feed/CylinderData.java:89: error: incompatible types: invalid method reference
    ).validate(CylinderData::validateShape);
               ^
    incompatible types: Object cannot be converted to CylinderData
/home/runner/work/TaCZ_Refabricated_Unofficial/TaCZ_Refabricated_Unofficial/src/main/java/cn/sh1rocu/tacz/industry/api/feed/StripperClipData.java:35: error: no suitable method found for group(RecordCodecBuilder<StripperClipData,Identifier>,RecordCodecBuilder<StripperClipData,Integer>,RecordCodecBuilder<StripperClipData,List<LoadedRound>>,RecordCodecBuilder<StripperClipData,Boolean>)
            instance -> instance.group(
                                ^
    method Kind1.<T1#1>group(App<Mu<Object>,T1#1>) is not applicable
      (cannot infer type-variable(s) T1#1
        (actual and formal argument lists differ in length))
    method Kind1.<T1#2,T2#1>group(App<Mu<Object>,T1#2>,App<Mu<Object>,T2#1>) is not applicable
      (cannot infer type-variable(s) T1#2,T2#1
        (actual and formal argument lists differ in length))
    method Kind1.<T1#3,T2#2,T3#1>group(App<Mu<Object>,T1#3>,App<Mu<Object>,T2#2>,App<Mu<Object>,T3#1>) is not applicable
      (cannot infer type-variable(s) T1#3,T2#2,T3#1
        (actual and formal argument lists differ in length))
    method Kind1.<T1#4,T2#3,T3#2,T4#1>group(App<Mu<Object>,T1#4>,App<Mu<Object>,T2#3>,App<Mu<Object>,T3#2>,App<Mu<Object>,T4#1>) is not applicable
      (inference variable O has incompatible bounds
        equality constraints: Object
        upper bounds: Object,StripperClipData)
    method Kind1.<T1#5,T2#4,T3#3,T4#2,T5#1>group(App<Mu<Object>,T1#5>,App<Mu<Object>,T2#4>,App<Mu<Object>,T3#3>,App<Mu<Object>,T4#2>,App<Mu<Object>,T5#1>) is not applicable
      (cannot infer type-variable(s) T1#5,T2#4,T3#3,T4#2,T5#1
        (actual and formal argument lists differ in length))
    method Kind1.<T1#6,T2#5,T3#4,T4#3,T5#2,T6#1>group(App<Mu<Object>,T1#6>,App<Mu<Object>,T2#5>,App<Mu<Object>,T3#4>,App<Mu<Object>,T4#3>,App<Mu<Object>,T5#2>,App<Mu<Object>,T6#1>) is not applicable
      (cannot infer type-variable(s) T1#6,T2#5,T3#4,T4#3,T5#2,T6#1
        (actual and formal argument lists differ in length))
    method Kind1.<T1#7,T2#6,T3#5,T4#4,T5#3,T6#2,T7#1>group(App<Mu<Object>,T1#7>,App<Mu<Object>,T2#6>,App<Mu<Object>,T3#5>,App<Mu<Object>,T4#4>,App<Mu<Object>,T5#3>,App<Mu<Object>,T6#2>,App<Mu<Object>,T7#1>) is not applicable
      (cannot infer type-variable(s) T1#7,T2#6,T3#5,T4#4,T5#3,T6#2,T7#1
        (actual and formal argument lists differ in length))
    method Kind1.<T1#8,T2#7,T3#6,T4#5,T5#4,T6#3,T7#2,T8#1>group(App<Mu<Object>,T1#8>,App<Mu<Object>,T2#7>,App<Mu<Object>,T3#6>,App<Mu<Object>,T4#5>,App<Mu<Object>,T5#4>,App<Mu<Object>,T6#3>,App<Mu<Object>,T7#2>,App<Mu<Object>,T8#1>) is not applicable
      (cannot infer type-variable(s) T1#8,T2#7,T3#6,T4#5,T5#4,T6#3,T7#2,T8#1
        (actual and formal argument lists differ in length))
    method Kind1.<T1#9,T2#8,T3#7,T4#6,T5#5,T6#4,T7#3,T8#2,T9#1>group(App<Mu<Object>,T1#9>,App<Mu<Object>,T2#8>,App<Mu<Object>,T3#7>,App<Mu<Object>,T4#6>,App<Mu<Object>,T5#5>,App<Mu<Object>,T6#4>,App<Mu<Object>,T7#3>,App<Mu<Object>,T8#2>,App<Mu<Object>,T9#1>) is not applicable
      (cannot infer type-variable(s) T1#9,T2#8,T3#7,T4#6,T5#5,T6#4,T7#3,T8#2,T9#1
        (actual and formal argument lists differ in length))
    method Kind1.<T1#10,T2#9,T3#8,T4#7,T5#6,T6#5,T7#4,T8#3,T9#2,T10#1>group(App<Mu<Object>,T1#10>,App<Mu<Object>,T2#9>,App<Mu<Object>,T3#8>,App<Mu<Object>,T4#7>,App<Mu<Object>,T5#6>,App<Mu<Object>,T6#5>,App<Mu<Object>,T7#4>,App<Mu<Object>,T8#3>,App<Mu<Object>,T9#2>,App<Mu<Object>,T10#1>) is not applicable
      (cannot infer type-variable(s) T1#10,T2#9,T3#8,T4#7,T5#6,T6#5,T7#4,T8#3,T9#2,T10#1
        (actual and formal argument lists differ in length))
    method Kind1.<T1#11,T2#10,T3#9,T4#8,T5#7,T6#6,T7#5,T8#4,T9#3,T10#2,T11#1>group(App<Mu<Object>,T1#11>,App<Mu<Object>,T2#10>,App<Mu<Object>,T3#9>,App<Mu<Object>,T4#8>,App<Mu<Object>,T5#7>,App<Mu<Object>,T6#6>,App<Mu<Object>,T7#5>,App<Mu<Object>,T8#4>,App<Mu<Object>,T9#3>,App<Mu<Object>,T10#2>,App<Mu<Object>,T11#1>) is not applicable
      (cannot infer type-variable(s) T1#11,T2#10,T3#9,T4#8,T5#7,T6#6,T7#5,T8#4,T9#3,T10#2,T11#1
        (actual and formal argument lists differ in length))
    method Kind1.<T1#12,T2#11,T3#10,T4#9,T5#8,T6#7,T7#6,T8#5,T9#4,T10#3,T11#2,T12#1>group(App<Mu<Object>,T1#12>,App<Mu<Object>,T2#11>,App<Mu<Object>,T3#10>,App<Mu<Object>,T4#9>,App<Mu<Object>,T5#8>,App<Mu<Object>,T6#7>,App<Mu<Object>,T7#6>,App<Mu<Object>,T8#5>,App<Mu<Object>,T9#4>,App<Mu<Object>,T10#3>,App<Mu<Object>,T11#2>,App<Mu<Object>,T12#1>) is not applicable
      (cannot infer type-variable(s) T1#12,T2#11,T3#10,T4#9,T5#8,T6#7,T7#6,T8#5,T9#4,T10#3,T11#2,T12#1
        (actual and formal argument lists differ in length))
    method Kind1.<T1#13,T2#12,T3#11,T4#10,T5#9,T6#8,T7#7,T8#6,T9#5,T10#4,T11#3,T12#2,T13#1>group(App<Mu<Object>,T1#13>,App<Mu<Object>,T2#12>,App<Mu<Object>,T3#11>,App<Mu<Object>,T4#10>,App<Mu<Object>,T5#9>,App<Mu<Object>,T6#8>,App<Mu<Object>,T7#7>,App<Mu<Object>,T8#6>,App<Mu<Object>,T9#5>,App<Mu<Object>,T10#4>,App<Mu<Object>,T11#3>,App<Mu<Object>,T12#2>,App<Mu<Object>,T13#1>) is not applicable
      (cannot infer type-variable(s) T1#13,T2#12,T3#11,T4#10,T5#9,T6#8,T7#7,T8#6,T9#5,T10#4,T11#3,T12#2,T13#1
        (actual and formal argument lists differ in length))
    method Kind1.<T1#14,T2#13,T3#12,T4#11,T5#10,T6#9,T7#8,T8#7,T9#6,T10#5,T11#4,T12#3,T13#2,T14#1>group(App<Mu<Object>,T1#14>,App<Mu<Object>,T2#13>,App<Mu<Object>,T3#12>,App<Mu<Object>,T4#11>,App<Mu<Object>,T5#10>,App<Mu<Object>,T6#9>,App<Mu<Object>,T7#8>,App<Mu<Object>,T8#7>,App<Mu<Object>,T9#6>,App<Mu<Object>,T10#5>,App<Mu<Object>,T11#4>,App<Mu<Object>,T12#3>,App<Mu<Object>,T13#2>,App<Mu<Object>,T14#1>) is not applicable
      (cannot infer type-variable(s) T1#14,T2#13,T3#12,T4#11,T5#10,T6#9,T7#8,T8#7,T9#6,T10#5,T11#4,T12#3,T13#2,T14#1
        (actual and formal argument lists differ in length))
    method Kind1.<T1#15,T2#14,T3#13,T4#12,T5#11,T6#10,T7#9,T8#8,T9#7,T10#6,T11#5,T12#4,T13#3,T14#2,T15#1>group(App<Mu<Object>,T1#15>,App<Mu<Object>,T2#14>,App<Mu<Object>,T3#13>,App<Mu<Object>,T4#12>,App<Mu<Object>,T5#11>,App<Mu<Object>,T6#10>,App<Mu<Object>,T7#9>,App<Mu<Object>,T8#8>,App<Mu<Object>,T9#7>,App<Mu<Object>,T10#6>,App<Mu<Object>,T11#5>,App<Mu<Object>,T12#4>,App<Mu<Object>,T13#3>,App<Mu<Object>,T14#2>,App<Mu<Object>,T15#1>) is not applicable
      (cannot infer type-variable(s) T1#15,T2#14,T3#13,T4#12,T5#11,T6#10,T7#9,T8#8,T9#7,T10#6,T11#5,T12#4,T13#3,T14#2,T15#1
        (actual and formal argument lists differ in length))
    method Kind1.<T1#16,T2#15,T3#14,T4#13,T5#12,T6#11,T7#10,T8#9,T9#8,T10#7,T11#6,T12#5,T13#4,T14#3,T15#2,T16>group(App<Mu<Object>,T1#16>,App<Mu<Object>,T2#15>,App<Mu<Object>,T3#14>,App<Mu<Object>,T4#13>,App<Mu<Object>,T5#12>,App<Mu<Object>,T6#11>,App<Mu<Object>,T7#10>,App<Mu<Object>,T8#9>,App<Mu<Object>,T9#8>,App<Mu<Object>,T10#7>,App<Mu<Object>,T11#6>,App<Mu<Object>,T12#5>,App<Mu<Object>,T13#4>,App<Mu<Object>,T14#3>,App<Mu<Object>,T15#2>,App<Mu<Object>,T16>) is not applicable
      (cannot infer type-variable(s) T1#16,T2#15,T3#14,T4#13,T5#12,T6#11,T7#10,T8#9,T9#8,T10#7,T11#6,T12#5,T13#4,T14#3,T15#2,T16
        (actual and formal argument lists differ in length))
  where T1#1,F,T1#2,T2#1,T1#3,T2#2,T3#1,T1#4,T2#3,T3#2,T4#1,O,A,T1#5,T2#4,T3#3,T4#2,T5#1,T1#6,T2#5,T3#4,T4#3,T5#2,T6#1,T1#7,T2#6,T3#5,T4#4,T5#3,T6#2,T7#1,T1#8,T2#7,T3#6,T4#5,T5#4,T6#3,T7#2,T8#1,T1#9,T2#8,T3#7,T4#6,T5#5,T6#4,T7#3,T8#2,T9#1,T1#10,T2#9,T3#8,T4#7,T5#6,T6#5,T7#4,T8#3,T9#2,T10#1,T1#11,T2#10,T3#9,T4#8,T5#7,T6#6,T7#5,T8#4,T9#3,T10#2,T11#1,T1#12,T2#11,T3#10,T4#9,T5#8,T6#7,T7#6,T8#5,T9#4,T10#3,T11#2,T12#1,T1#13,T2#12,T3#11,T4#10,T5#9,T6#8,T7#7,T8#6,T9#5,T10#4,T11#3,T12#2,T13#1,T1#14,T2#13,T3#12,T4#11,T5#10,T6#9,T7#8,T8#7,T9#6,T10#5,T11#4,T12#3,T13#2,T14#1,T1#15,T2#14,T3#13,T4#12,T5#11,T6#10,T7#9,T8#8,T9#7,T10#6,T11#5,T12#4,T13#3,T14#2,T15#1,T1#16,T2#15,T3#14,T4#13,T5#12,T6#11,T7#10,T8#9,T9#8,T10#7,T11#6,T12#5,T13#4,T14#3,T15#2,T16 are type-variables:
    T1#1 extends Object declared in method <T1#1>group(App<F,T1#1>)
    F extends K1 declared in interface Kind1
    T1#2 extends Object declared in method <T1#2,T2#1>group(App<F,T1#2>,App<F,T2#1>)
    T2#1 extends Object declared in method <T1#2,T2#1>group(App<F,T1#2>,App<F,T2#1>)
    T1#3 extends Object declared in method <T1#3,T2#2,T3#1>group(App<F,T1#3>,App<F,T2#2>,App<F,T3#1>)
    T2#2 extends Object declared in method <T1#3,T2#2,T3#1>group(App<F,T1#3>,App<F,T2#2>,App<F,T3#1>)
    T3#1 extends Object declared in method <T1#3,T2#2,T3#1>group(App<F,T1#3>,App<F,T2#2>,App<F,T3#1>)
    T1#4 extends Object declared in method <T1#4,T2#3,T3#2,T4#1>group(App<F,T1#4>,App<F,T2#3>,App<F,T3#2>,App<F,T4#1>)
    T2#3 extends Object declared in method <T1#4,T2#3,T3#2,T4#1>group(App<F,T1#4>,App<F,T2#3>,App<F,T3#2>,App<F,T4#1>)
    T3#2 extends Object declared in method <T1#4,T2#3,T3#2,T4#1>group(App<F,T1#4>,App<F,T2#3>,App<F,T3#2>,App<F,T4#1>)
    T4#1 extends Object declared in method <T1#4,T2#3,T3#2,T4#1>group(App<F,T1#4>,App<F,T2#3>,App<F,T3#2>,App<F,T4#1>)
    O extends Object declared in method <O>forGetter(Function<O,A>)
    A extends Object declared in class MapCodec
    T1#5 extends Object declared in method <T1#5,T2#4,T3#3,T4#2,T5#1>group(App<F,T1#5>,App<F,T2#4>,App<F,T3#3>,App<F,T4#2>,App<F,T5#1>)
    T2#4 extends Object declared in method <T1#5,T2#4,T3#3,T4#2,T5#1>group(App<F,T1#5>,App<F,T2#4>,App<F,T3#3>,App<F,T4#2>,App<F,T5#1>)
    T3#3 extends Object declared in method <T1#5,T2#4,T3#3,T4#2,T5#1>group(App<F,T1#5>,App<F,T2#4>,App<F,T3#3>,App<F,T4#2>,App<F,T5#1>)
    T4#2 extends Object declared in method <T1#5,T2#4,T3#3,T4#2,T5#1>group(App<F,T1#5>,App<F,T2#4>,App<F,T3#3>,App<F,T4#2>,App<F,T5#1>)
    T5#1 extends Object declared in method <T1#5,T2#4,T3#3,T4#2,T5#1>group(App<F,T1#5>,App<F,T2#4>,App<F,T3#3>,App<F,T4#2>,App<F,T5#1>)
    T1#6 extends Object declared in method <T1#6,T2#5,T3#4,T4#3,T5#2,T6#1>group(App<F,T1#6>,App<F,T2#5>,App<F,T3#4>,App<F,T4#3>,App<F,T5#2>,App<F,T6#1>)
    T2#5 extends Object declared in method <T1#6,T2#5,T3#4,T4#3,T5#2,T6#1>group(App<F,T1#6>,App<F,T2#5>,App<F,T3#4>,App<F,T4#3>,App<F,T5#2>,App<F,T6#1>)
    T3#4 extends Object declared in method <T1#6,T2#5,T3#4,T4#3,T5#2,T6#1>group(App<F,T1#6>,App<F,T2#5>,App<F,T3#4>,App<F,T4#3>,App<F,T5#2>,App<F,T6#1>)
    T4#3 extends Object declared in method <T1#6,T2#5,T3#4,T4#3,T5#2,T6#1>group(App<F,T1#6>,App<F,T2#5>,App<F,T3#4>,App<F,T4#3>,App<F,T5#2>,App<F,T6#1>)
    T5#2 extends Object declared in method <T1#6,T2#5,T3#4,T4#3,T5#2,T6#1>group(App<F,T1#6>,App<F,T2#5>,App<F,T3#4>,App<F,T4#3>,App<F,T5#2>,App<F,T6#1>)
    T6#1 extends Object declared in method <T1#6,T2#5,T3#4,T4#3,T5#2,T6#1>group(App<F,T1#6>,App<F,T2#5>,App<F,T3#4>,App<F,T4#3>,App<F,T5#2>,App<F,T6#1>)
    T1#7 extends Object declared in method <T1#7,T2#6,T3#5,T4#4,T5#3,T6#2,T7#1>group(App<F,T1#7>,App<F,T2#6>,App<F,T3#5>,App<F,T4#4>,App<F,T5#3>,App<F,T6#2>,App<F,T7#1>)
    T2#6 extends Object declared in method <T1#7,T2#6,T3#5,T4#4,T5#3,T6#2,T7#1>group(App<F,T1#7>,App<F,T2#6>,App<F,T3#5>,App<F,T4#4>,App<F,T5#3>,App<F,T6#2>,App<F,T7#1>)
    T3#5 extends Object declared in method <T1#7,T2#6,T3#5,T4#4,T5#3,T6#2,T7#1>group(App<F,T1#7>,App<F,T2#6>,App<F,T3#5>,App<F,T4#4>,App<F,T5#3>,App<F,T6#2>,App<F,T7#1>)
    T4#4 extends Object declared in method <T1#7,T2#6,T3#5,T4#4,T5#3,T6#2,T7#1>group(App<F,T1#7>,App<F,T2#6>,App<F,T3#5>,App<F,T4#4>,App<F,T5#3>,App<F,T6#2>,App<F,T7#1>)
    T5#3 extends Object declared in method <T1#7,T2#6,T3#5,T4#4,T5#3,T6#2,T7#1>group(App<F,T1#7>,App<F,T2#6>,App<F,T3#5>,App<F,T4#4>,App<F,T5#3>,App<F,T6#2>,App<F,T7#1>)
    T6#2 extends Object declared in method <T1#7,T2#6,T3#5,T4#4,T5#3,T6#2,T7#1>group(App<F,T1#7>,App<F,T2#6>,App<F,T3#5>,App<F,T4#4>,App<F,T5#3>,App<F,T6#2>,App<F,T7#1>)
    T7#1 extends Object declared in method <T1#7,T2#6,T3#5,T4#4,T5#3,T6#2,T7#1>group(App<F,T1#7>,App<F,T2#6>,App<F,T3#5>,App<F,T4#4>,App<F,T5#3>,App<F,T6#2>,App<F,T7#1>)
    T1#8 extends Object declared in method <T1#8,T2#7,T3#6,T4#5,T5#4,T6#3,T7#2,T8#1>group(App<F,T1#8>,App<F,T2#7>,App<F,T3#6>,App<F,T4#5>,App<F,T5#4>,App<F,T6#3>,App<F,T7#2>,App<F,T8#1>)
    T2#7 extends Object declared in method <T1#8,T2#7,T3#6,T4#5,T5#4,T6#3,T7#2,T8#1>group(App<F,T1#8>,App<F,T2#7>,App<F,T3#6>,App<F,T4#5>,App<F,T5#4>,App<F,T6#3>,App<F,T7#2>,App<F,T8#1>)
    T3#6 extends Object declared in method <T1#8,T2#7,T3#6,T4#5,T5#4,T6#3,T7#2,T8#1>group(App<F,T1#8>,App<F,T2#7>,App<F,T3#6>,App<F,T4#5>,App<F,T5#4>,App<F,T6#3>,App<F,T7#2>,App<F,T8#1>)
    T4#5 extends Object declared in method <T1#8,T2#7,T3#6,T4#5,T5#4,T6#3,T7#2,T8#1>group(App<F,T1#8>,App<F,T2#7>,App<F,T3#6>,App<F,T4#5>,App<F,T5#4>,App<F,T6#3>,App<F,T7#2>,App<F,T8#1>)
    T5#4 extends Object declared in method <T1#8,T2#7,T3#6,T4#5,T5#4,T6#3,T7#2,T8#1>group(App<F,T1#8>,App<F,T2#7>,App<F,T3#6>,App<F,T4#5>,App<F,T5#4>,App<F,T6#3>,App<F,T7#2>,App<F,T8#1>)
    T6#3 extends Object declared in method <T1#8,T2#7,T3#6,T4#5,T5#4,T6#3,T7#2,T8#1>group(App<F,T1#8>,App<F,T2#7>,App<F,T3#6>,App<F,T4#5>,App<F,T5#4>,App<F,T6#3>,App<F,T7#2>,App<F,T8#1>)
    T7#2 extends Object declared in method <T1#8,T2#7,T3#6,T4#5,T5#4,T6#3,T7#2,T8#1>group(App<F,T1#8>,App<F,T2#7>,App<F,T3#6>,App<F,T4#5>,App<F,T5#4>,App<F,T6#3>,App<F,T7#2>,App<F,T8#1>)
    T8#1 extends Object declared in method <T1#8,T2#7,T3#6,T4#5,T5#4,T6#3,T7#2,T8#1>group(App<F,T1#8>,App<F,T2#7>,App<F,T3#6>,App<F,T4#5>,App<F,T5#4>,App<F,T6#3>,App<F,T7#2>,App<F,T8#1>)
    T1#9 extends Object declared in method <T1#9,T2#8,T3#7,T4#6,T5#5,T6#4,T7#3,T8#2,T9#1>group(App<F,T1#9>,App<F,T2#8>,App<F,T3#7>,App<F,T4#6>,App<F,T5#5>,App<F,T6#4>,App<F,T7#3>,App<F,T8#2>,App<F,T9#1>)
    T2#8 extends Object declared in method <T1#9,T2#8,T3#7,T4#6,T5#5,T6#4,T7#3,T8#2,T9#1>group(App<F,T1#9>,App<F,T2#8>,App<F,T3#7>,App<F,T4#6>,App<F,T5#5>,App<F,T6#4>,App<F,T7#3>,App<F,T8#2>,App<F,T9#1>)
    T3#7 extends Object declared in method <T1#9,T2#8,T3#7,T4#6,T5#5,T6#4,T7#3,T8#2,T9#1>group(App<F,T1#9>,App<F,T2#8>,App<F,T3#7>,App<F,T4#6>,App<F,T5#5>,App<F,T6#4>,App<F,T7#3>,App<F,T8#2>,App<F,T9#1>)
    T4#6 extends Object declared in method <T1#9,T2#8,T3#7,T4#6,T5#5,T6#4,T7#3,T8#2,T9#1>group(App<F,T1#9>,App<F,T2#8>,App<F,T3#7>,App<F,T4#6>,App<F,T5#5>,App<F,T6#4>,App<F,T7#3>,App<F,T8#2>,App<F,T9#1>)
    T5#5 extends Object declared in method <T1#9,T2#8,T3#7,T4#6,T5#5,T6#4,T7#3,T8#2,T9#1>group(App<F,T1#9>,App<F,T2#8>,App<F,T3#7>,App<F,T4#6>,App<F,T5#5>,App<F,T6#4>,App<F,T7#3>,App<F,T8#2>,App<F,T9#1>)
    T6#4 extends Object declared in method <T1#9,T2#8,T3#7,T4#6,T5#5,T6#4,T7#3,T8#2,T9#1>group(App<F,T1#9>,App<F,T2#8>,App<F,T3#7>,App<F,T4#6>,App<F,T5#5>,App<F,T6#4>,App<F,T7#3>,App<F,T8#2>,App<F,T9#1>)
    T7#3 extends Object declared in method <T1#9,T2#8,T3#7,T4#6,T5#5,T6#4,T7#3,T8#2,T9#1>group(App<F,T1#9>,App<F,T2#8>,App<F,T3#7>,App<F,T4#6>,App<F,T5#5>,App<F,T6#4>,App<F,T7#3>,App<F,T8#2>,App<F,T9#1>)
    T8#2 extends Object declared in method <T1#9,T2#8,T3#7,T4#6,T5#5,T6#4,T7#3,T8#2,T9#1>group(App<F,T1#9>,App<F,T2#8>,App<F,T3#7>,App<F,T4#6>,App<F,T5#5>,App<F,T6#4>,App<F,T7#3>,App<F,T8#2>,App<F,T9#1>)
    T9#1 extends Object declared in method <T1#9,T2#8,T3#7,T4#6,T5#5,T6#4,T7#3,T8#2,T9#1>group(App<F,T1#9>,App<F,T2#8>,App<F,T3#7>,App<F,T4#6>,App<F,T5#5>,App<F,T6#4>,App<F,T7#3>,App<F,T8#2>,App<F,T9#1>)
    T1#10 extends Object declared in method <T1#10,T2#9,T3#8,T4#7,T5#6,T6#5,T7#4,T8#3,T9#2,T10#1>group(App<F,T1#10>,App<F,T2#9>,App<F,T3#8>,App<F,T4#7>,App<F,T5#6>,App<F,T6#5>,App<F,T7#4>,App<F,T8#3>,App<F,T9#2>,App<F,T10#1>)
    T2#9 extends Object declared in method <T1#10,T2#9,T3#8,T4#7,T5#6,T6#5,T7#4,T8#3,T9#2,T10#1>group(App<F,T1#10>,App<F,T2#9>,App<F,T3#8>,App<F,T4#7>,App<F,T5#6>,App<F,T6#5>,App<F,T7#4>,App<F,T8#3>,App<F,T9#2>,App<F,T10#1>)
    T3#8 extends Object declared in method <T1#10,T2#9,T3#8,T4#7,T5#6,T6#5,T7#4,T8#3,T9#2,T10#1>group(App<F,T1#10>,App<F,T2#9>,App<F,T3#8>,App<F,T4#7>,App<F,T5#6>,App<F,T6#5>,App<F,T7#4>,App<F,T8#3>,App<F,T9#2>,App<F,T10#1>)
    T4#7 extends Object declared in method <T1#10,T2#9,T3#8,T4#7,T5#6,T6#5,T7#4,T8#3,T9#2,T10#1>group(App<F,T1#10>,App<F,T2#9>,App<F,T3#8>,App<F,T4#7>,App<F,T5#6>,App<F,T6#5>,App<F,T7#4>,App<F,T8#3>,App<F,T9#2>,App<F,T10#1>)
    T5#6 extends Object declared in method <T1#10,T2#9,T3#8,T4#7,T5#6,T6#5,T7#4,T8#3,T9#2,T10#1>group(App<F,T1#10>,App<F,T2#9>,App<F,T3#8>,App<F,T4#7>,App<F,T5#6>,App<F,T6#5>,App<F,T7#4>,App<F,T8#3>,App<F,T9#2>,App<F,T10#1>)
    T6#5 extends Object declared in method <T1#10,T2#9,T3#8,T4#7,T5#6,T6#5,T7#4,T8#3,T9#2,T10#1>group(App<F,T1#10>,App<F,T2#9>,App<F,T3#8>,App<F,T4#7>,App<F,T5#6>,App<F,T6#5>,App<F,T7#4>,App<F,T8#3>,App<F,T9#2>,App<F,T10#1>)
    T7#4 extends Object declared in method <T1#10,T2#9,T3#8,T4#7,T5#6,T6#5,T7#4,T8#3,T9#2,T10#1>group(App<F,T1#10>,App<F,T2#9>,App<F,T3#8>,App<F,T4#7>,App<F,T5#6>,App<F,T6#5>,App<F,T7#4>,App<F,T8#3>,App<F,T9#2>,App<F,T10#1>)
    T8#3 extends Object declared in method <T1#10,T2#9,T3#8,T4#7,T5#6,T6#5,T7#4,T8#3,T9#2,T10#1>group(App<F,T1#10>,App<F,T2#9>,App<F,T3#8>,App<F,T4#7>,App<F,T5#6>,App<F,T6#5>,App<F,T7#4>,App<F,T8#3>,App<F,T9#2>,App<F,T10#1>)
    T9#2 extends Object declared in method <T1#10,T2#9,T3#8,T4#7,T5#6,T6#5,T7#4,T8#3,T9#2,T10#1>group(App<F,T1#10>,App<F,T2#9>,App<F,T3#8>,App<F,T4#7>,App<F,T5#6>,App<F,T6#5>,App<F,T7#4>,App<F,T8#3>,App<F,T9#2>,App<F,T10#1>)
    T10#1 extends Object declared in method <T1#10,T2#9,T3#8,T4#7,T5#6,T6#5,T7#4,T8#3,T9#2,T10#1>group(App<F,T1#10>,App<F,T2#9>,App<F,T3#8>,App<F,T4#7>,App<F,T5#6>,App<F,T6#5>,App<F,T7#4>,App<F,T8#3>,App<F,T9#2>,App<F,T10#1>)
    T1#11 extends Object declared in method <T1#11,T2#10,T3#9,T4#8,T5#7,T6#6,T7#5,T8#4,T9#3,T10#2,T11#1>group(App<F,T1#11>,App<F,T2#10>,App<F,T3#9>,App<F,T4#8>,App<F,T5#7>,App<F,T6#6>,App<F,T7#5>,App<F,T8#4>,App<F,T9#3>,App<F,T10#2>,App<F,T11#1>)
    T2#10 extends Object declared in method <T1#11,T2#10,T3#9,T4#8,T5#7,T6#6,T7#5,T8#4,T9#3,T10#2,T11#1>group(App<F,T1#11>,App<F,T2#10>,App<F,T3#9>,App<F,T4#8>,App<F,T5#7>,App<F,T6#6>,App<F,T7#5>,App<F,T8#4>,App<F,T9#3>,App<F,T10#2>,App<F,T11#1>)
    T3#9 extends Object declared in method <T1#11,T2#10,T3#9,T4#8,T5#7,T6#6,T7#5,T8#4,T9#3,T10#2,T11#1>group(App<F,T1#11>,App<F,T2#10>,App<F,T3#9>,App<F,T4#8>,App<F,T5#7>,App<F,T6#6>,App<F,T7#5>,App<F,T8#4>,App<F,T9#3>,App<F,T10#2>,App<F,T11#1>)
    T4#8 extends Object declared in method <T1#11,T2#10,T3#9,T4#8,T5#7,T6#6,T7#5,T8#4,T9#3,T10#2,T11#1>group(App<F,T1#11>,App<F,T2#10>,App<F,T3#9>,App<F,T4#8>,App<F,T5#7>,App<F,T6#6>,App<F,T7#5>,App<F,T8#4>,App<F,T9#3>,App<F,T10#2>,App<F,T11#1>)
    T5#7 extends Object declared in method <T1#11,T2#10,T3#9,T4#8,T5#7,T6#6,T7#5,T8#4,T9#3,T10#2,T11#1>group(App<F,T1#11>,App<F,T2#10>,App<F,T3#9>,App<F,T4#8>,App<F,T5#7>,App<F,T6#6>,App<F,T7#5>,App<F,T8#4>,App<F,T9#3>,App<F,T10#2>,App<F,T11#1>)
    T6#6 extends Object declared in method <T1#11,T2#10,T3#9,T4#8,T5#7,T6#6,T7#5,T8#4,T9#3,T10#2,T11#1>group(App<F,T1#11>,App<F,T2#10>,App<F,T3#9>,App<F,T4#8>,App<F,T5#7>,App<F,T6#6>,App<F,T7#5>,App<F,T8#4>,App<F,T9#3>,App<F,T10#2>,App<F,T11#1>)
    T7#5 extends Object declared in method <T1#11,T2#10,T3#9,T4#8,T5#7,T6#6,T7#5,T8#4,T9#3,T10#2,T11#1>group(App<F,T1#11>,App<F,T2#10>,App<F,T3#9>,App<F,T4#8>,App<F,T5#7>,App<F,T6#6>,App<F,T7#5>,App<F,T8#4>,App<F,T9#3>,App<F,T10#2>,App<F,T11#1>)
    T8#4 extends Object declared in method <T1#11,T2#10,T3#9,T4#8,T5#7,T6#6,T7#5,T8#4,T9#3,T10#2,T11#1>group(App<F,T1#11>,App<F,T2#10>,App<F,T3#9>,App<F,T4#8>,App<F,T5#7>,App<F,T6#6>,App<F,T7#5>,App<F,T8#4>,App<F,T9#3>,App<F,T10#2>,App<F,T11#1>)
    T9#3 extends Object declared in method <T1#11,T2#10,T3#9,T4#8,T5#7,T6#6,T7#5,T8#4,T9#3,T10#2,T11#1>group(App<F,T1#11>,App<F,T2#10>,App<F,T3#9>,App<F,T4#8>,App<F,T5#7>,App<F,T6#6>,App<F,T7#5>,App<F,T8#4>,App<F,T9#3>,App<F,T10#2>,App<F,T11#1>)
    T10#2 extends Object declared in method <T1#11,T2#10,T3#9,T4#8,T5#7,T6#6,T7#5,T8#4,T9#3,T10#2,T11#1>group(App<F,T1#11>,App<F,T2#10>,App<F,T3#9>,App<F,T4#8>,App<F,T5#7>,App<F,T6#6>,App<F,T7#5>,App<F,T8#4>,App<F,T9#3>,App<F,T10#2>,App<F,T11#1>)
    T11#1 extends Object declared in method <T1#11,T2#10,T3#9,T4#8,T5#7,T6#6,T7#5,T8#4,T9#3,T10#2,T11#1>group(App<F,T1#11>,App<F,T2#10>,App<F,T3#9>,App<F,T4#8>,App<F,T5#7>,App<F,T6#6>,App<F,T7#5>,App<F,T8#4>,App<F,T9#3>,App<F,T10#2>,App<F,T11#1>)
    T1#12 extends Object declared in method <T1#12,T2#11,T3#10,T4#9,T5#8,T6#7,T7#6,T8#5,T9#4,T10#3,T11#2,T12#1>group(App<F,T1#12>,App<F,T2#11>,App<F,T3#10>,App<F,T4#9>,App<F,T5#8>,App<F,T6#7>,App<F,T7#6>,App<F,T8#5>,App<F,T9#4>,App<F,T10#3>,App<F,T11#2>,App<F,T12#1>)
    T2#11 extends Object declared in method <T1#12,T2#11,T3#10,T4#9,T5#8,T6#7,T7#6,T8#5,T9#4,T10#3,T11#2,T12#1>group(App<F,T1#12>,App<F,T2#11>,App<F,T3#10>,App<F,T4#9>,App<F,T5#8>,App<F,T6#7>,App<F,T7#6>,App<F,T8#5>,App<F,T9#4>,App<F,T10#3>,App<F,T11#2>,App<F,T12#1>)
    T3#10 extends Object declared in method <T1#12,T2#11,T3#10,T4#9,T5#8,T6#7,T7#6,T8#5,T9#4,T10#3,T11#2,T12#1>group(App<F,T1#12>,App<F,T2#11>,App<F,T3#10>,App<F,T4#9>,App<F,T5#8>,App<F,T6#7>,App<F,T7#6>,App<F,T8#5>,App<F,T9#4>,App<F,T10#3>,App<F,T11#2>,App<F,T12#1>)
    T4#9 extends Object declared in method <T1#12,T2#11,T3#10,T4#9,T5#8,T6#7,T7#6,T8#5,T9#4,T10#3,T11#2,T12#1>group(App<F,T1#12>,App<F,T2#11>,App<F,T3#10>,App<F,T4#9>,App<F,T5#8>,App<F,T6#7>,App<F,T7#6>,App<F,T8#5>,App<F,T9#4>,App<F,T10#3>,App<F,T11#2>,App<F,T12#1>)
    T5#8 extends Object declared in method <T1#12,T2#11,T3#10,T4#9,T5#8,T6#7,T7#6,T8#5,T9#4,T10#3,T11#2,T12#1>group(App<F,T1#12>,App<F,T2#11>,App<F,T3#10>,App<F,T4#9>,App<F,T5#8>,App<F,T6#7>,App<F,T7#6>,App<F,T8#5>,App<F,T9#4>,App<F,T10#3>,App<F,T11#2>,App<F,T12#1>)
    T6#7 extends Object declared in method <T1#12,T2#11,T3#10,T4#9,T5#8,T6#7,T7#6,T8#5,T9#4,T10#3,T11#2,T12#1>group(App<F,T1#12>,App<F,T2#11>,App<F,T3#10>,App<F,T4#9>,App<F,T5#8>,App<F,T6#7>,App<F,T7#6>,App<F,T8#5>,App<F,T9#4>,App<F,T10#3>,App<F,T11#2>,App<F,T12#1>)
    T7#6 extends Object declared in method <T1#12,T2#11,T3#10,T4#9,T5#8,T6#7,T7#6,T8#5,T9#4,T10#3,T11#2,T12#1>group(App<F,T1#12>,App<F,T2#11>,App<F,T3#10>,App<F,T4#9>,App<F,T5#8>,App<F,T6#7>,App<F,T7#6>,App<F,T8#5>,App<F,T9#4>,App<F,T10#3>,App<F,T11#2>,App<F,T12#1>)
    T8#5 extends Object declared in method <T1#12,T2#11,T3#10,T4#9,T5#8,T6#7,T7#6,T8#5,T9#4,T10#3,T11#2,T12#1>group(App<F,T1#12>,App<F,T2#11>,App<F,T3#10>,App<F,T4#9>,App<F,T5#8>,App<F,T6#7>,App<F,T7#6>,App<F,T8#5>,App<F,T9#4>,App<F,T10#3>,App<F,T11#2>,App<F,T12#1>)
    T9#4 extends Object declared in method <T1#12,T2#11,T3#10,T4#9,T5#8,T6#7,T7#6,T8#5,T9#4,T10#3,T11#2,T12#1>group(App<F,T1#12>,App<F,T2#11>,App<F,T3#10>,App<F,T4#9>,App<F,T5#8>,App<F,T6#7>,App<F,T7#6>,App<F,T8#5>,App<F,T9#4>,App<F,T10#3>,App<F,T11#2>,App<F,T12#1>)
    T10#3 extends Object declared in method <T1#12,T2#11,T3#10,T4#9,T5#8,T6#7,T7#6,T8#5,T9#4,T10#3,T11#2,T12#1>group(App<F,T1#12>,App<F,T2#11>,App<F,T3#10>,App<F,T4#9>,App<F,T5#8>,App<F,T6#7>,App<F,T7#6>,App<F,T8#5>,App<F,T9#4>,App<F,T10#3>,App<F,T11#2>,App<F,T12#1>)
    T11#2 extends Object declared in method <T1#12,T2#11,T3#10,T4#9,T5#8,T6#7,T7#6,T8#5,T9#4,T10#3,T11#2,T12#1>group(App<F,T1#12>,App<F,T2#11>,App<F,T3#10>,App<F,T4#9>,App<F,T5#8>,App<F,T6#7>,App<F,T7#6>,App<F,T8#5>,App<F,T9#4>,App<F,T10#3>,App<F,T11#2>,App<F,T12#1>)
    T12#1 extends Object declared in method <T1#12,T2#11,T3#10,T4#9,T5#8,T6#7,T7#6,T8#5,T9#4,T10#3,T11#2,T12#1>group(App<F,T1#12>,App<F,T2#11>,App<F,T3#10>,App<F,T4#9>,App<F,T5#8>,App<F,T6#7>,App<F,T7#6>,App<F,T8#5>,App<F,T9#4>,App<F,T10#3>,App<F,T11#2>,App<F,T12#1>)
    T1#13 extends Object declared in method <T1#13,T2#12,T3#11,T4#10,T5#9,T6#8,T7#7,T8#6,T9#5,T10#4,T11#3,T12#2,T13#1>group(App<F,T1#13>,App<F,T2#12>,App<F,T3#11>,App<F,T4#10>,App<F,T5#9>,App<F,T6#8>,App<F,T7#7>,App<F,T8#6>,App<F,T9#5>,App<F,T10#4>,App<F,T11#3>,App<F,T12#2>,App<F,T13#1>)
    T2#12 extends Object declared in method <T1#13,T2#12,T3#11,T4#10,T5#9,T6#8,T7#7,T8#6,T9#5,T10#4,T11#3,T12#2,T13#1>group(App<F,T1#13>,App<F,T2#12>,App<F,T3#11>,App<F,T4#10>,App<F,T5#9>,App<F,T6#8>,App<F,T7#7>,App<F,T8#6>,App<F,T9#5>,App<F,T10#4>,App<F,T11#3>,App<F,T12#2>,App<F,T13#1>)
    T3#11 extends Object declared in method <T1#13,T2#12,T3#11,T4#10,T5#9,T6#8,T7#7,T8#6,T9#5,T10#4,T11#3,T12#2,T13#1>group(App<F,T1#13>,App<F,T2#12>,App<F,T3#11>,App<F,T4#10>,App<F,T5#9>,App<F,T6#8>,App<F,T7#7>,App<F,T8#6>,App<F,T9#5>,App<F,T10#4>,App<F,T11#3>,App<F,T12#2>,App<F,T13#1>)
    T4#10 extends Object declared in method <T1#13,T2#12,T3#11,T4#10,T5#9,T6#8,T7#7,T8#6,T9#5,T10#4,T11#3,T12#2,T13#1>group(App<F,T1#13>,App<F,T2#12>,App<F,T3#11>,App<F,T4#10>,App<F,T5#9>,App<F,T6#8>,App<F,T7#7>,App<F,T8#6>,App<F,T9#5>,App<F,T10#4>,App<F,T11#3>,App<F,T12#2>,App<F,T13#1>)
    T5#9 extends Object declared in method <T1#13,T2#12,T3#11,T4#10,T5#9,T6#8,T7#7,T8#6,T9#5,T10#4,T11#3,T12#2,T13#1>group(App<F,T1#13>,App<F,T2#12>,App<F,T3#11>,App<F,T4#10>,App<F,T5#9>,App<F,T6#8>,App<F,T7#7>,App<F,T8#6>,App<F,T9#5>,App<F,T10#4>,App<F,T11#3>,App<F,T12#2>,App<F,T13#1>)
    T6#8 extends Object declared in method <T1#13,T2#12,T3#11,T4#10,T5#9,T6#8,T7#7,T8#6,T9#5,T10#4,T11#3,T12#2,T13#1>group(App<F,T1#13>,App<F,T2#12>,App<F,T3#11>,App<F,T4#10>,App<F,T5#9>,App<F,T6#8>,App<F,T7#7>,App<F,T8#6>,App<F,T9#5>,App<F,T10#4>,App<F,T11#3>,App<F,T12#2>,App<F,T13#1>)
    T7#7 extends Object declared in method <T1#13,T2#12,T3#11,T4#10,T5#9,T6#8,T7#7,T8#6,T9#5,T10#4,T11#3,T12#2,T13#1>group(App<F,T1#13>,App<F,T2#12>,App<F,T3#11>,App<F,T4#10>,App<F,T5#9>,App<F,T6#8>,App<F,T7#7>,App<F,T8#6>,App<F,T9#5>,App<F,T10#4>,App<F,T11#3>,App<F,T12#2>,App<F,T13#1>)
    T8#6 extends Object declared in method <T1#13,T2#12,T3#11,T4#10,T5#9,T6#8,T7#7,T8#6,T9#5,T10#4,T11#3,T12#2,T13#1>group(App<F,T1#13>,App<F,T2#12>,App<F,T3#11>,App<F,T4#10>,App<F,T5#9>,App<F,T6#8>,App<F,T7#7>,App<F,T8#6>,App<F,T9#5>,App<F,T10#4>,App<F,T11#3>,App<F,T12#2>,App<F,T13#1>)
    T9#5 extends Object declared in method <T1#13,T2#12,T3#11,T4#10,T5#9,T6#8,T7#7,T8#6,T9#5,T10#4,T11#3,T12#2,T13#1>group(App<F,T1#13>,App<F,T2#12>,App<F,T3#11>,App<F,T4#10>,App<F,T5#9>,App<F,T6#8>,App<F,T7#7>,App<F,T8#6>,App<F,T9#5>,App<F,T10#4>,App<F,T11#3>,App<F,T12#2>,App<F,T13#1>)
    T10#4 extends Object declared in method <T1#13,T2#12,T3#11,T4#10,T5#9,T6#8,T7#7,T8#6,T9#5,T10#4,T11#3,T12#2,T13#1>group(App<F,T1#13>,App<F,T2#12>,App<F,T3#11>,App<F,T4#10>,App<F,T5#9>,App<F,T6#8>,App<F,T7#7>,App<F,T8#6>,App<F,T9#5>,App<F,T10#4>,App<F,T11#3>,App<F,T12#2>,App<F,T13#1>)
    T11#3 extends Object declared in method <T1#13,T2#12,T3#11,T4#10,T5#9,T6#8,T7#7,T8#6,T9#5,T10#4,T11#3,T12#2,T13#1>group(App<F,T1#13>,App<F,T2#12>,App<F,T3#11>,App<F,T4#10>,App<F,T5#9>,App<F,T6#8>,App<F,T7#7>,App<F,T8#6>,App<F,T9#5>,App<F,T10#4>,App<F,T11#3>,App<F,T12#2>,App<F,T13#1>)
    T12#2 extends Object declared in method <T1#13,T2#12,T3#11,T4#10,T5#9,T6#8,T7#7,T8#6,T9#5,T10#4,T11#3,T12#2,T13#1>group(App<F,T1#13>,App<F,T2#12>,App<F,T3#11>,App<F,T4#10>,App<F,T5#9>,App<F,T6#8>,App<F,T7#7>,App<F,T8#6>,App<F,T9#5>,App<F,T10#4>,App<F,T11#3>,App<F,T12#2>,App<F,T13#1>)
    T13#1 extends Object declared in method <T1#13,T2#12,T3#11,T4#10,T5#9,T6#8,T7#7,T8#6,T9#5,T10#4,T11#3,T12#2,T13#1>group(App<F,T1#13>,App<F,T2#12>,App<F,T3#11>,App<F,T4#10>,App<F,T5#9>,App<F,T6#8>,App<F,T7#7>,App<F,T8#6>,App<F,T9#5>,App<F,T10#4>,App<F,T11#3>,App<F,T12#2>,App<F,T13#1>)
    T1#14 extends Object declared in method <T1#14,T2#13,T3#12,T4#11,T5#10,T6#9,T7#8,T8#7,T9#6,T10#5,T11#4,T12#3,T13#2,T14#1>group(App<F,T1#14>,App<F,T2#13>,App<F,T3#12>,App<F,T4#11>,App<F,T5#10>,App<F,T6#9>,App<F,T7#8>,App<F,T8#7>,App<F,T9#6>,App<F,T10#5>,App<F,T11#4>,App<F,T12#3>,App<F,T13#2>,App<F,T14#1>)
    T2#13 extends Object declared in method <T1#14,T2#13,T3#12,T4#11,T5#10,T6#9,T7#8,T8#7,T9#6,T10#5,T11#4,T12#3,T13#2,T14#1>group(App<F,T1#14>,App<F,T2#13>,App<F,T3#12>,App<F,T4#11>,App<F,T5#10>,App<F,T6#9>,App<F,T7#8>,App<F,T8#7>,App<F,T9#6>,App<F,T10#5>,App<F,T11#4>,App<F,T12#3>,App<F,T13#2>,App<F,T14#1>)
    T3#12 extends Object declared in method <T1#14,T2#13,T3#12,T4#11,T5#10,T6#9,T7#8,T8#7,T9#6,T10#5,T11#4,T12#3,T13#2,T14#1>group(App<F,T1#14>,App<F,T2#13>,App<F,T3#12>,App<F,T4#11>,App<F,T5#10>,App<F,T6#9>,App<F,T7#8>,App<F,T8#7>,App<F,T9#6>,App<F,T10#5>,App<F,T11#4>,App<F,T12#3>,App<F,T13#2>,App<F,T14#1>)
    T4#11 extends Object declared in method <T1#14,T2#13,T3#12,T4#11,T5#10,T6#9,T7#8,T8#7,T9#6,T10#5,T11#4,T12#3,T13#2,T14#1>group(App<F,T1#14>,App<F,T2#13>,App<F,T3#12>,App<F,T4#11>,App<F,T5#10>,App<F,T6#9>,App<F,T7#8>,App<F,T8#7>,App<F,T9#6>,App<F,T10#5>,App<F,T11#4>,App<F,T12#3>,App<F,T13#2>,App<F,T14#1>)
    T5#10 extends Object declared in method <T1#14,T2#13,T3#12,T4#11,T5#10,T6#9,T7#8,T8#7,T9#6,T10#5,T11#4,T12#3,T13#2,T14#1>group(App<F,T1#14>,App<F,T2#13>,App<F,T3#12>,App<F,T4#11>,App<F,T5#10>,App<F,T6#9>,App<F,T7#8>,App<F,T8#7>,App<F,T9#6>,App<F,T10#5>,App<F,T11#4>,App<F,T12#3>,App<F,T13#2>,App<F,T14#1>)
    T6#9 extends Object declared in method <T1#14,T2#13,T3#12,T4#11,T5#10,T6#9,T7#8,T8#7,T9#6,T10#5,T11#4,T12#3,T13#2,T14#1>group(App<F,T1#14>,App<F,T2#13>,App<F,T3#12>,App<F,T4#11>,App<F,T5#10>,App<F,T6#9>,App<F,T7#8>,App<F,T8#7>,App<F,T9#6>,App<F,T10#5>,App<F,T11#4>,App<F,T12#3>,App<F,T13#2>,App<F,T14#1>)
    T7#8 extends Object declared in method <T1#14,T2#13,T3#12,T4#11,T5#10,T6#9,T7#8,T8#7,T9#6,T10#5,T11#4,T12#3,T13#2,T14#1>group(App<F,T1#14>,App<F,T2#13>,App<F,T3#12>,App<F,T4#11>,App<F,T5#10>,App<F,T6#9>,App<F,T7#8>,App<F,T8#7>,App<F,T9#6>,App<F,T10#5>,App<F,T11#4>,App<F,T12#3>,App<F,T13#2>,App<F,T14#1>)
    T8#7 extends Object declared in method <T1#14,T2#13,T3#12,T4#11,T5#10,T6#9,T7#8,T8#7,T9#6,T10#5,T11#4,T12#3,T13#2,T14#1>group(App<F,T1#14>,App<F,T2#13>,App<F,T3#12>,App<F,T4#11>,App<F,T5#10>,App<F,T6#9>,App<F,T7#8>,App<F,T8#7>,App<F,T9#6>,App<F,T10#5>,App<F,T11#4>,App<F,T12#3>,App<F,T13#2>,App<F,T14#1>)
    T9#6 extends Object declared in method <T1#14,T2#13,T3#12,T4#11,T5#10,T6#9,T7#8,T8#7,T9#6,T10#5,T11#4,T12#3,T13#2,T14#1>group(App<F,T1#14>,App<F,T2#13>,App<F,T3#12>,App<F,T4#11>,App<F,T5#10>,App<F,T6#9>,App<F,T7#8>,App<F,T8#7>,App<F,T9#6>,App<F,T10#5>,App<F,T11#4>,App<F,T12#3>,App<F,T13#2>,App<F,T14#1>)
    T10#5 extends Object declared in method <T1#14,T2#13,T3#12,T4#11,T5#10,T6#9,T7#8,T8#7,T9#6,T10#5,T11#4,T12#3,T13#2,T14#1>group(App<F,T1#14>,App<F,T2#13>,App<F,T3#12>,App<F,T4#11>,App<F,T5#10>,App<F,T6#9>,App<F,T7#8>,App<F,T8#7>,App<F,T9#6>,App<F,T10#5>,App<F,T11#4>,App<F,T12#3>,App<F,T13#2>,App<F,T14#1>)
    T11#4 extends Object declared in method <T1#14,T2#13,T3#12,T4#11,T5#10,T6#9,T7#8,T8#7,T9#6,T10#5,T11#4,T12#3,T13#2,T14#1>group(App<F,T1#14>,App<F,T2#13>,App<F,T3#12>,App<F,T4#11>,App<F,T5#10>,App<F,T6#9>,App<F,T7#8>,App<F,T8#7>,App<F,T9#6>,App<F,T10#5>,App<F,T11#4>,App<F,T12#3>,App<F,T13#2>,App<F,T14#1>)
    T12#3 extends Object declared in method <T1#14,T2#13,T3#12,T4#11,T5#10,T6#9,T7#8,T8#7,T9#6,T10#5,T11#4,T12#3,T13#2,T14#1>group(App<F,T1#14>,App<F,T2#13>,App<F,T3#12>,App<F,T4#11>,App<F,T5#10>,App<F,T6#9>,App<F,T7#8>,App<F,T8#7>,App<F,T9#6>,App<F,T10#5>,App<F,T11#4>,App<F,T12#3>,App<F,T13#2>,App<F,T14#1>)
    T13#2 extends Object declared in method <T1#14,T2#13,T3#12,T4#11,T5#10,T6#9,T7#8,T8#7,T9#6,T10#5,T11#4,T12#3,T13#2,T14#1>group(App<F,T1#14>,App<F,T2#13>,App<F,T3#12>,App<F,T4#11>,App<F,T5#10>,App<F,T6#9>,App<F,T7#8>,App<F,T8#7>,App<F,T9#6>,App<F,T10#5>,App<F,T11#4>,App<F,T12#3>,App<F,T13#2>,App<F,T14#1>)
    T14#1 extends Object declared in method <T1#14,T2#13,T3#12,T4#11,T5#10,T6#9,T7#8,T8#7,T9#6,T10#5,T11#4,T12#3,T13#2,T14#1>group(App<F,T1#14>,App<F,T2#13>,App<F,T3#12>,App<F,T4#11>,App<F,T5#10>,App<F,T6#9>,App<F,T7#8>,App<F,T8#7>,App<F,T9#6>,App<F,T10#5>,App<F,T11#4>,App<F,T12#3>,App<F,T13#2>,App<F,T14#1>)
    T1#15 extends Object declared in method <T1#15,T2#14,T3#13,T4#12,T5#11,T6#10,T7#9,T8#8,T9#7,T10#6,T11#5,T12#4,T13#3,T14#2,T15#1>group(App<F,T1#15>,App<F,T2#14>,App<F,T3#13>,App<F,T4#12>,App<F,T5#11>,App<F,T6#10>,App<F,T7#9>,App<F,T8#8>,App<F,T9#7>,App<F,T10#6>,App<F,T11#5>,App<F,T12#4>,App<F,T13#3>,App<F,T14#2>,App<F,T15#1>)
    T2#14 extends Object declared in method <T1#15,T2#14,T3#13,T4#12,T5#11,T6#10,T7#9,T8#8,T9#7,T10#6,T11#5,T12#4,T13#3,T14#2,T15#1>group(App<F,T1#15>,App<F,T2#14>,App<F,T3#13>,App<F,T4#12>,App<F,T5#11>,App<F,T6#10>,App<F,T7#9>,App<F,T8#8>,App<F,T9#7>,App<F,T10#6>,App<F,T11#5>,App<F,T12#4>,App<F,T13#3>,App<F,T14#2>,App<F,T15#1>)
    T3#13 extends Object declared in method <T1#15,T2#14,T3#13,T4#12,T5#11,T6#10,T7#9,T8#8,T9#7,T10#6,T11#5,T12#4,T13#3,T14#2,T15#1>group(App<F,T1#15>,App<F,T2#14>,App<F,T3#13>,App<F,T4#12>,App<F,T5#11>,App<F,T6#10>,App<F,T7#9>,App<F,T8#8>,App<F,T9#7>,App<F,T10#6>,App<F,T11#5>,App<F,T12#4>,App<F,T13#3>,App<F,T14#2>,App<F,T15#1>)
    T4#12 extends Object declared in method <T1#15,T2#14,T3#13,T4#12,T5#11,T6#10,T7#9,T8#8,T9#7,T10#6,T11#5,T12#4,T13#3,T14#2,T15#1>group(App<F,T1#15>,App<F,T2#14>,App<F,T3#13>,App<F,T4#12>,App<F,T5#11>,App<F,T6#10>,App<F,T7#9>,App<F,T8#8>,App<F,T9#7>,App<F,T10#6>,App<F,T11#5>,App<F,T12#4>,App<F,T13#3>,App<F,T14#2>,App<F,T15#1>)
    T5#11 extends Object declared in method <T1#15,T2#14,T3#13,T4#12,T5#11,T6#10,T7#9,T8#8,T9#7,T10#6,T11#5,T12#4,T13#3,T14#2,T15#1>group(App<F,T1#15>,App<F,T2#14>,App<F,T3#13>,App<F,T4#12>,App<F,T5#11>,App<F,T6#10>,App<F,T7#9>,App<F,T8#8>,App<F,T9#7>,App<F,T10#6>,App<F,T11#5>,App<F,T12#4>,App<F,T13#3>,App<F,T14#2>,App<F,T15#1>)
    T6#10 extends Object declared in method <T1#15,T2#14,T3#13,T4#12,T5#11,T6#10,T7#9,T8#8,T9#7,T10#6,T11#5,T12#4,T13#3,T14#2,T15#1>group(App<F,T1#15>,App<F,T2#14>,App<F,T3#13>,App<F,T4#12>,App<F,T5#11>,App<F,T6#10>,App<F,T7#9>,App<F,T8#8>,App<F,T9#7>,App<F,T10#6>,App<F,T11#5>,App<F,T12#4>,App<F,T13#3>,App<F,T14#2>,App<F,T15#1>)
    T7#9 extends Object declared in method <T1#15,T2#14,T3#13,T4#12,T5#11,T6#10,T7#9,T8#8,T9#7,T10#6,T11#5,T12#4,T13#3,T14#2,T15#1>group(App<F,T1#15>,App<F,T2#14>,App<F,T3#13>,App<F,T4#12>,App<F,T5#11>,App<F,T6#10>,App<F,T7#9>,App<F,T8#8>,App<F,T9#7>,App<F,T10#6>,App<F,T11#5>,App<F,T12#4>,App<F,T13#3>,App<F,T14#2>,App<F,T15#1>)
    T8#8 extends Object declared in method <T1#15,T2#14,T3#13,T4#12,T5#11,T6#10,T7#9,T8#8,T9#7,T10#6,T11#5,T12#4,T13#3,T14#2,T15#1>group(App<F,T1#15>,App<F,T2#14>,App<F,T3#13>,App<F,T4#12>,App<F,T5#11>,App<F,T6#10>,App<F,T7#9>,App<F,T8#8>,App<F,T9#7>,App<F,T10#6>,App<F,T11#5>,App<F,T12#4>,App<F,T13#3>,App<F,T14#2>,App<F,T15#1>)
    T9#7 extends Object declared in method <T1#15,T2#14,T3#13,T4#12,T5#11,T6#10,T7#9,T8#8,T9#7,T10#6,T11#5,T12#4,T13#3,T14#2,T15#1>group(App<F,T1#15>,App<F,T2#14>,App<F,T3#13>,App<F,T4#12>,App<F,T5#11>,App<F,T6#10>,App<F,T7#9>,App<F,T8#8>,App<F,T9#7>,App<F,T10#6>,App<F,T11#5>,App<F,T12#4>,App<F,T13#3>,App<F,T14#2>,App<F,T15#1>)
    T10#6 extends Object declared in method <T1#15,T2#14,T3#13,T4#12,T5#11,T6#10,T7#9,T8#8,T9#7,T10#6,T11#5,T12#4,T13#3,T14#2,T15#1>group(App<F,T1#15>,App<F,T2#14>,App<F,T3#13>,App<F,T4#12>,App<F,T5#11>,App<F,T6#10>,App<F,T7#9>,App<F,T8#8>,App<F,T9#7>,App<F,T10#6>,App<F,T11#5>,App<F,T12#4>,App<F,T13#3>,App<F,T14#2>,App<F,T15#1>)
    T11#5 extends Object declared in method <T1#15,T2#14,T3#13,T4#12,T5#11,T6#10,T7#9,T8#8,T9#7,T10#6,T11#5,T12#4,T13#3,T14#2,T15#1>group(App<F,T1#15>,App<F,T2#14>,App<F,T3#13>,App<F,T4#12>,App<F,T5#11>,App<F,T6#10>,App<F,T7#9>,App<F,T8#8>,App<F,T9#7>,App<F,T10#6>,App<F,T11#5>,App<F,T12#4>,App<F,T13#3>,App<F,T14#2>,App<F,T15#1>)
    T12#4 extends Object declared in method <T1#15,T2#14,T3#13,T4#12,T5#11,T6#10,T7#9,T8#8,T9#7,T10#6,T11#5,T12#4,T13#3,T14#2,T15#1>group(App<F,T1#15>,App<F,T2#14>,App<F,T3#13>,App<F,T4#12>,App<F,T5#11>,App<F,T6#10>,App<F,T7#9>,App<F,T8#8>,App<F,T9#7>,App<F,T10#6>,App<F,T11#5>,App<F,T12#4>,App<F,T13#3>,App<F,T14#2>,App<F,T15#1>)
    T13#3 extends Object declared in method <T1#15,T2#14,T3#13,T4#12,T5#11,T6#10,T7#9,T8#8,T9#7,T10#6,T11#5,T12#4,T13#3,T14#2,T15#1>group(App<F,T1#15>,App<F,T2#14>,App<F,T3#13>,App<F,T4#12>,App<F,T5#11>,App<F,T6#10>,App<F,T7#9>,App<F,T8#8>,App<F,T9#7>,App<F,T10#6>,App<F,T11#5>,App<F,T12#4>,App<F,T13#3>,App<F,T14#2>,App<F,T15#1>)
    T14#2 extends Object declared in method <T1#15,T2#14,T3#13,T4#12,T5#11,T6#10,T7#9,T8#8,T9#7,T10#6,T11#5,T12#4,T13#3,T14#2,T15#1>group(App<F,T1#15>,App<F,T2#14>,App<F,T3#13>,App<F,T4#12>,App<F,T5#11>,App<F,T6#10>,App<F,T7#9>,App<F,T8#8>,App<F,T9#7>,App<F,T10#6>,App<F,T11#5>,App<F,T12#4>,App<F,T13#3>,App<F,T14#2>,App<F,T15#1>)
    T15#1 extends Object declared in method <T1#15,T2#14,T3#13,T4#12,T5#11,T6#10,T7#9,T8#8,T9#7,T10#6,T11#5,T12#4,T13#3,T14#2,T15#1>group(App<F,T1#15>,App<F,T2#14>,App<F,T3#13>,App<F,T4#12>,App<F,T5#11>,App<F,T6#10>,App<F,T7#9>,App<F,T8#8>,App<F,T9#7>,App<F,T10#6>,App<F,T11#5>,App<F,T12#4>,App<F,T13#3>,App<F,T14#2>,App<F,T15#1>)
    T1#16 extends Object declared in method <T1#16,T2#15,T3#14,T4#13,T5#12,T6#11,T7#10,T8#9,T9#8,T10#7,T11#6,T12#5,T13#4,T14#3,T15#2,T16>group(App<F,T1#16>,App<F,T2#15>,App<F,T3#14>,App<F,T4#13>,App<F,T5#12>,App<F,T6#11>,App<F,T7#10>,App<F,T8#9>,App<F,T9#8>,App<F,T10#7>,App<F,T11#6>,App<F,T12#5>,App<F,T13#4>,App<F,T14#3>,App<F,T15#2>,App<F,T16>)
    T2#15 extends Object declared in method <T1#16,T2#15,T3#14,T4#13,T5#12,T6#11,T7#10,T8#9,T9#8,T10#7,T11#6,T12#5,T13#4,T14#3,T15#2,T16>group(App<F,T1#16>,App<F,T2#15>,App<F,T3#14>,App<F,T4#13>,App<F,T5#12>,App<F,T6#11>,App<F,T7#10>,App<F,T8#9>,App<F,T9#8>,App<F,T10#7>,App<F,T11#6>,App<F,T12#5>,App<F,T13#4>,App<F,T14#3>,App<F,T15#2>,App<F,T16>)
    T3#14 extends Object declared in method <T1#16,T2#15,T3#14,T4#13,T5#12,T6#11,T7#10,T8#9,T9#8,T10#7,T11#6,T12#5,T13#4,T14#3,T15#2,T16>group(App<F,T1#16>,App<F,T2#15>,App<F,T3#14>,App<F,T4#13>,App<F,T5#12>,App<F,T6#11>,App<F,T7#10>,App<F,T8#9>,App<F,T9#8>,App<F,T10#7>,App<F,T11#6>,App<F,T12#5>,App<F,T13#4>,App<F,T14#3>,App<F,T15#2>,App<F,T16>)
    T4#13 extends Object declared in method <T1#16,T2#15,T3#14,T4#13,T5#12,T6#11,T7#10,T8#9,T9#8,T10#7,T11#6,T12#5,T13#4,T14#3,T15#2,T16>group(App<F,T1#16>,App<F,T2#15>,App<F,T3#14>,App<F,T4#13>,App<F,T5#12>,App<F,T6#11>,App<F,T7#10>,App<F,T8#9>,App<F,T9#8>,App<F,T10#7>,App<F,T11#6>,App<F,T12#5>,App<F,T13#4>,App<F,T14#3>,App<F,T15#2>,App<F,T16>)
    T5#12 extends Object declared in method <T1#16,T2#15,T3#14,T4#13,T5#12,T6#11,T7#10,T8#9,T9#8,T10#7,T11#6,T12#5,T13#4,T14#3,T15#2,T16>group(App<F,T1#16>,App<F,T2#15>,App<F,T3#14>,App<F,T4#13>,App<F,T5#12>,App<F,T6#11>,App<F,T7#10>,App<F,T8#9>,App<F,T9#8>,App<F,T10#7>,App<F,T11#6>,App<F,T12#5>,App<F,T13#4>,App<F,T14#3>,App<F,T15#2>,App<F,T16>)
    T6#11 extends Object declared in method <T1#16,T2#15,T3#14,T4#13,T5#12,T6#11,T7#10,T8#9,T9#8,T10#7,T11#6,T12#5,T13#4,T14#3,T15#2,T16>group(App<F,T1#16>,App<F,T2#15>,App<F,T3#14>,App<F,T4#13>,App<F,T5#12>,App<F,T6#11>,App<F,T7#10>,App<F,T8#9>,App<F,T9#8>,App<F,T10#7>,App<F,T11#6>,App<F,T12#5>,App<F,T13#4>,App<F,T14#3>,App<F,T15#2>,App<F,T16>)
    T7#10 extends Object declared in method <T1#16,T2#15,T3#14,T4#13,T5#12,T6#11,T7#10,T8#9,T9#8,T10#7,T11#6,T12#5,T13#4,T14#3,T15#2,T16>group(App<F,T1#16>,App<F,T2#15>,App<F,T3#14>,App<F,T4#13>,App<F,T5#12>,App<F,T6#11>,App<F,T7#10>,App<F,T8#9>,App<F,T9#8>,App<F,T10#7>,App<F,T11#6>,App<F,T12#5>,App<F,T13#4>,App<F,T14#3>,App<F,T15#2>,App<F,T16>)
    T8#9 extends Object declared in method <T1#16,T2#15,T3#14,T4#13,T5#12,T6#11,T7#10,T8#9,T9#8,T10#7,T11#6,T12#5,T13#4,T14#3,T15#2,T16>group(App<F,T1#16>,App<F,T2#15>,App<F,T3#14>,App<F,T4#13>,App<F,T5#12>,App<F,T6#11>,App<F,T7#10>,App<F,T8#9>,App<F,T9#8>,App<F,T10#7>,App<F,T11#6>,App<F,T12#5>,App<F,T13#4>,App<F,T14#3>,App<F,T15#2>,App<F,T16>)
    T9#8 extends Object declared in method <T1#16,T2#15,T3#14,T4#13,T5#12,T6#11,T7#10,T8#9,T9#8,T10#7,T11#6,T12#5,T13#4,T14#3,T15#2,T16>group(App<F,T1#16>,App<F,T2#15>,App<F,T3#14>,App<F,T4#13>,App<F,T5#12>,App<F,T6#11>,App<F,T7#10>,App<F,T8#9>,App<F,T9#8>,App<F,T10#7>,App<F,T11#6>,App<F,T12#5>,App<F,T13#4>,App<F,T14#3>,App<F,T15#2>,App<F,T16>)
    T10#7 extends Object declared in method <T1#16,T2#15,T3#14,T4#13,T5#12,T6#11,T7#10,T8#9,T9#8,T10#7,T11#6,T12#5,T13#4,T14#3,T15#2,T16>group(App<F,T1#16>,App<F,T2#15>,App<F,T3#14>,App<F,T4#13>,App<F,T5#12>,App<F,T6#11>,App<F,T7#10>,App<F,T8#9>,App<F,T9#8>,App<F,T10#7>,App<F,T11#6>,App<F,T12#5>,App<F,T13#4>,App<F,T14#3>,App<F,T15#2>,App<F,T16>)
    T11#6 extends Object declared in method <T1#16,T2#15,T3#14,T4#13,T5#12,T6#11,T7#10,T8#9,T9#8,T10#7,T11#6,T12#5,T13#4,T14#3,T15#2,T16>group(App<F,T1#16>,App<F,T2#15>,App<F,T3#14>,App<F,T4#13>,App<F,T5#12>,App<F,T6#11>,App<F,T7#10>,App<F,T8#9>,App<F,T9#8>,App<F,T10#7>,App<F,T11#6>,App<F,T12#5>,App<F,T13#4>,App<F,T14#3>,App<F,T15#2>,App<F,T16>)
    T12#5 extends Object declared in method <T1#16,T2#15,T3#14,T4#13,T5#12,T6#11,T7#10,T8#9,T9#8,T10#7,T11#6,T12#5,T13#4,T14#3,T15#2,T16>group(App<F,T1#16>,App<F,T2#15>,App<F,T3#14>,App<F,T4#13>,App<F,T5#12>,App<F,T6#11>,App<F,T7#10>,App<F,T8#9>,App<F,T9#8>,App<F,T10#7>,App<F,T11#6>,App<F,T12#5>,App<F,T13#4>,App<F,T14#3>,App<F,T15#2>,App<F,T16>)
    T13#4 extends Object declared in method <T1#16,T2#15,T3#14,T4#13,T5#12,T6#11,T7#10,T8#9,T9#8,T10#7,T11#6,T12#5,T13#4,T14#3,T15#2,T16>group(App<F,T1#16>,App<F,T2#15>,App<F,T3#14>,App<F,T4#13>,App<F,T5#12>,App<F,T6#11>,App<F,T7#10>,App<F,T8#9>,App<F,T9#8>,App<F,T10#7>,App<F,T11#6>,App<F,T12#5>,App<F,T13#4>,App<F,T14#3>,App<F,T15#2>,App<F,T16>)
    T14#3 extends Object declared in method <T1#16,T2#15,T3#14,T4#13,T5#12,T6#11,T7#10,T8#9,T9#8,T10#7,T11#6,T12#5,T13#4,T14#3,T15#2,T16>group(App<F,T1#16>,App<F,T2#15>,App<F,T3#14>,App<F,T4#13>,App<F,T5#12>,App<F,T6#11>,App<F,T7#10>,App<F,T8#9>,App<F,T9#8>,App<F,T10#7>,App<F,T11#6>,App<F,T12#5>,App<F,T13#4>,App<F,T14#3>,App<F,T15#2>,App<F,T16>)
    T15#2 extends Object declared in method <T1#16,T2#15,T3#14,T4#13,T5#12,T6#11,T7#10,T8#9,T9#8,T10#7,T11#6,T12#5,T13#4,T14#3,T15#2,T16>group(App<F,T1#16>,App<F,T2#15>,App<F,T3#14>,App<F,T4#13>,App<F,T5#12>,App<F,T6#11>,App<F,T7#10>,App<F,T8#9>,App<F,T9#8>,App<F,T10#7>,App<F,T11#6>,App<F,T12#5>,App<F,T13#4>,App<F,T14#3>,App<F,T15#2>,App<F,T16>)
    T16 extends Object declared in method <T1#16,T2#15,T3#14,T4#13,T5#12,T6#11,T7#10,T8#9,T9#8,T10#7,T11#6,T12#5,T13#4,T14#3,T15#2,T16>group(App<F,T1#16>,App<F,T2#15>,App<F,T3#14>,App<F,T4#13>,App<F,T5#12>,App<F,T6#11>,App<F,T7#10>,App<F,T8#9>,App<F,T9#8>,App<F,T10#7>,App<F,T11#6>,App<F,T12#5>,App<F,T13#4>,App<F,T14#3>,App<F,T15#2>,App<F,T16>)
/home/runner/work/TaCZ_Refabricated_Unofficial/TaCZ_Refabricated_Unofficial/src/main/java/cn/sh1rocu/tacz/industry/api/feed/StripperClipData.java:41: error: incompatible types: invalid method reference
    ).validate(StripperClipData::validateShape);
               ^
    incompatible types: Object cannot be converted to StripperClipData
/home/runner/work/TaCZ_Refabricated_Unofficial/TaCZ_Refabricated_Unofficial/src/main/java/cn/sh1rocu/tacz/industry/api/feed/EnBlocClipData.java:38: error: no suitable method found for group(RecordCodecBuilder<EnBlocClipData,Identifier>,RecordCodecBuilder<EnBlocClipData,Integer>,RecordCodecBuilder<EnBlocClipData,List<LoadedRound>>,RecordCodecBuilder<EnBlocClipData,Boolean>)
            instance -> instance.group(
                                ^
    method Kind1.<T1#1>group(App<Mu<Object>,T1#1>) is not applicable
      (cannot infer type-variable(s) T1#1
        (actual and formal argument lists differ in length))
    method Kind1.<T1#2,T2#1>group(App<Mu<Object>,T1#2>,App<Mu<Object>,T2#1>) is not applicable
      (cannot infer type-variable(s) T1#2,T2#1
        (actual and formal argument lists differ in length))
    method Kind1.<T1#3,T2#2,T3#1>group(App<Mu<Object>,T1#3>,App<Mu<Object>,T2#2>,App<Mu<Object>,T3#1>) is not applicable
      (cannot infer type-variable(s) T1#3,T2#2,T3#1
        (actual and formal argument lists differ in length))
    method Kind1.<T1#4,T2#3,T3#2,T4#1>group(App<Mu<Object>,T1#4>,App<Mu<Object>,T2#3>,App<Mu<Object>,T3#2>,App<Mu<Object>,T4#1>) is not applicable
      (inference variable O has incompatible bounds
        equality constraints: Object
        upper bounds: Object,EnBlocClipData)
    method Kind1.<T1#5,T2#4,T3#3,T4#2,T5#1>group(App<Mu<Object>,T1#5>,App<Mu<Object>,T2#4>,App<Mu<Object>,T3#3>,App<Mu<Object>,T4#2>,App<Mu<Object>,T5#1>) is not applicable
      (cannot infer type-variable(s) T1#5,T2#4,T3#3,T4#2,T5#1
        (actual and formal argument lists differ in length))
    method Kind1.<T1#6,T2#5,T3#4,T4#3,T5#2,T6#1>group(App<Mu<Object>,T1#6>,App<Mu<Object>,T2#5>,App<Mu<Object>,T3#4>,App<Mu<Object>,T4#3>,App<Mu<Object>,T5#2>,App<Mu<Object>,T6#1>) is not applicable
      (cannot infer type-variable(s) T1#6,T2#5,T3#4,T4#3,T5#2,T6#1
        (actual and formal argument lists differ in length))
    method Kind1.<T1#7,T2#6,T3#5,T4#4,T5#3,T6#2,T7#1>group(App<Mu<Object>,T1#7>,App<Mu<Object>,T2#6>,App<Mu<Object>,T3#5>,App<Mu<Object>,T4#4>,App<Mu<Object>,T5#3>,App<Mu<Object>,T6#2>,App<Mu<Object>,T7#1>) is not applicable
      (cannot infer type-variable(s) T1#7,T2#6,T3#5,T4#4,T5#3,T6#2,T7#1
        (actual and formal argument lists differ in length))
    method Kind1.<T1#8,T2#7,T3#6,T4#5,T5#4,T6#3,T7#2,T8#1>group(App<Mu<Object>,T1#8>,App<Mu<Object>,T2#7>,App<Mu<Object>,T3#6>,App<Mu<Object>,T4#5>,App<Mu<Object>,T5#4>,App<Mu<Object>,T6#3>,App<Mu<Object>,T7#2>,App<Mu<Object>,T8#1>) is not applicable
      (cannot infer type-variable(s) T1#8,T2#7,T3#6,T4#5,T5#4,T6#3,T7#2,T8#1
        (actual and formal argument lists differ in length))
    method Kind1.<T1#9,T2#8,T3#7,T4#6,T5#5,T6#4,T7#3,T8#2,T9#1>group(App<Mu<Object>,T1#9>,App<Mu<Object>,T2#8>,App<Mu<Object>,T3#7>,App<Mu<Object>,T4#6>,App<Mu<Object>,T5#5>,App<Mu<Object>,T6#4>,App<Mu<Object>,T7#3>,App<Mu<Object>,T8#2>,App<Mu<Object>,T9#1>) is not applicable
      (cannot infer type-variable(s) T1#9,T2#8,T3#7,T4#6,T5#5,T6#4,T7#3,T8#2,T9#1
        (actual and formal argument lists differ in length))
    method Kind1.<T1#10,T2#9,T3#8,T4#7,T5#6,T6#5,T7#4,T8#3,T9#2,T10#1>group(App<Mu<Object>,T1#10>,App<Mu<Object>,T2#9>,App<Mu<Object>,T3#8>,App<Mu<Object>,T4#7>,App<Mu<Object>,T5#6>,App<Mu<Object>,T6#5>,App<Mu<Object>,T7#4>,App<Mu<Object>,T8#3>,App<Mu<Object>,T9#2>,App<Mu<Object>,T10#1>) is not applicable
      (cannot infer type-variable(s) T1#10,T2#9,T3#8,T4#7,T5#6,T6#5,T7#4,T8#3,T9#2,T10#1
        (actual and formal argument lists differ in length))
    method Kind1.<T1#11,T2#10,T3#9,T4#8,T5#7,T6#6,T7#5,T8#4,T9#3,T10#2,T11#1>group(App<Mu<Object>,T1#11>,App<Mu<Object>,T2#10>,App<Mu<Object>,T3#9>,App<Mu<Object>,T4#8>,App<Mu<Object>,T5#7>,App<Mu<Object>,T6#6>,App<Mu<Object>,T7#5>,App<Mu<Object>,T8#4>,App<Mu<Object>,T9#3>,App<Mu<Object>,T10#2>,App<Mu<Object>,T11#1>) is not applicable
      (cannot infer type-variable(s) T1#11,T2#10,T3#9,T4#8,T5#7,T6#6,T7#5,T8#4,T9#3,T10#2,T11#1
        (actual and formal argument lists differ in length))
    method Kind1.<T1#12,T2#11,T3#10,T4#9,T5#8,T6#7,T7#6,T8#5,T9#4,T10#3,T11#2,T12#1>group(App<Mu<Object>,T1#12>,App<Mu<Object>,T2#11>,App<Mu<Object>,T3#10>,App<Mu<Object>,T4#9>,App<Mu<Object>,T5#8>,App<Mu<Object>,T6#7>,App<Mu<Object>,T7#6>,App<Mu<Object>,T8#5>,App<Mu<Object>,T9#4>,App<Mu<Object>,T10#3>,App<Mu<Object>,T11#2>,App<Mu<Object>,T12#1>) is not applicable
      (cannot infer type-variable(s) T1#12,T2#11,T3#10,T4#9,T5#8,T6#7,T7#6,T8#5,T9#4,T10#3,T11#2,T12#1
        (actual and formal argument lists differ in length))
    method Kind1.<T1#13,T2#12,T3#11,T4#10,T5#9,T6#8,T7#7,T8#6,T9#5,T10#4,T11#3,T12#2,T13#1>group(App<Mu<Object>,T1#13>,App<Mu<Object>,T2#12>,App<Mu<Object>,T3#11>,App<Mu<Object>,T4#10>,App<Mu<Object>,T5#9>,App<Mu<Object>,T6#8>,App<Mu<Object>,T7#7>,App<Mu<Object>,T8#6>,App<Mu<Object>,T9#5>,App<Mu<Object>,T10#4>,App<Mu<Object>,T11#3>,App<Mu<Object>,T12#2>,App<Mu<Object>,T13#1>) is not applicable
      (cannot infer type-variable(s) T1#13,T2#12,T3#11,T4#10,T5#9,T6#8,T7#7,T8#6,T9#5,T10#4,T11#3,T12#2,T13#1
        (actual and formal argument lists differ in length))
    method Kind1.<T1#14,T2#13,T3#12,T4#11,T5#10,T6#9,T7#8,T8#7,T9#6,T10#5,T11#4,T12#3,T13#2,T14#1>group(App<Mu<Object>,T1#14>,App<Mu<Object>,T2#13>,App<Mu<Object>,T3#12>,App<Mu<Object>,T4#11>,App<Mu<Object>,T5#10>,App<Mu<Object>,T6#9>,App<Mu<Object>,T7#8>,App<Mu<Object>,T8#7>,App<Mu<Object>,T9#6>,App<Mu<Object>,T10#5>,App<Mu<Object>,T11#4>,App<Mu<Object>,T12#3>,App<Mu<Object>,T13#2>,App<Mu<Object>,T14#1>) is not applicable
      (cannot infer type-variable(s) T1#14,T2#13,T3#12,T4#11,T5#10,T6#9,T7#8,T8#7,T9#6,T10#5,T11#4,T12#3,T13#2,T14#1
        (actual and formal argument lists differ in length))
    method Kind1.<T1#15,T2#14,T3#13,T4#12,T5#11,T6#10,T7#9,T8#8,T9#7,T10#6,T11#5,T12#4,T13#3,T14#2,T15#1>group(App<Mu<Object>,T1#15>,App<Mu<Object>,T2#14>,App<Mu<Object>,T3#13>,App<Mu<Object>,T4#12>,App<Mu<Object>,T5#11>,App<Mu<Object>,T6#10>,App<Mu<Object>,T7#9>,App<Mu<Object>,T8#8>,App<Mu<Object>,T9#7>,App<Mu<Object>,T10#6>,App<Mu<Object>,T11#5>,App<Mu<Object>,T12#4>,App<Mu<Object>,T13#3>,App<Mu<Object>,T14#2>,App<Mu<Object>,T15#1>) is not applicable
      (cannot infer type-variable(s) T1#15,T2#14,T3#13,T4#12,T5#11,T6#10,T7#9,T8#8,T9#7,T10#6,T11#5,T12#4,T13#3,T14#2,T15#1
        (actual and formal argument lists differ in length))
    method Kind1.<T1#16,T2#15,T3#14,T4#13,T5#12,T6#11,T7#10,T8#9,T9#8,T10#7,T11#6,T12#5,T13#4,T14#3,T15#2,T16>group(App<Mu<Object>,T1#16>,App<Mu<Object>,T2#15>,App<Mu<Object>,T3#14>,App<Mu<Object>,T4#13>,App<Mu<Object>,T5#12>,App<Mu<Object>,T6#11>,App<Mu<Object>,T7#10>,App<Mu<Object>,T8#9>,App<Mu<Object>,T9#8>,App<Mu<Object>,T10#7>,App<Mu<Object>,T11#6>,App<Mu<Object>,T12#5>,App<Mu<Object>,T13#4>,App<Mu<Object>,T14#3>,App<Mu<Object>,T15#2>,App<Mu<Object>,T16>) is not applicable
      (cannot infer type-variable(s) T1#16,T2#15,T3#14,T4#13,T5#12,T6#11,T7#10,T8#9,T9#8,T10#7,T11#6,T12#5,T13#4,T14#3,T15#2,T16
        (actual and formal argument lists differ in length))
  where T1#1,F,T1#2,T2#1,T1#3,T2#2,T3#1,T1#4,T2#3,T3#2,T4#1,O,A,T1#5,T2#4,T3#3,T4#2,T5#1,T1#6,T2#5,T3#4,T4#3,T5#2,T6#1,T1#7,T2#6,T3#5,T4#4,T5#3,T6#2,T7#1,T1#8,T2#7,T3#6,T4#5,T5#4,T6#3,T7#2,T8#1,T1#9,T2#8,T3#7,T4#6,T5#5,T6#4,T7#3,T8#2,T9#1,T1#10,T2#9,T3#8,T4#7,T5#6,T6#5,T7#4,T8#3,T9#2,T10#1,T1#11,T2#10,T3#9,T4#8,T5#7,T6#6,T7#5,T8#4,T9#3,T10#2,T11#1,T1#12,T2#11,T3#10,T4#9,T5#8,T6#7,T7#6,T8#5,T9#4,T10#3,T11#2,T12#1,T1#13,T2#12,T3#11,T4#10,T5#9,T6#8,T7#7,T8#6,T9#5,T10#4,T11#3,T12#2,T13#1,T1#14,T2#13,T3#12,T4#11,T5#10,T6#9,T7#8,T8#7,T9#6,T10#5,T11#4,T12#3,T13#2,T14#1,T1#15,T2#14,T3#13,T4#12,T5#11,T6#10,T7#9,T8#8,T9#7,T10#6,T11#5,T12#4,T13#3,T14#2,T15#1,T1#16,T2#15,T3#14,T4#13,T5#12,T6#11,T7#10,T8#9,T9#8,T10#7,T11#6,T12#5,T13#4,T14#3,T15#2,T16 are type-variables:
    T1#1 extends Object declared in method <T1#1>group(App<F,T1#1>)
    F extends K1 declared in interface Kind1
    T1#2 extends Object declared in method <T1#2,T2#1>group(App<F,T1#2>,App<F,T2#1>)
    T2#1 extends Object declared in method <T1#2,T2#1>group(App<F,T1#2>,App<F,T2#1>)
    T1#3 extends Object declared in method <T1#3,T2#2,T3#1>group(App<F,T1#3>,App<F,T2#2>,App<F,T3#1>)
    T2#2 extends Object declared in method <T1#3,T2#2,T3#1>group(App<F,T1#3>,App<F,T2#2>,App<F,T3#1>)
    T3#1 extends Object declared in method <T1#3,T2#2,T3#1>group(App<F,T1#3>,App<F,T2#2>,App<F,T3#1>)
    T1#4 extends Object declared in method <T1#4,T2#3,T3#2,T4#1>group(App<F,T1#4>,App<F,T2#3>,App<F,T3#2>,App<F,T4#1>)
    T2#3 extends Object declared in method <T1#4,T2#3,T3#2,T4#1>group(App<F,T1#4>,App<F,T2#3>,App<F,T3#2>,App<F,T4#1>)
    T3#2 extends Object declared in method <T1#4,T2#3,T3#2,T4#1>group(App<F,T1#4>,App<F,T2#3>,App<F,T3#2>,App<F,T4#1>)
    T4#1 extends Object declared in method <T1#4,T2#3,T3#2,T4#1>group(App<F,T1#4>,App<F,T2#3>,App<F,T3#2>,App<F,T4#1>)
    O extends Object declared in method <O>forGetter(Function<O,A>)
    A extends Object declared in class MapCodec
    T1#5 extends Object declared in method <T1#5,T2#4,T3#3,T4#2,T5#1>group(App<F,T1#5>,App<F,T2#4>,App<F,T3#3>,App<F,T4#2>,App<F,T5#1>)
    T2#4 extends Object declared in method <T1#5,T2#4,T3#3,T4#2,T5#1>group(App<F,T1#5>,App<F,T2#4>,App<F,T3#3>,App<F,T4#2>,App<F,T5#1>)
    T3#3 extends Object declared in method <T1#5,T2#4,T3#3,T4#2,T5#1>group(App<F,T1#5>,App<F,T2#4>,App<F,T3#3>,App<F,T4#2>,App<F,T5#1>)
    T4#2 extends Object declared in method <T1#5,T2#4,T3#3,T4#2,T5#1>group(App<F,T1#5>,App<F,T2#4>,App<F,T3#3>,App<F,T4#2>,App<F,T5#1>)
    T5#1 extends Object declared in method <T1#5,T2#4,T3#3,T4#2,T5#1>group(App<F,T1#5>,App<F,T2#4>,App<F,T3#3>,App<F,T4#2>,App<F,T5#1>)
    T1#6 extends Object declared in method <T1#6,T2#5,T3#4,T4#3,T5#2,T6#1>group(App<F,T1#6>,App<F,T2#5>,App<F,T3#4>,App<F,T4#3>,App<F,T5#2>,App<F,T6#1>)
    T2#5 extends Object declared in method <T1#6,T2#5,T3#4,T4#3,T5#2,T6#1>group(App<F,T1#6>,App<F,T2#5>,App<F,T3#4>,App<F,T4#3>,App<F,T5#2>,App<F,T6#1>)
    T3#4 extends Object declared in method <T1#6,T2#5,T3#4,T4#3,T5#2,T6#1>group(App<F,T1#6>,App<F,T2#5>,App<F,T3#4>,App<F,T4#3>,App<F,T5#2>,App<F,T6#1>)
    T4#3 extends Object declared in method <T1#6,T2#5,T3#4,T4#3,T5#2,T6#1>group(App<F,T1#6>,App<F,T2#5>,App<F,T3#4>,App<F,T4#3>,App<F,T5#2>,App<F,T6#1>)
    T5#2 extends Object declared in method <T1#6,T2#5,T3#4,T4#3,T5#2,T6#1>group(App<F,T1#6>,App<F,T2#5>,App<F,T3#4>,App<F,T4#3>,App<F,T5#2>,App<F,T6#1>)
    T6#1 extends Object declared in method <T1#6,T2#5,T3#4,T4#3,T5#2,T6#1>group(App<F,T1#6>,App<F,T2#5>,App<F,T3#4>,App<F,T4#3>,App<F,T5#2>,App<F,T6#1>)
    T1#7 extends Object declared in method <T1#7,T2#6,T3#5,T4#4,T5#3,T6#2,T7#1>group(App<F,T1#7>,App<F,T2#6>,App<F,T3#5>,App<F,T4#4>,App<F,T5#3>,App<F,T6#2>,App<F,T7#1>)
    T2#6 extends Object declared in method <T1#7,T2#6,T3#5,T4#4,T5#3,T6#2,T7#1>group(App<F,T1#7>,App<F,T2#6>,App<F,T3#5>,App<F,T4#4>,App<F,T5#3>,App<F,T6#2>,App<F,T7#1>)
    T3#5 extends Object declared in method <T1#7,T2#6,T3#5,T4#4,T5#3,T6#2,T7#1>group(App<F,T1#7>,App<F,T2#6>,App<F,T3#5>,App<F,T4#4>,App<F,T5#3>,App<F,T6#2>,App<F,T7#1>)
    T4#4 extends Object declared in method <T1#7,T2#6,T3#5,T4#4,T5#3,T6#2,T7#1>group(App<F,T1#7>,App<F,T2#6>,App<F,T3#5>,App<F,T4#4>,App<F,T5#3>,App<F,T6#2>,App<F,T7#1>)
    T5#3 extends Object declared in method <T1#7,T2#6,T3#5,T4#4,T5#3,T6#2,T7#1>group(App<F,T1#7>,App<F,T2#6>,App<F,T3#5>,App<F,T4#4>,App<F,T5#3>,App<F,T6#2>,App<F,T7#1>)
    T6#2 extends Object declared in method <T1#7,T2#6,T3#5,T4#4,T5#3,T6#2,T7#1>group(App<F,T1#7>,App<F,T2#6>,App<F,T3#5>,App<F,T4#4>,App<F,T5#3>,App<F,T6#2>,App<F,T7#1>)
    T7#1 extends Object declared in method <T1#7,T2#6,T3#5,T4#4,T5#3,T6#2,T7#1>group(App<F,T1#7>,App<F,T2#6>,App<F,T3#5>,App<F,T4#4>,App<F,T5#3>,App<F,T6#2>,App<F,T7#1>)
    T1#8 extends Object declared in method <T1#8,T2#7,T3#6,T4#5,T5#4,T6#3,T7#2,T8#1>group(App<F,T1#8>,App<F,T2#7>,App<F,T3#6>,App<F,T4#5>,App<F,T5#4>,App<F,T6#3>,App<F,T7#2>,App<F,T8#1>)
    T2#7 extends Object declared in method <T1#8,T2#7,T3#6,T4#5,T5#4,T6#3,T7#2,T8#1>group(App<F,T1#8>,App<F,T2#7>,App<F,T3#6>,App<F,T4#5>,App<F,T5#4>,App<F,T6#3>,App<F,T7#2>,App<F,T8#1>)
    T3#6 extends Object declared in method <T1#8,T2#7,T3#6,T4#5,T5#4,T6#3,T7#2,T8#1>group(App<F,T1#8>,App<F,T2#7>,App<F,T3#6>,App<F,T4#5>,App<F,T5#4>,App<F,T6#3>,App<F,T7#2>,App<F,T8#1>)
    T4#5 extends Object declared in method <T1#8,T2#7,T3#6,T4#5,T5#4,T6#3,T7#2,T8#1>group(App<F,T1#8>,App<F,T2#7>,App<F,T3#6>,App<F,T4#5>,App<F,T5#4>,App<F,T6#3>,App<F,T7#2>,App<F,T8#1>)
    T5#4 extends Object declared in method <T1#8,T2#7,T3#6,T4#5,T5#4,T6#3,T7#2,T8#1>group(App<F,T1#8>,App<F,T2#7>,App<F,T3#6>,App<F,T4#5>,App<F,T5#4>,App<F,T6#3>,App<F,T7#2>,App<F,T8#1>)
    T6#3 extends Object declared in method <T1#8,T2#7,T3#6,T4#5,T5#4,T6#3,T7#2,T8#1>group(App<F,T1#8>,App<F,T2#7>,App<F,T3#6>,App<F,T4#5>,App<F,T5#4>,App<F,T6#3>,App<F,T7#2>,App<F,T8#1>)
    T7#2 extends Object declared in method <T1#8,T2#7,T3#6,T4#5,T5#4,T6#3,T7#2,T8#1>group(App<F,T1#8>,App<F,T2#7>,App<F,T3#6>,App<F,T4#5>,App<F,T5#4>,App<F,T6#3>,App<F,T7#2>,App<F,T8#1>)
    T8#1 extends Object declared in method <T1#8,T2#7,T3#6,T4#5,T5#4,T6#3,T7#2,T8#1>group(App<F,T1#8>,App<F,T2#7>,App<F,T3#6>,App<F,T4#5>,App<F,T5#4>,App<F,T6#3>,App<F,T7#2>,App<F,T8#1>)
    T1#9 extends Object declared in method <T1#9,T2#8,T3#7,T4#6,T5#5,T6#4,T7#3,T8#2,T9#1>group(App<F,T1#9>,App<F,T2#8>,App<F,T3#7>,App<F,T4#6>,App<F,T5#5>,App<F,T6#4>,App<F,T7#3>,App<F,T8#2>,App<F,T9#1>)
    T2#8 extends Object declared in method <T1#9,T2#8,T3#7,T4#6,T5#5,T6#4,T7#3,T8#2,T9#1>group(App<F,T1#9>,App<F,T2#8>,App<F,T3#7>,App<F,T4#6>,App<F,T5#5>,App<F,T6#4>,App<F,T7#3>,App<F,T8#2>,App<F,T9#1>)
    T3#7 extends Object declared in method <T1#9,T2#8,T3#7,T4#6,T5#5,T6#4,T7#3,T8#2,T9#1>group(App<F,T1#9>,App<F,T2#8>,App<F,T3#7>,App<F,T4#6>,App<F,T5#5>,App<F,T6#4>,App<F,T7#3>,App<F,T8#2>,App<F,T9#1>)
    T4#6 extends Object declared in method <T1#9,T2#8,T3#7,T4#6,T5#5,T6#4,T7#3,T8#2,T9#1>group(App<F,T1#9>,App<F,T2#8>,App<F,T3#7>,App<F,T4#6>,App<F,T5#5>,App<F,T6#4>,App<F,T7#3>,App<F,T8#2>,App<F,T9#1>)
    T5#5 extends Object declared in method <T1#9,T2#8,T3#7,T4#6,T5#5,T6#4,T7#3,T8#2,T9#1>group(App<F,T1#9>,App<F,T2#8>,App<F,T3#7>,App<F,T4#6>,App<F,T5#5>,App<F,T6#4>,App<F,T7#3>,App<F,T8#2>,App<F,T9#1>)
    T6#4 extends Object declared in method <T1#9,T2#8,T3#7,T4#6,T5#5,T6#4,T7#3,T8#2,T9#1>group(App<F,T1#9>,App<F,T2#8>,App<F,T3#7>,App<F,T4#6>,App<F,T5#5>,App<F,T6#4>,App<F,T7#3>,App<F,T8#2>,App<F,T9#1>)
    T7#3 extends Object declared in method <T1#9,T2#8,T3#7,T4#6,T5#5,T6#4,T7#3,T8#2,T9#1>group(App<F,T1#9>,App<F,T2#8>,App<F,T3#7>,App<F,T4#6>,App<F,T5#5>,App<F,T6#4>,App<F,T7#3>,App<F,T8#2>,App<F,T9#1>)
    T8#2 extends Object declared in method <T1#9,T2#8,T3#7,T4#6,T5#5,T6#4,T7#3,T8#2,T9#1>group(App<F,T1#9>,App<F,T2#8>,App<F,T3#7>,App<F,T4#6>,App<F,T5#5>,App<F,T6#4>,App<F,T7#3>,App<F,T8#2>,App<F,T9#1>)
    T9#1 extends Object declared in method <T1#9,T2#8,T3#7,T4#6,T5#5,T6#4,T7#3,T8#2,T9#1>group(App<F,T1#9>,App<F,T2#8>,App<F,T3#7>,App<F,T4#6>,App<F,T5#5>,App<F,T6#4>,App<F,T7#3>,App<F,T8#2>,App<F,T9#1>)
    T1#10 extends Object declared in method <T1#10,T2#9,T3#8,T4#7,T5#6,T6#5,T7#4,T8#3,T9#2,T10#1>group(App<F,T1#10>,App<F,T2#9>,App<F,T3#8>,App<F,T4#7>,App<F,T5#6>,App<F,T6#5>,App<F,T7#4>,App<F,T8#3>,App<F,T9#2>,App<F,T10#1>)
    T2#9 extends Object declared in method <T1#10,T2#9,T3#8,T4#7,T5#6,T6#5,T7#4,T8#3,T9#2,T10#1>group(App<F,T1#10>,App<F,T2#9>,App<F,T3#8>,App<F,T4#7>,App<F,T5#6>,App<F,T6#5>,App<F,T7#4>,App<F,T8#3>,App<F,T9#2>,App<F,T10#1>)
    T3#8 extends Object declared in method <T1#10,T2#9,T3#8,T4#7,T5#6,T6#5,T7#4,T8#3,T9#2,T10#1>group(App<F,T1#10>,App<F,T2#9>,App<F,T3#8>,App<F,T4#7>,App<F,T5#6>,App<F,T6#5>,App<F,T7#4>,App<F,T8#3>,App<F,T9#2>,App<F,T10#1>)
    T4#7 extends Object declared in method <T1#10,T2#9,T3#8,T4#7,T5#6,T6#5,T7#4,T8#3,T9#2,T10#1>group(App<F,T1#10>,App<F,T2#9>,App<F,T3#8>,App<F,T4#7>,App<F,T5#6>,App<F,T6#5>,App<F,T7#4>,App<F,T8#3>,App<F,T9#2>,App<F,T10#1>)
    T5#6 extends Object declared in method <T1#10,T2#9,T3#8,T4#7,T5#6,T6#5,T7#4,T8#3,T9#2,T10#1>group(App<F,T1#10>,App<F,T2#9>,App<F,T3#8>,App<F,T4#7>,App<F,T5#6>,App<F,T6#5>,App<F,T7#4>,App<F,T8#3>,App<F,T9#2>,App<F,T10#1>)
    T6#5 extends Object declared in method <T1#10,T2#9,T3#8,T4#7,T5#6,T6#5,T7#4,T8#3,T9#2,T10#1>group(App<F,T1#10>,App<F,T2#9>,App<F,T3#8>,App<F,T4#7>,App<F,T5#6>,App<F,T6#5>,App<F,T7#4>,App<F,T8#3>,App<F,T9#2>,App<F,T10#1>)
    T7#4 extends Object declared in method <T1#10,T2#9,T3#8,T4#7,T5#6,T6#5,T7#4,T8#3,T9#2,T10#1>group(App<F,T1#10>,App<F,T2#9>,App<F,T3#8>,App<F,T4#7>,App<F,T5#6>,App<F,T6#5>,App<F,T7#4>,App<F,T8#3>,App<F,T9#2>,App<F,T10#1>)
    T8#3 extends Object declared in method <T1#10,T2#9,T3#8,T4#7,T5#6,T6#5,T7#4,T8#3,T9#2,T10#1>group(App<F,T1#10>,App<F,T2#9>,App<F,T3#8>,App<F,T4#7>,App<F,T5#6>,App<F,T6#5>,App<F,T7#4>,App<F,T8#3>,App<F,T9#2>,App<F,T10#1>)
    T9#2 extends Object declared in method <T1#10,T2#9,T3#8,T4#7,T5#6,T6#5,T7#4,T8#3,T9#2,T10#1>group(App<F,T1#10>,App<F,T2#9>,App<F,T3#8>,App<F,T4#7>,App<F,T5#6>,App<F,T6#5>,App<F,T7#4>,App<F,T8#3>,App<F,T9#2>,App<F,T10#1>)
    T10#1 extends Object declared in method <T1#10,T2#9,T3#8,T4#7,T5#6,T6#5,T7#4,T8#3,T9#2,T10#1>group(App<F,T1#10>,App<F,T2#9>,App<F,T3#8>,App<F,T4#7>,App<F,T5#6>,App<F,T6#5>,App<F,T7#4>,App<F,T8#3>,App<F,T9#2>,App<F,T10#1>)
    T1#11 extends Object declared in method <T1#11,T2#10,T3#9,T4#8,T5#7,T6#6,T7#5,T8#4,T9#3,T10#2,T11#1>group(App<F,T1#11>,App<F,T2#10>,App<F,T3#9>,App<F,T4#8>,App<F,T5#7>,App<F,T6#6>,App<F,T7#5>,App<F,T8#4>,App<F,T9#3>,App<F,T10#2>,App<F,T11#1>)
    T2#10 extends Object declared in method <T1#11,T2#10,T3#9,T4#8,T5#7,T6#6,T7#5,T8#4,T9#3,T10#2,T11#1>group(App<F,T1#11>,App<F,T2#10>,App<F,T3#9>,App<F,T4#8>,App<F,T5#7>,App<F,T6#6>,App<F,T7#5>,App<F,T8#4>,App<F,T9#3>,App<F,T10#2>,App<F,T11#1>)
    T3#9 extends Object declared in method <T1#11,T2#10,T3#9,T4#8,T5#7,T6#6,T7#5,T8#4,T9#3,T10#2,T11#1>group(App<F,T1#11>,App<F,T2#10>,App<F,T3#9>,App<F,T4#8>,App<F,T5#7>,App<F,T6#6>,App<F,T7#5>,App<F,T8#4>,App<F,T9#3>,App<F,T10#2>,App<F,T11#1>)
    T4#8 extends Object declared in method <T1#11,T2#10,T3#9,T4#8,T5#7,T6#6,T7#5,T8#4,T9#3,T10#2,T11#1>group(App<F,T1#11>,App<F,T2#10>,App<F,T3#9>,App<F,T4#8>,App<F,T5#7>,App<F,T6#6>,App<F,T7#5>,App<F,T8#4>,App<F,T9#3>,App<F,T10#2>,App<F,T11#1>)
    T5#7 extends Object declared in method <T1#11,T2#10,T3#9,T4#8,T5#7,T6#6,T7#5,T8#4,T9#3,T10#2,T11#1>group(App<F,T1#11>,App<F,T2#10>,App<F,T3#9>,App<F,T4#8>,App<F,T5#7>,App<F,T6#6>,App<F,T7#5>,App<F,T8#4>,App<F,T9#3>,App<F,T10#2>,App<F,T11#1>)
    T6#6 extends Object declared in method <T1#11,T2#10,T3#9,T4#8,T5#7,T6#6,T7#5,T8#4,T9#3,T10#2,T11#1>group(App<F,T1#11>,App<F,T2#10>,App<F,T3#9>,App<F,T4#8>,App<F,T5#7>,App<F,T6#6>,App<F,T7#5>,App<F,T8#4>,App<F,T9#3>,App<F,T10#2>,App<F,T11#1>)
    T7#5 extends Object declared in method <T1#11,T2#10,T3#9,T4#8,T5#7,T6#6,T7#5,T8#4,T9#3,T10#2,T11#1>group(App<F,T1#11>,App<F,T2#10>,App<F,T3#9>,App<F,T4#8>,App<F,T5#7>,App<F,T6#6>,App<F,T7#5>,App<F,T8#4>,App<F,T9#3>,App<F,T10#2>,App<F,T11#1>)
    T8#4 extends Object declared in method <T1#11,T2#10,T3#9,T4#8,T5#7,T6#6,T7#5,T8#4,T9#3,T10#2,T11#1>group(App<F,T1#11>,App<F,T2#10>,App<F,T3#9>,App<F,T4#8>,App<F,T5#7>,App<F,T6#6>,App<F,T7#5>,App<F,T8#4>,App<F,T9#3>,App<F,T10#2>,App<F,T11#1>)
    T9#3 extends Object declared in method <T1#11,T2#10,T3#9,T4#8,T5#7,T6#6,T7#5,T8#4,T9#3,T10#2,T11#1>group(App<F,T1#11>,App<F,T2#10>,App<F,T3#9>,App<F,T4#8>,App<F,T5#7>,App<F,T6#6>,App<F,T7#5>,App<F,T8#4>,App<F,T9#3>,App<F,T10#2>,App<F,T11#1>)
    T10#2 extends Object declared in method <T1#11,T2#10,T3#9,T4#8,T5#7,T6#6,T7#5,T8#4,T9#3,T10#2,T11#1>group(App<F,T1#11>,App<F,T2#10>,App<F,T3#9>,App<F,T4#8>,App<F,T5#7>,App<F,T6#6>,App<F,T7#5>,App<F,T8#4>,App<F,T9#3>,App<F,T10#2>,App<F,T11#1>)
    T11#1 extends Object declared in method <T1#11,T2#10,T3#9,T4#8,T5#7,T6#6,T7#5,T8#4,T9#3,T10#2,T11#1>group(App<F,T1#11>,App<F,T2#10>,App<F,T3#9>,App<F,T4#8>,App<F,T5#7>,App<F,T6#6>,App<F,T7#5>,App<F,T8#4>,App<F,T9#3>,App<F,T10#2>,App<F,T11#1>)
    T1#12 extends Object declared in method <T1#12,T2#11,T3#10,T4#9,T5#8,T6#7,T7#6,T8#5,T9#4,T10#3,T11#2,T12#1>group(App<F,T1#12>,App<F,T2#11>,App<F,T3#10>,App<F,T4#9>,App<F,T5#8>,App<F,T6#7>,App<F,T7#6>,App<F,T8#5>,App<F,T9#4>,App<F,T10#3>,App<F,T11#2>,App<F,T12#1>)
    T2#11 extends Object declared in method <T1#12,T2#11,T3#10,T4#9,T5#8,T6#7,T7#6,T8#5,T9#4,T10#3,T11#2,T12#1>group(App<F,T1#12>,App<F,T2#11>,App<F,T3#10>,App<F,T4#9>,App<F,T5#8>,App<F,T6#7>,App<F,T7#6>,App<F,T8#5>,App<F,T9#4>,App<F,T10#3>,App<F,T11#2>,App<F,T12#1>)
    T3#10 extends Object declared in method <T1#12,T2#11,T3#10,T4#9,T5#8,T6#7,T7#6,T8#5,T9#4,T10#3,T11#2,T12#1>group(App<F,T1#12>,App<F,T2#11>,App<F,T3#10>,App<F,T4#9>,App<F,T5#8>,App<F,T6#7>,App<F,T7#6>,App<F,T8#5>,App<F,T9#4>,App<F,T10#3>,App<F,T11#2>,App<F,T12#1>)
    T4#9 extends Object declared in method <T1#12,T2#11,T3#10,T4#9,T5#8,T6#7,T7#6,T8#5,T9#4,T10#3,T11#2,T12#1>group(App<F,T1#12>,App<F,T2#11>,App<F,T3#10>,App<F,T4#9>,App<F,T5#8>,App<F,T6#7>,App<F,T7#6>,App<F,T8#5>,App<F,T9#4>,App<F,T10#3>,App<F,T11#2>,App<F,T12#1>)
    T5#8 extends Object declared in method <T1#12,T2#11,T3#10,T4#9,T5#8,T6#7,T7#6,T8#5,T9#4,T10#3,T11#2,T12#1>group(App<F,T1#12>,App<F,T2#11>,App<F,T3#10>,App<F,T4#9>,App<F,T5#8>,App<F,T6#7>,App<F,T7#6>,App<F,T8#5>,App<F,T9#4>,App<F,T10#3>,App<F,T11#2>,App<F,T12#1>)
    T6#7 extends Object declared in method <T1#12,T2#11,T3#10,T4#9,T5#8,T6#7,T7#6,T8#5,T9#4,T10#3,T11#2,T12#1>group(App<F,T1#12>,App<F,T2#11>,App<F,T3#10>,App<F,T4#9>,App<F,T5#8>,App<F,T6#7>,App<F,T7#6>,App<F,T8#5>,App<F,T9#4>,App<F,T10#3>,App<F,T11#2>,App<F,T12#1>)
    T7#6 extends Object declared in method <T1#12,T2#11,T3#10,T4#9,T5#8,T6#7,T7#6,T8#5,T9#4,T10#3,T11#2,T12#1>group(App<F,T1#12>,App<F,T2#11>,App<F,T3#10>,App<F,T4#9>,App<F,T5#8>,App<F,T6#7>,App<F,T7#6>,App<F,T8#5>,App<F,T9#4>,App<F,T10#3>,App<F,T11#2>,App<F,T12#1>)
    T8#5 extends Object declared in method <T1#12,T2#11,T3#10,T4#9,T5#8,T6#7,T7#6,T8#5,T9#4,T10#3,T11#2,T12#1>group(App<F,T1#12>,App<F,T2#11>,App<F,T3#10>,App<F,T4#9>,App<F,T5#8>,App<F,T6#7>,App<F,T7#6>,App<F,T8#5>,App<F,T9#4>,App<F,T10#3>,App<F,T11#2>,App<F,T12#1>)
    T9#4 extends Object declared in method <T1#12,T2#11,T3#10,T4#9,T5#8,T6#7,T7#6,T8#5,T9#4,T10#3,T11#2,T12#1>group(App<F,T1#12>,App<F,T2#11>,App<F,T3#10>,App<F,T4#9>,App<F,T5#8>,App<F,T6#7>,App<F,T7#6>,App<F,T8#5>,App<F,T9#4>,App<F,T10#3>,App<F,T11#2>,App<F,T12#1>)
    T10#3 extends Object declared in method <T1#12,T2#11,T3#10,T4#9,T5#8,T6#7,T7#6,T8#5,T9#4,T10#3,T11#2,T12#1>group(App<F,T1#12>,App<F,T2#11>,App<F,T3#10>,App<F,T4#9>,App<F,T5#8>,App<F,T6#7>,App<F,T7#6>,App<F,T8#5>,App<F,T9#4>,App<F,T10#3>,App<F,T11#2>,App<F,T12#1>)
    T11#2 extends Object declared in method <T1#12,T2#11,T3#10,T4#9,T5#8,T6#7,T7#6,T8#5,T9#4,T10#3,T11#2,T12#1>group(App<F,T1#12>,App<F,T2#11>,App<F,T3#10>,App<F,T4#9>,App<F,T5#8>,App<F,T6#7>,App<F,T7#6>,App<F,T8#5>,App<F,T9#4>,App<F,T10#3>,App<F,T11#2>,App<F,T12#1>)
    T12#1 extends Object declared in method <T1#12,T2#11,T3#10,T4#9,T5#8,T6#7,T7#6,T8#5,T9#4,T10#3,T11#2,T12#1>group(App<F,T1#12>,App<F,T2#11>,App<F,T3#10>,App<F,T4#9>,App<F,T5#8>,App<F,T6#7>,App<F,T7#6>,App<F,T8#5>,App<F,T9#4>,App<F,T10#3>,App<F,T11#2>,App<F,T12#1>)
    T1#13 extends Object declared in method <T1#13,T2#12,T3#11,T4#10,T5#9,T6#8,T7#7,T8#6,T9#5,T10#4,T11#3,T12#2,T13#1>group(App<F,T1#13>,App<F,T2#12>,App<F,T3#11>,App<F,T4#10>,App<F,T5#9>,App<F,T6#8>,App<F,T7#7>,App<F,T8#6>,App<F,T9#5>,App<F,T10#4>,App<F,T11#3>,App<F,T12#2>,App<F,T13#1>)
    T2#12 extends Object declared in method <T1#13,T2#12,T3#11,T4#10,T5#9,T6#8,T7#7,T8#6,T9#5,T10#4,T11#3,T12#2,T13#1>group(App<F,T1#13>,App<F,T2#12>,App<F,T3#11>,App<F,T4#10>,App<F,T5#9>,App<F,T6#8>,App<F,T7#7>,App<F,T8#6>,App<F,T9#5>,App<F,T10#4>,App<F,T11#3>,App<F,T12#2>,App<F,T13#1>)
    T3#11 extends Object declared in method <T1#13,T2#12,T3#11,T4#10,T5#9,T6#8,T7#7,T8#6,T9#5,T10#4,T11#3,T12#2,T13#1>group(App<F,T1#13>,App<F,T2#12>,App<F,T3#11>,App<F,T4#10>,App<F,T5#9>,App<F,T6#8>,App<F,T7#7>,App<F,T8#6>,App<F,T9#5>,App<F,T10#4>,App<F,T11#3>,App<F,T12#2>,App<F,T13#1>)
    T4#10 extends Object declared in method <T1#13,T2#12,T3#11,T4#10,T5#9,T6#8,T7#7,T8#6,T9#5,T10#4,T11#3,T12#2,T13#1>group(App<F,T1#13>,App<F,T2#12>,App<F,T3#11>,App<F,T4#10>,App<F,T5#9>,App<F,T6#8>,App<F,T7#7>,App<F,T8#6>,App<F,T9#5>,App<F,T10#4>,App<F,T11#3>,App<F,T12#2>,App<F,T13#1>)
    T5#9 extends Object declared in method <T1#13,T2#12,T3#11,T4#10,T5#9,T6#8,T7#7,T8#6,T9#5,T10#4,T11#3,T12#2,T13#1>group(App<F,T1#13>,App<F,T2#12>,App<F,T3#11>,App<F,T4#10>,App<F,T5#9>,App<F,T6#8>,App<F,T7#7>,App<F,T8#6>,App<F,T9#5>,App<F,T10#4>,App<F,T11#3>,App<F,T12#2>,App<F,T13#1>)
    T6#8 extends Object declared in method <T1#13,T2#12,T3#11,T4#10,T5#9,T6#8,T7#7,T8#6,T9#5,T10#4,T11#3,T12#2,T13#1>group(App<F,T1#13>,App<F,T2#12>,App<F,T3#11>,App<F,T4#10>,App<F,T5#9>,App<F,T6#8>,App<F,T7#7>,App<F,T8#6>,App<F,T9#5>,App<F,T10#4>,App<F,T11#3>,App<F,T12#2>,App<F,T13#1>)
    T7#7 extends Object declared in method <T1#13,T2#12,T3#11,T4#10,T5#9,T6#8,T7#7,T8#6,T9#5,T10#4,T11#3,T12#2,T13#1>group(App<F,T1#13>,App<F,T2#12>,App<F,T3#11>,App<F,T4#10>,App<F,T5#9>,App<F,T6#8>,App<F,T7#7>,App<F,T8#6>,App<F,T9#5>,App<F,T10#4>,App<F,T11#3>,App<F,T12#2>,App<F,T13#1>)
    T8#6 extends Object declared in method <T1#13,T2#12,T3#11,T4#10,T5#9,T6#8,T7#7,T8#6,T9#5,T10#4,T11#3,T12#2,T13#1>group(App<F,T1#13>,App<F,T2#12>,App<F,T3#11>,App<F,T4#10>,App<F,T5#9>,App<F,T6#8>,App<F,T7#7>,App<F,T8#6>,App<F,T9#5>,App<F,T10#4>,App<F,T11#3>,App<F,T12#2>,App<F,T13#1>)
    T9#5 extends Object declared in method <T1#13,T2#12,T3#11,T4#10,T5#9,T6#8,T7#7,T8#6,T9#5,T10#4,T11#3,T12#2,T13#1>group(App<F,T1#13>,App<F,T2#12>,App<F,T3#11>,App<F,T4#10>,App<F,T5#9>,App<F,T6#8>,App<F,T7#7>,App<F,T8#6>,App<F,T9#5>,App<F,T10#4>,App<F,T11#3>,App<F,T12#2>,App<F,T13#1>)
    T10#4 extends Object declared in method <T1#13,T2#12,T3#11,T4#10,T5#9,T6#8,T7#7,T8#6,T9#5,T10#4,T11#3,T12#2,T13#1>group(App<F,T1#13>,App<F,T2#12>,App<F,T3#11>,App<F,T4#10>,App<F,T5#9>,App<F,T6#8>,App<F,T7#7>,App<F,T8#6>,App<F,T9#5>,App<F,T10#4>,App<F,T11#3>,App<F,T12#2>,App<F,T13#1>)
    T11#3 extends Object declared in method <T1#13,T2#12,T3#11,T4#10,T5#9,T6#8,T7#7,T8#6,T9#5,T10#4,T11#3,T12#2,T13#1>group(App<F,T1#13>,App<F,T2#12>,App<F,T3#11>,App<F,T4#10>,App<F,T5#9>,App<F,T6#8>,App<F,T7#7>,App<F,T8#6>,App<F,T9#5>,App<F,T10#4>,App<F,T11#3>,App<F,T12#2>,App<F,T13#1>)
    T12#2 extends Object declared in method <T1#13,T2#12,T3#11,T4#10,T5#9,T6#8,T7#7,T8#6,T9#5,T10#4,T11#3,T12#2,T13#1>group(App<F,T1#13>,App<F,T2#12>,App<F,T3#11>,App<F,T4#10>,App<F,T5#9>,App<F,T6#8>,App<F,T7#7>,App<F,T8#6>,App<F,T9#5>,App<F,T10#4>,App<F,T11#3>,App<F,T12#2>,App<F,T13#1>)
    T13#1 extends Object declared in method <T1#13,T2#12,T3#11,T4#10,T5#9,T6#8,T7#7,T8#6,T9#5,T10#4,T11#3,T12#2,T13#1>group(App<F,T1#13>,App<F,T2#12>,App<F,T3#11>,App<F,T4#10>,App<F,T5#9>,App<F,T6#8>,App<F,T7#7>,App<F,T8#6>,App<F,T9#5>,App<F,T10#4>,App<F,T11#3>,App<F,T12#2>,App<F,T13#1>)
    T1#14 extends Object declared in method <T1#14,T2#13,T3#12,T4#11,T5#10,T6#9,T7#8,T8#7,T9#6,T10#5,T11#4,T12#3,T13#2,T14#1>group(App<F,T1#14>,App<F,T2#13>,App<F,T3#12>,App<F,T4#11>,App<F,T5#10>,App<F,T6#9>,App<F,T7#8>,App<F,T8#7>,App<F,T9#6>,App<F,T10#5>,App<F,T11#4>,App<F,T12#3>,App<F,T13#2>,App<F,T14#1>)
    T2#13 extends Object declared in method <T1#14,T2#13,T3#12,T4#11,T5#10,T6#9,T7#8,T8#7,T9#6,T10#5,T11#4,T12#3,T13#2,T14#1>group(App<F,T1#14>,App<F,T2#13>,App<F,T3#12>,App<F,T4#11>,App<F,T5#10>,App<F,T6#9>,App<F,T7#8>,App<F,T8#7>,App<F,T9#6>,App<F,T10#5>,App<F,T11#4>,App<F,T12#3>,App<F,T13#2>,App<F,T14#1>)
    T3#12 extends Object declared in method <T1#14,T2#13,T3#12,T4#11,T5#10,T6#9,T7#8,T8#7,T9#6,T10#5,T11#4,T12#3,T13#2,T14#1>group(App<F,T1#14>,App<F,T2#13>,App<F,T3#12>,App<F,T4#11>,App<F,T5#10>,App<F,T6#9>,App<F,T7#8>,App<F,T8#7>,App<F,T9#6>,App<F,T10#5>,App<F,T11#4>,App<F,T12#3>,App<F,T13#2>,App<F,T14#1>)
    T4#11 extends Object declared in method <T1#14,T2#13,T3#12,T4#11,T5#10,T6#9,T7#8,T8#7,T9#6,T10#5,T11#4,T12#3,T13#2,T14#1>group(App<F,T1#14>,App<F,T2#13>,App<F,T3#12>,App<F,T4#11>,App<F,T5#10>,App<F,T6#9>,App<F,T7#8>,App<F,T8#7>,App<F,T9#6>,App<F,T10#5>,App<F,T11#4>,App<F,T12#3>,App<F,T13#2>,App<F,T14#1>)
    T5#10 extends Object declared in method <T1#14,T2#13,T3#12,T4#11,T5#10,T6#9,T7#8,T8#7,T9#6,T10#5,T11#4,T12#3,T13#2,T14#1>group(App<F,T1#14>,App<F,T2#13>,App<F,T3#12>,App<F,T4#11>,App<F,T5#10>,App<F,T6#9>,App<F,T7#8>,App<F,T8#7>,App<F,T9#6>,App<F,T10#5>,App<F,T11#4>,App<F,T12#3>,App<F,T13#2>,App<F,T14#1>)
    T6#9 extends Object declared in method <T1#14,T2#13,T3#12,T4#11,T5#10,T6#9,T7#8,T8#7,T9#6,T10#5,T11#4,T12#3,T13#2,T14#1>group(App<F,T1#14>,App<F,T2#13>,App<F,T3#12>,App<F,T4#11>,App<F,T5#10>,App<F,T6#9>,App<F,T7#8>,App<F,T8#7>,App<F,T9#6>,App<F,T10#5>,App<F,T11#4>,App<F,T12#3>,App<F,T13#2>,App<F,T14#1>)
    T7#8 extends Object declared in method <T1#14,T2#13,T3#12,T4#11,T5#10,T6#9,T7#8,T8#7,T9#6,T10#5,T11#4,T12#3,T13#2,T14#1>group(App<F,T1#14>,App<F,T2#13>,App<F,T3#12>,App<F,T4#11>,App<F,T5#10>,App<F,T6#9>,App<F,T7#8>,App<F,T8#7>,App<F,T9#6>,App<F,T10#5>,App<F,T11#4>,App<F,T12#3>,App<F,T13#2>,App<F,T14#1>)
    T8#7 extends Object declared in method <T1#14,T2#13,T3#12,T4#11,T5#10,T6#9,T7#8,T8#7,T9#6,T10#5,T11#4,T12#3,T13#2,T14#1>group(App<F,T1#14>,App<F,T2#13>,App<F,T3#12>,App<F,T4#11>,App<F,T5#10>,App<F,T6#9>,App<F,T7#8>,App<F,T8#7>,App<F,T9#6>,App<F,T10#5>,App<F,T11#4>,App<F,T12#3>,App<F,T13#2>,App<F,T14#1>)
    T9#6 extends Object declared in method <T1#14,T2#13,T3#12,T4#11,T5#10,T6#9,T7#8,T8#7,T9#6,T10#5,T11#4,T12#3,T13#2,T14#1>group(App<F,T1#14>,App<F,T2#13>,App<F,T3#12>,App<F,T4#11>,App<F,T5#10>,App<F,T6#9>,App<F,T7#8>,App<F,T8#7>,App<F,T9#6>,App<F,T10#5>,App<F,T11#4>,App<F,T12#3>,App<F,T13#2>,App<F,T14#1>)
    T10#5 extends Object declared in method <T1#14,T2#13,T3#12,T4#11,T5#10,T6#9,T7#8,T8#7,T9#6,T10#5,T11#4,T12#3,T13#2,T14#1>group(App<F,T1#14>,App<F,T2#13>,App<F,T3#12>,App<F,T4#11>,App<F,T5#10>,App<F,T6#9>,App<F,T7#8>,App<F,T8#7>,App<F,T9#6>,App<F,T10#5>,App<F,T11#4>,App<F,T12#3>,App<F,T13#2>,App<F,T14#1>)
    T11#4 extends Object declared in method <T1#14,T2#13,T3#12,T4#11,T5#10,T6#9,T7#8,T8#7,T9#6,T10#5,T11#4,T12#3,T13#2,T14#1>group(App<F,T1#14>,App<F,T2#13>,App<F,T3#12>,App<F,T4#11>,App<F,T5#10>,App<F,T6#9>,App<F,T7#8>,App<F,T8#7>,App<F,T9#6>,App<F,T10#5>,App<F,T11#4>,App<F,T12#3>,App<F,T13#2>,App<F,T14#1>)
    T12#3 extends Object declared in method <T1#14,T2#13,T3#12,T4#11,T5#10,T6#9,T7#8,T8#7,T9#6,T10#5,T11#4,T12#3,T13#2,T14#1>group(App<F,T1#14>,App<F,T2#13>,App<F,T3#12>,App<F,T4#11>,App<F,T5#10>,App<F,T6#9>,App<F,T7#8>,App<F,T8#7>,App<F,T9#6>,App<F,T10#5>,App<F,T11#4>,App<F,T12#3>,App<F,T13#2>,App<F,T14#1>)
    T13#2 extends Object declared in method <T1#14,T2#13,T3#12,T4#11,T5#10,T6#9,T7#8,T8#7,T9#6,T10#5,T11#4,T12#3,T13#2,T14#1>group(App<F,T1#14>,App<F,T2#13>,App<F,T3#12>,App<F,T4#11>,App<F,T5#10>,App<F,T6#9>,App<F,T7#8>,App<F,T8#7>,App<F,T9#6>,App<F,T10#5>,App<F,T11#4>,App<F,T12#3>,App<F,T13#2>,App<F,T14#1>)
    T14#1 extends Object declared in method <T1#14,T2#13,T3#12,T4#11,T5#10,T6#9,T7#8,T8#7,T9#6,T10#5,T11#4,T12#3,T13#2,T14#1>group(App<F,T1#14>,App<F,T2#13>,App<F,T3#12>,App<F,T4#11>,App<F,T5#10>,App<F,T6#9>,App<F,T7#8>,App<F,T8#7>,App<F,T9#6>,App<F,T10#5>,App<F,T11#4>,App<F,T12#3>,App<F,T13#2>,App<F,T14#1>)
    T1#15 extends Object declared in method <T1#15,T2#14,T3#13,T4#12,T5#11,T6#10,T7#9,T8#8,T9#7,T10#6,T11#5,T12#4,T13#3,T14#2,T15#1>group(App<F,T1#15>,App<F,T2#14>,App<F,T3#13>,App<F,T4#12>,App<F,T5#11>,App<F,T6#10>,App<F,T7#9>,App<F,T8#8>,App<F,T9#7>,App<F,T10#6>,App<F,T11#5>,App<F,T12#4>,App<F,T13#3>,App<F,T14#2>,App<F,T15#1>)
    T2#14 extends Object declared in method <T1#15,T2#14,T3#13,T4#12,T5#11,T6#10,T7#9,T8#8,T9#7,T10#6,T11#5,T12#4,T13#3,T14#2,T15#1>group(App<F,T1#15>,App<F,T2#14>,App<F,T3#13>,App<F,T4#12>,App<F,T5#11>,App<F,T6#10>,App<F,T7#9>,App<F,T8#8>,App<F,T9#7>,App<F,T10#6>,App<F,T11#5>,App<F,T12#4>,App<F,T13#3>,App<F,T14#2>,App<F,T15#1>)
    T3#13 extends Object declared in method <T1#15,T2#14,T3#13,T4#12,T5#11,T6#10,T7#9,T8#8,T9#7,T10#6,T11#5,T12#4,T13#3,T14#2,T15#1>group(App<F,T1#15>,App<F,T2#14>,App<F,T3#13>,App<F,T4#12>,App<F,T5#11>,App<F,T6#10>,App<F,T7#9>,App<F,T8#8>,App<F,T9#7>,App<F,T10#6>,App<F,T11#5>,App<F,T12#4>,App<F,T13#3>,App<F,T14#2>,App<F,T15#1>)
    T4#12 extends Object declared in method <T1#15,T2#14,T3#13,T4#12,T5#11,T6#10,T7#9,T8#8,T9#7,T10#6,T11#5,T12#4,T13#3,T14#2,T15#1>group(App<F,T1#15>,App<F,T2#14>,App<F,T3#13>,App<F,T4#12>,App<F,T5#11>,App<F,T6#10>,App<F,T7#9>,App<F,T8#8>,App<F,T9#7>,App<F,T10#6>,App<F,T11#5>,App<F,T12#4>,App<F,T13#3>,App<F,T14#2>,App<F,T15#1>)
    T5#11 extends Object declared in method <T1#15,T2#14,T3#13,T4#12,T5#11,T6#10,T7#9,T8#8,T9#7,T10#6,T11#5,T12#4,T13#3,T14#2,T15#1>group(App<F,T1#15>,App<F,T2#14>,App<F,T3#13>,App<F,T4#12>,App<F,T5#11>,App<F,T6#10>,App<F,T7#9>,App<F,T8#8>,App<F,T9#7>,App<F,T10#6>,App<F,T11#5>,App<F,T12#4>,App<F,T13#3>,App<F,T14#2>,App<F,T15#1>)
    T6#10 extends Object declared in method <T1#15,T2#14,T3#13,T4#12,T5#11,T6#10,T7#9,T8#8,T9#7,T10#6,T11#5,T12#4,T13#3,T14#2,T15#1>group(App<F,T1#15>,App<F,T2#14>,App<F,T3#13>,App<F,T4#12>,App<F,T5#11>,App<F,T6#10>,App<F,T7#9>,App<F,T8#8>,App<F,T9#7>,App<F,T10#6>,App<F,T11#5>,App<F,T12#4>,App<F,T13#3>,App<F,T14#2>,App<F,T15#1>)
    T7#9 extends Object declared in method <T1#15,T2#14,T3#13,T4#12,T5#11,T6#10,T7#9,T8#8,T9#7,T10#6,T11#5,T12#4,T13#3,T14#2,T15#1>group(App<F,T1#15>,App<F,T2#14>,App<F,T3#13>,App<F,T4#12>,App<F,T5#11>,App<F,T6#10>,App<F,T7#9>,App<F,T8#8>,App<F,T9#7>,App<F,T10#6>,App<F,T11#5>,App<F,T12#4>,App<F,T13#3>,App<F,T14#2>,App<F,T15#1>)
    T8#8 extends Object declared in method <T1#15,T2#14,T3#13,T4#12,T5#11,T6#10,T7#9,T8#8,T9#7,T10#6,T11#5,T12#4,T13#3,T14#2,T15#1>group(App<F,T1#15>,App<F,T2#14>,App<F,T3#13>,App<F,T4#12>,App<F,T5#11>,App<F,T6#10>,App<F,T7#9>,App<F,T8#8>,App<F,T9#7>,App<F,T10#6>,App<F,T11#5>,App<F,T12#4>,App<F,T13#3>,App<F,T14#2>,App<F,T15#1>)
    T9#7 extends Object declared in method <T1#15,T2#14,T3#13,T4#12,T5#11,T6#10,T7#9,T8#8,T9#7,T10#6,T11#5,T12#4,T13#3,T14#2,T15#1>group(App<F,T1#15>,App<F,T2#14>,App<F,T3#13>,App<F,T4#12>,App<F,T5#11>,App<F,T6#10>,App<F,T7#9>,App<F,T8#8>,App<F,T9#7>,App<F,T10#6>,App<F,T11#5>,App<F,T12#4>,App<F,T13#3>,App<F,T14#2>,App<F,T15#1>)
    T10#6 extends Object declared in method <T1#15,T2#14,T3#13,T4#12,T5#11,T6#10,T7#9,T8#8,T9#7,T10#6,T11#5,T12#4,T13#3,T14#2,T15#1>group(App<F,T1#15>,App<F,T2#14>,App<F,T3#13>,App<F,T4#12>,App<F,T5#11>,App<F,T6#10>,App<F,T7#9>,App<F,T8#8>,App<F,T9#7>,App<F,T10#6>,App<F,T11#5>,App<F,T12#4>,App<F,T13#3>,App<F,T14#2>,App<F,T15#1>)
    T11#5 extends Object declared in method <T1#15,T2#14,T3#13,T4#12,T5#11,T6#10,T7#9,T8#8,T9#7,T10#6,T11#5,T12#4,T13#3,T14#2,T15#1>group(App<F,T1#15>,App<F,T2#14>,App<F,T3#13>,App<F,T4#12>,App<F,T5#11>,App<F,T6#10>,App<F,T7#9>,App<F,T8#8>,App<F,T9#7>,App<F,T10#6>,App<F,T11#5>,App<F,T12#4>,App<F,T13#3>,App<F,T14#2>,App<F,T15#1>)
    T12#4 extends Object declared in method <T1#15,T2#14,T3#13,T4#12,T5#11,T6#10,T7#9,T8#8,T9#7,T10#6,T11#5,T12#4,T13#3,T14#2,T15#1>group(App<F,T1#15>,App<F,T2#14>,App<F,T3#13>,App<F,T4#12>,App<F,T5#11>,App<F,T6#10>,App<F,T7#9>,App<F,T8#8>,App<F,T9#7>,App<F,T10#6>,App<F,T11#5>,App<F,T12#4>,App<F,T13#3>,App<F,T14#2>,App<F,T15#1>)
    T13#3 extends Object declared in method <T1#15,T2#14,T3#13,T4#12,T5#11,T6#10,T7#9,T8#8,T9#7,T10#6,T11#5,T12#4,T13#3,T14#2,T15#1>group(App<F,T1#15>,App<F,T2#14>,App<F,T3#13>,App<F,T4#12>,App<F,T5#11>,App<F,T6#10>,App<F,T7#9>,App<F,T8#8>,App<F,T9#7>,App<F,T10#6>,App<F,T11#5>,App<F,T12#4>,App<F,T13#3>,App<F,T14#2>,App<F,T15#1>)
    T14#2 extends Object declared in method <T1#15,T2#14,T3#13,T4#12,T5#11,T6#10,T7#9,T8#8,T9#7,T10#6,T11#5,T12#4,T13#3,T14#2,T15#1>group(App<F,T1#15>,App<F,T2#14>,App<F,T3#13>,App<F,T4#12>,App<F,T5#11>,App<F,T6#10>,App<F,T7#9>,App<F,T8#8>,App<F,T9#7>,App<F,T10#6>,App<F,T11#5>,App<F,T12#4>,App<F,T13#3>,App<F,T14#2>,App<F,T15#1>)
    T15#1 extends Object declared in method <T1#15,T2#14,T3#13,T4#12,T5#11,T6#10,T7#9,T8#8,T9#7,T10#6,T11#5,T12#4,T13#3,T14#2,T15#1>group(App<F,T1#15>,App<F,T2#14>,App<F,T3#13>,App<F,T4#12>,App<F,T5#11>,App<F,T6#10>,App<F,T7#9>,App<F,T8#8>,App<F,T9#7>,App<F,T10#6>,App<F,T11#5>,App<F,T12#4>,App<F,T13#3>,App<F,T14#2>,App<F,T15#1>)
    T1#16 extends Object declared in method <T1#16,T2#15,T3#14,T4#13,T5#12,T6#11,T7#10,T8#9,T9#8,T10#7,T11#6,T12#5,T13#4,T14#3,T15#2,T16>group(App<F,T1#16>,App<F,T2#15>,App<F,T3#14>,App<F,T4#13>,App<F,T5#12>,App<F,T6#11>,App<F,T7#10>,App<F,T8#9>,App<F,T9#8>,App<F,T10#7>,App<F,T11#6>,App<F,T12#5>,App<F,T13#4>,App<F,T14#3>,App<F,T15#2>,App<F,T16>)
    T2#15 extends Object declared in method <T1#16,T2#15,T3#14,T4#13,T5#12,T6#11,T7#10,T8#9,T9#8,T10#7,T11#6,T12#5,T13#4,T14#3,T15#2,T16>group(App<F,T1#16>,App<F,T2#15>,App<F,T3#14>,App<F,T4#13>,App<F,T5#12>,App<F,T6#11>,App<F,T7#10>,App<F,T8#9>,App<F,T9#8>,App<F,T10#7>,App<F,T11#6>,App<F,T12#5>,App<F,T13#4>,App<F,T14#3>,App<F,T15#2>,App<F,T16>)
    T3#14 extends Object declared in method <T1#16,T2#15,T3#14,T4#13,T5#12,T6#11,T7#10,T8#9,T9#8,T10#7,T11#6,T12#5,T13#4,T14#3,T15#2,T16>group(App<F,T1#16>,App<F,T2#15>,App<F,T3#14>,App<F,T4#13>,App<F,T5#12>,App<F,T6#11>,App<F,T7#10>,App<F,T8#9>,App<F,T9#8>,App<F,T10#7>,App<F,T11#6>,App<F,T12#5>,App<F,T13#4>,App<F,T14#3>,App<F,T15#2>,App<F,T16>)
    T4#13 extends Object declared in method <T1#16,T2#15,T3#14,T4#13,T5#12,T6#11,T7#10,T8#9,T9#8,T10#7,T11#6,T12#5,T13#4,T14#3,T15#2,T16>group(App<F,T1#16>,App<F,T2#15>,App<F,T3#14>,App<F,T4#13>,App<F,T5#12>,App<F,T6#11>,App<F,T7#10>,App<F,T8#9>,App<F,T9#8>,App<F,T10#7>,App<F,T11#6>,App<F,T12#5>,App<F,T13#4>,App<F,T14#3>,App<F,T15#2>,App<F,T16>)
    T5#12 extends Object declared in method <T1#16,T2#15,T3#14,T4#13,T5#12,T6#11,T7#10,T8#9,T9#8,T10#7,T11#6,T12#5,T13#4,T14#3,T15#2,T16>group(App<F,T1#16>,App<F,T2#15>,App<F,T3#14>,App<F,T4#13>,App<F,T5#12>,App<F,T6#11>,App<F,T7#10>,App<F,T8#9>,App<F,T9#8>,App<F,T10#7>,App<F,T11#6>,App<F,T12#5>,App<F,T13#4>,App<F,T14#3>,App<F,T15#2>,App<F,T16>)
    T6#11 extends Object declared in method <T1#16,T2#15,T3#14,T4#13,T5#12,T6#11,T7#10,T8#9,T9#8,T10#7,T11#6,T12#5,T13#4,T14#3,T15#2,T16>group(App<F,T1#16>,App<F,T2#15>,App<F,T3#14>,App<F,T4#13>,App<F,T5#12>,App<F,T6#11>,App<F,T7#10>,App<F,T8#9>,App<F,T9#8>,App<F,T10#7>,App<F,T11#6>,App<F,T12#5>,App<F,T13#4>,App<F,T14#3>,App<F,T15#2>,App<F,T16>)
    T7#10 extends Object declared in method <T1#16,T2#15,T3#14,T4#13,T5#12,T6#11,T7#10,T8#9,T9#8,T10#7,T11#6,T12#5,T13#4,T14#3,T15#2,T16>group(App<F,T1#16>,App<F,T2#15>,App<F,T3#14>,App<F,T4#13>,App<F,T5#12>,App<F,T6#11>,App<F,T7#10>,App<F,T8#9>,App<F,T9#8>,App<F,T10#7>,App<F,T11#6>,App<F,T12#5>,App<F,T13#4>,App<F,T14#3>,App<F,T15#2>,App<F,T16>)
    T8#9 extends Object declared in method <T1#16,T2#15,T3#14,T4#13,T5#12,T6#11,T7#10,T8#9,T9#8,T10#7,T11#6,T12#5,T13#4,T14#3,T15#2,T16>group(App<F,T1#16>,App<F,T2#15>,App<F,T3#14>,App<F,T4#13>,App<F,T5#12>,App<F,T6#11>,App<F,T7#10>,App<F,T8#9>,App<F,T9#8>,App<F,T10#7>,App<F,T11#6>,App<F,T12#5>,App<F,T13#4>,App<F,T14#3>,App<F,T15#2>,App<F,T16>)
    T9#8 extends Object declared in method <T1#16,T2#15,T3#14,T4#13,T5#12,T6#11,T7#10,T8#9,T9#8,T10#7,T11#6,T12#5,T13#4,T14#3,T15#2,T16>group(App<F,T1#16>,App<F,T2#15>,App<F,T3#14>,App<F,T4#13>,App<F,T5#12>,App<F,T6#11>,App<F,T7#10>,App<F,T8#9>,App<F,T9#8>,App<F,T10#7>,App<F,T11#6>,App<F,T12#5>,App<F,T13#4>,App<F,T14#3>,App<F,T15#2>,App<F,T16>)
    T10#7 extends Object declared in method <T1#16,T2#15,T3#14,T4#13,T5#12,T6#11,T7#10,T8#9,T9#8,T10#7,T11#6,T12#5,T13#4,T14#3,T15#2,T16>group(App<F,T1#16>,App<F,T2#15>,App<F,T3#14>,App<F,T4#13>,App<F,T5#12>,App<F,T6#11>,App<F,T7#10>,App<F,T8#9>,App<F,T9#8>,App<F,T10#7>,App<F,T11#6>,App<F,T12#5>,App<F,T13#4>,App<F,T14#3>,App<F,T15#2>,App<F,T16>)
    T11#6 extends Object declared in method <T1#16,T2#15,T3#14,T4#13,T5#12,T6#11,T7#10,T8#9,T9#8,T10#7,T11#6,T12#5,T13#4,T14#3,T15#2,T16>group(App<F,T1#16>,App<F,T2#15>,App<F,T3#14>,App<F,T4#13>,App<F,T5#12>,App<F,T6#11>,App<F,T7#10>,App<F,T8#9>,App<F,T9#8>,App<F,T10#7>,App<F,T11#6>,App<F,T12#5>,App<F,T13#4>,App<F,T14#3>,App<F,T15#2>,App<F,T16>)
    T12#5 extends Object declared in method <T1#16,T2#15,T3#14,T4#13,T5#12,T6#11,T7#10,T8#9,T9#8,T10#7,T11#6,T12#5,T13#4,T14#3,T15#2,T16>group(App<F,T1#16>,App<F,T2#15>,App<F,T3#14>,App<F,T4#13>,App<F,T5#12>,App<F,T6#11>,App<F,T7#10>,App<F,T8#9>,App<F,T9#8>,App<F,T10#7>,App<F,T11#6>,App<F,T12#5>,App<F,T13#4>,App<F,T14#3>,App<F,T15#2>,App<F,T16>)
    T13#4 extends Object declared in method <T1#16,T2#15,T3#14,T4#13,T5#12,T6#11,T7#10,T8#9,T9#8,T10#7,T11#6,T12#5,T13#4,T14#3,T15#2,T16>group(App<F,T1#16>,App<F,T2#15>,App<F,T3#14>,App<F,T4#13>,App<F,T5#12>,App<F,T6#11>,App<F,T7#10>,App<F,T8#9>,App<F,T9#8>,App<F,T10#7>,App<F,T11#6>,App<F,T12#5>,App<F,T13#4>,App<F,T14#3>,App<F,T15#2>,App<F,T16>)
    T14#3 extends Object declared in method <T1#16,T2#15,T3#14,T4#13,T5#12,T6#11,T7#10,T8#9,T9#8,T10#7,T11#6,T12#5,T13#4,T14#3,T15#2,T16>group(App<F,T1#16>,App<F,T2#15>,App<F,T3#14>,App<F,T4#13>,App<F,T5#12>,App<F,T6#11>,App<F,T7#10>,App<F,T8#9>,App<F,T9#8>,App<F,T10#7>,App<F,T11#6>,App<F,T12#5>,App<F,T13#4>,App<F,T14#3>,App<F,T15#2>,App<F,T16>)
    T15#2 extends Object declared in method <T1#16,T2#15,T3#14,T4#13,T5#12,T6#11,T7#10,T8#9,T9#8,T10#7,T11#6,T12#5,T13#4,T14#3,T15#2,T16>group(App<F,T1#16>,App<F,T2#15>,App<F,T3#14>,App<F,T4#13>,App<F,T5#12>,App<F,T6#11>,App<F,T7#10>,App<F,T8#9>,App<F,T9#8>,App<F,T10#7>,App<F,T11#6>,App<F,T12#5>,App<F,T13#4>,App<F,T14#3>,App<F,T15#2>,App<F,T16>)
    T16 extends Object declared in method <T1#16,T2#15,T3#14,T4#13,T5#12,T6#11,T7#10,T8#9,T9#8,T10#7,T11#6,T12#5,T13#4,T14#3,T15#2,T16>group(App<F,T1#16>,App<F,T2#15>,App<F,T3#14>,App<F,T4#13>,App<F,T5#12>,App<F,T6#11>,App<F,T7#10>,App<F,T8#9>,App<F,T9#8>,App<F,T10#7>,App<F,T11#6>,App<F,T12#5>,App<F,T13#4>,App<F,T14#3>,App<F,T15#2>,App<F,T16>)
/home/runner/work/TaCZ_Refabricated_Unofficial/TaCZ_Refabricated_Unofficial/src/main/java/cn/sh1rocu/tacz/industry/api/feed/EnBlocClipData.java:44: error: incompatible types: invalid method reference
    ).validate(EnBlocClipData::validateShape);
               ^
    incompatible types: Object cannot be converted to EnBlocClipData
Note: Some input files use or override a deprecated API.
Note: Recompile with -Xlint:deprecation for details.
Note: Some input files use unchecked or unsafe operations.
Note: Recompile with -Xlint:unchecked for details.
Note: Some messages have been simplified; recompile with -Xdiags:verbose to get full output
12 errors
	at org.gradle.api.internal.tasks.compile.JdkJavaCompiler.execute(JdkJavaCompiler.java:89)
	at org.gradle.api.internal.tasks.compile.JdkJavaCompiler.execute(JdkJavaCompiler.java:50)
	at org.gradle.api.internal.tasks.compile.NormalizingJavaCompiler.delegateAndHandleErrors(NormalizingJavaCompiler.java:98)
	at org.gradle.api.internal.tasks.compile.NormalizingJavaCompiler.execute(NormalizingJavaCompiler.java:52)
	at org.gradle.api.internal.tasks.compile.NormalizingJavaCompiler.execute(NormalizingJavaCompiler.java:38)
	at org.gradle.api.internal.tasks.compile.AnnotationProcessorDiscoveringCompiler.execute(AnnotationProcessorDiscoveringCompiler.java:52)
	at org.gradle.api.internal.tasks.compile.AnnotationProcessorDiscoveringCompiler.execute(AnnotationProcessorDiscoveringCompiler.java:38)
	at org.gradle.api.internal.tasks.compile.ModuleApplicationNameWritingCompiler.execute(ModuleApplicationNameWritingCompiler.java:46)
	at org.gradle.api.internal.tasks.compile.ModuleApplicationNameWritingCompiler.execute(ModuleApplicationNameWritingCompiler.java:36)
	at org.gradle.jvm.toolchain.internal.DefaultToolchainJavaCompiler.execute(DefaultToolchainJavaCompiler.java:57)
	at org.gradle.api.tasks.compile.JavaCompile.lambda$createToolchainCompiler$3(JavaCompile.java:206)
	at org.gradle.api.internal.tasks.compile.CleaningJavaCompiler.execute(CleaningJavaCompiler.java:53)
	at org.gradle.api.internal.tasks.compile.incremental.IncrementalCompilerFactory.lambda$createRebuildAllCompiler$0(IncrementalCompilerFactory.java:55)
	at org.gradle.api.internal.tasks.compile.incremental.SelectiveCompiler.execute(SelectiveCompiler.java:70)
	at org.gradle.api.internal.tasks.compile.incremental.SelectiveCompiler.execute(SelectiveCompiler.java:44)
	at org.gradle.api.internal.tasks.compile.incremental.IncrementalResultStoringCompiler.execute(IncrementalResultStoringCompiler.java:66)
	at org.gradle.api.internal.tasks.compile.incremental.IncrementalResultStoringCompiler.execute(IncrementalResultStoringCompiler.java:52)
	at org.gradle.api.internal.tasks.compile.CompileJavaBuildOperationReportingCompiler$1.call(CompileJavaBuildOperationReportingCompiler.java:64)
	at org.gradle.api.internal.tasks.compile.CompileJavaBuildOperationReportingCompiler$1.call(CompileJavaBuildOperationReportingCompiler.java:48)
	at org.gradle.internal.operations.DefaultBuildOperationRunner$CallableBuildOperationWorker.execute(DefaultBuildOperationRunner.java:210)
	at org.gradle.internal.operations.DefaultBuildOperationRunner$CallableBuildOperationWorker.execute(DefaultBuildOperationRunner.java:205)
	at org.gradle.internal.operations.DefaultBuildOperationRunner$2.execute(DefaultBuildOperationRunner.java:67)
	at org.gradle.internal.operations.DefaultBuildOperationRunner$2.execute(DefaultBuildOperationRunner.java:60)
	at org.gradle.internal.operations.DefaultBuildOperationRunner.execute(DefaultBuildOperationRunner.java:167)
	at org.gradle.internal.operations.DefaultBuildOperationRunner.execute(DefaultBuildOperationRunner.java:60)
	at org.gradle.internal.operations.DefaultBuildOperationRunner.call(DefaultBuildOperationRunner.java:54)
	at org.gradle.api.internal.tasks.compile.CompileJavaBuildOperationReportingCompiler.execute(CompileJavaBuildOperationReportingCompiler.java:48)
	at org.gradle.api.tasks.compile.JavaCompile.performCompilation(JavaCompile.java:224)
	at org.gradle.api.tasks.compile.JavaCompile.performIncrementalCompilation(JavaCompile.java:165)
	at org.gradle.api.tasks.compile.JavaCompile.compile(JavaCompile.java:150)
	at org.gradle.internal.reflect.JavaMethod.invoke(JavaMethod.java:125)
	at org.gradle.api.internal.project.taskfactory.IncrementalTaskAction.doExecute(IncrementalTaskAction.java:45)
	at org.gradle.api.internal.project.taskfactory.StandardTaskAction.execute(StandardTaskAction.java:51)
	at org.gradle.api.internal.project.taskfactory.IncrementalTaskAction.execute(IncrementalTaskAction.java:26)
	at org.gradle.api.internal.project.taskfactory.StandardTaskAction.execute(StandardTaskAction.java:29)
	at org.gradle.api.internal.tasks.execution.TaskExecution$3.run(TaskExecution.java:259)
	at org.gradle.internal.operations.DefaultBuildOperationRunner$1.execute(DefaultBuildOperationRunner.java:30)
	at org.gradle.internal.operations.DefaultBuildOperationRunner$1.execute(DefaultBuildOperationRunner.java:27)
	at org.gradle.internal.operations.DefaultBuildOperationRunner$2.execute(DefaultBuildOperationRunner.java:67)
	at org.gradle.internal.operations.DefaultBuildOperationRunner$2.execute(DefaultBuildOperationRunner.java:60)
	at org.gradle.internal.operations.DefaultBuildOperationRunner.execute(DefaultBuildOperationRunner.java:167)
	at org.gradle.internal.operations.DefaultBuildOperationRunner.execute(DefaultBuildOperationRunner.java:60)
	at org.gradle.internal.operations.DefaultBuildOperationRunner.run(DefaultBuildOperationRunner.java:48)
	at org.gradle.api.internal.tasks.execution.TaskExecution.executeAction(TaskExecution.java:244)
	at org.gradle.api.internal.tasks.execution.TaskExecution.executeActions(TaskExecution.java:227)
	at org.gradle.api.internal.tasks.execution.TaskExecution.executeWithPreviousOutputFiles(TaskExecution.java:210)
	at org.gradle.api.internal.tasks.execution.TaskExecution.execute(TaskExecution.java:176)
	at org.gradle.internal.execution.steps.ExecuteStep.executeInternal(ExecuteStep.java:167)
	at org.gradle.internal.execution.steps.ExecuteStep.access$000(ExecuteStep.java:47)
	at org.gradle.internal.execution.steps.ExecuteStep$1.call(ExecuteStep.java:137)
	at org.gradle.internal.execution.steps.ExecuteStep$1.call(ExecuteStep.java:134)
	at org.gradle.internal.operations.DefaultBuildOperationRunner$CallableBuildOperationWorker.execute(DefaultBuildOperationRunner.java:210)
	at org.gradle.internal.operations.DefaultBuildOperationRunner$CallableBuildOperationWorker.execute(DefaultBuildOperationRunner.java:205)
	at org.gradle.internal.operations.DefaultBuildOperationRunner$2.execute(DefaultBuildOperationRunner.java:67)
	at org.gradle.internal.operations.DefaultBuildOperationRunner$2.execute(DefaultBuildOperationRunner.java:60)
	at org.gradle.internal.operations.DefaultBuildOperationRunner.execute(DefaultBuildOperationRunner.java:167)
	at org.gradle.internal.operations.DefaultBuildOperationRunner.execute(DefaultBuildOperationRunner.java:60)
	at org.gradle.internal.operations.DefaultBuildOperationRunner.call(DefaultBuildOperationRunner.java:54)
	at org.gradle.internal.execution.steps.ExecuteStep.execute(ExecuteStep.java:134)
	at org.gradle.internal.execution.steps.ExecuteStep$Mutable.execute(ExecuteStep.java:80)
	at org.gradle.internal.execution.steps.CancelExecutionStep.execute(CancelExecutionStep.java:42)
	at org.gradle.internal.execution.steps.TimeoutStep.executeWithoutTimeout(TimeoutStep.java:75)
	at org.gradle.internal.execution.steps.TimeoutStep.execute(TimeoutStep.java:55)
	at org.gradle.internal.execution.steps.PreCreateOutputParentsStep.execute(PreCreateOutputParentsStep.java:51)
	at org.gradle.internal.execution.steps.PreCreateOutputParentsStep.execute(PreCreateOutputParentsStep.java:29)
	at org.gradle.internal.execution.steps.RemovePreviousOutputsStep.executeMutable(RemovePreviousOutputsStep.java:67)
	at org.gradle.internal.execution.steps.RemovePreviousOutputsStep.executeMutable(RemovePreviousOutputsStep.java:39)
	at org.gradle.internal.execution.steps.MutableStep.execute(MutableStep.java:26)
	at org.gradle.internal.execution.steps.BroadcastChangingOutputsStep.execute(BroadcastChangingOutputsStep.java:42)
	at org.gradle.internal.execution.steps.BroadcastChangingOutputsStep.execute(BroadcastChangingOutputsStep.java:24)
	at org.gradle.internal.execution.steps.CaptureOutputsAfterExecutionStep.execute(CaptureOutputsAfterExecutionStep.java:69)
	at org.gradle.internal.execution.steps.CaptureOutputsAfterExecutionStep.execute(CaptureOutputsAfterExecutionStep.java:46)
	at org.gradle.internal.execution.steps.ResolveInputChangesStep.executeMutable(ResolveInputChangesStep.java:39)
	at org.gradle.internal.execution.steps.ResolveInputChangesStep.executeMutable(ResolveInputChangesStep.java:28)
	at org.gradle.internal.execution.steps.MutableStep.execute(MutableStep.java:26)
	at org.gradle.internal.execution.steps.BuildCacheStep.executeWithoutCache(BuildCacheStep.java:189)
	at org.gradle.internal.execution.steps.BuildCacheStep.lambda$execute$1(BuildCacheStep.java:76)
	at org.gradle.internal.Either$Right.fold(Either.java:176)
	at org.gradle.internal.execution.caching.CachingState.fold(CachingState.java:62)
	at org.gradle.internal.execution.steps.BuildCacheStep.execute(BuildCacheStep.java:74)
	at org.gradle.internal.execution.steps.BuildCacheStep.execute(BuildCacheStep.java:49)
	at org.gradle.internal.execution.steps.StoreExecutionStateStep.executeMutable(StoreExecutionStateStep.java:46)
	at org.gradle.internal.execution.steps.StoreExecutionStateStep.executeMutable(StoreExecutionStateStep.java:35)
	at org.gradle.internal.execution.steps.MutableStep.execute(MutableStep.java:26)
	at org.gradle.internal.execution.steps.SkipUpToDateStep.executeBecause(SkipUpToDateStep.java:75)
	at org.gradle.internal.execution.steps.SkipUpToDateStep.lambda$execute$2(SkipUpToDateStep.java:53)
	at org.gradle.internal.execution.steps.SkipUpToDateStep.execute(SkipUpToDateStep.java:53)
	at org.gradle.internal.execution.steps.SkipUpToDateStep.execute(SkipUpToDateStep.java:35)
	at org.gradle.internal.execution.steps.legacy.MarkSnapshottingInputsFinishedStep.execute(MarkSnapshottingInputsFinishedStep.java:37)
	at org.gradle.internal.execution.steps.legacy.MarkSnapshottingInputsFinishedStep.execute(MarkSnapshottingInputsFinishedStep.java:27)
	at org.gradle.internal.execution.steps.ResolveMutableCachingStateStep.executeDelegate(ResolveMutableCachingStateStep.java:70)
	at org.gradle.internal.execution.steps.ResolveMutableCachingStateStep.executeDelegate(ResolveMutableCachingStateStep.java:32)
	at org.gradle.internal.execution.steps.AbstractResolveCachingStateStep.execute(AbstractResolveCachingStateStep.java:69)
	at org.gradle.internal.execution.steps.AbstractResolveCachingStateStep.execute(AbstractResolveCachingStateStep.java:37)
	at org.gradle.internal.execution.steps.ResolveChangesStep.executeMutable(ResolveChangesStep.java:63)
	at org.gradle.internal.execution.steps.ResolveChangesStep.executeMutable(ResolveChangesStep.java:34)
	at org.gradle.internal.execution.steps.MutableStep.execute(MutableStep.java:26)
	at org.gradle.internal.execution.steps.ValidateStep$Mutable.executeDelegate(ValidateStep.java:79)
	at org.gradle.internal.execution.steps.ValidateStep$Mutable.executeDelegate(ValidateStep.java:65)
	at org.gradle.internal.execution.steps.ValidateStep.execute(ValidateStep.java:99)
	at org.gradle.internal.execution.steps.ValidateStep$Mutable.execute(ValidateStep.java:65)
	at org.gradle.internal.execution.steps.CaptureMutableStateBeforeExecutionStep.executeMutable(CaptureMutableStateBeforeExecutionStep.java:86)
	at org.gradle.internal.execution.steps.CaptureMutableStateBeforeExecutionStep.execute(CaptureMutableStateBeforeExecutionStep.java:65)
	at org.gradle.internal.execution.steps.CaptureMutableStateBeforeExecutionStep.execute(CaptureMutableStateBeforeExecutionStep.java:45)
	at org.gradle.internal.execution.steps.SkipEmptyMutableWorkStep.executeWithNonEmptySources(SkipEmptyMutableWorkStep.java:210)
	at org.gradle.internal.execution.steps.SkipEmptyMutableWorkStep.executeMutable(SkipEmptyMutableWorkStep.java:90)
	at org.gradle.internal.execution.steps.SkipEmptyMutableWorkStep.executeMutable(SkipEmptyMutableWorkStep.java:53)
	at org.gradle.internal.execution.steps.MutableStep.execute(MutableStep.java:26)
	at org.gradle.internal.execution.steps.legacy.MarkSnapshottingInputsStartedStep.execute(MarkSnapshottingInputsStartedStep.java:38)
	at org.gradle.internal.execution.steps.LoadPreviousExecutionStateStep.executeMutable(LoadPreviousExecutionStateStep.java:36)
	at org.gradle.internal.execution.steps.LoadPreviousExecutionStateStep.executeMutable(LoadPreviousExecutionStateStep.java:23)
	at org.gradle.internal.execution.steps.MutableStep.execute(MutableStep.java:26)
	at org.gradle.internal.execution.steps.HandleStaleOutputsStep.executeMutable(HandleStaleOutputsStep.java:77)
	at org.gradle.internal.execution.steps.HandleStaleOutputsStep.executeMutable(HandleStaleOutputsStep.java:43)
	at org.gradle.internal.execution.steps.MutableStep.execute(MutableStep.java:26)
	at org.gradle.internal.execution.steps.AssignMutableWorkspaceStep.lambda$executeMutable$0(AssignMutableWorkspaceStep.java:34)
	at org.gradle.api.internal.tasks.execution.TaskExecution$4.withWorkspace(TaskExecution.java:305)
	at org.gradle.internal.execution.steps.AssignMutableWorkspaceStep.executeMutable(AssignMutableWorkspaceStep.java:30)
	at org.gradle.internal.execution.steps.AssignMutableWorkspaceStep.executeMutable(AssignMutableWorkspaceStep.java:21)
	at org.gradle.internal.execution.steps.MutableStep.execute(MutableStep.java:26)
	at org.gradle.internal.execution.steps.ChoosePipelineStep.execute(ChoosePipelineStep.java:40)
	at org.gradle.internal.execution.steps.ChoosePipelineStep.execute(ChoosePipelineStep.java:23)
	at org.gradle.internal.execution.steps.ExecuteWorkBuildOperationFiringStep.lambda$execute$2(ExecuteWorkBuildOperationFiringStep.java:67)
	at org.gradle.internal.execution.steps.ExecuteWorkBuildOperationFiringStep.execute(ExecuteWorkBuildOperationFiringStep.java:67)
	at org.gradle.internal.execution.steps.ExecuteWorkBuildOperationFiringStep.execute(ExecuteWorkBuildOperationFiringStep.java:39)
	at org.gradle.internal.execution.steps.IdentityCacheStep.execute(IdentityCacheStep.java:46)
	at org.gradle.internal.execution.steps.IdentityCacheStep.execute(IdentityCacheStep.java:34)
	at org.gradle.internal.execution.steps.IdentifyStep.execute(IdentifyStep.java:56)
	at org.gradle.internal.execution.steps.IdentifyStep.execute(IdentifyStep.java:38)
	at org.gradle.internal.execution.impl.DefaultExecutionEngine$1.execute(DefaultExecutionEngine.java:68)
	at org.gradle.api.internal.tasks.execution.ExecuteActionsTaskExecuter.executeIfValid(ExecuteActionsTaskExecuter.java:132)
	... 30 more


Deprecated Gradle features were used in this build, making it incompatible with Gradle 10.

You can use '--warning-mode all' to show the individual deprecation warnings and determine if they come from your own scripts or plugins.

For more on this, please refer to https://docs.gradle.org/9.5.1/userguide/command_line_interface.html#sec:command_line_warnings in the Gradle documentation.

BUILD FAILED in 1m 13s
2 actionable tasks: 2 executed
